solid OpenSCAD_Model
  facet normal -0.376304 -0.926496 0
    outer loop
      vertex -16.6874 -26.8104 0
      vertex -13.547 -28.0859 4.6
      vertex -16.6874 -26.8104 4.6
    endloop
  endfacet
  facet normal -0.376304 -0.926496 -0
    outer loop
      vertex -13.547 -28.0859 4.6
      vertex -16.6874 -26.8104 0
      vertex -13.547 -28.0859 0
    endloop
  endfacet
  facet normal 0.614212 -0.789141 0
    outer loop
      vertex 22.4575 -23.4995 0
      vertex 25.0316 -21.496 4.6
      vertex 22.4575 -23.4995 4.6
    endloop
  endfacet
  facet normal 0.614212 -0.789141 0
    outer loop
      vertex 25.0316 -21.496 4.6
      vertex 22.4575 -23.4995 0
      vertex 25.0316 -21.496 0
    endloop
  endfacet
  facet normal 0.998367 -0.0571267 0
    outer loop
      vertex 35.2295 -2.97972 4.6
      vertex 35.4 0 0
      vertex 35.4 0 4.6
    endloop
  endfacet
  facet normal 0.998367 -0.0571267 0
    outer loop
      vertex 35.4 0 0
      vertex 35.2295 -2.97972 4.6
      vertex 35.2295 -2.97972 0
    endloop
  endfacet
  facet normal -0.998367 -0.0571267 0
    outer loop
      vertex -35.2295 -2.97972 0
      vertex -35.4 0 4.6
      vertex -35.4 0 0
    endloop
  endfacet
  facet normal -0.998367 -0.0571267 0
    outer loop
      vertex -35.4 0 4.6
      vertex -35.2295 -2.97972 0
      vertex -35.2295 -2.97972 4.6
    endloop
  endfacet
  facet normal 0.53721 0.843449 -0
    outer loop
      vertex 22.4575 23.4995 0
      vertex 19.6672 25.2767 4.6
      vertex 22.4575 23.4995 4.6
    endloop
  endfacet
  facet normal 0.53721 0.843449 0
    outer loop
      vertex 19.6672 25.2767 4.6
      vertex 22.4575 23.4995 0
      vertex 19.6672 25.2767 0
    endloop
  endfacet
  facet normal 0.98541 -0.170199 0
    outer loop
      vertex 34.7198 -5.93075 4.6
      vertex 35.2295 -2.97972 0
      vertex 35.2295 -2.97972 4.6
    endloop
  endfacet
  facet normal 0.98541 -0.170199 0
    outer loop
      vertex 35.2295 -2.97972 0
      vertex 34.7198 -5.93075 4.6
      vertex 34.7198 -5.93075 0
    endloop
  endfacet
  facet normal 0.376304 -0.926496 0
    outer loop
      vertex 13.547 -28.0859 0
      vertex 16.6874 -26.8104 4.6
      vertex 13.547 -28.0859 4.6
    endloop
  endfacet
  facet normal 0.376304 -0.926496 0
    outer loop
      vertex 16.6874 -26.8104 4.6
      vertex 13.547 -28.0859 0
      vertex 16.6874 -26.8104 0
    endloop
  endfacet
  facet normal -0.875941 -0.482419 0
    outer loop
      vertex -31.22 -14.3305 0
      vertex -32.7053 -11.6336 4.6
      vertex -32.7053 -11.6336 0
    endloop
  endfacet
  facet normal -0.875941 -0.482419 0
    outer loop
      vertex -32.7053 -11.6336 4.6
      vertex -31.22 -14.3305 0
      vertex -31.22 -14.3305 4.6
    endloop
  endfacet
  facet normal -0.457639 0.889138 0
    outer loop
      vertex -16.6874 26.8104 0
      vertex -19.6672 25.2767 4.6
      vertex -16.6874 26.8104 4.6
    endloop
  endfacet
  facet normal -0.457639 0.889138 0
    outer loop
      vertex -19.6672 25.2767 4.6
      vertex -16.6874 26.8104 0
      vertex -19.6672 25.2767 0
    endloop
  endfacet
  facet normal -0.53721 -0.843449 0
    outer loop
      vertex -22.4575 -23.4995 0
      vertex -19.6672 -25.2767 4.6
      vertex -22.4575 -23.4995 4.6
    endloop
  endfacet
  facet normal -0.53721 -0.843449 -0
    outer loop
      vertex -19.6672 -25.2767 4.6
      vertex -22.4575 -23.4995 0
      vertex -19.6672 -25.2767 0
    endloop
  endfacet
  facet normal 0.042155 0.999111 -0
    outer loop
      vertex 3.46981 30.2536 0
      vertex 0 30.4 4.6
      vertex 3.46981 30.2536 4.6
    endloop
  endfacet
  facet normal 0.042155 0.999111 0
    outer loop
      vertex 0 30.4 4.6
      vertex 3.46981 30.2536 0
      vertex 0 30.4 0
    endloop
  endfacet
  facet normal -0.126351 -0.991986 0
    outer loop
      vertex -6.9062 -29.8159 0
      vertex -3.46981 -30.2536 4.6
      vertex -6.9062 -29.8159 4.6
    endloop
  endfacet
  facet normal -0.126351 -0.991986 -0
    outer loop
      vertex -3.46981 -30.2536 4.6
      vertex -6.9062 -29.8159 0
      vertex -3.46981 -30.2536 0
    endloop
  endfacet
  facet normal 0.875941 -0.482419 0
    outer loop
      vertex 31.22 -14.3305 4.6
      vertex 32.7053 -11.6336 0
      vertex 32.7053 -11.6336 4.6
    endloop
  endfacet
  facet normal 0.875941 -0.482419 0
    outer loop
      vertex 32.7053 -11.6336 0
      vertex 31.22 -14.3305 4.6
      vertex 31.22 -14.3305 0
    endloop
  endfacet
  facet normal -0.042155 0.999111 0
    outer loop
      vertex 0 30.4 0
      vertex -3.46981 30.2536 4.6
      vertex 0 30.4 4.6
    endloop
  endfacet
  facet normal -0.042155 0.999111 0
    outer loop
      vertex -3.46981 30.2536 4.6
      vertex 0 30.4 0
      vertex -3.46981 30.2536 0
    endloop
  endfacet
  facet normal -0.998367 0.0571267 0
    outer loop
      vertex -35.4 0 0
      vertex -35.2295 2.97972 4.6
      vertex -35.2295 2.97972 0
    endloop
  endfacet
  facet normal -0.998367 0.0571267 0
    outer loop
      vertex -35.2295 2.97972 4.6
      vertex -35.4 0 0
      vertex -35.4 0 4.6
    endloop
  endfacet
  facet normal -0.923076 0.384617 0
    outer loop
      vertex -33.8757 8.82465 0
      vertex -32.7053 11.6336 4.6
      vertex -32.7053 11.6336 0
    endloop
  endfacet
  facet normal -0.923076 0.384617 0
    outer loop
      vertex -32.7053 11.6336 4.6
      vertex -33.8757 8.82465 0
      vertex -33.8757 8.82465 4.6
    endloop
  endfacet
  facet normal -0.923076 -0.384617 0
    outer loop
      vertex -32.7053 -11.6336 0
      vertex -33.8757 -8.82465 4.6
      vertex -33.8757 -8.82465 0
    endloop
  endfacet
  facet normal -0.923076 -0.384617 0
    outer loop
      vertex -33.8757 -8.82465 4.6
      vertex -32.7053 -11.6336 0
      vertex -32.7053 -11.6336 4.6
    endloop
  endfacet
  facet normal 0.293731 0.955888 -0
    outer loop
      vertex 13.547 28.0859 0
      vertex 10.2761 29.091 4.6
      vertex 13.547 28.0859 4.6
    endloop
  endfacet
  facet normal 0.293731 0.955888 0
    outer loop
      vertex 10.2761 29.091 4.6
      vertex 13.547 28.0859 0
      vertex 10.2761 29.091 0
    endloop
  endfacet
  facet normal -0.820008 0.572352 0
    outer loop
      vertex -31.22 14.3305 0
      vertex -29.434 16.8893 4.6
      vertex -29.434 16.8893 0
    endloop
  endfacet
  facet normal -0.820008 0.572352 0
    outer loop
      vertex -29.434 16.8893 4.6
      vertex -31.22 14.3305 0
      vertex -31.22 14.3305 4.6
    endloop
  endfacet
  facet normal -0.687776 -0.725923 0
    outer loop
      vertex -27.3646 -19.2856 0
      vertex -25.0316 -21.496 4.6
      vertex -27.3646 -19.2856 4.6
    endloop
  endfacet
  facet normal -0.687776 -0.725923 -0
    outer loop
      vertex -25.0316 -21.496 4.6
      vertex -27.3646 -19.2856 0
      vertex -25.0316 -21.496 0
    endloop
  endfacet
  facet normal -0.126351 0.991986 0
    outer loop
      vertex -3.46981 30.2536 0
      vertex -6.9062 29.8159 4.6
      vertex -3.46981 30.2536 4.6
    endloop
  endfacet
  facet normal -0.126351 0.991986 0
    outer loop
      vertex -6.9062 29.8159 4.6
      vertex -3.46981 30.2536 0
      vertex -6.9062 29.8159 0
    endloop
  endfacet
  facet normal 0.959996 -0.280014 0
    outer loop
      vertex 33.8757 -8.82465 4.6
      vertex 34.7198 -5.93075 0
      vertex 34.7198 -5.93075 4.6
    endloop
  endfacet
  facet normal 0.959996 -0.280014 0
    outer loop
      vertex 34.7198 -5.93075 0
      vertex 33.8757 -8.82465 4.6
      vertex 33.8757 -8.82465 0
    endloop
  endfacet
  facet normal -0.959996 0.280014 0
    outer loop
      vertex -34.7198 5.93075 0
      vertex -33.8757 8.82465 4.6
      vertex -33.8757 8.82465 0
    endloop
  endfacet
  facet normal -0.959996 0.280014 0
    outer loop
      vertex -33.8757 8.82465 4.6
      vertex -34.7198 5.93075 0
      vertex -34.7198 5.93075 4.6
    endloop
  endfacet
  facet normal 0.923076 -0.384617 0
    outer loop
      vertex 32.7053 -11.6336 4.6
      vertex 33.8757 -8.82465 0
      vertex 33.8757 -8.82465 4.6
    endloop
  endfacet
  facet normal 0.923076 -0.384617 0
    outer loop
      vertex 33.8757 -8.82465 0
      vertex 32.7053 -11.6336 4.6
      vertex 32.7053 -11.6336 0
    endloop
  endfacet
  facet normal 0.293731 -0.955888 0
    outer loop
      vertex 10.2761 -29.091 0
      vertex 13.547 -28.0859 4.6
      vertex 10.2761 -29.091 4.6
    endloop
  endfacet
  facet normal 0.293731 -0.955888 0
    outer loop
      vertex 13.547 -28.0859 4.6
      vertex 10.2761 -29.091 0
      vertex 13.547 -28.0859 0
    endloop
  endfacet
  facet normal 0.98541 0.170199 0
    outer loop
      vertex 35.2295 2.97972 4.6
      vertex 34.7198 5.93075 0
      vertex 34.7198 5.93075 4.6
    endloop
  endfacet
  facet normal 0.98541 0.170199 0
    outer loop
      vertex 34.7198 5.93075 0
      vertex 35.2295 2.97972 4.6
      vertex 35.2295 2.97972 0
    endloop
  endfacet
  facet normal 0.126351 0.991986 -0
    outer loop
      vertex 6.9062 29.8159 0
      vertex 3.46981 30.2536 4.6
      vertex 6.9062 29.8159 4.6
    endloop
  endfacet
  facet normal 0.126351 0.991986 0
    outer loop
      vertex 3.46981 30.2536 4.6
      vertex 6.9062 29.8159 0
      vertex 3.46981 30.2536 0
    endloop
  endfacet
  facet normal -0.2103 -0.977637 0
    outer loop
      vertex -10.2761 -29.091 0
      vertex -6.9062 -29.8159 4.6
      vertex -10.2761 -29.091 4.6
    endloop
  endfacet
  facet normal -0.2103 -0.977637 -0
    outer loop
      vertex -6.9062 -29.8159 4.6
      vertex -10.2761 -29.091 0
      vertex -6.9062 -29.8159 0
    endloop
  endfacet
  facet normal -0.98541 -0.170199 0
    outer loop
      vertex -34.7198 -5.93075 0
      vertex -35.2295 -2.97972 4.6
      vertex -35.2295 -2.97972 0
    endloop
  endfacet
  facet normal -0.98541 -0.170199 0
    outer loop
      vertex -35.2295 -2.97972 4.6
      vertex -34.7198 -5.93075 0
      vertex -34.7198 -5.93075 4.6
    endloop
  endfacet
  facet normal -0.457639 -0.889138 0
    outer loop
      vertex -19.6672 -25.2767 0
      vertex -16.6874 -26.8104 4.6
      vertex -19.6672 -25.2767 4.6
    endloop
  endfacet
  facet normal -0.457639 -0.889138 -0
    outer loop
      vertex -16.6874 -26.8104 4.6
      vertex -19.6672 -25.2767 0
      vertex -16.6874 -26.8104 0
    endloop
  endfacet
  facet normal 0.126351 -0.991986 0
    outer loop
      vertex 3.46981 -30.2536 0
      vertex 6.9062 -29.8159 4.6
      vertex 3.46981 -30.2536 4.6
    endloop
  endfacet
  facet normal 0.126351 -0.991986 0
    outer loop
      vertex 6.9062 -29.8159 4.6
      vertex 3.46981 -30.2536 0
      vertex 6.9062 -29.8159 0
    endloop
  endfacet
  facet normal -0.687776 0.725923 0
    outer loop
      vertex -25.0316 21.496 0
      vertex -27.3646 19.2856 4.6
      vertex -25.0316 21.496 4.6
    endloop
  endfacet
  facet normal -0.687776 0.725923 0
    outer loop
      vertex -27.3646 19.2856 4.6
      vertex -25.0316 21.496 0
      vertex -27.3646 19.2856 0
    endloop
  endfacet
  facet normal 0.2103 -0.977637 0
    outer loop
      vertex 6.9062 -29.8159 0
      vertex 10.2761 -29.091 4.6
      vertex 6.9062 -29.8159 4.6
    endloop
  endfacet
  facet normal 0.2103 -0.977637 0
    outer loop
      vertex 10.2761 -29.091 4.6
      vertex 6.9062 -29.8159 0
      vertex 10.2761 -29.091 0
    endloop
  endfacet
  facet normal 0.875941 0.482419 0
    outer loop
      vertex 32.7053 11.6336 4.6
      vertex 31.22 14.3305 0
      vertex 31.22 14.3305 4.6
    endloop
  endfacet
  facet normal 0.875941 0.482419 0
    outer loop
      vertex 31.22 14.3305 0
      vertex 32.7053 11.6336 4.6
      vertex 32.7053 11.6336 0
    endloop
  endfacet
  facet normal 0.457639 0.889138 -0
    outer loop
      vertex 19.6672 25.2767 0
      vertex 16.6874 26.8104 4.6
      vertex 19.6672 25.2767 4.6
    endloop
  endfacet
  facet normal 0.457639 0.889138 0
    outer loop
      vertex 16.6874 26.8104 4.6
      vertex 19.6672 25.2767 0
      vertex 16.6874 26.8104 0
    endloop
  endfacet
  facet normal 0.998367 0.0571267 0
    outer loop
      vertex 35.4 0 4.6
      vertex 35.2295 2.97972 0
      vertex 35.2295 2.97972 4.6
    endloop
  endfacet
  facet normal 0.998367 0.0571267 0
    outer loop
      vertex 35.2295 2.97972 0
      vertex 35.4 0 4.6
      vertex 35.4 0 0
    endloop
  endfacet
  facet normal 0.2103 0.977637 -0
    outer loop
      vertex 10.2761 29.091 0
      vertex 6.9062 29.8159 4.6
      vertex 10.2761 29.091 4.6
    endloop
  endfacet
  facet normal 0.2103 0.977637 0
    outer loop
      vertex 6.9062 29.8159 4.6
      vertex 10.2761 29.091 0
      vertex 6.9062 29.8159 0
    endloop
  endfacet
  facet normal 0.959996 0.280014 0
    outer loop
      vertex 34.7198 5.93075 4.6
      vertex 33.8757 8.82465 0
      vertex 33.8757 8.82465 4.6
    endloop
  endfacet
  facet normal 0.959996 0.280014 0
    outer loop
      vertex 33.8757 8.82465 0
      vertex 34.7198 5.93075 4.6
      vertex 34.7198 5.93075 0
    endloop
  endfacet
  facet normal -0.959996 -0.280014 0
    outer loop
      vertex -33.8757 -8.82465 0
      vertex -34.7198 -5.93075 4.6
      vertex -34.7198 -5.93075 0
    endloop
  endfacet
  facet normal -0.959996 -0.280014 0
    outer loop
      vertex -34.7198 -5.93075 4.6
      vertex -33.8757 -8.82465 0
      vertex -33.8757 -8.82465 4.6
    endloop
  endfacet
  facet normal 0.756844 -0.653596 0
    outer loop
      vertex 27.3646 -19.2856 4.6
      vertex 29.434 -16.8893 0
      vertex 29.434 -16.8893 4.6
    endloop
  endfacet
  facet normal 0.756844 -0.653596 0
    outer loop
      vertex 29.434 -16.8893 0
      vertex 27.3646 -19.2856 4.6
      vertex 27.3646 -19.2856 0
    endloop
  endfacet
  facet normal -0.98541 0.170199 0
    outer loop
      vertex -35.2295 2.97972 0
      vertex -34.7198 5.93075 4.6
      vertex -34.7198 5.93075 0
    endloop
  endfacet
  facet normal -0.98541 0.170199 0
    outer loop
      vertex -34.7198 5.93075 4.6
      vertex -35.2295 2.97972 0
      vertex -35.2295 2.97972 4.6
    endloop
  endfacet
  facet normal 0.820008 -0.572352 0
    outer loop
      vertex 29.434 -16.8893 4.6
      vertex 31.22 -14.3305 0
      vertex 31.22 -14.3305 4.6
    endloop
  endfacet
  facet normal 0.820008 -0.572352 0
    outer loop
      vertex 31.22 -14.3305 0
      vertex 29.434 -16.8893 4.6
      vertex 29.434 -16.8893 0
    endloop
  endfacet
  facet normal 0.614212 0.789141 -0
    outer loop
      vertex 25.0316 21.496 0
      vertex 22.4575 23.4995 4.6
      vertex 25.0316 21.496 4.6
    endloop
  endfacet
  facet normal 0.614212 0.789141 0
    outer loop
      vertex 22.4575 23.4995 4.6
      vertex 25.0316 21.496 0
      vertex 22.4575 23.4995 0
    endloop
  endfacet
  facet normal 0 0 -1
    outer loop
      vertex -16.6874 26.8104 0
      vertex -27.6903 0.956708 0
      vertex -19.6672 25.2767 0
    endloop
  endfacet
  facet normal 0 0 -1
    outer loop
      vertex -19.6672 25.2767 0
      vertex -27.6903 0.956708 0
      vertex -22.4575 23.4995 0
    endloop
  endfacet
  facet normal 0 0 -1
    outer loop
      vertex -27.7952 1.17849 0
      vertex -22.4575 23.4995 0
      vertex -27.6903 0.956708 0
    endloop
  endfacet
  facet normal 0 0 -1
    outer loop
      vertex -22.4575 23.4995 0
      vertex -27.7952 1.17849 0
      vertex -25.0316 21.496 0
    endloop
  endfacet
  facet normal 0 0 -1
    outer loop
      vertex -27.9213 1.38893 0
      vertex -25.0316 21.496 0
      vertex -27.7952 1.17849 0
    endloop
  endfacet
  facet normal 0 0 -1
    outer loop
      vertex -25.0316 21.496 0
      vertex -27.9213 1.38893 0
      vertex -27.3646 19.2856 0
    endloop
  endfacet
  facet normal 0 0 -1
    outer loop
      vertex -28.0675 1.58598 0
      vertex -27.3646 19.2856 0
      vertex -27.9213 1.38893 0
    endloop
  endfacet
  facet normal 0 0 -1
    outer loop
      vertex -28.2322 1.76777 0
      vertex -27.3646 19.2856 0
      vertex -28.0675 1.58598 0
    endloop
  endfacet
  facet normal 0 0 -1
    outer loop
      vertex -29.434 16.8893 0
      vertex -28.2322 1.76777 0
      vertex -28.414 1.93253 0
    endloop
  endfacet
  facet normal 0 0 -1
    outer loop
      vertex -31.22 14.3305 0
      vertex -28.414 1.93253 0
      vertex -28.6111 2.07867 0
    endloop
  endfacet
  facet normal 0 0 -1
    outer loop
      vertex -31.22 14.3305 0
      vertex -28.6111 2.07867 0
      vertex -28.8215 2.2048 0
    endloop
  endfacet
  facet normal 0 0 -1
    outer loop
      vertex -32.7053 11.6336 0
      vertex -28.8215 2.2048 0
      vertex -29.0433 2.3097 0
    endloop
  endfacet
  facet normal 0 0 -1
    outer loop
      vertex -32.7053 11.6336 0
      vertex -29.0433 2.3097 0
      vertex -29.2743 2.39235 0
    endloop
  endfacet
  facet normal 0 0 -1
    outer loop
      vertex -28.2322 1.76777 0
      vertex -29.434 16.8893 0
      vertex -27.3646 19.2856 0
    endloop
  endfacet
  facet normal 0 0 -1
    outer loop
      vertex -32.7053 11.6336 0
      vertex -29.2743 2.39235 0
      vertex -29.5123 2.45196 0
    endloop
  endfacet
  facet normal 0 0 -1
    outer loop
      vertex -33.8757 8.82465 0
      vertex -29.5123 2.45196 0
      vertex -29.755 2.48796 0
    endloop
  endfacet
  facet normal 0 0 -1
    outer loop
      vertex -33.8757 8.82465 0
      vertex -29.755 2.48796 0
      vertex -30 2.5 0
    endloop
  endfacet
  facet normal 0 0 -1
    outer loop
      vertex -33.8757 8.82465 0
      vertex -30 2.5 0
      vertex -30.245 2.48796 0
    endloop
  endfacet
  facet normal 0 0 -1
    outer loop
      vertex -34.7198 5.93075 0
      vertex -30.245 2.48796 0
      vertex -30.4877 2.45196 0
    endloop
  endfacet
  facet normal 0 0 -1
    outer loop
      vertex -34.7198 5.93075 0
      vertex -30.4877 2.45196 0
      vertex -30.7257 2.39235 0
    endloop
  endfacet
  facet normal 0 0 -1
    outer loop
      vertex -34.7198 5.93075 0
      vertex -30.7257 2.39235 0
      vertex -30.9567 2.3097 0
    endloop
  endfacet
  facet normal 0 0 -1
    outer loop
      vertex -34.7198 5.93075 0
      vertex -30.9567 2.3097 0
      vertex -31.1785 2.2048 0
    endloop
  endfacet
  facet normal 0 0 -1
    outer loop
      vertex -28.414 1.93253 0
      vertex -31.22 14.3305 0
      vertex -29.434 16.8893 0
    endloop
  endfacet
  facet normal 0 0 -1
    outer loop
      vertex -34.7198 5.93075 0
      vertex -31.1785 2.2048 0
      vertex -31.3889 2.07867 0
    endloop
  endfacet
  facet normal 0 0 -1
    outer loop
      vertex -35.2295 2.97972 0
      vertex -31.3889 2.07867 0
      vertex -31.586 1.93253 0
    endloop
  endfacet
  facet normal 0 0 -1
    outer loop
      vertex -35.2295 2.97972 0
      vertex -31.586 1.93253 0
      vertex -31.7678 1.76777 0
    endloop
  endfacet
  facet normal 0 0 -1
    outer loop
      vertex -35.2295 2.97972 0
      vertex -31.7678 1.76777 0
      vertex -31.9325 1.58598 0
    endloop
  endfacet
  facet normal 0 0 -1
    outer loop
      vertex -35.2295 2.97972 0
      vertex -31.9325 1.58598 0
      vertex -32.0787 1.38893 0
    endloop
  endfacet
  facet normal 0 0 -1
    outer loop
      vertex -35.2295 2.97972 0
      vertex -32.0787 1.38893 0
      vertex -32.2048 1.17849 0
    endloop
  endfacet
  facet normal 0 0 -1
    outer loop
      vertex -35.2295 2.97972 0
      vertex -32.2048 1.17849 0
      vertex -32.3097 0.956708 0
    endloop
  endfacet
  facet normal 0 0 -1
    outer loop
      vertex -35.2295 2.97972 0
      vertex -32.3097 0.956708 0
      vertex -32.3923 0.725711 0
    endloop
  endfacet
  facet normal 0 0 -1
    outer loop
      vertex -35.4 0 0
      vertex -32.3923 0.725711 0
      vertex -32.452 0.487725 0
    endloop
  endfacet
  facet normal 0 0 -1
    outer loop
      vertex -35.4 0 0
      vertex -32.452 0.487725 0
      vertex -32.488 0.245043 0
    endloop
  endfacet
  facet normal 0 0 -1
    outer loop
      vertex -28.8215 2.2048 0
      vertex -32.7053 11.6336 0
      vertex -31.22 14.3305 0
    endloop
  endfacet
  facet normal 0 0 -1
    outer loop
      vertex -35.4 0 0
      vertex -32.488 0.245043 0
      vertex -32.5 0 0
    endloop
  endfacet
  facet normal 0 0 -1
    outer loop
      vertex -35.4 0 0
      vertex -32.3923 -0.725711 0
      vertex -35.2295 -2.97972 0
    endloop
  endfacet
  facet normal 0 0 -1
    outer loop
      vertex -32.3923 -0.725711 0
      vertex -35.4 0 0
      vertex -32.452 -0.487725 0
    endloop
  endfacet
  facet normal 0 0 -1
    outer loop
      vertex -29.5123 2.45196 0
      vertex -33.8757 8.82465 0
      vertex -32.7053 11.6336 0
    endloop
  endfacet
  facet normal 0 0 -1
    outer loop
      vertex -32.452 -0.487725 0
      vertex -35.4 0 0
      vertex -32.488 -0.245043 0
    endloop
  endfacet
  facet normal 0 0 -1
    outer loop
      vertex -30.245 2.48796 0
      vertex -34.7198 5.93075 0
      vertex -33.8757 8.82465 0
    endloop
  endfacet
  facet normal 0 0 -1
    outer loop
      vertex -32.488 -0.245043 0
      vertex -35.4 0 0
      vertex -32.5 0 0
    endloop
  endfacet
  facet normal 0 0 -1
    outer loop
      vertex -31.3889 2.07867 0
      vertex -35.2295 2.97972 0
      vertex -34.7198 5.93075 0
    endloop
  endfacet
  facet normal -0 0 -1
    outer loop
      vertex -32.3923 0.725711 0
      vertex -35.4 0 0
      vertex -35.2295 2.97972 0
    endloop
  endfacet
  facet normal 0 0 -1
    outer loop
      vertex 32.3923 -0.725711 0
      vertex 35.4 0 0
      vertex 35.2295 -2.97972 0
    endloop
  endfacet
  facet normal 0 0 -1
    outer loop
      vertex 31.3889 -2.07867 0
      vertex 35.2295 -2.97972 0
      vertex 34.7198 -5.93075 0
    endloop
  endfacet
  facet normal 0 0 -1
    outer loop
      vertex 35.4 0 0
      vertex 32.452 -0.487725 0
      vertex 32.488 -0.245043 0
    endloop
  endfacet
  facet normal 0 0 -1
    outer loop
      vertex 30.245 -2.48796 0
      vertex 34.7198 -5.93075 0
      vertex 33.8757 -8.82465 0
    endloop
  endfacet
  facet normal 0 0 -1
    outer loop
      vertex 32.488 0.245043 0
      vertex 35.4 0 0
      vertex 32.5 0 0
    endloop
  endfacet
  facet normal 0 0 -1
    outer loop
      vertex 29.5123 -2.45196 0
      vertex 33.8757 -8.82465 0
      vertex 32.7053 -11.6336 0
    endloop
  endfacet
  facet normal 0 0 -1
    outer loop
      vertex 32.452 0.487725 0
      vertex 35.4 0 0
      vertex 32.488 0.245043 0
    endloop
  endfacet
  facet normal 0 0 -1
    outer loop
      vertex 35.4 0 0
      vertex 32.3923 0.725711 0
      vertex 35.2295 2.97972 0
    endloop
  endfacet
  facet normal 0 0 -1
    outer loop
      vertex 32.3923 0.725711 0
      vertex 35.4 0 0
      vertex 32.452 0.487725 0
    endloop
  endfacet
  facet normal -0 0 -1
    outer loop
      vertex 35.4 0 0
      vertex 32.488 -0.245043 0
      vertex 32.5 0 0
    endloop
  endfacet
  facet normal 0 0 -1
    outer loop
      vertex 35.4 0 0
      vertex 32.3923 -0.725711 0
      vertex 32.452 -0.487725 0
    endloop
  endfacet
  facet normal 0 0 -1
    outer loop
      vertex 35.2295 -2.97972 0
      vertex 32.3097 -0.956708 0
      vertex 32.3923 -0.725711 0
    endloop
  endfacet
  facet normal 0 0 -1
    outer loop
      vertex 35.2295 -2.97972 0
      vertex 32.2048 -1.17849 0
      vertex 32.3097 -0.956708 0
    endloop
  endfacet
  facet normal 0 0 -1
    outer loop
      vertex 35.2295 -2.97972 0
      vertex 32.0787 -1.38893 0
      vertex 32.2048 -1.17849 0
    endloop
  endfacet
  facet normal 0 0 -1
    outer loop
      vertex 35.2295 -2.97972 0
      vertex 31.9325 -1.58598 0
      vertex 32.0787 -1.38893 0
    endloop
  endfacet
  facet normal 0 0 -1
    outer loop
      vertex 35.2295 -2.97972 0
      vertex 31.7678 -1.76777 0
      vertex 31.9325 -1.58598 0
    endloop
  endfacet
  facet normal 0 0 -1
    outer loop
      vertex 35.2295 -2.97972 0
      vertex 31.586 -1.93253 0
      vertex 31.7678 -1.76777 0
    endloop
  endfacet
  facet normal 0 0 -1
    outer loop
      vertex 35.2295 -2.97972 0
      vertex 31.3889 -2.07867 0
      vertex 31.586 -1.93253 0
    endloop
  endfacet
  facet normal 0 0 -1
    outer loop
      vertex 28.8215 -2.2048 0
      vertex 32.7053 -11.6336 0
      vertex 31.22 -14.3305 0
    endloop
  endfacet
  facet normal 0 0 -1
    outer loop
      vertex 34.7198 -5.93075 0
      vertex 31.1785 -2.2048 0
      vertex 31.3889 -2.07867 0
    endloop
  endfacet
  facet normal 0 0 -1
    outer loop
      vertex 34.7198 -5.93075 0
      vertex 30.9567 -2.3097 0
      vertex 31.1785 -2.2048 0
    endloop
  endfacet
  facet normal 0 0 -1
    outer loop
      vertex 34.7198 -5.93075 0
      vertex 30.7257 -2.39235 0
      vertex 30.9567 -2.3097 0
    endloop
  endfacet
  facet normal 0 0 -1
    outer loop
      vertex 34.7198 -5.93075 0
      vertex 30.4877 -2.45196 0
      vertex 30.7257 -2.39235 0
    endloop
  endfacet
  facet normal 0 0 -1
    outer loop
      vertex 34.7198 -5.93075 0
      vertex 30.245 -2.48796 0
      vertex 30.4877 -2.45196 0
    endloop
  endfacet
  facet normal 0 0 -1
    outer loop
      vertex 33.8757 -8.82465 0
      vertex 30 -2.5 0
      vertex 30.245 -2.48796 0
    endloop
  endfacet
  facet normal 0 0 -1
    outer loop
      vertex 33.8757 -8.82465 0
      vertex 29.755 -2.48796 0
      vertex 30 -2.5 0
    endloop
  endfacet
  facet normal 0 0 -1
    outer loop
      vertex 33.8757 -8.82465 0
      vertex 29.5123 -2.45196 0
      vertex 29.755 -2.48796 0
    endloop
  endfacet
  facet normal 0 0 -1
    outer loop
      vertex 28.414 -1.93253 0
      vertex 31.22 -14.3305 0
      vertex 29.434 -16.8893 0
    endloop
  endfacet
  facet normal 0 0 -1
    outer loop
      vertex 32.7053 -11.6336 0
      vertex 29.2743 -2.39235 0
      vertex 29.5123 -2.45196 0
    endloop
  endfacet
  facet normal 0 0 -1
    outer loop
      vertex 32.7053 -11.6336 0
      vertex 29.0433 -2.3097 0
      vertex 29.2743 -2.39235 0
    endloop
  endfacet
  facet normal 0 0 -1
    outer loop
      vertex 32.7053 -11.6336 0
      vertex 28.8215 -2.2048 0
      vertex 29.0433 -2.3097 0
    endloop
  endfacet
  facet normal 0 0 -1
    outer loop
      vertex 31.22 -14.3305 0
      vertex 28.6111 -2.07867 0
      vertex 28.8215 -2.2048 0
    endloop
  endfacet
  facet normal 0 0 -1
    outer loop
      vertex 31.22 -14.3305 0
      vertex 28.414 -1.93253 0
      vertex 28.6111 -2.07867 0
    endloop
  endfacet
  facet normal 0 0 -1
    outer loop
      vertex 29.434 -16.8893 0
      vertex 28.2322 -1.76777 0
      vertex 28.414 -1.93253 0
    endloop
  endfacet
  facet normal 0 0 -1
    outer loop
      vertex 27.3646 -19.2856 0
      vertex 28.2322 -1.76777 0
      vertex 29.434 -16.8893 0
    endloop
  endfacet
  facet normal -0 0 -1
    outer loop
      vertex 28.2322 -1.76777 0
      vertex 27.3646 -19.2856 0
      vertex 28.0675 -1.58598 0
    endloop
  endfacet
  facet normal -0 0 -1
    outer loop
      vertex 28.0675 -1.58598 0
      vertex 27.3646 -19.2856 0
      vertex 27.9213 -1.38893 0
    endloop
  endfacet
  facet normal 0 0 -1
    outer loop
      vertex 25.0316 -21.496 0
      vertex 27.9213 -1.38893 0
      vertex 27.3646 -19.2856 0
    endloop
  endfacet
  facet normal -0 0 -1
    outer loop
      vertex 27.9213 -1.38893 0
      vertex 25.0316 -21.496 0
      vertex 27.7952 -1.17849 0
    endloop
  endfacet
  facet normal 0 0 -1
    outer loop
      vertex 22.4575 -23.4995 0
      vertex 27.7952 -1.17849 0
      vertex 25.0316 -21.496 0
    endloop
  endfacet
  facet normal -0 0 -1
    outer loop
      vertex 27.7952 -1.17849 0
      vertex 22.4575 -23.4995 0
      vertex 27.6903 -0.956708 0
    endloop
  endfacet
  facet normal 0 0 -1
    outer loop
      vertex 16.6874 -26.8104 0
      vertex 27.6903 -0.956708 0
      vertex 19.6672 -25.2767 0
    endloop
  endfacet
  facet normal 0 0 -1
    outer loop
      vertex 19.6672 -25.2767 0
      vertex 27.6903 -0.956708 0
      vertex 22.4575 -23.4995 0
    endloop
  endfacet
  facet normal 0 0 -1
    outer loop
      vertex 32.3097 0.956708 0
      vertex 35.2295 2.97972 0
      vertex 32.3923 0.725711 0
    endloop
  endfacet
  facet normal 0 0 -1
    outer loop
      vertex 32.2048 1.17849 0
      vertex 35.2295 2.97972 0
      vertex 32.3097 0.956708 0
    endloop
  endfacet
  facet normal 0 0 -1
    outer loop
      vertex 32.0787 1.38893 0
      vertex 35.2295 2.97972 0
      vertex 32.2048 1.17849 0
    endloop
  endfacet
  facet normal 0 0 -1
    outer loop
      vertex 31.9325 1.58598 0
      vertex 35.2295 2.97972 0
      vertex 32.0787 1.38893 0
    endloop
  endfacet
  facet normal 0 0 -1
    outer loop
      vertex 31.7678 1.76777 0
      vertex 35.2295 2.97972 0
      vertex 31.9325 1.58598 0
    endloop
  endfacet
  facet normal 0 0 -1
    outer loop
      vertex 31.586 1.93253 0
      vertex 35.2295 2.97972 0
      vertex 31.7678 1.76777 0
    endloop
  endfacet
  facet normal 0 0 -1
    outer loop
      vertex 31.3889 2.07867 0
      vertex 35.2295 2.97972 0
      vertex 31.586 1.93253 0
    endloop
  endfacet
  facet normal -0 0 -1
    outer loop
      vertex 35.2295 2.97972 0
      vertex 31.3889 2.07867 0
      vertex 34.7198 5.93075 0
    endloop
  endfacet
  facet normal 0 0 -1
    outer loop
      vertex 31.1785 2.2048 0
      vertex 34.7198 5.93075 0
      vertex 31.3889 2.07867 0
    endloop
  endfacet
  facet normal 0 0 -1
    outer loop
      vertex 30.9567 2.3097 0
      vertex 34.7198 5.93075 0
      vertex 31.1785 2.2048 0
    endloop
  endfacet
  facet normal 0 0 -1
    outer loop
      vertex 30.7257 2.39235 0
      vertex 34.7198 5.93075 0
      vertex 30.9567 2.3097 0
    endloop
  endfacet
  facet normal 0 0 -1
    outer loop
      vertex 30.4877 2.45196 0
      vertex 34.7198 5.93075 0
      vertex 30.7257 2.39235 0
    endloop
  endfacet
  facet normal 0 0 -1
    outer loop
      vertex 30.245 2.48796 0
      vertex 34.7198 5.93075 0
      vertex 30.4877 2.45196 0
    endloop
  endfacet
  facet normal -0 0 -1
    outer loop
      vertex 34.7198 5.93075 0
      vertex 30.245 2.48796 0
      vertex 33.8757 8.82465 0
    endloop
  endfacet
  facet normal 0 0 -1
    outer loop
      vertex 30 2.5 0
      vertex 33.8757 8.82465 0
      vertex 30.245 2.48796 0
    endloop
  endfacet
  facet normal 0 0 -1
    outer loop
      vertex 29.755 2.48796 0
      vertex 33.8757 8.82465 0
      vertex 30 2.5 0
    endloop
  endfacet
  facet normal 0 0 -1
    outer loop
      vertex 29.5123 2.45196 0
      vertex 33.8757 8.82465 0
      vertex 29.755 2.48796 0
    endloop
  endfacet
  facet normal -0 0 -1
    outer loop
      vertex 33.8757 8.82465 0
      vertex 29.5123 2.45196 0
      vertex 32.7053 11.6336 0
    endloop
  endfacet
  facet normal 0 0 -1
    outer loop
      vertex 29.2743 2.39235 0
      vertex 32.7053 11.6336 0
      vertex 29.5123 2.45196 0
    endloop
  endfacet
  facet normal 0 0 -1
    outer loop
      vertex 29.0433 2.3097 0
      vertex 32.7053 11.6336 0
      vertex 29.2743 2.39235 0
    endloop
  endfacet
  facet normal 0 0 -1
    outer loop
      vertex 28.8215 2.2048 0
      vertex 32.7053 11.6336 0
      vertex 29.0433 2.3097 0
    endloop
  endfacet
  facet normal -0 0 -1
    outer loop
      vertex 32.7053 11.6336 0
      vertex 28.8215 2.2048 0
      vertex 31.22 14.3305 0
    endloop
  endfacet
  facet normal 0 0 -1
    outer loop
      vertex 28.6111 2.07867 0
      vertex 31.22 14.3305 0
      vertex 28.8215 2.2048 0
    endloop
  endfacet
  facet normal 0 0 -1
    outer loop
      vertex 28.414 1.93253 0
      vertex 31.22 14.3305 0
      vertex 28.6111 2.07867 0
    endloop
  endfacet
  facet normal -0 0 -1
    outer loop
      vertex 31.22 14.3305 0
      vertex 28.414 1.93253 0
      vertex 29.434 16.8893 0
    endloop
  endfacet
  facet normal 0 0 -1
    outer loop
      vertex 28.2322 1.76777 0
      vertex 29.434 16.8893 0
      vertex 28.414 1.93253 0
    endloop
  endfacet
  facet normal 0 0 -1
    outer loop
      vertex 27.3646 19.2856 0
      vertex 28.2322 1.76777 0
      vertex 28.0675 1.58598 0
    endloop
  endfacet
  facet normal 0 0 -1
    outer loop
      vertex 27.3646 19.2856 0
      vertex 28.0675 1.58598 0
      vertex 27.9213 1.38893 0
    endloop
  endfacet
  facet normal 0 0 -1
    outer loop
      vertex 25.0316 21.496 0
      vertex 27.9213 1.38893 0
      vertex 27.7952 1.17849 0
    endloop
  endfacet
  facet normal 0 0 -1
    outer loop
      vertex 22.4575 23.4995 0
      vertex 27.7952 1.17849 0
      vertex 27.6903 0.956708 0
    endloop
  endfacet
  facet normal 0 0 -1
    outer loop
      vertex 16.6874 26.8104 0
      vertex 27.6903 0.956708 0
      vertex 27.6076 0.725711 0
    endloop
  endfacet
  facet normal 0 0 -1
    outer loop
      vertex 13.547 28.0859 0
      vertex 27.6076 0.725711 0
      vertex 27.548 0.487725 0
    endloop
  endfacet
  facet normal 0 0 -1
    outer loop
      vertex 6.9062 29.8159 0
      vertex 27.548 0.487725 0
      vertex 27.512 0.245043 0
    endloop
  endfacet
  facet normal 0 0 -1
    outer loop
      vertex 28.2322 1.76777 0
      vertex 27.3646 19.2856 0
      vertex 29.434 16.8893 0
    endloop
  endfacet
  facet normal 0 0 -1
    outer loop
      vertex -27.5 0 0
      vertex 27.512 0.245043 0
      vertex 27.5 0 0
    endloop
  endfacet
  facet normal -0 0 -1
    outer loop
      vertex 27.6903 -0.956708 0
      vertex 16.6874 -26.8104 0
      vertex 27.6076 -0.725711 0
    endloop
  endfacet
  facet normal 0 0 -1
    outer loop
      vertex 13.547 -28.0859 0
      vertex 27.6076 -0.725711 0
      vertex 16.6874 -26.8104 0
    endloop
  endfacet
  facet normal 0 0 -1
    outer loop
      vertex 27.9213 1.38893 0
      vertex 25.0316 21.496 0
      vertex 27.3646 19.2856 0
    endloop
  endfacet
  facet normal -0 0 -1
    outer loop
      vertex 27.6076 -0.725711 0
      vertex 13.547 -28.0859 0
      vertex 27.548 -0.487725 0
    endloop
  endfacet
  facet normal 0 0 -1
    outer loop
      vertex 27.7952 1.17849 0
      vertex 22.4575 23.4995 0
      vertex 25.0316 21.496 0
    endloop
  endfacet
  facet normal 0 0 -1
    outer loop
      vertex 10.2761 -29.091 0
      vertex 27.548 -0.487725 0
      vertex 13.547 -28.0859 0
    endloop
  endfacet
  facet normal 0 0 -1
    outer loop
      vertex 27.6903 0.956708 0
      vertex 19.6672 25.2767 0
      vertex 22.4575 23.4995 0
    endloop
  endfacet
  facet normal 0 0 -1
    outer loop
      vertex 6.9062 -29.8159 0
      vertex 27.548 -0.487725 0
      vertex 10.2761 -29.091 0
    endloop
  endfacet
  facet normal 0 0 -1
    outer loop
      vertex 27.6903 0.956708 0
      vertex 16.6874 26.8104 0
      vertex 19.6672 25.2767 0
    endloop
  endfacet
  facet normal -0 0 -1
    outer loop
      vertex 27.548 -0.487725 0
      vertex 6.9062 -29.8159 0
      vertex 27.512 -0.245043 0
    endloop
  endfacet
  facet normal 0 0 -1
    outer loop
      vertex 27.6076 0.725711 0
      vertex 13.547 28.0859 0
      vertex 16.6874 26.8104 0
    endloop
  endfacet
  facet normal 0 0 -1
    outer loop
      vertex 3.46981 -30.2536 0
      vertex 27.512 -0.245043 0
      vertex 6.9062 -29.8159 0
    endloop
  endfacet
  facet normal 0 0 -1
    outer loop
      vertex 27.548 0.487725 0
      vertex 10.2761 29.091 0
      vertex 13.547 28.0859 0
    endloop
  endfacet
  facet normal 0 0 -1
    outer loop
      vertex 0 -30.4 0
      vertex 27.512 -0.245043 0
      vertex 3.46981 -30.2536 0
    endloop
  endfacet
  facet normal 0 0 -1
    outer loop
      vertex -27.512 0.245043 0
      vertex 27.512 0.245043 0
      vertex -27.5 0 0
    endloop
  endfacet
  facet normal 0 0 -1
    outer loop
      vertex -27.512 -0.245043 0
      vertex 27.512 -0.245043 0
      vertex 0 -30.4 0
    endloop
  endfacet
  facet normal 0 0 -1
    outer loop
      vertex 27.548 0.487725 0
      vertex 6.9062 29.8159 0
      vertex 10.2761 29.091 0
    endloop
  endfacet
  facet normal 0 0 -1
    outer loop
      vertex 27.512 -0.245043 0
      vertex -27.512 -0.245043 0
      vertex 27.5 0 0
    endloop
  endfacet
  facet normal 0 0 -1
    outer loop
      vertex 27.512 0.245043 0
      vertex 3.46981 30.2536 0
      vertex 6.9062 29.8159 0
    endloop
  endfacet
  facet normal 0 0 -1
    outer loop
      vertex -27.512 -0.245043 0
      vertex 0 -30.4 0
      vertex -3.46981 -30.2536 0
    endloop
  endfacet
  facet normal 0 0 -1
    outer loop
      vertex 27.512 0.245043 0
      vertex 0 30.4 0
      vertex 3.46981 30.2536 0
    endloop
  endfacet
  facet normal 0 0 -1
    outer loop
      vertex -27.512 -0.245043 0
      vertex -3.46981 -30.2536 0
      vertex -6.9062 -29.8159 0
    endloop
  endfacet
  facet normal 0 0 -1
    outer loop
      vertex 27.512 0.245043 0
      vertex -27.512 0.245043 0
      vertex 0 30.4 0
    endloop
  endfacet
  facet normal 0 0 -1
    outer loop
      vertex -27.548 -0.487725 0
      vertex -6.9062 -29.8159 0
      vertex -10.2761 -29.091 0
    endloop
  endfacet
  facet normal 0 0 -1
    outer loop
      vertex 0 30.4 0
      vertex -27.512 0.245043 0
      vertex -3.46981 30.2536 0
    endloop
  endfacet
  facet normal 0 0 -1
    outer loop
      vertex -27.548 -0.487725 0
      vertex -10.2761 -29.091 0
      vertex -13.547 -28.0859 0
    endloop
  endfacet
  facet normal 0 0 -1
    outer loop
      vertex -3.46981 30.2536 0
      vertex -27.512 0.245043 0
      vertex -6.9062 29.8159 0
    endloop
  endfacet
  facet normal 0 0 -1
    outer loop
      vertex -27.6076 -0.725711 0
      vertex -13.547 -28.0859 0
      vertex -16.6874 -26.8104 0
    endloop
  endfacet
  facet normal 0 0 -1
    outer loop
      vertex -27.548 0.487725 0
      vertex -6.9062 29.8159 0
      vertex -27.512 0.245043 0
    endloop
  endfacet
  facet normal 0 0 -1
    outer loop
      vertex -27.6903 -0.956708 0
      vertex -16.6874 -26.8104 0
      vertex -19.6672 -25.2767 0
    endloop
  endfacet
  facet normal 0 0 -1
    outer loop
      vertex -6.9062 29.8159 0
      vertex -27.548 0.487725 0
      vertex -10.2761 29.091 0
    endloop
  endfacet
  facet normal 0 0 -1
    outer loop
      vertex -27.6903 -0.956708 0
      vertex -19.6672 -25.2767 0
      vertex -22.4575 -23.4995 0
    endloop
  endfacet
  facet normal 0 0 -1
    outer loop
      vertex -10.2761 29.091 0
      vertex -27.548 0.487725 0
      vertex -13.547 28.0859 0
    endloop
  endfacet
  facet normal 0 0 -1
    outer loop
      vertex -27.7952 -1.17849 0
      vertex -22.4575 -23.4995 0
      vertex -25.0316 -21.496 0
    endloop
  endfacet
  facet normal 0 0 -1
    outer loop
      vertex -27.6076 0.725711 0
      vertex -13.547 28.0859 0
      vertex -27.548 0.487725 0
    endloop
  endfacet
  facet normal 0 0 -1
    outer loop
      vertex -27.9213 -1.38893 0
      vertex -25.0316 -21.496 0
      vertex -27.3646 -19.2856 0
    endloop
  endfacet
  facet normal 0 0 -1
    outer loop
      vertex -13.547 28.0859 0
      vertex -27.6076 0.725711 0
      vertex -16.6874 26.8104 0
    endloop
  endfacet
  facet normal 0 0 -1
    outer loop
      vertex -27.6903 0.956708 0
      vertex -16.6874 26.8104 0
      vertex -27.6076 0.725711 0
    endloop
  endfacet
  facet normal -0 0 -1
    outer loop
      vertex 27.5 0 0
      vertex -27.512 -0.245043 0
      vertex -27.5 0 0
    endloop
  endfacet
  facet normal 0 0 -1
    outer loop
      vertex -6.9062 -29.8159 0
      vertex -27.548 -0.487725 0
      vertex -27.512 -0.245043 0
    endloop
  endfacet
  facet normal 0 0 -1
    outer loop
      vertex -13.547 -28.0859 0
      vertex -27.6076 -0.725711 0
      vertex -27.548 -0.487725 0
    endloop
  endfacet
  facet normal 0 0 -1
    outer loop
      vertex -16.6874 -26.8104 0
      vertex -27.6903 -0.956708 0
      vertex -27.6076 -0.725711 0
    endloop
  endfacet
  facet normal 0 0 -1
    outer loop
      vertex -22.4575 -23.4995 0
      vertex -27.7952 -1.17849 0
      vertex -27.6903 -0.956708 0
    endloop
  endfacet
  facet normal 0 0 -1
    outer loop
      vertex -25.0316 -21.496 0
      vertex -27.9213 -1.38893 0
      vertex -27.7952 -1.17849 0
    endloop
  endfacet
  facet normal 0 0 -1
    outer loop
      vertex -27.3646 -19.2856 0
      vertex -28.0675 -1.58598 0
      vertex -27.9213 -1.38893 0
    endloop
  endfacet
  facet normal 0 0 -1
    outer loop
      vertex -27.3646 -19.2856 0
      vertex -28.2322 -1.76777 0
      vertex -28.0675 -1.58598 0
    endloop
  endfacet
  facet normal 0 0 -1
    outer loop
      vertex -29.434 -16.8893 0
      vertex -28.2322 -1.76777 0
      vertex -27.3646 -19.2856 0
    endloop
  endfacet
  facet normal 0 0 -1
    outer loop
      vertex -28.2322 -1.76777 0
      vertex -29.434 -16.8893 0
      vertex -28.414 -1.93253 0
    endloop
  endfacet
  facet normal 0 0 -1
    outer loop
      vertex -31.22 -14.3305 0
      vertex -28.414 -1.93253 0
      vertex -29.434 -16.8893 0
    endloop
  endfacet
  facet normal 0 0 -1
    outer loop
      vertex -28.414 -1.93253 0
      vertex -31.22 -14.3305 0
      vertex -28.6111 -2.07867 0
    endloop
  endfacet
  facet normal 0 0 -1
    outer loop
      vertex -28.6111 -2.07867 0
      vertex -31.22 -14.3305 0
      vertex -28.8215 -2.2048 0
    endloop
  endfacet
  facet normal 0 0 -1
    outer loop
      vertex -32.7053 -11.6336 0
      vertex -28.8215 -2.2048 0
      vertex -31.22 -14.3305 0
    endloop
  endfacet
  facet normal 0 0 -1
    outer loop
      vertex -28.8215 -2.2048 0
      vertex -32.7053 -11.6336 0
      vertex -29.0433 -2.3097 0
    endloop
  endfacet
  facet normal 0 0 -1
    outer loop
      vertex -29.0433 -2.3097 0
      vertex -32.7053 -11.6336 0
      vertex -29.2743 -2.39235 0
    endloop
  endfacet
  facet normal 0 0 -1
    outer loop
      vertex -29.2743 -2.39235 0
      vertex -32.7053 -11.6336 0
      vertex -29.5123 -2.45196 0
    endloop
  endfacet
  facet normal 0 0 -1
    outer loop
      vertex -33.8757 -8.82465 0
      vertex -29.5123 -2.45196 0
      vertex -32.7053 -11.6336 0
    endloop
  endfacet
  facet normal 0 0 -1
    outer loop
      vertex -29.5123 -2.45196 0
      vertex -33.8757 -8.82465 0
      vertex -29.755 -2.48796 0
    endloop
  endfacet
  facet normal 0 0 -1
    outer loop
      vertex -29.755 -2.48796 0
      vertex -33.8757 -8.82465 0
      vertex -30 -2.5 0
    endloop
  endfacet
  facet normal -0 0 -1
    outer loop
      vertex -30 -2.5 0
      vertex -33.8757 -8.82465 0
      vertex -30.245 -2.48796 0
    endloop
  endfacet
  facet normal 0 0 -1
    outer loop
      vertex -34.7198 -5.93075 0
      vertex -30.245 -2.48796 0
      vertex -33.8757 -8.82465 0
    endloop
  endfacet
  facet normal -0 0 -1
    outer loop
      vertex -30.245 -2.48796 0
      vertex -34.7198 -5.93075 0
      vertex -30.4877 -2.45196 0
    endloop
  endfacet
  facet normal -0 0 -1
    outer loop
      vertex -30.4877 -2.45196 0
      vertex -34.7198 -5.93075 0
      vertex -30.7257 -2.39235 0
    endloop
  endfacet
  facet normal -0 0 -1
    outer loop
      vertex -30.7257 -2.39235 0
      vertex -34.7198 -5.93075 0
      vertex -30.9567 -2.3097 0
    endloop
  endfacet
  facet normal -0 0 -1
    outer loop
      vertex -30.9567 -2.3097 0
      vertex -34.7198 -5.93075 0
      vertex -31.1785 -2.2048 0
    endloop
  endfacet
  facet normal -0 0 -1
    outer loop
      vertex -31.1785 -2.2048 0
      vertex -34.7198 -5.93075 0
      vertex -31.3889 -2.07867 0
    endloop
  endfacet
  facet normal 0 0 -1
    outer loop
      vertex -35.2295 -2.97972 0
      vertex -31.3889 -2.07867 0
      vertex -34.7198 -5.93075 0
    endloop
  endfacet
  facet normal -0 0 -1
    outer loop
      vertex -31.3889 -2.07867 0
      vertex -35.2295 -2.97972 0
      vertex -31.586 -1.93253 0
    endloop
  endfacet
  facet normal -0 0 -1
    outer loop
      vertex -31.586 -1.93253 0
      vertex -35.2295 -2.97972 0
      vertex -31.7678 -1.76777 0
    endloop
  endfacet
  facet normal -0 0 -1
    outer loop
      vertex -31.7678 -1.76777 0
      vertex -35.2295 -2.97972 0
      vertex -31.9325 -1.58598 0
    endloop
  endfacet
  facet normal -0 0 -1
    outer loop
      vertex -31.9325 -1.58598 0
      vertex -35.2295 -2.97972 0
      vertex -32.0787 -1.38893 0
    endloop
  endfacet
  facet normal -0 0 -1
    outer loop
      vertex -32.0787 -1.38893 0
      vertex -35.2295 -2.97972 0
      vertex -32.2048 -1.17849 0
    endloop
  endfacet
  facet normal -0 0 -1
    outer loop
      vertex -32.3097 -0.956708 0
      vertex -35.2295 -2.97972 0
      vertex -32.3923 -0.725711 0
    endloop
  endfacet
  facet normal -0 0 -1
    outer loop
      vertex -32.2048 -1.17849 0
      vertex -35.2295 -2.97972 0
      vertex -32.3097 -0.956708 0
    endloop
  endfacet
  facet normal 0.923076 0.384617 0
    outer loop
      vertex 33.8757 8.82465 4.6
      vertex 32.7053 11.6336 0
      vertex 32.7053 11.6336 4.6
    endloop
  endfacet
  facet normal 0.923076 0.384617 0
    outer loop
      vertex 32.7053 11.6336 0
      vertex 33.8757 8.82465 4.6
      vertex 33.8757 8.82465 0
    endloop
  endfacet
  facet normal -0.820008 -0.572352 0
    outer loop
      vertex -29.434 -16.8893 0
      vertex -31.22 -14.3305 4.6
      vertex -31.22 -14.3305 0
    endloop
  endfacet
  facet normal -0.820008 -0.572352 0
    outer loop
      vertex -31.22 -14.3305 4.6
      vertex -29.434 -16.8893 0
      vertex -29.434 -16.8893 4.6
    endloop
  endfacet
  facet normal 0.457639 -0.889138 0
    outer loop
      vertex 16.6874 -26.8104 0
      vertex 19.6672 -25.2767 4.6
      vertex 16.6874 -26.8104 4.6
    endloop
  endfacet
  facet normal 0.457639 -0.889138 0
    outer loop
      vertex 19.6672 -25.2767 4.6
      vertex 16.6874 -26.8104 0
      vertex 19.6672 -25.2767 0
    endloop
  endfacet
  facet normal -0.614212 -0.789141 0
    outer loop
      vertex -25.0316 -21.496 0
      vertex -22.4575 -23.4995 4.6
      vertex -25.0316 -21.496 4.6
    endloop
  endfacet
  facet normal -0.614212 -0.789141 -0
    outer loop
      vertex -22.4575 -23.4995 4.6
      vertex -25.0316 -21.496 0
      vertex -22.4575 -23.4995 0
    endloop
  endfacet
  facet normal 0.042155 -0.999111 0
    outer loop
      vertex 0 -30.4 0
      vertex 3.46981 -30.2536 4.6
      vertex 0 -30.4 4.6
    endloop
  endfacet
  facet normal 0.042155 -0.999111 0
    outer loop
      vertex 3.46981 -30.2536 4.6
      vertex 0 -30.4 0
      vertex 3.46981 -30.2536 0
    endloop
  endfacet
  facet normal -0.614212 0.789141 0
    outer loop
      vertex -22.4575 23.4995 0
      vertex -25.0316 21.496 4.6
      vertex -22.4575 23.4995 4.6
    endloop
  endfacet
  facet normal -0.614212 0.789141 0
    outer loop
      vertex -25.0316 21.496 4.6
      vertex -22.4575 23.4995 0
      vertex -25.0316 21.496 0
    endloop
  endfacet
  facet normal 0.53721 -0.843449 0
    outer loop
      vertex 19.6672 -25.2767 0
      vertex 22.4575 -23.4995 4.6
      vertex 19.6672 -25.2767 4.6
    endloop
  endfacet
  facet normal 0.53721 -0.843449 0
    outer loop
      vertex 22.4575 -23.4995 4.6
      vertex 19.6672 -25.2767 0
      vertex 22.4575 -23.4995 0
    endloop
  endfacet
  facet normal -0.875941 0.482419 0
    outer loop
      vertex -32.7053 11.6336 0
      vertex -31.22 14.3305 4.6
      vertex -31.22 14.3305 0
    endloop
  endfacet
  facet normal -0.875941 0.482419 0
    outer loop
      vertex -31.22 14.3305 4.6
      vertex -32.7053 11.6336 0
      vertex -32.7053 11.6336 4.6
    endloop
  endfacet
  facet normal 0.687776 -0.725923 0
    outer loop
      vertex 25.0316 -21.496 0
      vertex 27.3646 -19.2856 4.6
      vertex 25.0316 -21.496 4.6
    endloop
  endfacet
  facet normal 0.687776 -0.725923 0
    outer loop
      vertex 27.3646 -19.2856 4.6
      vertex 25.0316 -21.496 0
      vertex 27.3646 -19.2856 0
    endloop
  endfacet
  facet normal -0.756844 0.653596 0
    outer loop
      vertex -29.434 16.8893 0
      vertex -27.3646 19.2856 4.6
      vertex -27.3646 19.2856 0
    endloop
  endfacet
  facet normal -0.756844 0.653596 0
    outer loop
      vertex -27.3646 19.2856 4.6
      vertex -29.434 16.8893 0
      vertex -29.434 16.8893 4.6
    endloop
  endfacet
  facet normal -0.2103 0.977637 0
    outer loop
      vertex -6.9062 29.8159 0
      vertex -10.2761 29.091 4.6
      vertex -6.9062 29.8159 4.6
    endloop
  endfacet
  facet normal -0.2103 0.977637 0
    outer loop
      vertex -10.2761 29.091 4.6
      vertex -6.9062 29.8159 0
      vertex -10.2761 29.091 0
    endloop
  endfacet
  facet normal 0.756844 0.653596 0
    outer loop
      vertex 29.434 16.8893 4.6
      vertex 27.3646 19.2856 0
      vertex 27.3646 19.2856 4.6
    endloop
  endfacet
  facet normal 0.756844 0.653596 0
    outer loop
      vertex 27.3646 19.2856 0
      vertex 29.434 16.8893 4.6
      vertex 29.434 16.8893 0
    endloop
  endfacet
  facet normal -0.53721 0.843449 0
    outer loop
      vertex -19.6672 25.2767 0
      vertex -22.4575 23.4995 4.6
      vertex -19.6672 25.2767 4.6
    endloop
  endfacet
  facet normal -0.53721 0.843449 0
    outer loop
      vertex -22.4575 23.4995 4.6
      vertex -19.6672 25.2767 0
      vertex -22.4575 23.4995 0
    endloop
  endfacet
  facet normal 0.687776 0.725923 -0
    outer loop
      vertex 27.3646 19.2856 0
      vertex 25.0316 21.496 4.6
      vertex 27.3646 19.2856 4.6
    endloop
  endfacet
  facet normal 0.687776 0.725923 0
    outer loop
      vertex 25.0316 21.496 4.6
      vertex 27.3646 19.2856 0
      vertex 25.0316 21.496 0
    endloop
  endfacet
  facet normal -0.293731 -0.955888 0
    outer loop
      vertex -13.547 -28.0859 0
      vertex -10.2761 -29.091 4.6
      vertex -13.547 -28.0859 4.6
    endloop
  endfacet
  facet normal -0.293731 -0.955888 -0
    outer loop
      vertex -10.2761 -29.091 4.6
      vertex -13.547 -28.0859 0
      vertex -10.2761 -29.091 0
    endloop
  endfacet
  facet normal -0.042155 -0.999111 0
    outer loop
      vertex -3.46981 -30.2536 0
      vertex 0 -30.4 4.6
      vertex -3.46981 -30.2536 4.6
    endloop
  endfacet
  facet normal -0.042155 -0.999111 -0
    outer loop
      vertex 0 -30.4 4.6
      vertex -3.46981 -30.2536 0
      vertex 0 -30.4 0
    endloop
  endfacet
  facet normal -0.756844 -0.653596 0
    outer loop
      vertex -27.3646 -19.2856 0
      vertex -29.434 -16.8893 4.6
      vertex -29.434 -16.8893 0
    endloop
  endfacet
  facet normal -0.756844 -0.653596 0
    outer loop
      vertex -29.434 -16.8893 4.6
      vertex -27.3646 -19.2856 0
      vertex -27.3646 -19.2856 4.6
    endloop
  endfacet
  facet normal 0.820008 0.572352 0
    outer loop
      vertex 31.22 14.3305 4.6
      vertex 29.434 16.8893 0
      vertex 29.434 16.8893 4.6
    endloop
  endfacet
  facet normal 0.820008 0.572352 0
    outer loop
      vertex 29.434 16.8893 0
      vertex 31.22 14.3305 4.6
      vertex 31.22 14.3305 0
    endloop
  endfacet
  facet normal -0.293731 0.955888 0
    outer loop
      vertex -10.2761 29.091 0
      vertex -13.547 28.0859 4.6
      vertex -10.2761 29.091 4.6
    endloop
  endfacet
  facet normal -0.293731 0.955888 0
    outer loop
      vertex -13.547 28.0859 4.6
      vertex -10.2761 29.091 0
      vertex -13.547 28.0859 0
    endloop
  endfacet
  facet normal 0 0 1
    outer loop
      vertex -26.2 -18.1875 4.6
      vertex -27.3646 -19.2856 4.6
      vertex -26.2 -18.2 4.6
    endloop
  endfacet
  facet normal 0 0 1
    outer loop
      vertex -28.1037 -16.0004 4.6
      vertex -27.3646 -19.2856 4.6
      vertex -26.2 -18.1875 4.6
    endloop
  endfacet
  facet normal 0 0 1
    outer loop
      vertex -28.1037 -16.0004 4.6
      vertex -29.434 -16.8893 4.6
      vertex -27.3646 -19.2856 4.6
    endloop
  endfacet
  facet normal 0 0 1
    outer loop
      vertex -29.8089 -13.5762 4.6
      vertex -29.434 -16.8893 4.6
      vertex -28.1037 -16.0004 4.6
    endloop
  endfacet
  facet normal 0 0 1
    outer loop
      vertex -29.8089 -13.5762 4.6
      vertex -31.22 -14.3305 4.6
      vertex -29.434 -16.8893 4.6
    endloop
  endfacet
  facet normal 0 0 1
    outer loop
      vertex -31.2271 -11.0213 4.6
      vertex -31.22 -14.3305 4.6
      vertex -29.8089 -13.5762 4.6
    endloop
  endfacet
  facet normal 0 0 1
    outer loop
      vertex -32.7053 -11.6336 4.6
      vertex -31.2271 -11.0213 4.6
      vertex -32.3446 -8.3602 4.6
    endloop
  endfacet
  facet normal 0 0 1
    outer loop
      vertex -31.2271 -11.0213 4.6
      vertex -32.7053 -11.6336 4.6
      vertex -31.22 -14.3305 4.6
    endloop
  endfacet
  facet normal 0 0 1
    outer loop
      vertex -33.8757 -8.82465 4.6
      vertex -32.3446 -8.3602 4.6
      vertex -33.1505 -5.6186 4.6
    endloop
  endfacet
  facet normal 0 0 1
    outer loop
      vertex -34.7198 -5.93075 4.6
      vertex -33.1505 -5.6186 4.6
      vertex -33.6372 -2.82289 4.6
    endloop
  endfacet
  facet normal 0 0 1
    outer loop
      vertex -32.3446 -8.3602 4.6
      vertex -33.8757 -8.82465 4.6
      vertex -32.7053 -11.6336 4.6
    endloop
  endfacet
  facet normal 0 0 1
    outer loop
      vertex -35.2295 -2.97972 4.6
      vertex -33.6372 -2.82289 4.6
      vertex -33.8 0 4.6
    endloop
  endfacet
  facet normal -0 0 1
    outer loop
      vertex -35.2295 2.97972 4.6
      vertex -33.6372 2.82289 4.6
      vertex -34.7198 5.93075 4.6
    endloop
  endfacet
  facet normal 0 0 1
    outer loop
      vertex -33.6372 2.82289 4.6
      vertex -35.2295 2.97972 4.6
      vertex -33.8 0 4.6
    endloop
  endfacet
  facet normal 0 0 1
    outer loop
      vertex -33.1505 -5.6186 4.6
      vertex -34.7198 -5.93075 4.6
      vertex -33.8757 -8.82465 4.6
    endloop
  endfacet
  facet normal 0 0 1
    outer loop
      vertex -35.4 0 4.6
      vertex -33.8 0 4.6
      vertex -35.2295 2.97972 4.6
    endloop
  endfacet
  facet normal 0 0 1
    outer loop
      vertex -33.6372 -2.82289 4.6
      vertex -35.2295 -2.97972 4.6
      vertex -34.7198 -5.93075 4.6
    endloop
  endfacet
  facet normal 0 0 1
    outer loop
      vertex -33.8 0 4.6
      vertex -35.4 0 4.6
      vertex -35.2295 -2.97972 4.6
    endloop
  endfacet
  facet normal -0 0 1
    outer loop
      vertex 26.1278 18.2705 4.6
      vertex 26.2 18.2 4.6
      vertex 27.3646 19.2856 4.6
    endloop
  endfacet
  facet normal 0 0 1
    outer loop
      vertex 26.2 18.2 4.6
      vertex 26.1278 18.2705 4.6
      vertex 26.1891 18.2 4.6
    endloop
  endfacet
  facet normal 0 0 1
    outer loop
      vertex 25.0316 21.496 4.6
      vertex 26.1278 18.2705 4.6
      vertex 27.3646 19.2856 4.6
    endloop
  endfacet
  facet normal 0 0 1
    outer loop
      vertex 25.0316 21.496 4.6
      vertex 23.9002 20.3647 4.6
      vertex 26.1278 18.2705 4.6
    endloop
  endfacet
  facet normal 0 0 1
    outer loop
      vertex 22.4575 23.4995 4.6
      vertex 23.9002 20.3647 4.6
      vertex 25.0316 21.496 4.6
    endloop
  endfacet
  facet normal 0 0 1
    outer loop
      vertex 22.4575 23.4995 4.6
      vertex 21.4425 22.2627 4.6
      vertex 23.9002 20.3647 4.6
    endloop
  endfacet
  facet normal 0 0 1
    outer loop
      vertex 19.6672 25.2767 4.6
      vertex 21.4425 22.2627 4.6
      vertex 22.4575 23.4995 4.6
    endloop
  endfacet
  facet normal 0 0 1
    outer loop
      vertex 19.6672 25.2767 4.6
      vertex 18.7783 23.9463 4.6
      vertex 21.4425 22.2627 4.6
    endloop
  endfacet
  facet normal 0 0 1
    outer loop
      vertex 16.6874 26.8104 4.6
      vertex 18.7783 23.9463 4.6
      vertex 19.6672 25.2767 4.6
    endloop
  endfacet
  facet normal 0 0 1
    outer loop
      vertex 16.6874 26.8104 4.6
      vertex 15.9332 25.3993 4.6
      vertex 18.7783 23.9463 4.6
    endloop
  endfacet
  facet normal 0 0 1
    outer loop
      vertex 13.547 28.0859 4.6
      vertex 15.9332 25.3993 4.6
      vertex 16.6874 26.8104 4.6
    endloop
  endfacet
  facet normal 0 0 1
    outer loop
      vertex 13.547 28.0859 4.6
      vertex 12.9347 26.6077 4.6
      vertex 15.9332 25.3993 4.6
    endloop
  endfacet
  facet normal 0 0 1
    outer loop
      vertex 10.2761 29.091 4.6
      vertex 12.9347 26.6077 4.6
      vertex 13.547 28.0859 4.6
    endloop
  endfacet
  facet normal 0 0 1
    outer loop
      vertex 10.2761 29.091 4.6
      vertex 9.81162 27.5599 4.6
      vertex 12.9347 26.6077 4.6
    endloop
  endfacet
  facet normal 0 0 1
    outer loop
      vertex 6.9062 29.8159 4.6
      vertex 9.81162 27.5599 4.6
      vertex 10.2761 29.091 4.6
    endloop
  endfacet
  facet normal 0 0 1
    outer loop
      vertex 6.9062 29.8159 4.6
      vertex 6.59405 28.2466 4.6
      vertex 9.81162 27.5599 4.6
    endloop
  endfacet
  facet normal 0 0 1
    outer loop
      vertex 3.46981 30.2536 4.6
      vertex 6.59405 28.2466 4.6
      vertex 6.9062 29.8159 4.6
    endloop
  endfacet
  facet normal 0 0 1
    outer loop
      vertex 3.46981 30.2536 4.6
      vertex 3.31298 28.6613 4.6
      vertex 6.59405 28.2466 4.6
    endloop
  endfacet
  facet normal 0 0 1
    outer loop
      vertex 0 30.4 4.6
      vertex 3.31298 28.6613 4.6
      vertex 3.46981 30.2536 4.6
    endloop
  endfacet
  facet normal 0 0 1
    outer loop
      vertex 0 30.4 4.6
      vertex 0 28.8 4.6
      vertex 3.31298 28.6613 4.6
    endloop
  endfacet
  facet normal 0 0 1
    outer loop
      vertex 0 30.4 4.6
      vertex -3.31298 28.6613 4.6
      vertex 0 28.8 4.6
    endloop
  endfacet
  facet normal -0 0 1
    outer loop
      vertex -3.46981 30.2536 4.6
      vertex -3.31298 28.6613 4.6
      vertex 0 30.4 4.6
    endloop
  endfacet
  facet normal 0 0 1
    outer loop
      vertex -3.46981 30.2536 4.6
      vertex -6.59405 28.2466 4.6
      vertex -3.31298 28.6613 4.6
    endloop
  endfacet
  facet normal -0 0 1
    outer loop
      vertex -6.9062 29.8159 4.6
      vertex -6.59405 28.2466 4.6
      vertex -3.46981 30.2536 4.6
    endloop
  endfacet
  facet normal 0 0 1
    outer loop
      vertex -6.9062 29.8159 4.6
      vertex -9.81162 27.5599 4.6
      vertex -6.59405 28.2466 4.6
    endloop
  endfacet
  facet normal -0 0 1
    outer loop
      vertex -10.2761 29.091 4.6
      vertex -9.81162 27.5599 4.6
      vertex -6.9062 29.8159 4.6
    endloop
  endfacet
  facet normal 0 0 1
    outer loop
      vertex -10.2761 29.091 4.6
      vertex -12.9347 26.6077 4.6
      vertex -9.81162 27.5599 4.6
    endloop
  endfacet
  facet normal -0 0 1
    outer loop
      vertex -13.547 28.0859 4.6
      vertex -12.9347 26.6077 4.6
      vertex -10.2761 29.091 4.6
    endloop
  endfacet
  facet normal 0 0 1
    outer loop
      vertex -13.547 28.0859 4.6
      vertex -15.9332 25.3993 4.6
      vertex -12.9347 26.6077 4.6
    endloop
  endfacet
  facet normal -0 0 1
    outer loop
      vertex -16.6874 26.8104 4.6
      vertex -15.9332 25.3993 4.6
      vertex -13.547 28.0859 4.6
    endloop
  endfacet
  facet normal 0 0 1
    outer loop
      vertex -16.6874 26.8104 4.6
      vertex -18.7783 23.9463 4.6
      vertex -15.9332 25.3993 4.6
    endloop
  endfacet
  facet normal -0 0 1
    outer loop
      vertex -19.6672 25.2767 4.6
      vertex -18.7783 23.9463 4.6
      vertex -16.6874 26.8104 4.6
    endloop
  endfacet
  facet normal 0 -0 1
    outer loop
      vertex -19.5 23.7 4.6
      vertex -18.7783 23.9463 4.6
      vertex -19.6672 25.2767 4.6
    endloop
  endfacet
  facet normal 0 0 1
    outer loop
      vertex -18.7783 23.9463 4.6
      vertex -19.2305 23.6868 4.6
      vertex -19.1969 23.6818 4.6
    endloop
  endfacet
  facet normal 0 0 1
    outer loop
      vertex -18.7783 23.9463 4.6
      vertex -19.5 23.7 4.6
      vertex -19.2305 23.6868 4.6
    endloop
  endfacet
  facet normal 0 0 1
    outer loop
      vertex -19.6672 25.2767 4.6
      vertex -19.7695 23.6868 4.6
      vertex -19.5 23.7 4.6
    endloop
  endfacet
  facet normal 0 0 1
    outer loop
      vertex -19.6672 25.2767 4.6
      vertex -20.0365 23.6472 4.6
      vertex -19.7695 23.6868 4.6
    endloop
  endfacet
  facet normal 0 0 1
    outer loop
      vertex -19.6672 25.2767 4.6
      vertex -20.2983 23.5816 4.6
      vertex -20.0365 23.6472 4.6
    endloop
  endfacet
  facet normal 0 0 1
    outer loop
      vertex -19.6672 25.2767 4.6
      vertex -20.5524 23.4907 4.6
      vertex -20.2983 23.5816 4.6
    endloop
  endfacet
  facet normal 0 0 1
    outer loop
      vertex -19.6672 25.2767 4.6
      vertex -20.7963 23.3753 4.6
      vertex -20.5524 23.4907 4.6
    endloop
  endfacet
  facet normal -0 0 1
    outer loop
      vertex -22.4575 23.4995 4.6
      vertex -20.7963 23.3753 4.6
      vertex -19.6672 25.2767 4.6
    endloop
  endfacet
  facet normal 0 0 1
    outer loop
      vertex -20.7963 23.3753 4.6
      vertex -22.4575 23.4995 4.6
      vertex -21.0278 23.2365 4.6
    endloop
  endfacet
  facet normal 0 0 1
    outer loop
      vertex -21.0278 23.2365 4.6
      vertex -22.4575 23.4995 4.6
      vertex -21.2446 23.0758 4.6
    endloop
  endfacet
  facet normal 0 0 1
    outer loop
      vertex -21.2446 23.0758 4.6
      vertex -22.4575 23.4995 4.6
      vertex -21.4445 22.8945 4.6
    endloop
  endfacet
  facet normal 0 0 1
    outer loop
      vertex -21.4445 22.8945 4.6
      vertex -22.4575 23.4995 4.6
      vertex -21.6258 22.6946 4.6
    endloop
  endfacet
  facet normal 0 0 1
    outer loop
      vertex -22.4575 23.4995 4.6
      vertex -21.7865 22.4778 4.6
      vertex -21.6258 22.6946 4.6
    endloop
  endfacet
  facet normal 0 0 1
    outer loop
      vertex -22.4575 23.4995 4.6
      vertex -21.9253 22.2463 4.6
      vertex -21.7865 22.4778 4.6
    endloop
  endfacet
  facet normal 0 0 1
    outer loop
      vertex -22.4575 23.4995 4.6
      vertex -22.0407 22.0024 4.6
      vertex -21.9253 22.2463 4.6
    endloop
  endfacet
  facet normal 0 0 1
    outer loop
      vertex -22.4575 23.4995 4.6
      vertex -22.1316 21.7483 4.6
      vertex -22.0407 22.0024 4.6
    endloop
  endfacet
  facet normal 0 0 1
    outer loop
      vertex -25.0316 21.496 4.6
      vertex -22.1316 21.7483 4.6
      vertex -22.4575 23.4995 4.6
    endloop
  endfacet
  facet normal 0 0 1
    outer loop
      vertex -22.1316 21.7483 4.6
      vertex -25.0316 21.496 4.6
      vertex -22.1371 21.7263 4.6
    endloop
  endfacet
  facet normal 0 0 1
    outer loop
      vertex -22.1371 21.7263 4.6
      vertex -25.0316 21.496 4.6
      vertex -23.9002 20.3647 4.6
    endloop
  endfacet
  facet normal 0 0 1
    outer loop
      vertex -25.0316 21.496 4.6
      vertex -26.1278 18.2705 4.6
      vertex -23.9002 20.3647 4.6
    endloop
  endfacet
  facet normal -0 0 1
    outer loop
      vertex -27.3646 19.2856 4.6
      vertex -26.1278 18.2705 4.6
      vertex -25.0316 21.496 4.6
    endloop
  endfacet
  facet normal 0 -0 1
    outer loop
      vertex -26.2 18.2 4.6
      vertex -26.1278 18.2705 4.6
      vertex -27.3646 19.2856 4.6
    endloop
  endfacet
  facet normal 0 0 1
    outer loop
      vertex -26.1278 18.2705 4.6
      vertex -26.2 18.2 4.6
      vertex -26.1891 18.2 4.6
    endloop
  endfacet
  facet normal 0 0 1
    outer loop
      vertex -27.3646 19.2856 4.6
      vertex -26.2 18.1875 4.6
      vertex -26.2 18.2 4.6
    endloop
  endfacet
  facet normal 0 0 1
    outer loop
      vertex -27.3646 19.2856 4.6
      vertex -28.1037 16.0004 4.6
      vertex -26.2 18.1875 4.6
    endloop
  endfacet
  facet normal -0 0 1
    outer loop
      vertex -29.434 16.8893 4.6
      vertex -28.1037 16.0004 4.6
      vertex -27.3646 19.2856 4.6
    endloop
  endfacet
  facet normal 0 0 1
    outer loop
      vertex -29.434 16.8893 4.6
      vertex -29.8089 13.5762 4.6
      vertex -28.1037 16.0004 4.6
    endloop
  endfacet
  facet normal -0 0 1
    outer loop
      vertex -31.22 14.3305 4.6
      vertex -29.8089 13.5762 4.6
      vertex -29.434 16.8893 4.6
    endloop
  endfacet
  facet normal 0 0 1
    outer loop
      vertex -31.22 14.3305 4.6
      vertex -31.2271 11.0213 4.6
      vertex -29.8089 13.5762 4.6
    endloop
  endfacet
  facet normal -0 0 1
    outer loop
      vertex -32.7053 11.6336 4.6
      vertex -31.2271 11.0213 4.6
      vertex -31.22 14.3305 4.6
    endloop
  endfacet
  facet normal 0 0 1
    outer loop
      vertex -31.2271 11.0213 4.6
      vertex -32.7053 11.6336 4.6
      vertex -32.3446 8.3602 4.6
    endloop
  endfacet
  facet normal -0 0 1
    outer loop
      vertex -33.8757 8.82465 4.6
      vertex -32.3446 8.3602 4.6
      vertex -32.7053 11.6336 4.6
    endloop
  endfacet
  facet normal 0 0 1
    outer loop
      vertex -32.3446 8.3602 4.6
      vertex -33.8757 8.82465 4.6
      vertex -33.1505 5.6186 4.6
    endloop
  endfacet
  facet normal 0 0 1
    outer loop
      vertex -33.1505 5.6186 4.6
      vertex -34.7198 5.93075 4.6
      vertex -33.6372 2.82289 4.6
    endloop
  endfacet
  facet normal -0 0 1
    outer loop
      vertex -34.7198 5.93075 4.6
      vertex -33.1505 5.6186 4.6
      vertex -33.8757 8.82465 4.6
    endloop
  endfacet
  facet normal 0 0 1
    outer loop
      vertex 33.8 0 4.6
      vertex 35.4 0 4.6
      vertex 35.2295 2.97972 4.6
    endloop
  endfacet
  facet normal 0 0 1
    outer loop
      vertex 33.6372 2.82289 4.6
      vertex 35.2295 2.97972 4.6
      vertex 34.7198 5.93075 4.6
    endloop
  endfacet
  facet normal 0 0 1
    outer loop
      vertex 35.4 0 4.6
      vertex 33.8 0 4.6
      vertex 35.2295 -2.97972 4.6
    endloop
  endfacet
  facet normal 0 0 1
    outer loop
      vertex 33.1505 5.6186 4.6
      vertex 34.7198 5.93075 4.6
      vertex 33.8757 8.82465 4.6
    endloop
  endfacet
  facet normal -0 0 1
    outer loop
      vertex 33.6372 -2.82289 4.6
      vertex 35.2295 -2.97972 4.6
      vertex 33.8 0 4.6
    endloop
  endfacet
  facet normal 0 0 1
    outer loop
      vertex 35.2295 -2.97972 4.6
      vertex 33.6372 -2.82289 4.6
      vertex 34.7198 -5.93075 4.6
    endloop
  endfacet
  facet normal 0 0 1
    outer loop
      vertex 35.2295 2.97972 4.6
      vertex 33.6372 2.82289 4.6
      vertex 33.8 0 4.6
    endloop
  endfacet
  facet normal 0 0 1
    outer loop
      vertex 34.7198 5.93075 4.6
      vertex 33.1505 5.6186 4.6
      vertex 33.6372 2.82289 4.6
    endloop
  endfacet
  facet normal 0 0 1
    outer loop
      vertex 32.3446 8.3602 4.6
      vertex 33.8757 8.82465 4.6
      vertex 32.7053 11.6336 4.6
    endloop
  endfacet
  facet normal 0 0 1
    outer loop
      vertex 33.8757 8.82465 4.6
      vertex 32.3446 8.3602 4.6
      vertex 33.1505 5.6186 4.6
    endloop
  endfacet
  facet normal 0 0 1
    outer loop
      vertex 32.7053 11.6336 4.6
      vertex 31.2271 11.0213 4.6
      vertex 32.3446 8.3602 4.6
    endloop
  endfacet
  facet normal 0 0 1
    outer loop
      vertex 31.22 14.3305 4.6
      vertex 31.2271 11.0213 4.6
      vertex 32.7053 11.6336 4.6
    endloop
  endfacet
  facet normal 0 0 1
    outer loop
      vertex 31.22 14.3305 4.6
      vertex 29.8089 13.5762 4.6
      vertex 31.2271 11.0213 4.6
    endloop
  endfacet
  facet normal 0 0 1
    outer loop
      vertex 29.434 16.8893 4.6
      vertex 29.8089 13.5762 4.6
      vertex 31.22 14.3305 4.6
    endloop
  endfacet
  facet normal 0 0 1
    outer loop
      vertex 29.434 16.8893 4.6
      vertex 28.1037 16.0004 4.6
      vertex 29.8089 13.5762 4.6
    endloop
  endfacet
  facet normal 0 0 1
    outer loop
      vertex 27.3646 19.2856 4.6
      vertex 28.1037 16.0004 4.6
      vertex 29.434 16.8893 4.6
    endloop
  endfacet
  facet normal 0 0 1
    outer loop
      vertex 26.2 18.1875 4.6
      vertex 27.3646 19.2856 4.6
      vertex 26.2 18.2 4.6
    endloop
  endfacet
  facet normal 0 0 1
    outer loop
      vertex 27.3646 19.2856 4.6
      vertex 26.2 18.1875 4.6
      vertex 28.1037 16.0004 4.6
    endloop
  endfacet
  facet normal -0 0 1
    outer loop
      vertex 33.1505 -5.6186 4.6
      vertex 34.7198 -5.93075 4.6
      vertex 33.6372 -2.82289 4.6
    endloop
  endfacet
  facet normal 0 0 1
    outer loop
      vertex 34.7198 -5.93075 4.6
      vertex 33.1505 -5.6186 4.6
      vertex 33.8757 -8.82465 4.6
    endloop
  endfacet
  facet normal -0 0 1
    outer loop
      vertex 32.3446 -8.3602 4.6
      vertex 33.8757 -8.82465 4.6
      vertex 33.1505 -5.6186 4.6
    endloop
  endfacet
  facet normal 0 0 1
    outer loop
      vertex 33.8757 -8.82465 4.6
      vertex 32.3446 -8.3602 4.6
      vertex 32.7053 -11.6336 4.6
    endloop
  endfacet
  facet normal -0 0 1
    outer loop
      vertex 31.2271 -11.0213 4.6
      vertex 32.7053 -11.6336 4.6
      vertex 32.3446 -8.3602 4.6
    endloop
  endfacet
  facet normal 0 0 1
    outer loop
      vertex 31.2271 -11.0213 4.6
      vertex 31.22 -14.3305 4.6
      vertex 32.7053 -11.6336 4.6
    endloop
  endfacet
  facet normal -0 0 1
    outer loop
      vertex 29.8089 -13.5762 4.6
      vertex 31.22 -14.3305 4.6
      vertex 31.2271 -11.0213 4.6
    endloop
  endfacet
  facet normal 0 0 1
    outer loop
      vertex 29.8089 -13.5762 4.6
      vertex 29.434 -16.8893 4.6
      vertex 31.22 -14.3305 4.6
    endloop
  endfacet
  facet normal -0 0 1
    outer loop
      vertex 28.1037 -16.0004 4.6
      vertex 29.434 -16.8893 4.6
      vertex 29.8089 -13.5762 4.6
    endloop
  endfacet
  facet normal 0 0 1
    outer loop
      vertex 28.1037 -16.0004 4.6
      vertex 27.3646 -19.2856 4.6
      vertex 29.434 -16.8893 4.6
    endloop
  endfacet
  facet normal -0 0 1
    outer loop
      vertex 26.2 -18.1875 4.6
      vertex 27.3646 -19.2856 4.6
      vertex 28.1037 -16.0004 4.6
    endloop
  endfacet
  facet normal -0 0 1
    outer loop
      vertex 26.2 -18.2 4.6
      vertex 27.3646 -19.2856 4.6
      vertex 26.2 -18.1875 4.6
    endloop
  endfacet
  facet normal 0 0 1
    outer loop
      vertex 26.1278 -18.2705 4.6
      vertex 26.2 -18.2 4.6
      vertex 26.1891 -18.2 4.6
    endloop
  endfacet
  facet normal 0 0 1
    outer loop
      vertex 26.2 -18.2 4.6
      vertex 26.1278 -18.2705 4.6
      vertex 27.3646 -19.2856 4.6
    endloop
  endfacet
  facet normal 0 0 1
    outer loop
      vertex 26.1278 -18.2705 4.6
      vertex 25.0316 -21.496 4.6
      vertex 27.3646 -19.2856 4.6
    endloop
  endfacet
  facet normal -0 0 1
    outer loop
      vertex 23.9002 -20.3647 4.6
      vertex 25.0316 -21.496 4.6
      vertex 26.1278 -18.2705 4.6
    endloop
  endfacet
  facet normal 0 0 1
    outer loop
      vertex 22.1371 -21.7263 4.6
      vertex 25.0316 -21.496 4.6
      vertex 23.9002 -20.3647 4.6
    endloop
  endfacet
  facet normal 0 0 1
    outer loop
      vertex 25.0316 -21.496 4.6
      vertex 22.1371 -21.7263 4.6
      vertex 22.1316 -21.7483 4.6
    endloop
  endfacet
  facet normal 0 0 1
    outer loop
      vertex 25.0316 -21.496 4.6
      vertex 22.1316 -21.7483 4.6
      vertex 22.4575 -23.4995 4.6
    endloop
  endfacet
  facet normal -0 0 1
    outer loop
      vertex 22.0407 -22.0024 4.6
      vertex 22.4575 -23.4995 4.6
      vertex 22.1316 -21.7483 4.6
    endloop
  endfacet
  facet normal -0 0 1
    outer loop
      vertex 21.9253 -22.2463 4.6
      vertex 22.4575 -23.4995 4.6
      vertex 22.0407 -22.0024 4.6
    endloop
  endfacet
  facet normal -0 0 1
    outer loop
      vertex 21.7865 -22.4778 4.6
      vertex 22.4575 -23.4995 4.6
      vertex 21.9253 -22.2463 4.6
    endloop
  endfacet
  facet normal -0 0 1
    outer loop
      vertex 21.6258 -22.6946 4.6
      vertex 22.4575 -23.4995 4.6
      vertex 21.7865 -22.4778 4.6
    endloop
  endfacet
  facet normal -0 0 1
    outer loop
      vertex 21.4445 -22.8945 4.6
      vertex 22.4575 -23.4995 4.6
      vertex 21.6258 -22.6946 4.6
    endloop
  endfacet
  facet normal -0 0 1
    outer loop
      vertex 21.2446 -23.0758 4.6
      vertex 22.4575 -23.4995 4.6
      vertex 21.4445 -22.8945 4.6
    endloop
  endfacet
  facet normal -0 0 1
    outer loop
      vertex 21.0278 -23.2365 4.6
      vertex 22.4575 -23.4995 4.6
      vertex 21.2446 -23.0758 4.6
    endloop
  endfacet
  facet normal -0 0 1
    outer loop
      vertex 20.7963 -23.3753 4.6
      vertex 22.4575 -23.4995 4.6
      vertex 21.0278 -23.2365 4.6
    endloop
  endfacet
  facet normal 0 0 1
    outer loop
      vertex 19.6672 -25.2767 4.6
      vertex 20.7963 -23.3753 4.6
      vertex 20.5524 -23.4907 4.6
    endloop
  endfacet
  facet normal 0 0 1
    outer loop
      vertex 19.6672 -25.2767 4.6
      vertex 20.5524 -23.4907 4.6
      vertex 20.2983 -23.5816 4.6
    endloop
  endfacet
  facet normal 0 0 1
    outer loop
      vertex 19.6672 -25.2767 4.6
      vertex 20.2983 -23.5816 4.6
      vertex 20.0365 -23.6472 4.6
    endloop
  endfacet
  facet normal 0 0 1
    outer loop
      vertex 19.6672 -25.2767 4.6
      vertex 20.0365 -23.6472 4.6
      vertex 19.7695 -23.6868 4.6
    endloop
  endfacet
  facet normal 0 0 1
    outer loop
      vertex 20.7963 -23.3753 4.6
      vertex 19.6672 -25.2767 4.6
      vertex 22.4575 -23.4995 4.6
    endloop
  endfacet
  facet normal -0 0 1
    outer loop
      vertex 19.5 -23.7 4.6
      vertex 19.6672 -25.2767 4.6
      vertex 19.7695 -23.6868 4.6
    endloop
  endfacet
  facet normal 0 0 1
    outer loop
      vertex 18.7783 -23.9463 4.6
      vertex 19.5 -23.7 4.6
      vertex 19.2305 -23.6868 4.6
    endloop
  endfacet
  facet normal 0 0 1
    outer loop
      vertex 18.7783 -23.9463 4.6
      vertex 19.2305 -23.6868 4.6
      vertex 19.1969 -23.6818 4.6
    endloop
  endfacet
  facet normal 0 0 1
    outer loop
      vertex 19.5 -23.7 4.6
      vertex 18.7783 -23.9463 4.6
      vertex 19.6672 -25.2767 4.6
    endloop
  endfacet
  facet normal 0 0 1
    outer loop
      vertex 18.7783 -23.9463 4.6
      vertex 16.6874 -26.8104 4.6
      vertex 19.6672 -25.2767 4.6
    endloop
  endfacet
  facet normal -0 0 1
    outer loop
      vertex 15.9332 -25.3993 4.6
      vertex 16.6874 -26.8104 4.6
      vertex 18.7783 -23.9463 4.6
    endloop
  endfacet
  facet normal 0 0 1
    outer loop
      vertex 15.9332 -25.3993 4.6
      vertex 13.547 -28.0859 4.6
      vertex 16.6874 -26.8104 4.6
    endloop
  endfacet
  facet normal -0 0 1
    outer loop
      vertex 12.9347 -26.6077 4.6
      vertex 13.547 -28.0859 4.6
      vertex 15.9332 -25.3993 4.6
    endloop
  endfacet
  facet normal 0 0 1
    outer loop
      vertex 12.9347 -26.6077 4.6
      vertex 10.2761 -29.091 4.6
      vertex 13.547 -28.0859 4.6
    endloop
  endfacet
  facet normal -0 0 1
    outer loop
      vertex 9.81162 -27.5599 4.6
      vertex 10.2761 -29.091 4.6
      vertex 12.9347 -26.6077 4.6
    endloop
  endfacet
  facet normal 0 0 1
    outer loop
      vertex 9.81162 -27.5599 4.6
      vertex 6.9062 -29.8159 4.6
      vertex 10.2761 -29.091 4.6
    endloop
  endfacet
  facet normal -0 0 1
    outer loop
      vertex 6.59405 -28.2466 4.6
      vertex 6.9062 -29.8159 4.6
      vertex 9.81162 -27.5599 4.6
    endloop
  endfacet
  facet normal 0 0 1
    outer loop
      vertex 6.59405 -28.2466 4.6
      vertex 3.46981 -30.2536 4.6
      vertex 6.9062 -29.8159 4.6
    endloop
  endfacet
  facet normal -0 0 1
    outer loop
      vertex 3.31298 -28.6613 4.6
      vertex 3.46981 -30.2536 4.6
      vertex 6.59405 -28.2466 4.6
    endloop
  endfacet
  facet normal 0 0 1
    outer loop
      vertex 0 -30.4 4.6
      vertex 3.31298 -28.6613 4.6
      vertex 0 -28.8 4.6
    endloop
  endfacet
  facet normal 0 0 1
    outer loop
      vertex 3.31298 -28.6613 4.6
      vertex 0 -30.4 4.6
      vertex 3.46981 -30.2536 4.6
    endloop
  endfacet
  facet normal 0 0 1
    outer loop
      vertex -3.31298 -28.6613 4.6
      vertex 0 -30.4 4.6
      vertex 0 -28.8 4.6
    endloop
  endfacet
  facet normal 0 0 1
    outer loop
      vertex -3.31298 -28.6613 4.6
      vertex -3.46981 -30.2536 4.6
      vertex 0 -30.4 4.6
    endloop
  endfacet
  facet normal 0 0 1
    outer loop
      vertex -6.59405 -28.2466 4.6
      vertex -3.46981 -30.2536 4.6
      vertex -3.31298 -28.6613 4.6
    endloop
  endfacet
  facet normal 0 0 1
    outer loop
      vertex -6.59405 -28.2466 4.6
      vertex -6.9062 -29.8159 4.6
      vertex -3.46981 -30.2536 4.6
    endloop
  endfacet
  facet normal 0 0 1
    outer loop
      vertex -9.81162 -27.5599 4.6
      vertex -6.9062 -29.8159 4.6
      vertex -6.59405 -28.2466 4.6
    endloop
  endfacet
  facet normal 0 0 1
    outer loop
      vertex -9.81162 -27.5599 4.6
      vertex -10.2761 -29.091 4.6
      vertex -6.9062 -29.8159 4.6
    endloop
  endfacet
  facet normal 0 0 1
    outer loop
      vertex -12.9347 -26.6077 4.6
      vertex -10.2761 -29.091 4.6
      vertex -9.81162 -27.5599 4.6
    endloop
  endfacet
  facet normal 0 0 1
    outer loop
      vertex -12.9347 -26.6077 4.6
      vertex -13.547 -28.0859 4.6
      vertex -10.2761 -29.091 4.6
    endloop
  endfacet
  facet normal 0 0 1
    outer loop
      vertex -15.9332 -25.3993 4.6
      vertex -13.547 -28.0859 4.6
      vertex -12.9347 -26.6077 4.6
    endloop
  endfacet
  facet normal 0 0 1
    outer loop
      vertex -15.9332 -25.3993 4.6
      vertex -16.6874 -26.8104 4.6
      vertex -13.547 -28.0859 4.6
    endloop
  endfacet
  facet normal 0 0 1
    outer loop
      vertex -18.7783 -23.9463 4.6
      vertex -16.6874 -26.8104 4.6
      vertex -15.9332 -25.3993 4.6
    endloop
  endfacet
  facet normal -0 0 1
    outer loop
      vertex -19.2305 -23.6868 4.6
      vertex -18.7783 -23.9463 4.6
      vertex -19.1969 -23.6818 4.6
    endloop
  endfacet
  facet normal -0 0 1
    outer loop
      vertex -19.5 -23.7 4.6
      vertex -18.7783 -23.9463 4.6
      vertex -19.2305 -23.6868 4.6
    endloop
  endfacet
  facet normal 0 0 1
    outer loop
      vertex -18.7783 -23.9463 4.6
      vertex -19.5 -23.7 4.6
      vertex -19.6672 -25.2767 4.6
    endloop
  endfacet
  facet normal 0 0 1
    outer loop
      vertex -18.7783 -23.9463 4.6
      vertex -19.6672 -25.2767 4.6
      vertex -16.6874 -26.8104 4.6
    endloop
  endfacet
  facet normal 0 0 1
    outer loop
      vertex -19.7695 -23.6868 4.6
      vertex -19.6672 -25.2767 4.6
      vertex -19.5 -23.7 4.6
    endloop
  endfacet
  facet normal 0 0 1
    outer loop
      vertex -20.0365 -23.6472 4.6
      vertex -19.6672 -25.2767 4.6
      vertex -19.7695 -23.6868 4.6
    endloop
  endfacet
  facet normal 0 0 1
    outer loop
      vertex -20.2983 -23.5816 4.6
      vertex -19.6672 -25.2767 4.6
      vertex -20.0365 -23.6472 4.6
    endloop
  endfacet
  facet normal 0 0 1
    outer loop
      vertex -20.5524 -23.4907 4.6
      vertex -19.6672 -25.2767 4.6
      vertex -20.2983 -23.5816 4.6
    endloop
  endfacet
  facet normal 0 0 1
    outer loop
      vertex -20.7963 -23.3753 4.6
      vertex -19.6672 -25.2767 4.6
      vertex -20.5524 -23.4907 4.6
    endloop
  endfacet
  facet normal 0 0 1
    outer loop
      vertex -22.4575 -23.4995 4.6
      vertex -20.7963 -23.3753 4.6
      vertex -21.0278 -23.2365 4.6
    endloop
  endfacet
  facet normal 0 0 1
    outer loop
      vertex -22.4575 -23.4995 4.6
      vertex -21.0278 -23.2365 4.6
      vertex -21.2446 -23.0758 4.6
    endloop
  endfacet
  facet normal 0 0 1
    outer loop
      vertex -22.4575 -23.4995 4.6
      vertex -21.2446 -23.0758 4.6
      vertex -21.4445 -22.8945 4.6
    endloop
  endfacet
  facet normal 0 0 1
    outer loop
      vertex -22.4575 -23.4995 4.6
      vertex -21.4445 -22.8945 4.6
      vertex -21.6258 -22.6946 4.6
    endloop
  endfacet
  facet normal 0 0 1
    outer loop
      vertex -20.7963 -23.3753 4.6
      vertex -22.4575 -23.4995 4.6
      vertex -19.6672 -25.2767 4.6
    endloop
  endfacet
  facet normal 0 0 1
    outer loop
      vertex -21.7865 -22.4778 4.6
      vertex -22.4575 -23.4995 4.6
      vertex -21.6258 -22.6946 4.6
    endloop
  endfacet
  facet normal 0 0 1
    outer loop
      vertex -21.9253 -22.2463 4.6
      vertex -22.4575 -23.4995 4.6
      vertex -21.7865 -22.4778 4.6
    endloop
  endfacet
  facet normal 0 0 1
    outer loop
      vertex -22.0407 -22.0024 4.6
      vertex -22.4575 -23.4995 4.6
      vertex -21.9253 -22.2463 4.6
    endloop
  endfacet
  facet normal 0 0 1
    outer loop
      vertex -22.1316 -21.7483 4.6
      vertex -22.4575 -23.4995 4.6
      vertex -22.0407 -22.0024 4.6
    endloop
  endfacet
  facet normal 0 0 1
    outer loop
      vertex -25.0316 -21.496 4.6
      vertex -22.1316 -21.7483 4.6
      vertex -22.1371 -21.7263 4.6
    endloop
  endfacet
  facet normal -0 0 1
    outer loop
      vertex -25.0316 -21.496 4.6
      vertex -22.1371 -21.7263 4.6
      vertex -23.9002 -20.3647 4.6
    endloop
  endfacet
  facet normal 0 0 1
    outer loop
      vertex -22.1316 -21.7483 4.6
      vertex -25.0316 -21.496 4.6
      vertex -22.4575 -23.4995 4.6
    endloop
  endfacet
  facet normal 0 0 1
    outer loop
      vertex -26.1278 -18.2705 4.6
      vertex -25.0316 -21.496 4.6
      vertex -23.9002 -20.3647 4.6
    endloop
  endfacet
  facet normal -0 0 1
    outer loop
      vertex -26.2 -18.2 4.6
      vertex -26.1278 -18.2705 4.6
      vertex -26.1891 -18.2 4.6
    endloop
  endfacet
  facet normal 0 0 1
    outer loop
      vertex -26.1278 -18.2705 4.6
      vertex -26.2 -18.2 4.6
      vertex -27.3646 -19.2856 4.6
    endloop
  endfacet
  facet normal 0 0 1
    outer loop
      vertex -26.1278 -18.2705 4.6
      vertex -27.3646 -19.2856 4.6
      vertex -25.0316 -21.496 4.6
    endloop
  endfacet
  facet normal -0.376304 0.926496 0
    outer loop
      vertex -13.547 28.0859 0
      vertex -16.6874 26.8104 4.6
      vertex -13.547 28.0859 4.6
    endloop
  endfacet
  facet normal -0.376304 0.926496 0
    outer loop
      vertex -16.6874 26.8104 4.6
      vertex -13.547 28.0859 0
      vertex -16.6874 26.8104 0
    endloop
  endfacet
  facet normal 0.376304 0.926496 -0
    outer loop
      vertex 16.6874 26.8104 0
      vertex 13.547 28.0859 4.6
      vertex 16.6874 26.8104 4.6
    endloop
  endfacet
  facet normal 0.376304 0.926496 0
    outer loop
      vertex 13.547 28.0859 4.6
      vertex 16.6874 26.8104 0
      vertex 13.547 28.0859 0
    endloop
  endfacet
  facet normal -0.998341 0.0575757 0
    outer loop
      vertex 33.6372 -2.82289 1.6
      vertex 33.8 0 4.6
      vertex 33.8 0 1.6
    endloop
  endfacet
  facet normal -0.998341 0.0575757 0
    outer loop
      vertex 33.8 0 4.6
      vertex 33.6372 -2.82289 1.6
      vertex 33.6372 -2.82289 4.6
    endloop
  endfacet
  facet normal 0.291637 0.956529 -0
    outer loop
      vertex -9.81162 -27.5599 1.6
      vertex -12.9347 -26.6077 4.6
      vertex -9.81162 -27.5599 4.6
    endloop
  endfacet
  facet normal 0.291637 0.956529 0
    outer loop
      vertex -12.9347 -26.6077 4.6
      vertex -9.81162 -27.5599 1.6
      vertex -12.9347 -26.6077 1.6
    endloop
  endfacet
  facet normal 0.87433 0.485332 0
    outer loop
      vertex -29.8089 -13.5762 4.6
      vertex -31.2271 -11.0213 1.6
      vertex -31.2271 -11.0213 4.6
    endloop
  endfacet
  facet normal 0.87433 0.485332 0
    outer loop
      vertex -31.2271 -11.0213 1.6
      vertex -29.8089 -13.5762 4.6
      vertex -29.8089 -13.5762 1.6
    endloop
  endfacet
  facet normal 0.998341 -0.0575757 0
    outer loop
      vertex -33.8 0 4.6
      vertex -33.6372 2.82289 1.6
      vertex -33.6372 2.82289 4.6
    endloop
  endfacet
  facet normal 0.998341 -0.0575757 0
    outer loop
      vertex -33.6372 2.82289 1.6
      vertex -33.8 0 4.6
      vertex -33.8 0 1.6
    endloop
  endfacet
  facet normal 0.041829 -0.999125 0
    outer loop
      vertex -3.31298 28.6613 1.6
      vertex 0 28.8 4.6
      vertex -3.31298 28.6613 4.6
    endloop
  endfacet
  facet normal 0.041829 -0.999125 0
    outer loop
      vertex 0 28.8 4.6
      vertex -3.31298 28.6613 1.6
      vertex 0 28.8 1.6
    endloop
  endfacet
  facet normal -0.684954 0.728586 0
    outer loop
      vertex 26.1278 -18.2705 1.6
      vertex 23.9002 -20.3647 4.6
      vertex 26.1278 -18.2705 4.6
    endloop
  endfacet
  facet normal -0.684954 0.728586 0
    outer loop
      vertex 23.9002 -20.3647 4.6
      vertex 26.1278 -18.2705 1.6
      vertex 23.9002 -20.3647 1.6
    endloop
  endfacet
  facet normal -0.125394 0.992107 0
    outer loop
      vertex 6.59405 -28.2466 1.6
      vertex 3.31298 -28.6613 4.6
      vertex 6.59405 -28.2466 4.6
    endloop
  endfacet
  facet normal -0.125394 0.992107 0
    outer loop
      vertex 3.31298 -28.6613 4.6
      vertex 6.59405 -28.2466 1.6
      vertex 3.31298 -28.6613 1.6
    endloop
  endfacet
  facet normal -0.454823 -0.890582 0
    outer loop
      vertex 15.9332 25.3993 1.6
      vertex 18.7783 23.9463 4.6
      vertex 15.9332 25.3993 4.6
    endloop
  endfacet
  facet normal -0.454823 -0.890582 -0
    outer loop
      vertex 18.7783 23.9463 4.6
      vertex 15.9332 25.3993 1.6
      vertex 18.7783 23.9463 1.6
    endloop
  endfacet
  facet normal 0.125394 0.992107 -0
    outer loop
      vertex -3.31298 -28.6613 1.6
      vertex -6.59405 -28.2466 4.6
      vertex -3.31298 -28.6613 4.6
    endloop
  endfacet
  facet normal 0.125394 0.992107 0
    outer loop
      vertex -6.59405 -28.2466 4.6
      vertex -3.31298 -28.6613 1.6
      vertex -6.59405 -28.2466 1.6
    endloop
  endfacet
  facet normal -0.611224 0.791458 0
    outer loop
      vertex 23.9002 -20.3647 1.6
      vertex 22.1371 -21.7263 4.6
      vertex 23.9002 -20.3647 4.6
    endloop
  endfacet
  facet normal -0.611224 0.791458 0
    outer loop
      vertex 22.1371 -21.7263 4.6
      vertex 23.9002 -20.3647 1.6
      vertex 22.1371 -21.7263 1.6
    endloop
  endfacet
  facet normal -0.87433 -0.485332 0
    outer loop
      vertex 31.2271 11.0213 1.6
      vertex 29.8089 13.5762 4.6
      vertex 29.8089 13.5762 1.6
    endloop
  endfacet
  facet normal -0.87433 -0.485332 0
    outer loop
      vertex 29.8089 13.5762 4.6
      vertex 31.2271 11.0213 1.6
      vertex 31.2271 11.0213 4.6
    endloop
  endfacet
  facet normal 0.754285 0.656547 0
    outer loop
      vertex -26.2 -18.1875 4.6
      vertex -28.1037 -16.0004 1.6
      vertex -28.1037 -16.0004 4.6
    endloop
  endfacet
  facet normal 0.754285 0.656547 0
    outer loop
      vertex -28.1037 -16.0004 1.6
      vertex -26.2 -18.1875 4.6
      vertex -26.2 -18.1875 1.6
    endloop
  endfacet
  facet normal 0.754629 0.656152 0
    outer loop
      vertex -26.1278 -18.2705 4.6
      vertex -26.1891 -18.2 1.6
      vertex -26.1891 -18.2 4.6
    endloop
  endfacet
  facet normal 0.754629 0.656152 0
    outer loop
      vertex -26.1891 -18.2 1.6
      vertex -26.1278 -18.2705 4.6
      vertex -26.1278 -18.2705 1.6
    endloop
  endfacet
  facet normal -0.611219 -0.791461 0
    outer loop
      vertex 21.4425 22.2627 1.6
      vertex 23.9002 20.3647 4.6
      vertex 21.4425 22.2627 4.6
    endloop
  endfacet
  facet normal -0.611219 -0.791461 -0
    outer loop
      vertex 23.9002 20.3647 4.6
      vertex 21.4425 22.2627 1.6
      vertex 23.9002 20.3647 1.6
    endloop
  endfacet
  facet normal -0.922002 0.387185 0
    outer loop
      vertex 31.2271 -11.0213 1.6
      vertex 32.3446 -8.3602 4.6
      vertex 32.3446 -8.3602 1.6
    endloop
  endfacet
  facet normal -0.922002 0.387185 0
    outer loop
      vertex 32.3446 -8.3602 4.6
      vertex 31.2271 -11.0213 1.6
      vertex 31.2271 -11.0213 4.6
    endloop
  endfacet
  facet normal 0.81792 0.575331 0
    outer loop
      vertex -28.1037 -16.0004 4.6
      vertex -29.8089 -13.5762 1.6
      vertex -29.8089 -13.5762 4.6
    endloop
  endfacet
  facet normal 0.81792 0.575331 0
    outer loop
      vertex -29.8089 -13.5762 1.6
      vertex -28.1037 -16.0004 4.6
      vertex -28.1037 -16.0004 1.6
    endloop
  endfacet
  facet normal 0.959408 0.28202 0
    outer loop
      vertex -32.3446 -8.3602 4.6
      vertex -33.1505 -5.6186 1.6
      vertex -33.1505 -5.6186 4.6
    endloop
  endfacet
  facet normal 0.959408 0.28202 0
    outer loop
      vertex -33.1505 -5.6186 1.6
      vertex -32.3446 -8.3602 4.6
      vertex -32.3446 -8.3602 1.6
    endloop
  endfacet
  facet normal 0.041829 0.999125 -0
    outer loop
      vertex 0 -28.8 1.6
      vertex -3.31298 -28.6613 4.6
      vertex 0 -28.8 4.6
    endloop
  endfacet
  facet normal 0.041829 0.999125 0
    outer loop
      vertex -3.31298 -28.6613 4.6
      vertex 0 -28.8 1.6
      vertex -3.31298 -28.6613 1.6
    endloop
  endfacet
  facet normal -0.041829 0.999125 0
    outer loop
      vertex 3.31298 -28.6613 1.6
      vertex 0 -28.8 4.6
      vertex 3.31298 -28.6613 4.6
    endloop
  endfacet
  facet normal -0.041829 0.999125 0
    outer loop
      vertex 0 -28.8 4.6
      vertex 3.31298 -28.6613 1.6
      vertex 0 -28.8 1.6
    endloop
  endfacet
  facet normal -0.81792 0.575331 0
    outer loop
      vertex 28.1037 -16.0004 1.6
      vertex 29.8089 -13.5762 4.6
      vertex 29.8089 -13.5762 1.6
    endloop
  endfacet
  facet normal -0.81792 0.575331 0
    outer loop
      vertex 29.8089 -13.5762 4.6
      vertex 28.1037 -16.0004 1.6
      vertex 28.1037 -16.0004 4.6
    endloop
  endfacet
  facet normal -0.534168 0.845379 0
    outer loop
      vertex 19.1969 -23.6818 1.6
      vertex 18.7783 -23.9463 4.6
      vertex 19.1969 -23.6818 4.6
    endloop
  endfacet
  facet normal -0.534168 0.845379 0
    outer loop
      vertex 18.7783 -23.9463 4.6
      vertex 19.1969 -23.6818 1.6
      vertex 18.7783 -23.9463 1.6
    endloop
  endfacet
  facet normal 0.985183 -0.171509 0
    outer loop
      vertex -33.6372 2.82289 4.6
      vertex -33.1505 5.6186 1.6
      vertex -33.1505 5.6186 4.6
    endloop
  endfacet
  facet normal 0.985183 -0.171509 0
    outer loop
      vertex -33.1505 5.6186 1.6
      vertex -33.6372 2.82289 4.6
      vertex -33.6372 2.82289 1.6
    endloop
  endfacet
  facet normal 0.125394 -0.992107 0
    outer loop
      vertex -6.59405 28.2466 1.6
      vertex -3.31298 28.6613 4.6
      vertex -6.59405 28.2466 4.6
    endloop
  endfacet
  facet normal 0.125394 -0.992107 0
    outer loop
      vertex -3.31298 28.6613 4.6
      vertex -6.59405 28.2466 1.6
      vertex -3.31298 28.6613 1.6
    endloop
  endfacet
  facet normal 0.998341 0.0575757 0
    outer loop
      vertex -33.6372 -2.82289 4.6
      vertex -33.8 0 1.6
      vertex -33.8 0 4.6
    endloop
  endfacet
  facet normal 0.998341 0.0575757 0
    outer loop
      vertex -33.8 0 1.6
      vertex -33.6372 -2.82289 4.6
      vertex -33.6372 -2.82289 1.6
    endloop
  endfacet
  facet normal -0.373789 0.927514 0
    outer loop
      vertex 15.9332 -25.3993 1.6
      vertex 12.9347 -26.6077 4.6
      vertex 15.9332 -25.3993 4.6
    endloop
  endfacet
  facet normal -0.373789 0.927514 0
    outer loop
      vertex 12.9347 -26.6077 4.6
      vertex 15.9332 -25.3993 1.6
      vertex 12.9347 -26.6077 1.6
    endloop
  endfacet
  facet normal 0.985183 0.171509 0
    outer loop
      vertex -33.1505 -5.6186 4.6
      vertex -33.6372 -2.82289 1.6
      vertex -33.6372 -2.82289 4.6
    endloop
  endfacet
  facet normal 0.985183 0.171509 0
    outer loop
      vertex -33.6372 -2.82289 1.6
      vertex -33.1505 -5.6186 4.6
      vertex -33.1505 -5.6186 1.6
    endloop
  endfacet
  facet normal 0.534168 0.845379 -0
    outer loop
      vertex -18.7783 -23.9463 1.6
      vertex -19.1969 -23.6818 4.6
      vertex -18.7783 -23.9463 4.6
    endloop
  endfacet
  facet normal 0.534168 0.845379 0
    outer loop
      vertex -19.1969 -23.6818 4.6
      vertex -18.7783 -23.9463 1.6
      vertex -19.1969 -23.6818 1.6
    endloop
  endfacet
  facet normal 0.922002 0.387185 0
    outer loop
      vertex -31.2271 -11.0213 4.6
      vertex -32.3446 -8.3602 1.6
      vertex -32.3446 -8.3602 4.6
    endloop
  endfacet
  facet normal 0.922002 0.387185 0
    outer loop
      vertex -32.3446 -8.3602 1.6
      vertex -31.2271 -11.0213 4.6
      vertex -31.2271 -11.0213 1.6
    endloop
  endfacet
  facet normal -0.754629 0.656152 0
    outer loop
      vertex 26.1278 -18.2705 1.6
      vertex 26.1891 -18.2 4.6
      vertex 26.1891 -18.2 1.6
    endloop
  endfacet
  facet normal -0.754629 0.656152 0
    outer loop
      vertex 26.1891 -18.2 4.6
      vertex 26.1278 -18.2705 1.6
      vertex 26.1278 -18.2705 4.6
    endloop
  endfacet
  facet normal -0.754285 0.656547 0
    outer loop
      vertex 26.2 -18.1875 1.6
      vertex 28.1037 -16.0004 4.6
      vertex 28.1037 -16.0004 1.6
    endloop
  endfacet
  facet normal -0.754285 0.656547 0
    outer loop
      vertex 28.1037 -16.0004 4.6
      vertex 26.2 -18.1875 1.6
      vertex 26.2 -18.1875 4.6
    endloop
  endfacet
  facet normal 0.959408 -0.28202 0
    outer loop
      vertex -33.1505 5.6186 4.6
      vertex -32.3446 8.3602 1.6
      vertex -32.3446 8.3602 4.6
    endloop
  endfacet
  facet normal 0.959408 -0.28202 0
    outer loop
      vertex -32.3446 8.3602 1.6
      vertex -33.1505 5.6186 4.6
      vertex -33.1505 5.6186 1.6
    endloop
  endfacet
  facet normal -0.87433 0.485332 0
    outer loop
      vertex 29.8089 -13.5762 1.6
      vertex 31.2271 -11.0213 4.6
      vertex 31.2271 -11.0213 1.6
    endloop
  endfacet
  facet normal -0.87433 0.485332 0
    outer loop
      vertex 31.2271 -11.0213 4.6
      vertex 29.8089 -13.5762 1.6
      vertex 29.8089 -13.5762 4.6
    endloop
  endfacet
  facet normal 0.684954 -0.728586 0
    outer loop
      vertex -26.1278 18.2705 1.6
      vertex -23.9002 20.3647 4.6
      vertex -26.1278 18.2705 4.6
    endloop
  endfacet
  facet normal 0.684954 -0.728586 0
    outer loop
      vertex -23.9002 20.3647 4.6
      vertex -26.1278 18.2705 1.6
      vertex -23.9002 20.3647 1.6
    endloop
  endfacet
  facet normal 0.87433 -0.485332 0
    outer loop
      vertex -31.2271 11.0213 4.6
      vertex -29.8089 13.5762 1.6
      vertex -29.8089 13.5762 4.6
    endloop
  endfacet
  facet normal 0.87433 -0.485332 0
    outer loop
      vertex -29.8089 13.5762 1.6
      vertex -31.2271 11.0213 4.6
      vertex -31.2271 11.0213 1.6
    endloop
  endfacet
  facet normal -0.534208 -0.845353 0
    outer loop
      vertex 18.7783 23.9463 1.6
      vertex 21.4425 22.2627 4.6
      vertex 18.7783 23.9463 4.6
    endloop
  endfacet
  facet normal -0.534208 -0.845353 -0
    outer loop
      vertex 21.4425 22.2627 4.6
      vertex 18.7783 23.9463 1.6
      vertex 21.4425 22.2627 1.6
    endloop
  endfacet
  facet normal -0.959408 0.28202 0
    outer loop
      vertex 32.3446 -8.3602 1.6
      vertex 33.1505 -5.6186 4.6
      vertex 33.1505 -5.6186 1.6
    endloop
  endfacet
  facet normal -0.959408 0.28202 0
    outer loop
      vertex 33.1505 -5.6186 4.6
      vertex 32.3446 -8.3602 1.6
      vertex 32.3446 -8.3602 4.6
    endloop
  endfacet
  facet normal 0.611224 -0.791458 0
    outer loop
      vertex -23.9002 20.3647 1.6
      vertex -22.1371 21.7263 4.6
      vertex -23.9002 20.3647 4.6
    endloop
  endfacet
  facet normal 0.611224 -0.791458 0
    outer loop
      vertex -22.1371 21.7263 4.6
      vertex -23.9002 20.3647 1.6
      vertex -22.1371 21.7263 1.6
    endloop
  endfacet
  facet normal 0.208721 -0.977975 0
    outer loop
      vertex -9.81162 27.5599 1.6
      vertex -6.59405 28.2466 4.6
      vertex -9.81162 27.5599 4.6
    endloop
  endfacet
  facet normal 0.208721 -0.977975 0
    outer loop
      vertex -6.59405 28.2466 4.6
      vertex -9.81162 27.5599 1.6
      vertex -6.59405 28.2466 1.6
    endloop
  endfacet
  facet normal -0.454823 0.890582 0
    outer loop
      vertex 18.7783 -23.9463 1.6
      vertex 15.9332 -25.3993 4.6
      vertex 18.7783 -23.9463 4.6
    endloop
  endfacet
  facet normal -0.454823 0.890582 0
    outer loop
      vertex 15.9332 -25.3993 4.6
      vertex 18.7783 -23.9463 1.6
      vertex 15.9332 -25.3993 1.6
    endloop
  endfacet
  facet normal -0.81792 -0.575331 0
    outer loop
      vertex 29.8089 13.5762 1.6
      vertex 28.1037 16.0004 4.6
      vertex 28.1037 16.0004 1.6
    endloop
  endfacet
  facet normal -0.81792 -0.575331 0
    outer loop
      vertex 28.1037 16.0004 4.6
      vertex 29.8089 13.5762 1.6
      vertex 29.8089 13.5762 4.6
    endloop
  endfacet
  facet normal 0.208721 0.977975 -0
    outer loop
      vertex -6.59405 -28.2466 1.6
      vertex -9.81162 -27.5599 4.6
      vertex -6.59405 -28.2466 4.6
    endloop
  endfacet
  facet normal 0.208721 0.977975 0
    outer loop
      vertex -9.81162 -27.5599 4.6
      vertex -6.59405 -28.2466 1.6
      vertex -9.81162 -27.5599 1.6
    endloop
  endfacet
  facet normal -0.985183 0.171509 0
    outer loop
      vertex 33.1505 -5.6186 1.6
      vertex 33.6372 -2.82289 4.6
      vertex 33.6372 -2.82289 1.6
    endloop
  endfacet
  facet normal -0.985183 0.171509 0
    outer loop
      vertex 33.6372 -2.82289 4.6
      vertex 33.1505 -5.6186 1.6
      vertex 33.1505 -5.6186 4.6
    endloop
  endfacet
  facet normal -0.208721 0.977975 0
    outer loop
      vertex 9.81162 -27.5599 1.6
      vertex 6.59405 -28.2466 4.6
      vertex 9.81162 -27.5599 4.6
    endloop
  endfacet
  facet normal -0.208721 0.977975 0
    outer loop
      vertex 6.59405 -28.2466 4.6
      vertex 9.81162 -27.5599 1.6
      vertex 6.59405 -28.2466 1.6
    endloop
  endfacet
  facet normal 0.534168 -0.845379 0
    outer loop
      vertex -19.1969 23.6818 1.6
      vertex -18.7783 23.9463 4.6
      vertex -19.1969 23.6818 4.6
    endloop
  endfacet
  facet normal 0.534168 -0.845379 0
    outer loop
      vertex -18.7783 23.9463 4.6
      vertex -19.1969 23.6818 1.6
      vertex -18.7783 23.9463 1.6
    endloop
  endfacet
  facet normal 0.454823 0.890582 -0
    outer loop
      vertex -15.9332 -25.3993 1.6
      vertex -18.7783 -23.9463 4.6
      vertex -15.9332 -25.3993 4.6
    endloop
  endfacet
  facet normal 0.454823 0.890582 0
    outer loop
      vertex -18.7783 -23.9463 4.6
      vertex -15.9332 -25.3993 1.6
      vertex -18.7783 -23.9463 1.6
    endloop
  endfacet
  facet normal 0.922002 -0.387185 0
    outer loop
      vertex -32.3446 8.3602 4.6
      vertex -31.2271 11.0213 1.6
      vertex -31.2271 11.0213 4.6
    endloop
  endfacet
  facet normal 0.922002 -0.387185 0
    outer loop
      vertex -31.2271 11.0213 1.6
      vertex -32.3446 8.3602 4.6
      vertex -32.3446 8.3602 1.6
    endloop
  endfacet
  facet normal 0.373789 0.927514 -0
    outer loop
      vertex -12.9347 -26.6077 1.6
      vertex -15.9332 -25.3993 4.6
      vertex -12.9347 -26.6077 4.6
    endloop
  endfacet
  facet normal 0.373789 0.927514 0
    outer loop
      vertex -15.9332 -25.3993 4.6
      vertex -12.9347 -26.6077 1.6
      vertex -15.9332 -25.3993 1.6
    endloop
  endfacet
  facet normal -0.208721 -0.977975 0
    outer loop
      vertex 6.59405 28.2466 1.6
      vertex 9.81162 27.5599 4.6
      vertex 6.59405 28.2466 4.6
    endloop
  endfacet
  facet normal -0.208721 -0.977975 -0
    outer loop
      vertex 9.81162 27.5599 4.6
      vertex 6.59405 28.2466 1.6
      vertex 9.81162 27.5599 1.6
    endloop
  endfacet
  facet normal -0.291637 0.956529 0
    outer loop
      vertex 12.9347 -26.6077 1.6
      vertex 9.81162 -27.5599 4.6
      vertex 12.9347 -26.6077 4.6
    endloop
  endfacet
  facet normal -0.291637 0.956529 0
    outer loop
      vertex 9.81162 -27.5599 4.6
      vertex 12.9347 -26.6077 1.6
      vertex 9.81162 -27.5599 1.6
    endloop
  endfacet
  facet normal 0.81792 -0.575331 0
    outer loop
      vertex -29.8089 13.5762 4.6
      vertex -28.1037 16.0004 1.6
      vertex -28.1037 16.0004 4.6
    endloop
  endfacet
  facet normal 0.81792 -0.575331 0
    outer loop
      vertex -28.1037 16.0004 1.6
      vertex -29.8089 13.5762 4.6
      vertex -29.8089 13.5762 1.6
    endloop
  endfacet
  facet normal -0.754629 -0.656152 0
    outer loop
      vertex 26.1891 18.2 1.6
      vertex 26.1278 18.2705 4.6
      vertex 26.1278 18.2705 1.6
    endloop
  endfacet
  facet normal -0.754629 -0.656152 0
    outer loop
      vertex 26.1278 18.2705 4.6
      vertex 26.1891 18.2 1.6
      vertex 26.1891 18.2 4.6
    endloop
  endfacet
  facet normal -0.754285 -0.656547 0
    outer loop
      vertex 28.1037 16.0004 1.6
      vertex 26.2 18.1875 4.6
      vertex 26.2 18.1875 1.6
    endloop
  endfacet
  facet normal -0.754285 -0.656547 0
    outer loop
      vertex 26.2 18.1875 4.6
      vertex 28.1037 16.0004 1.6
      vertex 28.1037 16.0004 4.6
    endloop
  endfacet
  facet normal -0.684954 -0.728586 0
    outer loop
      vertex 23.9002 20.3647 1.6
      vertex 26.1278 18.2705 4.6
      vertex 23.9002 20.3647 4.6
    endloop
  endfacet
  facet normal -0.684954 -0.728586 -0
    outer loop
      vertex 26.1278 18.2705 4.6
      vertex 23.9002 20.3647 1.6
      vertex 26.1278 18.2705 1.6
    endloop
  endfacet
  facet normal -0.373789 -0.927514 0
    outer loop
      vertex 12.9347 26.6077 1.6
      vertex 15.9332 25.3993 4.6
      vertex 12.9347 26.6077 4.6
    endloop
  endfacet
  facet normal -0.373789 -0.927514 -0
    outer loop
      vertex 15.9332 25.3993 4.6
      vertex 12.9347 26.6077 1.6
      vertex 15.9332 25.3993 1.6
    endloop
  endfacet
  facet normal 0.754285 -0.656547 0
    outer loop
      vertex -28.1037 16.0004 4.6
      vertex -26.2 18.1875 1.6
      vertex -26.2 18.1875 4.6
    endloop
  endfacet
  facet normal 0.754285 -0.656547 0
    outer loop
      vertex -26.2 18.1875 1.6
      vertex -28.1037 16.0004 4.6
      vertex -28.1037 16.0004 1.6
    endloop
  endfacet
  facet normal 0.754629 -0.656152 0
    outer loop
      vertex -26.1891 18.2 4.6
      vertex -26.1278 18.2705 1.6
      vertex -26.1278 18.2705 4.6
    endloop
  endfacet
  facet normal 0.754629 -0.656152 0
    outer loop
      vertex -26.1278 18.2705 1.6
      vertex -26.1891 18.2 4.6
      vertex -26.1891 18.2 1.6
    endloop
  endfacet
  facet normal 0.291637 -0.956529 0
    outer loop
      vertex -12.9347 26.6077 1.6
      vertex -9.81162 27.5599 4.6
      vertex -12.9347 26.6077 4.6
    endloop
  endfacet
  facet normal 0.291637 -0.956529 0
    outer loop
      vertex -9.81162 27.5599 4.6
      vertex -12.9347 26.6077 1.6
      vertex -9.81162 27.5599 1.6
    endloop
  endfacet
  facet normal -0.125394 -0.992107 0
    outer loop
      vertex 3.31298 28.6613 1.6
      vertex 6.59405 28.2466 4.6
      vertex 3.31298 28.6613 4.6
    endloop
  endfacet
  facet normal -0.125394 -0.992107 -0
    outer loop
      vertex 6.59405 28.2466 4.6
      vertex 3.31298 28.6613 1.6
      vertex 6.59405 28.2466 1.6
    endloop
  endfacet
  facet normal -0.041829 -0.999125 0
    outer loop
      vertex 0 28.8 1.6
      vertex 3.31298 28.6613 4.6
      vertex 0 28.8 4.6
    endloop
  endfacet
  facet normal -0.041829 -0.999125 -0
    outer loop
      vertex 3.31298 28.6613 4.6
      vertex 0 28.8 1.6
      vertex 3.31298 28.6613 1.6
    endloop
  endfacet
  facet normal 0.684954 0.728586 -0
    outer loop
      vertex -23.9002 -20.3647 1.6
      vertex -26.1278 -18.2705 4.6
      vertex -23.9002 -20.3647 4.6
    endloop
  endfacet
  facet normal 0.684954 0.728586 0
    outer loop
      vertex -26.1278 -18.2705 4.6
      vertex -23.9002 -20.3647 1.6
      vertex -26.1278 -18.2705 1.6
    endloop
  endfacet
  facet normal 0.611224 0.791458 -0
    outer loop
      vertex -22.1371 -21.7263 1.6
      vertex -23.9002 -20.3647 4.6
      vertex -22.1371 -21.7263 4.6
    endloop
  endfacet
  facet normal 0.611224 0.791458 0
    outer loop
      vertex -23.9002 -20.3647 4.6
      vertex -22.1371 -21.7263 1.6
      vertex -23.9002 -20.3647 1.6
    endloop
  endfacet
  facet normal -0.922002 -0.387185 0
    outer loop
      vertex 32.3446 8.3602 1.6
      vertex 31.2271 11.0213 4.6
      vertex 31.2271 11.0213 1.6
    endloop
  endfacet
  facet normal -0.922002 -0.387185 0
    outer loop
      vertex 31.2271 11.0213 4.6
      vertex 32.3446 8.3602 1.6
      vertex 32.3446 8.3602 4.6
    endloop
  endfacet
  facet normal -0.291637 -0.956529 0
    outer loop
      vertex 9.81162 27.5599 1.6
      vertex 12.9347 26.6077 4.6
      vertex 9.81162 27.5599 4.6
    endloop
  endfacet
  facet normal -0.291637 -0.956529 -0
    outer loop
      vertex 12.9347 26.6077 4.6
      vertex 9.81162 27.5599 1.6
      vertex 12.9347 26.6077 1.6
    endloop
  endfacet
  facet normal 0.373789 -0.927514 0
    outer loop
      vertex -15.9332 25.3993 1.6
      vertex -12.9347 26.6077 4.6
      vertex -15.9332 25.3993 4.6
    endloop
  endfacet
  facet normal 0.373789 -0.927514 0
    outer loop
      vertex -12.9347 26.6077 4.6
      vertex -15.9332 25.3993 1.6
      vertex -12.9347 26.6077 1.6
    endloop
  endfacet
  facet normal 0.454823 -0.890582 0
    outer loop
      vertex -18.7783 23.9463 1.6
      vertex -15.9332 25.3993 4.6
      vertex -18.7783 23.9463 4.6
    endloop
  endfacet
  facet normal 0.454823 -0.890582 0
    outer loop
      vertex -15.9332 25.3993 4.6
      vertex -18.7783 23.9463 1.6
      vertex -15.9332 25.3993 1.6
    endloop
  endfacet
  facet normal -0.959408 -0.28202 0
    outer loop
      vertex 33.1505 5.6186 1.6
      vertex 32.3446 8.3602 4.6
      vertex 32.3446 8.3602 1.6
    endloop
  endfacet
  facet normal -0.959408 -0.28202 0
    outer loop
      vertex 32.3446 8.3602 4.6
      vertex 33.1505 5.6186 1.6
      vertex 33.1505 5.6186 4.6
    endloop
  endfacet
  facet normal -0.985183 -0.171509 0
    outer loop
      vertex 33.6372 2.82289 1.6
      vertex 33.1505 5.6186 4.6
      vertex 33.1505 5.6186 1.6
    endloop
  endfacet
  facet normal -0.985183 -0.171509 0
    outer loop
      vertex 33.1505 5.6186 4.6
      vertex 33.6372 2.82289 1.6
      vertex 33.6372 2.82289 4.6
    endloop
  endfacet
  facet normal -0.998341 -0.0575757 0
    outer loop
      vertex 33.8 0 1.6
      vertex 33.6372 2.82289 4.6
      vertex 33.6372 2.82289 1.6
    endloop
  endfacet
  facet normal -0.998341 -0.0575757 0
    outer loop
      vertex 33.6372 2.82289 4.6
      vertex 33.8 0 1.6
      vertex 33.8 0 4.6
    endloop
  endfacet
  facet normal 1 0 0
    outer loop
      vertex 26.2 18.2 12.1
      vertex 26.2 18.1875 4.6
      vertex 26.2 18.2 4.6
    endloop
  endfacet
  facet normal 1 0 0
    outer loop
      vertex 26.2 18.1875 4.6
      vertex 26.2 -18.1875 4.6
      vertex 26.2 18.1875 1.6
    endloop
  endfacet
  facet normal 1 0 0
    outer loop
      vertex 26.2 18.2 12.1
      vertex 26.2 -18.1875 4.6
      vertex 26.2 18.1875 4.6
    endloop
  endfacet
  facet normal 1 -0 0
    outer loop
      vertex 26.2 -18.2 12.1
      vertex 26.2 -18.1875 4.6
      vertex 26.2 18.2 12.1
    endloop
  endfacet
  facet normal 1 0 0
    outer loop
      vertex 26.2 -18.1875 4.6
      vertex 26.2 -18.2 12.1
      vertex 26.2 -18.2 4.6
    endloop
  endfacet
  facet normal 1 0 0
    outer loop
      vertex 26.2 18.1875 1.6
      vertex 26.2 -18.1875 4.6
      vertex 26.2 -18.1875 1.6
    endloop
  endfacet
  facet normal -0 0 1
    outer loop
      vertex 25 -17 12.1
      vertex 26.2 -18.2 12.1
      vertex 26.2 18.2 12.1
    endloop
  endfacet
  facet normal 0 0 1
    outer loop
      vertex 26.2 -18.2 12.1
      vertex 25.1765 -17.9052 12.1
      vertex 25.1883 -18.1452 12.1
    endloop
  endfacet
  facet normal 0 0 1
    outer loop
      vertex 26.2 -18.2 12.1
      vertex 25.1751 -17.8757 12.1
      vertex 25.1765 -17.9052 12.1
    endloop
  endfacet
  facet normal 0 0 1
    outer loop
      vertex 26.2 -18.2 12.1
      vertex 25.1355 -17.6087 12.1
      vertex 25.1751 -17.8757 12.1
    endloop
  endfacet
  facet normal -0 -0 1
    outer loop
      vertex 25.0699 -17.347 12.1
      vertex 26.2 -18.2 12.1
      vertex 25 -17 12.1
    endloop
  endfacet
  facet normal 0 0 1
    outer loop
      vertex 26.2 -18.2 12.1
      vertex 25.0699 -17.347 12.1
      vertex 25.1355 -17.6087 12.1
    endloop
  endfacet
  facet normal 0 0 1
    outer loop
      vertex 25 -17 12.1
      vertex 26.2 18.2 12.1
      vertex 25 17 12.1
    endloop
  endfacet
  facet normal -0 0 1
    outer loop
      vertex -18.0626 18.2 12.1
      vertex 25 17 12.1
      vertex 26.2 18.2 12.1
    endloop
  endfacet
  facet normal -0 0 1
    outer loop
      vertex -18.7573 17.2 12.1
      vertex 25 17 12.1
      vertex -18.0626 18.2 12.1
    endloop
  endfacet
  facet normal 0 0 1
    outer loop
      vertex -18.7573 17.2 12.1
      vertex -25 17 12.1
      vertex 25 17 12.1
    endloop
  endfacet
  facet normal -0 0 1
    outer loop
      vertex -25.2 17.1946 12.1
      vertex -25 17 12.1
      vertex -25.1986 17.2 12.1
    endloop
  endfacet
  facet normal -0 0 1
    outer loop
      vertex -25.1986 17.2 12.1
      vertex -25 17 12.1
      vertex -18.7573 17.2 12.1
    endloop
  endfacet
  facet normal 0 0 1
    outer loop
      vertex 26.2 -18.2 12.1
      vertex 25.1883 -18.1452 12.1
      vertex 25.1856 -18.2 12.1
    endloop
  endfacet
  facet normal 0 0 1
    outer loop
      vertex 25.0699 -17.347 12.1
      vertex 25 -17 12.1
      vertex 25.0173 -17.2 12.1
    endloop
  endfacet
  facet normal 0 0 1
    outer loop
      vertex 25 -17 12.1
      vertex 19.4469 -17.2 12.1
      vertex 25.0173 -17.2 12.1
    endloop
  endfacet
  facet normal -0 0 1
    outer loop
      vertex 4.8 -17 12.1
      vertex 19.4469 -17.2 12.1
      vertex 25 -17 12.1
    endloop
  endfacet
  facet normal 0 0 1
    outer loop
      vertex 4.8 -17 12.1
      vertex 18.3993 -18.2 12.1
      vertex 19.4469 -17.2 12.1
    endloop
  endfacet
  facet normal 0 0 1
    outer loop
      vertex 18.3993 -18.2 12.1
      vertex 4.8 -17 12.1
      vertex 4.8 -18.2 12.1
    endloop
  endfacet
  facet normal 0 0 1
    outer loop
      vertex -7.2 -17 12.1
      vertex -18.5953 -18.2 12.1
      vertex -7.2 -18.2 12.1
    endloop
  endfacet
  facet normal 0 0 1
    outer loop
      vertex -7.2 -17 12.1
      vertex -19.9407 -17.2 12.1
      vertex -18.5953 -18.2 12.1
    endloop
  endfacet
  facet normal -0 0 1
    outer loop
      vertex -25 -17 12.1
      vertex -19.9407 -17.2 12.1
      vertex -7.2 -17 12.1
    endloop
  endfacet
  facet normal 0 0 1
    outer loop
      vertex -25 17 12.1
      vertex -25.2 17.1946 12.1
      vertex -25.2 16.0267 12.1
    endloop
  endfacet
  facet normal 0 0 1
    outer loop
      vertex -25 17 12.1
      vertex -25.2 16.0267 12.1
      vertex -25 -17 12.1
    endloop
  endfacet
  facet normal 0 0 1
    outer loop
      vertex -25.2 -17.1619 12.1
      vertex -25 -17 12.1
      vertex -25.2 16.0267 12.1
    endloop
  endfacet
  facet normal 0 0 1
    outer loop
      vertex -25.2 -17.2 12.1
      vertex -25 -17 12.1
      vertex -25.2 -17.1619 12.1
    endloop
  endfacet
  facet normal 0 0 1
    outer loop
      vertex -25 -17 12.1
      vertex -25.2 -17.2 12.1
      vertex -19.9407 -17.2 12.1
    endloop
  endfacet
  facet normal 0 0 1
    outer loop
      vertex -26.2 18.2 12.1
      vertex -25.2 16.0267 12.1
      vertex -25.2119 16.0741 12.1
    endloop
  endfacet
  facet normal 0 0 1
    outer loop
      vertex -25.2 16.0267 12.1
      vertex -26.2 -18.2 12.1
      vertex -25.2 -17.1619 12.1
    endloop
  endfacet
  facet normal 0 0 1
    outer loop
      vertex -26.2 18.2 12.1
      vertex -25.2119 16.0741 12.1
      vertex -25.2515 16.3411 12.1
    endloop
  endfacet
  facet normal 0 0 1
    outer loop
      vertex -26.2 18.2 12.1
      vertex -25.2515 16.3411 12.1
      vertex -25.2526 16.3644 12.1
    endloop
  endfacet
  facet normal 0 0 1
    outer loop
      vertex -26.2 18.2 12.1
      vertex -25.2526 16.3644 12.1
      vertex -25.2647 16.6106 12.1
    endloop
  endfacet
  facet normal 0 0 1
    outer loop
      vertex -25.2 -17.1619 12.1
      vertex -26.2 -18.2 12.1
      vertex -25.224 -17.2019 12.1
    endloop
  endfacet
  facet normal 0 0 1
    outer loop
      vertex -26.2 18.2 12.1
      vertex -25.1986 17.2 12.1
      vertex -25.1463 17.4089 12.1
    endloop
  endfacet
  facet normal 0 0 1
    outer loop
      vertex -26.2 18.2 12.1
      vertex -25.2526 16.8569 12.1
      vertex -25.2515 16.8802 12.1
    endloop
  endfacet
  facet normal 0 0 1
    outer loop
      vertex -25.224 -17.2019 12.1
      vertex -26.2 -18.2 12.1
      vertex -25.3394 -17.4459 12.1
    endloop
  endfacet
  facet normal 0 0 1
    outer loop
      vertex -25.3394 -17.4459 12.1
      vertex -26.2 -18.2 12.1
      vertex -25.4204 -17.6724 12.1
    endloop
  endfacet
  facet normal 0 0 1
    outer loop
      vertex -25.4204 -17.6724 12.1
      vertex -26.2 -18.2 12.1
      vertex -25.4303 -17.7 12.1
    endloop
  endfacet
  facet normal 0 0 1
    outer loop
      vertex -25.4303 -17.7 12.1
      vertex -26.2 -18.2 12.1
      vertex -25.4374 -17.7284 12.1
    endloop
  endfacet
  facet normal 0 0 1
    outer loop
      vertex -25.4374 -17.7284 12.1
      vertex -26.2 -18.2 12.1
      vertex -25.4959 -17.9618 12.1
    endloop
  endfacet
  facet normal -0 0 1
    outer loop
      vertex -26.2 18.2 12.1
      vertex -24.8013 18.1384 12.1
      vertex -24.7585 18.2 12.1
    endloop
  endfacet
  facet normal 0 0 1
    outer loop
      vertex -26.2 18.2 12.1
      vertex -24.8133 18.1184 12.1
      vertex -24.8013 18.1384 12.1
    endloop
  endfacet
  facet normal 0 0 1
    outer loop
      vertex -26.2 18.2 12.1
      vertex -24.94 17.907 12.1
      vertex -24.8133 18.1184 12.1
    endloop
  endfacet
  facet normal 0 0 1
    outer loop
      vertex -26.2 18.2 12.1
      vertex -25.0454 17.6841 12.1
      vertex -24.94 17.907 12.1
    endloop
  endfacet
  facet normal 0 0 1
    outer loop
      vertex -26.2 18.2 12.1
      vertex -25.0554 17.663 12.1
      vertex -25.0454 17.6841 12.1
    endloop
  endfacet
  facet normal 0 0 1
    outer loop
      vertex -26.2 18.2 12.1
      vertex -25.1463 17.4089 12.1
      vertex -25.0554 17.663 12.1
    endloop
  endfacet
  facet normal 0 0 1
    outer loop
      vertex -25.1986 17.2 12.1
      vertex -26.2 18.2 12.1
      vertex -25.2 17.1946 12.1
    endloop
  endfacet
  facet normal 0 0 1
    outer loop
      vertex -26.2 18.2 12.1
      vertex -25.2119 17.1471 12.1
      vertex -25.2 17.1946 12.1
    endloop
  endfacet
  facet normal 0 0 1
    outer loop
      vertex -26.2 18.2 12.1
      vertex -25.2515 16.8802 12.1
      vertex -25.2119 17.1471 12.1
    endloop
  endfacet
  facet normal 0 0 1
    outer loop
      vertex -25.2526 16.8569 12.1
      vertex -26.2 18.2 12.1
      vertex -25.2647 16.6106 12.1
    endloop
  endfacet
  facet normal 0 0 1
    outer loop
      vertex -25.2 16.0267 12.1
      vertex -26.2 18.2 12.1
      vertex -26.2 -18.2 12.1
    endloop
  endfacet
  facet normal 0 0 1
    outer loop
      vertex -25.4959 -17.9618 12.1
      vertex -26.2 -18.2 12.1
      vertex -25.5312 -18.2 12.1
    endloop
  endfacet
  facet normal -1 0 0
    outer loop
      vertex -26.2 18.1875 1.6
      vertex -26.2 -18.1875 1.6
      vertex -26.2 18.1875 4.6
    endloop
  endfacet
  facet normal -1 0 0
    outer loop
      vertex -26.2 18.1875 4.6
      vertex -26.2 18.2 12.1
      vertex -26.2 18.2 4.6
    endloop
  endfacet
  facet normal -1 0 0
    outer loop
      vertex -26.2 -18.1875 4.6
      vertex -26.2 18.1875 4.6
      vertex -26.2 -18.1875 1.6
    endloop
  endfacet
  facet normal -1 0 0
    outer loop
      vertex -26.2 18.1875 4.6
      vertex -26.2 -18.1875 4.6
      vertex -26.2 18.2 12.1
    endloop
  endfacet
  facet normal -1 0 0
    outer loop
      vertex -26.2 -18.2 12.1
      vertex -26.2 -18.1875 4.6
      vertex -26.2 -18.2 4.6
    endloop
  endfacet
  facet normal -1 0 0
    outer loop
      vertex -26.2 -18.1875 4.6
      vertex -26.2 -18.2 12.1
      vertex -26.2 18.2 12.1
    endloop
  endfacet
  facet normal 0 1 0
    outer loop
      vertex 26.2 18.2 12.1
      vertex -18.0626 18.2 8.30437
      vertex -18.0626 18.2 12.1
    endloop
  endfacet
  facet normal 0 1 -0
    outer loop
      vertex 26.1891 18.2 4.6
      vertex -18.0626 18.2 8.30437
      vertex 26.2 18.2 12.1
    endloop
  endfacet
  facet normal 0 1 0
    outer loop
      vertex -18.0626 18.2 8.30437
      vertex 26.1891 18.2 4.6
      vertex -18.0727 18.2 8.04043
    endloop
  endfacet
  facet normal 0 1 0
    outer loop
      vertex -18.0727 18.2 8.04043
      vertex 26.1891 18.2 4.6
      vertex -18.0813 18.2 7.99097
    endloop
  endfacet
  facet normal 0 1 0
    outer loop
      vertex -18.0813 18.2 7.99097
      vertex 26.1891 18.2 4.6
      vertex -18.115 18.2 7.79695
    endloop
  endfacet
  facet normal 0 1 -0
    outer loop
      vertex 26.1891 18.2 1.6
      vertex -18.115 18.2 7.79695
      vertex 26.1891 18.2 4.6
    endloop
  endfacet
  facet normal 0 1 0
    outer loop
      vertex -18.115 18.2 7.79695
      vertex 26.1891 18.2 1.6
      vertex -18.179 18.2 7.60642
    endloop
  endfacet
  facet normal 0 1 0
    outer loop
      vertex -18.179 18.2 7.60642
      vertex 26.1891 18.2 1.6
      vertex -18.1891 18.2 7.57627
    endloop
  endfacet
  facet normal 0 1 0
    outer loop
      vertex -18.1891 18.2 7.57627
      vertex 26.1891 18.2 1.6
      vertex -18.2942 18.2 7.38051
    endloop
  endfacet
  facet normal 0 1 0
    outer loop
      vertex -18.2942 18.2 7.38051
      vertex 26.1891 18.2 1.6
      vertex -18.4293 18.2 7.21158
    endloop
  endfacet
  facet normal 0 1 0
    outer loop
      vertex -18.4293 18.2 7.21158
      vertex 26.1891 18.2 1.6
      vertex -18.4402 18.2 7.2022
    endloop
  endfacet
  facet normal 0 1 0
    outer loop
      vertex -18.4402 18.2 7.2022
      vertex 26.1891 18.2 1.6
      vertex -18.5931 18.2 7.07108
    endloop
  endfacet
  facet normal 0 1 0
    outer loop
      vertex -18.5931 18.2 7.07108
      vertex 26.1891 18.2 1.6
      vertex -18.7791 18.2 6.96319
    endloop
  endfacet
  facet normal 0 1 0
    outer loop
      vertex -18.7791 18.2 6.96319
      vertex 26.1891 18.2 1.6
      vertex -18.784 18.2 6.96037
    endloop
  endfacet
  facet normal 0 1 0
    outer loop
      vertex -18.784 18.2 6.96037
      vertex -26.1891 18.2 1.6
      vertex -19.0002 18.2 6.88053
    endloop
  endfacet
  facet normal 0 1 0
    outer loop
      vertex -26.1891 18.2 1.6
      vertex -18.784 18.2 6.96037
      vertex 26.1891 18.2 1.6
    endloop
  endfacet
  facet normal 0 1 0
    outer loop
      vertex 26.1891 18.2 4.6
      vertex 26.2 18.2 12.1
      vertex 26.2 18.2 4.6
    endloop
  endfacet
  facet normal 0 1 -0
    outer loop
      vertex -24.7585 18.2 12.025
      vertex -26.2 18.2 12.1
      vertex -24.7585 18.2 12.1
    endloop
  endfacet
  facet normal 0 1 0
    outer loop
      vertex -24.7562 18.2 11.9956
      vertex -26.2 18.2 12.1
      vertex -24.7585 18.2 12.025
    endloop
  endfacet
  facet normal 0 1 0
    outer loop
      vertex -24.7364 18.2 11.7432
      vertex -26.2 18.2 12.1
      vertex -24.7562 18.2 11.9956
    endloop
  endfacet
  facet normal 0 1 0
    outer loop
      vertex -24.6926 18.2 11.5025
      vertex -26.2 18.2 12.1
      vertex -24.7364 18.2 11.7432
    endloop
  endfacet
  facet normal 0 1 0
    outer loop
      vertex -24.6823 18.2 11.4461
      vertex -26.2 18.2 12.1
      vertex -24.6926 18.2 11.5025
    endloop
  endfacet
  facet normal 0 1 0
    outer loop
      vertex -24.5967 18.2 11.1367
      vertex -26.2 18.2 12.1
      vertex -24.6823 18.2 11.4461
    endloop
  endfacet
  facet normal 0 1 0
    outer loop
      vertex -24.4804 18.2 10.818
      vertex -26.2 18.2 12.1
      vertex -24.5967 18.2 11.1367
    endloop
  endfacet
  facet normal 0 1 0
    outer loop
      vertex -24.3345 18.2 10.4929
      vertex -26.2 18.2 12.1
      vertex -24.4804 18.2 10.818
    endloop
  endfacet
  facet normal 0 1 0
    outer loop
      vertex -24.2673 18.2 10.3662
      vertex -26.2 18.2 12.1
      vertex -24.3345 18.2 10.4929
    endloop
  endfacet
  facet normal 0 1 0
    outer loop
      vertex -24.1605 18.2 10.1647
      vertex -26.2 18.2 12.1
      vertex -24.2673 18.2 10.3662
    endloop
  endfacet
  facet normal 0 1 0
    outer loop
      vertex -26.2 18.2 4.6
      vertex -24.1605 18.2 10.1647
      vertex -24.0507 18.2 9.9849
    endloop
  endfacet
  facet normal 0 1 0
    outer loop
      vertex -26.2 18.2 4.6
      vertex -24.0507 18.2 9.9849
      vertex -23.96 18.2 9.8365
    endloop
  endfacet
  facet normal 0 1 0
    outer loop
      vertex -26.2 18.2 4.6
      vertex -23.96 18.2 9.8365
      vertex -23.735 18.2 9.51144
    endloop
  endfacet
  facet normal 0 1 0
    outer loop
      vertex -26.1891 18.2 4.6
      vertex -23.735 18.2 9.51144
      vertex -23.4875 18.2 9.19268
    endloop
  endfacet
  facet normal 0 1 0
    outer loop
      vertex -26.1891 18.2 4.6
      vertex -23.4875 18.2 9.19268
      vertex -23.2201 18.2 8.88329
    endloop
  endfacet
  facet normal 0 1 0
    outer loop
      vertex -26.1891 18.2 4.6
      vertex -22.8478 18.2 8.50398
      vertex -22.6356 18.2 8.30437
    endloop
  endfacet
  facet normal 0 1 0
    outer loop
      vertex -26.1891 18.2 4.6
      vertex -21.045 18.2 7.22347
      vertex -21.0219 18.2 7.21158
    endloop
  endfacet
  facet normal 0 1 0
    outer loop
      vertex -26.1891 18.2 4.6
      vertex -21.0003 18.2 7.2022
      vertex -20.6978 18.2 7.07108
    endloop
  endfacet
  facet normal 0 1 0
    outer loop
      vertex -19.0002 18.2 6.88053
      vertex -26.1891 18.2 1.6
      vertex -19.2397 18.2 6.83231
    endloop
  endfacet
  facet normal 0 1 0
    outer loop
      vertex -19.2397 18.2 6.83231
      vertex -26.1891 18.2 1.6
      vertex -19.2404 18.2 6.83226
    endloop
  endfacet
  facet normal 0 1 0
    outer loop
      vertex -26.1891 18.2 1.6
      vertex -19.7787 18.2 6.83231
      vertex -19.5 18.2 6.81619
    endloop
  endfacet
  facet normal 0 1 0
    outer loop
      vertex -26.1891 18.2 1.6
      vertex -20.0732 18.2 6.88053
      vertex -19.7787 18.2 6.83231
    endloop
  endfacet
  facet normal 0 1 0
    outer loop
      vertex -26.1891 18.2 1.6
      vertex -20.3805 18.2 6.96037
      vertex -20.0732 18.2 6.88053
    endloop
  endfacet
  facet normal 0 1 0
    outer loop
      vertex -26.1891 18.2 1.6
      vertex -20.6978 18.2 7.07108
      vertex -20.3805 18.2 6.96037
    endloop
  endfacet
  facet normal 0 1 0
    outer loop
      vertex -21.0003 18.2 7.2022
      vertex -26.1891 18.2 4.6
      vertex -21.0219 18.2 7.21158
    endloop
  endfacet
  facet normal 0 1 0
    outer loop
      vertex -21.045 18.2 7.22347
      vertex -26.1891 18.2 4.6
      vertex -21.3498 18.2 7.38051
    endloop
  endfacet
  facet normal 0 1 0
    outer loop
      vertex -26.1891 18.2 4.6
      vertex -21.6783 18.2 7.57627
      vertex -21.3498 18.2 7.38051
    endloop
  endfacet
  facet normal 0 1 0
    outer loop
      vertex -26.1891 18.2 4.6
      vertex -22.0041 18.2 7.79695
      vertex -21.6783 18.2 7.57627
    endloop
  endfacet
  facet normal 0 1 0
    outer loop
      vertex -26.1891 18.2 4.6
      vertex -22.3243 18.2 8.04043
      vertex -22.0041 18.2 7.79695
    endloop
  endfacet
  facet normal 0 1 0
    outer loop
      vertex -26.1891 18.2 4.6
      vertex -22.6356 18.2 8.30437
      vertex -22.3243 18.2 8.04043
    endloop
  endfacet
  facet normal 0 1 0
    outer loop
      vertex -22.8478 18.2 8.50398
      vertex -26.1891 18.2 4.6
      vertex -22.9352 18.2 8.58623
    endloop
  endfacet
  facet normal 0 1 0
    outer loop
      vertex -26.1891 18.2 4.6
      vertex -23.0271 18.2 8.68206
      vertex -22.9352 18.2 8.58623
    endloop
  endfacet
  facet normal 0 1 0
    outer loop
      vertex -26.1891 18.2 4.6
      vertex -23.2201 18.2 8.88329
      vertex -23.0271 18.2 8.68206
    endloop
  endfacet
  facet normal 0 1 0
    outer loop
      vertex -23.735 18.2 9.51144
      vertex -26.1891 18.2 4.6
      vertex -26.2 18.2 4.6
    endloop
  endfacet
  facet normal 0 1 0
    outer loop
      vertex -24.1605 18.2 10.1647
      vertex -26.2 18.2 4.6
      vertex -26.2 18.2 12.1
    endloop
  endfacet
  facet normal 0 1 0
    outer loop
      vertex -19.2404 18.2 6.83226
      vertex -26.1891 18.2 1.6
      vertex -19.5 18.2 6.81619
    endloop
  endfacet
  facet normal 0 1 0
    outer loop
      vertex -20.6978 18.2 7.07108
      vertex -26.1891 18.2 1.6
      vertex -26.1891 18.2 4.6
    endloop
  endfacet
  facet normal 0 -1 0
    outer loop
      vertex -26.2 -18.2 12.1
      vertex -25.1753 -18.2 11.7006
      vertex -25.5312 -18.2 12.1
    endloop
  endfacet
  facet normal 0 -1 0
    outer loop
      vertex -26.2 -18.2 12.1
      vertex -24.8683 -18.2 11.3781
      vertex -25.1753 -18.2 11.7006
    endloop
  endfacet
  facet normal 0 -1 0
    outer loop
      vertex -26.2 -18.2 12.1
      vertex -24.7575 -18.2 11.2618
      vertex -24.8683 -18.2 11.3781
    endloop
  endfacet
  facet normal 0 -1 0
    outer loop
      vertex -26.2 -18.2 12.1
      vertex -24.6191 -18.2 11.1255
      vertex -24.7575 -18.2 11.2618
    endloop
  endfacet
  facet normal 0 -1 0
    outer loop
      vertex -26.2 -18.2 4.6
      vertex -24.6191 -18.2 11.1255
      vertex -26.2 -18.2 12.1
    endloop
  endfacet
  facet normal 0 -1 -0
    outer loop
      vertex -24.6191 -18.2 11.1255
      vertex -26.2 -18.2 4.6
      vertex -24.3247 -18.2 10.8358
    endloop
  endfacet
  facet normal 0 -1 -0
    outer loop
      vertex -24.3247 -18.2 10.8358
      vertex -26.2 -18.2 4.6
      vertex -23.8811 -18.2 10.4268
    endloop
  endfacet
  facet normal 0 -1 0
    outer loop
      vertex -26.1891 -18.2 4.6
      vertex -23.8811 -18.2 10.4268
      vertex -26.2 -18.2 4.6
    endloop
  endfacet
  facet normal 0 -1 0
    outer loop
      vertex -26.1891 -18.2 4.6
      vertex -22.8251 -18.2 9.56117
      vertex -22.9785 -18.2 9.67542
    endloop
  endfacet
  facet normal 0 -1 0
    outer loop
      vertex -26.1891 -18.2 4.6
      vertex -21.188 -18.2 8.51238
      vertex -21.2332 -18.2 8.5343
    endloop
  endfacet
  facet normal 0 -1 0
    outer loop
      vertex -19.5 -18.2 1.6
      vertex -20.4744 -18.2 8.19525
      vertex -20.834 -18.2 8.34087
    endloop
  endfacet
  facet normal 0 -1 -0
    outer loop
      vertex -23.8811 -18.2 10.4268
      vertex -26.1891 -18.2 4.6
      vertex -23.4309 -18.2 10.0388
    endloop
  endfacet
  facet normal 0 -1 -0
    outer loop
      vertex -23.4309 -18.2 10.0388
      vertex -26.1891 -18.2 4.6
      vertex -22.9785 -18.2 9.67542
    endloop
  endfacet
  facet normal 0 -1 -0
    outer loop
      vertex -22.8251 -18.2 9.56117
      vertex -26.1891 -18.2 4.6
      vertex -22.5282 -18.2 9.34021
    endloop
  endfacet
  facet normal 0 -1 -0
    outer loop
      vertex -22.5282 -18.2 9.34021
      vertex -26.1891 -18.2 4.6
      vertex -22.1923 -18.2 9.11022
    endloop
  endfacet
  facet normal 0 -1 -0
    outer loop
      vertex -22.1923 -18.2 9.11022
      vertex -26.1891 -18.2 4.6
      vertex -22.0844 -18.2 9.03639
    endloop
  endfacet
  facet normal 0 -1 -0
    outer loop
      vertex -22.0844 -18.2 9.03639
      vertex -26.1891 -18.2 4.6
      vertex -21.6514 -18.2 8.76689
    endloop
  endfacet
  facet normal 0 -1 -0
    outer loop
      vertex -21.6514 -18.2 8.76689
      vertex -26.1891 -18.2 4.6
      vertex -21.2332 -18.2 8.5343
    endloop
  endfacet
  facet normal 0 -1 -0
    outer loop
      vertex -21.188 -18.2 8.51238
      vertex -26.1891 -18.2 4.6
      vertex -20.834 -18.2 8.34087
    endloop
  endfacet
  facet normal 0 -1 0
    outer loop
      vertex -19.5 -18.2 1.6
      vertex -20.834 -18.2 8.34087
      vertex -26.1891 -18.2 4.6
    endloop
  endfacet
  facet normal 0 -1 0
    outer loop
      vertex -20.4744 -18.2 8.19525
      vertex -19.5 -18.2 1.6
      vertex -20.4576 -18.2 8.18846
    endloop
  endfacet
  facet normal 0 -1 0
    outer loop
      vertex -20.4576 -18.2 8.18846
      vertex -19.5 -18.2 1.6
      vertex -20.1076 -18.2 8.07854
    endloop
  endfacet
  facet normal 0 -1 0
    outer loop
      vertex -20.1076 -18.2 8.07854
      vertex -19.5 -18.2 1.6
      vertex -19.7874 -18.2 8.01215
    endloop
  endfacet
  facet normal 0 -1 0
    outer loop
      vertex -19.5 -18.2 1.6
      vertex -26.1891 -18.2 4.6
      vertex -26.1891 -18.2 1.6
    endloop
  endfacet
  facet normal 0 -1 0
    outer loop
      vertex -19.7874 -18.2 8.01215
      vertex -19.5 -18.2 1.6
      vertex -19.5 -18.2 7.98996
    endloop
  endfacet
  facet normal 0 -1 -0
    outer loop
      vertex 20.7491 -18.2 8.33259
      vertex 19.5 -18.2 1.6
      vertex 26.1891 -18.2 4.6
    endloop
  endfacet
  facet normal 0 -1 -0
    outer loop
      vertex 26.1891 -18.2 4.6
      vertex 19.5 -18.2 1.6
      vertex 26.1891 -18.2 1.6
    endloop
  endfacet
  facet normal 0 -1 0
    outer loop
      vertex 25.131 -18.2 12.0207
      vertex 26.2 -18.2 12.1
      vertex 25.1856 -18.2 12.1
    endloop
  endfacet
  facet normal 0 -1 0
    outer loop
      vertex 24.8932 -18.2 11.7067
      vertex 26.2 -18.2 12.1
      vertex 25.131 -18.2 12.0207
    endloop
  endfacet
  facet normal 0 -1 0
    outer loop
      vertex 24.8353 -18.2 11.6303
      vertex 26.2 -18.2 12.1
      vertex 24.8932 -18.2 11.7067
    endloop
  endfacet
  facet normal 0 -1 0
    outer loop
      vertex 24.5161 -18.2 11.2437
      vertex 26.2 -18.2 12.1
      vertex 24.8353 -18.2 11.6303
    endloop
  endfacet
  facet normal 0 -1 0
    outer loop
      vertex 24.1762 -18.2 10.8646
      vertex 26.2 -18.2 12.1
      vertex 24.5161 -18.2 11.2437
    endloop
  endfacet
  facet normal 0 -1 0
    outer loop
      vertex 26.2 -18.2 4.6
      vertex 24.1762 -18.2 10.8646
      vertex 23.9715 -18.2 10.6536
    endloop
  endfacet
  facet normal 0 -1 0
    outer loop
      vertex 26.2 -18.2 4.6
      vertex 23.9715 -18.2 10.6536
      vertex 23.8191 -18.2 10.4966
    endloop
  endfacet
  facet normal 0 -1 0
    outer loop
      vertex 26.1891 -18.2 4.6
      vertex 23.8191 -18.2 10.4966
      vertex 23.6337 -18.2 10.32
    endloop
  endfacet
  facet normal 0 -1 0
    outer loop
      vertex 26.1891 -18.2 4.6
      vertex 23.6337 -18.2 10.32
      vertex 23.4482 -18.2 10.1432
    endloop
  endfacet
  facet normal 0 -1 0
    outer loop
      vertex 26.1891 -18.2 4.6
      vertex 23.4482 -18.2 10.1432
      vertex 23.2843 -18.2 9.99911
    endloop
  endfacet
  facet normal 0 -1 0
    outer loop
      vertex 26.1891 -18.2 4.6
      vertex 23.2843 -18.2 9.99911
      vertex 23.0669 -18.2 9.80798
    endloop
  endfacet
  facet normal 0 -1 0
    outer loop
      vertex 26.1891 -18.2 4.6
      vertex 23.0669 -18.2 9.80798
      vertex 22.6791 -18.2 9.49405
    endloop
  endfacet
  facet normal 0 -1 0
    outer loop
      vertex 26.1891 -18.2 4.6
      vertex 22.6791 -18.2 9.49405
      vertex 22.5618 -18.2 9.40713
    endloop
  endfacet
  facet normal 0 -1 0
    outer loop
      vertex 26.1891 -18.2 4.6
      vertex 22.5618 -18.2 9.40713
      vertex 22.2884 -18.2 9.20445
    endloop
  endfacet
  facet normal 0 -1 0
    outer loop
      vertex 26.1891 -18.2 4.6
      vertex 21.4602 -18.2 8.68083
      vertex 21.1365 -18.2 8.50821
    endloop
  endfacet
  facet normal 0 -1 0
    outer loop
      vertex 19.5 -18.2 1.6
      vertex 20.0975 -18.2 8.11608
      vertex 20.0919 -18.2 8.11445
    endloop
  endfacet
  facet normal 0 -1 0
    outer loop
      vertex 19.5 -18.2 1.6
      vertex 19.7822 -18.2 8.05702
      vertex 19.5 -18.2 8.03793
    endloop
  endfacet
  facet normal 0 -1 0
    outer loop
      vertex 19.5 -18.2 1.6
      vertex 19.7834 -18.2 8.05711
      vertex 19.7822 -18.2 8.05702
    endloop
  endfacet
  facet normal 0 -1 0
    outer loop
      vertex 19.5 -18.2 1.6
      vertex 20.0919 -18.2 8.11445
      vertex 19.7834 -18.2 8.05711
    endloop
  endfacet
  facet normal 0 -1 0
    outer loop
      vertex 19.5 -18.2 1.6
      vertex 20.4223 -18.2 8.20942
      vertex 20.0975 -18.2 8.11608
    endloop
  endfacet
  facet normal 0 -1 0
    outer loop
      vertex 19.5 -18.2 1.6
      vertex 20.7491 -18.2 8.33259
      vertex 20.4223 -18.2 8.20942
    endloop
  endfacet
  facet normal 0 -1 0
    outer loop
      vertex 26.1891 -18.2 4.6
      vertex 20.7717 -18.2 8.3411
      vertex 20.7491 -18.2 8.33259
    endloop
  endfacet
  facet normal 0 -1 0
    outer loop
      vertex 26.1891 -18.2 4.6
      vertex 20.7968 -18.2 8.35262
      vertex 20.7717 -18.2 8.3411
    endloop
  endfacet
  facet normal 0 -1 0
    outer loop
      vertex 26.1891 -18.2 4.6
      vertex 21.1365 -18.2 8.50821
      vertex 20.7968 -18.2 8.35262
    endloop
  endfacet
  facet normal 0 -1 0
    outer loop
      vertex 21.4602 -18.2 8.68083
      vertex 26.1891 -18.2 4.6
      vertex 21.5133 -18.2 8.70914
    endloop
  endfacet
  facet normal 0 -1 0
    outer loop
      vertex 26.1891 -18.2 4.6
      vertex 21.8985 -18.2 8.94197
      vertex 21.5133 -18.2 8.70914
    endloop
  endfacet
  facet normal 0 -1 0
    outer loop
      vertex 26.1891 -18.2 4.6
      vertex 21.9805 -18.2 8.99716
      vertex 21.8985 -18.2 8.94197
    endloop
  endfacet
  facet normal 0 -1 0
    outer loop
      vertex 26.1891 -18.2 4.6
      vertex 22.2884 -18.2 9.20445
      vertex 21.9805 -18.2 8.99716
    endloop
  endfacet
  facet normal 0 -1 0
    outer loop
      vertex 23.8191 -18.2 10.4966
      vertex 26.1891 -18.2 4.6
      vertex 26.2 -18.2 4.6
    endloop
  endfacet
  facet normal 0 -1 0
    outer loop
      vertex 24.1762 -18.2 10.8646
      vertex 26.2 -18.2 4.6
      vertex 26.2 -18.2 12.1
    endloop
  endfacet
  facet normal 0 -1 0
    outer loop
      vertex -18.5953 -18.2 9.03639
      vertex -7.2 -18.2 12.1
      vertex -18.5953 -18.2 12.1
    endloop
  endfacet
  facet normal 0 -1 0
    outer loop
      vertex -18.5957 -18.2 8.76689
      vertex -7.2 -18.2 12.1
      vertex -18.5953 -18.2 9.03639
    endloop
  endfacet
  facet normal 0 -1 0
    outer loop
      vertex -7.2 -18.2 4.6
      vertex -18.5957 -18.2 8.76689
      vertex -18.635 -18.2 8.56323
    endloop
  endfacet
  facet normal 0 -1 0
    outer loop
      vertex -7.2 -18.2 4.6
      vertex -18.635 -18.2 8.56323
      vertex -18.6405 -18.2 8.5343
    endloop
  endfacet
  facet normal 0 -1 0
    outer loop
      vertex -7.2 -18.2 4.6
      vertex -18.6405 -18.2 8.5343
      vertex -18.6506 -18.2 8.51238
    endloop
  endfacet
  facet normal 0 -1 0
    outer loop
      vertex -7.2 -18.2 4.6
      vertex -18.6506 -18.2 8.51238
      vertex -18.7293 -18.2 8.34087
    endloop
  endfacet
  facet normal 0 -1 0
    outer loop
      vertex -19.5 -18.2 1.6
      vertex -18.7293 -18.2 8.34087
      vertex -18.861 -18.2 8.18846
    endloop
  endfacet
  facet normal 0 -1 0
    outer loop
      vertex -19.5 -18.2 1.6
      vertex -18.861 -18.2 8.18846
      vertex -19.0346 -18.2 8.07854
    endloop
  endfacet
  facet normal 0 -1 0
    outer loop
      vertex -18.5957 -18.2 8.76689
      vertex -7.2 -18.2 4.6
      vertex -7.2 -18.2 12.1
    endloop
  endfacet
  facet normal 0 -1 0
    outer loop
      vertex -19.5 -18.2 1.6
      vertex -19.0346 -18.2 8.07854
      vertex -19.2483 -18.2 8.01215
    endloop
  endfacet
  facet normal 0 -1 0
    outer loop
      vertex -19.5 -18.2 1.6
      vertex -19.2483 -18.2 8.01215
      vertex -19.5 -18.2 7.98996
    endloop
  endfacet
  facet normal 0 -1 -0
    outer loop
      vertex -7.2 -18.2 4.6
      vertex -19.5 -18.2 1.6
      vertex 4.8 -18.2 4.6
    endloop
  endfacet
  facet normal 0 -1 -0
    outer loop
      vertex -18.7293 -18.2 8.34087
      vertex -19.5 -18.2 1.6
      vertex -7.2 -18.2 4.6
    endloop
  endfacet
  facet normal 0 -1 0
    outer loop
      vertex 4.8 -18.2 12.1
      vertex 18.3993 -18.2 9.20445
      vertex 18.3993 -18.2 12.1
    endloop
  endfacet
  facet normal 0 -1 0
    outer loop
      vertex 4.8 -18.2 12.1
      vertex 18.4072 -18.2 8.99716
      vertex 18.3993 -18.2 9.20445
    endloop
  endfacet
  facet normal 0 -1 0
    outer loop
      vertex 4.8 -18.2 12.1
      vertex 18.4094 -18.2 8.94197
      vertex 18.4072 -18.2 8.99716
    endloop
  endfacet
  facet normal 0 -1 0
    outer loop
      vertex 4.8 -18.2 4.6
      vertex 18.4094 -18.2 8.94197
      vertex 4.8 -18.2 12.1
    endloop
  endfacet
  facet normal 0 -1 -0
    outer loop
      vertex 18.4094 -18.2 8.94197
      vertex 4.8 -18.2 4.6
      vertex 18.4577 -18.2 8.70914
    endloop
  endfacet
  facet normal 0 -1 -0
    outer loop
      vertex 18.4577 -18.2 8.70914
      vertex 4.8 -18.2 4.6
      vertex 18.4698 -18.2 8.68083
    endloop
  endfacet
  facet normal 0 -1 -0
    outer loop
      vertex 18.4698 -18.2 8.68083
      vertex 4.8 -18.2 4.6
      vertex 18.5438 -18.2 8.50821
    endloop
  endfacet
  facet normal 0 -1 0
    outer loop
      vertex 19.5 -18.2 1.6
      vertex 18.5438 -18.2 8.50821
      vertex 4.8 -18.2 4.6
    endloop
  endfacet
  facet normal 0 -1 0
    outer loop
      vertex 18.5438 -18.2 8.50821
      vertex 19.5 -18.2 1.6
      vertex 18.6584 -18.2 8.35262
    endloop
  endfacet
  facet normal 0 -1 0
    outer loop
      vertex 18.6584 -18.2 8.35262
      vertex 19.5 -18.2 1.6
      vertex 18.6669 -18.2 8.3411
    endloop
  endfacet
  facet normal 0 -1 0
    outer loop
      vertex 18.6669 -18.2 8.3411
      vertex 19.5 -18.2 1.6
      vertex 18.6772 -18.2 8.33259
    endloop
  endfacet
  facet normal 0 -1 0
    outer loop
      vertex 18.6772 -18.2 8.33259
      vertex 19.5 -18.2 1.6
      vertex 18.8258 -18.2 8.20942
    endloop
  endfacet
  facet normal 0 -1 0
    outer loop
      vertex 19.5 -18.2 1.6
      vertex 19.2454 -18.2 8.05702
      vertex 19.2443 -18.2 8.05711
    endloop
  endfacet
  facet normal 0 -1 0
    outer loop
      vertex 18.8258 -18.2 8.20942
      vertex 19.5 -18.2 1.6
      vertex 19.0155 -18.2 8.11608
    endloop
  endfacet
  facet normal 0 -1 0
    outer loop
      vertex 19.0155 -18.2 8.11608
      vertex 19.5 -18.2 1.6
      vertex 19.0189 -18.2 8.11445
    endloop
  endfacet
  facet normal 0 -1 0
    outer loop
      vertex 19.0189 -18.2 8.11445
      vertex 19.5 -18.2 1.6
      vertex 19.2443 -18.2 8.05711
    endloop
  endfacet
  facet normal 0 -1 0
    outer loop
      vertex 19.2454 -18.2 8.05702
      vertex 19.5 -18.2 1.6
      vertex 19.5 -18.2 8.03793
    endloop
  endfacet
  facet normal 0 -1 0
    outer loop
      vertex 19.5 -18.2 1.6
      vertex 4.8 -18.2 4.6
      vertex -19.5 -18.2 1.6
    endloop
  endfacet
  facet normal -1 0 0
    outer loop
      vertex 25 -17 1.6
      vertex 25 17 12.1
      vertex 25 17 1.6
    endloop
  endfacet
  facet normal -1 -0 0
    outer loop
      vertex 25 17 12.1
      vertex 25 -17 1.6
      vertex 25 -17 12.1
    endloop
  endfacet
  facet normal -0 0 1
    outer loop
      vertex -25 17 1.6
      vertex 25 -17 1.6
      vertex 25 17 1.6
    endloop
  endfacet
  facet normal 0 0 1
    outer loop
      vertex 25 -17 1.6
      vertex -25 17 1.6
      vertex -25 -17 1.6
    endloop
  endfacet
  facet normal 0 0 1
    outer loop
      vertex -26.2 18.1875 1.6
      vertex -27.5 0 1.6
      vertex -26.2 -18.1875 1.6
    endloop
  endfacet
  facet normal 0 0 1
    outer loop
      vertex -26.2 18.1875 1.6
      vertex -27.512 0.245043 1.6
      vertex -27.5 0 1.6
    endloop
  endfacet
  facet normal 0 0 1
    outer loop
      vertex -26.2 18.1875 1.6
      vertex -27.548 0.487725 1.6
      vertex -27.512 0.245043 1.6
    endloop
  endfacet
  facet normal 0 0 1
    outer loop
      vertex -26.2 18.1875 1.6
      vertex -27.6076 0.725711 1.6
      vertex -27.548 0.487725 1.6
    endloop
  endfacet
  facet normal 0 0 1
    outer loop
      vertex -26.2 18.1875 1.6
      vertex -27.6903 0.956708 1.6
      vertex -27.6076 0.725711 1.6
    endloop
  endfacet
  facet normal 0 0 1
    outer loop
      vertex -26.2 18.1875 1.6
      vertex -27.7952 1.17849 1.6
      vertex -27.6903 0.956708 1.6
    endloop
  endfacet
  facet normal 0 0 1
    outer loop
      vertex -26.2 18.1875 1.6
      vertex -27.9213 1.38893 1.6
      vertex -27.7952 1.17849 1.6
    endloop
  endfacet
  facet normal -0 0 1
    outer loop
      vertex -28.1037 16.0004 1.6
      vertex -27.9213 1.38893 1.6
      vertex -26.2 18.1875 1.6
    endloop
  endfacet
  facet normal 0 0 1
    outer loop
      vertex -27.9213 1.38893 1.6
      vertex -28.1037 16.0004 1.6
      vertex -28.0675 1.58598 1.6
    endloop
  endfacet
  facet normal 0 0 1
    outer loop
      vertex -28.1037 16.0004 1.6
      vertex -28.2322 1.76777 1.6
      vertex -28.0675 1.58598 1.6
    endloop
  endfacet
  facet normal -0 0 1
    outer loop
      vertex -29.8089 13.5762 1.6
      vertex -28.2322 1.76777 1.6
      vertex -28.1037 16.0004 1.6
    endloop
  endfacet
  facet normal 0 0 1
    outer loop
      vertex -28.2322 1.76777 1.6
      vertex -29.8089 13.5762 1.6
      vertex -28.414 1.93253 1.6
    endloop
  endfacet
  facet normal -0 0 1
    outer loop
      vertex -31.2271 11.0213 1.6
      vertex -28.414 1.93253 1.6
      vertex -29.8089 13.5762 1.6
    endloop
  endfacet
  facet normal 0 0 1
    outer loop
      vertex -28.414 1.93253 1.6
      vertex -31.2271 11.0213 1.6
      vertex -28.6111 2.07867 1.6
    endloop
  endfacet
  facet normal 0 0 1
    outer loop
      vertex -28.6111 2.07867 1.6
      vertex -31.2271 11.0213 1.6
      vertex -28.8215 2.2048 1.6
    endloop
  endfacet
  facet normal 0 0 1
    outer loop
      vertex -28.8215 2.2048 1.6
      vertex -31.2271 11.0213 1.6
      vertex -29.0433 2.3097 1.6
    endloop
  endfacet
  facet normal -0 0 1
    outer loop
      vertex -32.3446 8.3602 1.6
      vertex -29.0433 2.3097 1.6
      vertex -31.2271 11.0213 1.6
    endloop
  endfacet
  facet normal 0 0 1
    outer loop
      vertex -29.0433 2.3097 1.6
      vertex -32.3446 8.3602 1.6
      vertex -29.2743 2.39235 1.6
    endloop
  endfacet
  facet normal 0 0 1
    outer loop
      vertex -29.2743 2.39235 1.6
      vertex -32.3446 8.3602 1.6
      vertex -29.5123 2.45196 1.6
    endloop
  endfacet
  facet normal 0 0 1
    outer loop
      vertex -29.5123 2.45196 1.6
      vertex -32.3446 8.3602 1.6
      vertex -29.755 2.48796 1.6
    endloop
  endfacet
  facet normal -0 0 1
    outer loop
      vertex -33.1505 5.6186 1.6
      vertex -29.755 2.48796 1.6
      vertex -32.3446 8.3602 1.6
    endloop
  endfacet
  facet normal 0 0 1
    outer loop
      vertex -29.755 2.48796 1.6
      vertex -33.1505 5.6186 1.6
      vertex -30 2.5 1.6
    endloop
  endfacet
  facet normal 0 0 1
    outer loop
      vertex -30 2.5 1.6
      vertex -33.1505 5.6186 1.6
      vertex -30.245 2.48796 1.6
    endloop
  endfacet
  facet normal 0 0 1
    outer loop
      vertex -30.245 2.48796 1.6
      vertex -33.1505 5.6186 1.6
      vertex -30.4877 2.45196 1.6
    endloop
  endfacet
  facet normal 0 0 1
    outer loop
      vertex -30.4877 2.45196 1.6
      vertex -33.1505 5.6186 1.6
      vertex -30.7257 2.39235 1.6
    endloop
  endfacet
  facet normal 0 0 1
    outer loop
      vertex -30.7257 2.39235 1.6
      vertex -33.1505 5.6186 1.6
      vertex -30.9567 2.3097 1.6
    endloop
  endfacet
  facet normal 0 0 1
    outer loop
      vertex -30.9567 2.3097 1.6
      vertex -33.1505 5.6186 1.6
      vertex -31.1785 2.2048 1.6
    endloop
  endfacet
  facet normal -0 0 1
    outer loop
      vertex -33.6372 2.82289 1.6
      vertex -31.1785 2.2048 1.6
      vertex -33.1505 5.6186 1.6
    endloop
  endfacet
  facet normal 0 0 1
    outer loop
      vertex -31.1785 2.2048 1.6
      vertex -33.6372 2.82289 1.6
      vertex -31.3889 2.07867 1.6
    endloop
  endfacet
  facet normal 0 0 1
    outer loop
      vertex -31.3889 2.07867 1.6
      vertex -33.6372 2.82289 1.6
      vertex -31.586 1.93253 1.6
    endloop
  endfacet
  facet normal 0 0 1
    outer loop
      vertex -31.586 1.93253 1.6
      vertex -33.6372 2.82289 1.6
      vertex -31.7678 1.76777 1.6
    endloop
  endfacet
  facet normal 0 0 1
    outer loop
      vertex -31.7678 1.76777 1.6
      vertex -33.6372 2.82289 1.6
      vertex -31.9325 1.58598 1.6
    endloop
  endfacet
  facet normal 0 0 1
    outer loop
      vertex -31.9325 1.58598 1.6
      vertex -33.6372 2.82289 1.6
      vertex -32.0787 1.38893 1.6
    endloop
  endfacet
  facet normal 0 0 1
    outer loop
      vertex -32.0787 1.38893 1.6
      vertex -33.6372 2.82289 1.6
      vertex -32.2048 1.17849 1.6
    endloop
  endfacet
  facet normal 0 0 1
    outer loop
      vertex -32.2048 1.17849 1.6
      vertex -33.6372 2.82289 1.6
      vertex -32.3097 0.956708 1.6
    endloop
  endfacet
  facet normal 0 0 1
    outer loop
      vertex -33.8 0 1.6
      vertex -32.3097 0.956708 1.6
      vertex -33.6372 2.82289 1.6
    endloop
  endfacet
  facet normal 0 0 1
    outer loop
      vertex -32.3097 0.956708 1.6
      vertex -33.8 0 1.6
      vertex -32.3923 0.725711 1.6
    endloop
  endfacet
  facet normal 0 0 1
    outer loop
      vertex -32.3923 0.725711 1.6
      vertex -33.8 0 1.6
      vertex -32.452 0.487725 1.6
    endloop
  endfacet
  facet normal -0 0 1
    outer loop
      vertex -27.512 -0.245043 1.6
      vertex -26.2 -18.1875 1.6
      vertex -27.5 0 1.6
    endloop
  endfacet
  facet normal -0 0 1
    outer loop
      vertex -27.548 -0.487725 1.6
      vertex -26.2 -18.1875 1.6
      vertex -27.512 -0.245043 1.6
    endloop
  endfacet
  facet normal -0 0 1
    outer loop
      vertex -27.6076 -0.725711 1.6
      vertex -26.2 -18.1875 1.6
      vertex -27.548 -0.487725 1.6
    endloop
  endfacet
  facet normal -0 0 1
    outer loop
      vertex -27.6903 -0.956708 1.6
      vertex -26.2 -18.1875 1.6
      vertex -27.6076 -0.725711 1.6
    endloop
  endfacet
  facet normal -0 0 1
    outer loop
      vertex -27.7952 -1.17849 1.6
      vertex -26.2 -18.1875 1.6
      vertex -27.6903 -0.956708 1.6
    endloop
  endfacet
  facet normal -0 0 1
    outer loop
      vertex -27.9213 -1.38893 1.6
      vertex -26.2 -18.1875 1.6
      vertex -27.7952 -1.17849 1.6
    endloop
  endfacet
  facet normal 0 0 1
    outer loop
      vertex -28.1037 -16.0004 1.6
      vertex -27.9213 -1.38893 1.6
      vertex -28.0675 -1.58598 1.6
    endloop
  endfacet
  facet normal 0 0 1
    outer loop
      vertex -27.9213 -1.38893 1.6
      vertex -28.1037 -16.0004 1.6
      vertex -26.2 -18.1875 1.6
    endloop
  endfacet
  facet normal -0 0 1
    outer loop
      vertex -28.2322 -1.76777 1.6
      vertex -28.1037 -16.0004 1.6
      vertex -28.0675 -1.58598 1.6
    endloop
  endfacet
  facet normal 0 0 1
    outer loop
      vertex -29.8089 -13.5762 1.6
      vertex -28.2322 -1.76777 1.6
      vertex -28.414 -1.93253 1.6
    endloop
  endfacet
  facet normal 0 0 1
    outer loop
      vertex -31.2271 -11.0213 1.6
      vertex -28.414 -1.93253 1.6
      vertex -28.6111 -2.07867 1.6
    endloop
  endfacet
  facet normal 0 0 1
    outer loop
      vertex -31.2271 -11.0213 1.6
      vertex -28.6111 -2.07867 1.6
      vertex -28.8215 -2.2048 1.6
    endloop
  endfacet
  facet normal 0 0 1
    outer loop
      vertex -31.2271 -11.0213 1.6
      vertex -28.8215 -2.2048 1.6
      vertex -29.0433 -2.3097 1.6
    endloop
  endfacet
  facet normal 0 0 1
    outer loop
      vertex -32.3446 -8.3602 1.6
      vertex -29.0433 -2.3097 1.6
      vertex -29.2743 -2.39235 1.6
    endloop
  endfacet
  facet normal 0 0 1
    outer loop
      vertex -32.3446 -8.3602 1.6
      vertex -29.2743 -2.39235 1.6
      vertex -29.5123 -2.45196 1.6
    endloop
  endfacet
  facet normal 0 0 1
    outer loop
      vertex -32.3446 -8.3602 1.6
      vertex -29.5123 -2.45196 1.6
      vertex -29.755 -2.48796 1.6
    endloop
  endfacet
  facet normal 0 0 1
    outer loop
      vertex -28.2322 -1.76777 1.6
      vertex -29.8089 -13.5762 1.6
      vertex -28.1037 -16.0004 1.6
    endloop
  endfacet
  facet normal 0 0 1
    outer loop
      vertex -33.1505 -5.6186 1.6
      vertex -29.755 -2.48796 1.6
      vertex -30 -2.5 1.6
    endloop
  endfacet
  facet normal 0 0 1
    outer loop
      vertex -33.1505 -5.6186 1.6
      vertex -30 -2.5 1.6
      vertex -30.245 -2.48796 1.6
    endloop
  endfacet
  facet normal 0 0 1
    outer loop
      vertex -33.1505 -5.6186 1.6
      vertex -30.245 -2.48796 1.6
      vertex -30.4877 -2.45196 1.6
    endloop
  endfacet
  facet normal 0 0 1
    outer loop
      vertex -33.1505 -5.6186 1.6
      vertex -30.4877 -2.45196 1.6
      vertex -30.7257 -2.39235 1.6
    endloop
  endfacet
  facet normal 0 0 1
    outer loop
      vertex -33.1505 -5.6186 1.6
      vertex -30.7257 -2.39235 1.6
      vertex -30.9567 -2.3097 1.6
    endloop
  endfacet
  facet normal 0 0 1
    outer loop
      vertex -33.1505 -5.6186 1.6
      vertex -30.9567 -2.3097 1.6
      vertex -31.1785 -2.2048 1.6
    endloop
  endfacet
  facet normal 0 0 1
    outer loop
      vertex -28.414 -1.93253 1.6
      vertex -31.2271 -11.0213 1.6
      vertex -29.8089 -13.5762 1.6
    endloop
  endfacet
  facet normal 0 0 1
    outer loop
      vertex -33.6372 -2.82289 1.6
      vertex -31.1785 -2.2048 1.6
      vertex -31.3889 -2.07867 1.6
    endloop
  endfacet
  facet normal 0 0 1
    outer loop
      vertex -33.6372 -2.82289 1.6
      vertex -31.3889 -2.07867 1.6
      vertex -31.586 -1.93253 1.6
    endloop
  endfacet
  facet normal 0 0 1
    outer loop
      vertex -33.6372 -2.82289 1.6
      vertex -31.586 -1.93253 1.6
      vertex -31.7678 -1.76777 1.6
    endloop
  endfacet
  facet normal 0 0 1
    outer loop
      vertex -33.6372 -2.82289 1.6
      vertex -31.7678 -1.76777 1.6
      vertex -31.9325 -1.58598 1.6
    endloop
  endfacet
  facet normal 0 0 1
    outer loop
      vertex -33.6372 -2.82289 1.6
      vertex -31.9325 -1.58598 1.6
      vertex -32.0787 -1.38893 1.6
    endloop
  endfacet
  facet normal 0 0 1
    outer loop
      vertex -33.6372 -2.82289 1.6
      vertex -32.0787 -1.38893 1.6
      vertex -32.2048 -1.17849 1.6
    endloop
  endfacet
  facet normal 0 0 1
    outer loop
      vertex -33.6372 -2.82289 1.6
      vertex -32.2048 -1.17849 1.6
      vertex -32.3097 -0.956708 1.6
    endloop
  endfacet
  facet normal 0 0 1
    outer loop
      vertex -29.0433 -2.3097 1.6
      vertex -32.3446 -8.3602 1.6
      vertex -31.2271 -11.0213 1.6
    endloop
  endfacet
  facet normal 0 0 1
    outer loop
      vertex -33.8 0 1.6
      vertex -32.3097 -0.956708 1.6
      vertex -32.3923 -0.725711 1.6
    endloop
  endfacet
  facet normal 0 0 1
    outer loop
      vertex -33.8 0 1.6
      vertex -32.3923 -0.725711 1.6
      vertex -32.452 -0.487725 1.6
    endloop
  endfacet
  facet normal 0 0 1
    outer loop
      vertex -33.8 0 1.6
      vertex -32.452 -0.487725 1.6
      vertex -32.488 -0.245043 1.6
    endloop
  endfacet
  facet normal -0 0 1
    outer loop
      vertex -33.8 0 1.6
      vertex -32.488 -0.245043 1.6
      vertex -32.5 0 1.6
    endloop
  endfacet
  facet normal 0 0 1
    outer loop
      vertex -32.452 0.487725 1.6
      vertex -33.8 0 1.6
      vertex -32.488 0.245043 1.6
    endloop
  endfacet
  facet normal 0 0 1
    outer loop
      vertex -29.755 -2.48796 1.6
      vertex -33.1505 -5.6186 1.6
      vertex -32.3446 -8.3602 1.6
    endloop
  endfacet
  facet normal 0 0 1
    outer loop
      vertex -32.488 0.245043 1.6
      vertex -33.8 0 1.6
      vertex -32.5 0 1.6
    endloop
  endfacet
  facet normal 0 0 1
    outer loop
      vertex -31.1785 -2.2048 1.6
      vertex -33.6372 -2.82289 1.6
      vertex -33.1505 -5.6186 1.6
    endloop
  endfacet
  facet normal 0 0 1
    outer loop
      vertex -32.3097 -0.956708 1.6
      vertex -33.8 0 1.6
      vertex -33.6372 -2.82289 1.6
    endloop
  endfacet
  facet normal 0 0 1
    outer loop
      vertex -22.2368 -20.6805 1.6
      vertex -23.9002 -20.3647 1.6
      vertex -22.25 -20.95 1.6
    endloop
  endfacet
  facet normal 0 0 1
    outer loop
      vertex -22.1972 -20.4135 1.6
      vertex -23.9002 -20.3647 1.6
      vertex -22.2368 -20.6805 1.6
    endloop
  endfacet
  facet normal 0 0 1
    outer loop
      vertex -22.1316 -20.1517 1.6
      vertex -23.9002 -20.3647 1.6
      vertex -22.1972 -20.4135 1.6
    endloop
  endfacet
  facet normal 0 0 1
    outer loop
      vertex -22.0407 -19.8976 1.6
      vertex -23.9002 -20.3647 1.6
      vertex -22.1316 -20.1517 1.6
    endloop
  endfacet
  facet normal 0 0 1
    outer loop
      vertex -21.9253 -19.6537 1.6
      vertex -23.9002 -20.3647 1.6
      vertex -22.0407 -19.8976 1.6
    endloop
  endfacet
  facet normal 0 0 1
    outer loop
      vertex -21.7865 -19.4222 1.6
      vertex -23.9002 -20.3647 1.6
      vertex -21.9253 -19.6537 1.6
    endloop
  endfacet
  facet normal 0 0 1
    outer loop
      vertex -26.1278 -18.2705 1.6
      vertex -21.7865 -19.4222 1.6
      vertex -21.6258 -19.2054 1.6
    endloop
  endfacet
  facet normal 0 0 1
    outer loop
      vertex -26.1278 -18.2705 1.6
      vertex -21.6258 -19.2054 1.6
      vertex -21.4445 -19.0055 1.6
    endloop
  endfacet
  facet normal 0 0 1
    outer loop
      vertex -26.1278 -18.2705 1.6
      vertex -21.4445 -19.0055 1.6
      vertex -21.2446 -18.8242 1.6
    endloop
  endfacet
  facet normal 0 0 1
    outer loop
      vertex -26.1891 -18.2 1.6
      vertex -21.2446 -18.8242 1.6
      vertex -21.0278 -18.6635 1.6
    endloop
  endfacet
  facet normal 0 0 1
    outer loop
      vertex -26.1891 -18.2 1.6
      vertex -21.0278 -18.6635 1.6
      vertex -20.7963 -18.5247 1.6
    endloop
  endfacet
  facet normal 0 0 1
    outer loop
      vertex -21.7865 -19.4222 1.6
      vertex -26.1278 -18.2705 1.6
      vertex -23.9002 -20.3647 1.6
    endloop
  endfacet
  facet normal 0 0 1
    outer loop
      vertex -26.1891 -18.2 1.6
      vertex -20.7963 -18.5247 1.6
      vertex -20.5524 -18.4093 1.6
    endloop
  endfacet
  facet normal 0 0 1
    outer loop
      vertex -26.1891 -18.2 1.6
      vertex -20.5524 -18.4093 1.6
      vertex -20.2983 -18.3184 1.6
    endloop
  endfacet
  facet normal 0 0 1
    outer loop
      vertex -26.1891 -18.2 1.6
      vertex -20.2983 -18.3184 1.6
      vertex -20.0365 -18.2528 1.6
    endloop
  endfacet
  facet normal 0 0 1
    outer loop
      vertex -26.1891 -18.2 1.6
      vertex -20.0365 -18.2528 1.6
      vertex -19.7695 -18.2132 1.6
    endloop
  endfacet
  facet normal -0 0 1
    outer loop
      vertex -26.1891 -18.2 1.6
      vertex -19.7695 -18.2132 1.6
      vertex -19.5 -18.2 1.6
    endloop
  endfacet
  facet normal 0 0 1
    outer loop
      vertex -21.2446 -18.8242 1.6
      vertex -26.1891 -18.2 1.6
      vertex -26.1278 -18.2705 1.6
    endloop
  endfacet
  facet normal 0 0 1
    outer loop
      vertex -22.1972 -21.4865 1.6
      vertex -23.9002 -20.3647 1.6
      vertex -22.1371 -21.7263 1.6
    endloop
  endfacet
  facet normal 0 0 1
    outer loop
      vertex -22.2368 -21.2195 1.6
      vertex -23.9002 -20.3647 1.6
      vertex -22.1972 -21.4865 1.6
    endloop
  endfacet
  facet normal 0 0 1
    outer loop
      vertex -23.9002 -20.3647 1.6
      vertex -22.2368 -21.2195 1.6
      vertex -22.25 -20.95 1.6
    endloop
  endfacet
  facet normal 0 0 1
    outer loop
      vertex -22.2368 21.2195 1.6
      vertex -23.9002 20.3647 1.6
      vertex -22.25 20.95 1.6
    endloop
  endfacet
  facet normal 0 0 1
    outer loop
      vertex -22.1972 21.4865 1.6
      vertex -23.9002 20.3647 1.6
      vertex -22.2368 21.2195 1.6
    endloop
  endfacet
  facet normal 0 0 1
    outer loop
      vertex -23.9002 20.3647 1.6
      vertex -22.1972 21.4865 1.6
      vertex -22.1371 21.7263 1.6
    endloop
  endfacet
  facet normal 0 0 1
    outer loop
      vertex -12.9347 26.6077 1.6
      vertex -16.7632 21.2195 1.6
      vertex -16.75 20.95 1.6
    endloop
  endfacet
  facet normal 0 0 1
    outer loop
      vertex -12.9347 26.6077 1.6
      vertex -16.8028 21.4865 1.6
      vertex -16.7632 21.2195 1.6
    endloop
  endfacet
  facet normal 0 0 1
    outer loop
      vertex -12.9347 26.6077 1.6
      vertex -16.8684 21.7483 1.6
      vertex -16.8028 21.4865 1.6
    endloop
  endfacet
  facet normal 0 0 1
    outer loop
      vertex -15.9332 25.3993 1.6
      vertex -16.9593 22.0024 1.6
      vertex -16.8684 21.7483 1.6
    endloop
  endfacet
  facet normal 0 0 1
    outer loop
      vertex -15.9332 25.3993 1.6
      vertex -17.0747 22.2463 1.6
      vertex -16.9593 22.0024 1.6
    endloop
  endfacet
  facet normal 0 0 1
    outer loop
      vertex -15.9332 25.3993 1.6
      vertex -17.2135 22.4778 1.6
      vertex -17.0747 22.2463 1.6
    endloop
  endfacet
  facet normal 0 0 1
    outer loop
      vertex -15.9332 25.3993 1.6
      vertex -17.3742 22.6946 1.6
      vertex -17.2135 22.4778 1.6
    endloop
  endfacet
  facet normal 0 0 1
    outer loop
      vertex -15.9332 25.3993 1.6
      vertex -17.5555 22.8945 1.6
      vertex -17.3742 22.6946 1.6
    endloop
  endfacet
  facet normal 0 0 1
    outer loop
      vertex -15.9332 25.3993 1.6
      vertex -17.7554 23.0758 1.6
      vertex -17.5555 22.8945 1.6
    endloop
  endfacet
  facet normal 0 0 1
    outer loop
      vertex -15.9332 25.3993 1.6
      vertex -17.9722 23.2365 1.6
      vertex -17.7554 23.0758 1.6
    endloop
  endfacet
  facet normal 0 0 1
    outer loop
      vertex -15.9332 25.3993 1.6
      vertex -18.2037 23.3753 1.6
      vertex -17.9722 23.2365 1.6
    endloop
  endfacet
  facet normal -0 0 1
    outer loop
      vertex -18.7783 23.9463 1.6
      vertex -18.2037 23.3753 1.6
      vertex -15.9332 25.3993 1.6
    endloop
  endfacet
  facet normal 0 0 1
    outer loop
      vertex -18.2037 23.3753 1.6
      vertex -18.7783 23.9463 1.6
      vertex -18.4476 23.4907 1.6
    endloop
  endfacet
  facet normal 0 0 1
    outer loop
      vertex -18.4476 23.4907 1.6
      vertex -18.7783 23.9463 1.6
      vertex -18.7017 23.5816 1.6
    endloop
  endfacet
  facet normal 0 0 1
    outer loop
      vertex -18.7783 23.9463 1.6
      vertex -18.9635 23.6472 1.6
      vertex -18.7017 23.5816 1.6
    endloop
  endfacet
  facet normal 0 -0 1
    outer loop
      vertex -18.9635 23.6472 1.6
      vertex -18.7783 23.9463 1.6
      vertex -19.1969 23.6818 1.6
    endloop
  endfacet
  facet normal 0 0 1
    outer loop
      vertex 23.9002 20.3647 1.6
      vertex 26.1891 18.2 1.6
      vertex 26.1278 18.2705 1.6
    endloop
  endfacet
  facet normal 0 0 1
    outer loop
      vertex 21.4425 22.2627 1.6
      vertex 26.1891 18.2 1.6
      vertex 23.9002 20.3647 1.6
    endloop
  endfacet
  facet normal 0 0 1
    outer loop
      vertex 18.7783 23.9463 1.6
      vertex 26.1891 18.2 1.6
      vertex 21.4425 22.2627 1.6
    endloop
  endfacet
  facet normal 0 0 1
    outer loop
      vertex -17.5555 19.0055 1.6
      vertex 18.7783 23.9463 1.6
      vertex 15.9332 25.3993 1.6
    endloop
  endfacet
  facet normal 0 0 1
    outer loop
      vertex -17.5555 19.0055 1.6
      vertex 15.9332 25.3993 1.6
      vertex 12.9347 26.6077 1.6
    endloop
  endfacet
  facet normal 0 0 1
    outer loop
      vertex -17.5555 19.0055 1.6
      vertex 12.9347 26.6077 1.6
      vertex 9.81162 27.5599 1.6
    endloop
  endfacet
  facet normal 0 0 1
    outer loop
      vertex -17.3742 19.2054 1.6
      vertex 9.81162 27.5599 1.6
      vertex 6.59405 28.2466 1.6
    endloop
  endfacet
  facet normal 0 0 1
    outer loop
      vertex -17.3742 19.2054 1.6
      vertex 6.59405 28.2466 1.6
      vertex 3.31298 28.6613 1.6
    endloop
  endfacet
  facet normal 0 0 1
    outer loop
      vertex -17.2135 19.4222 1.6
      vertex 3.31298 28.6613 1.6
      vertex 0 28.8 1.6
    endloop
  endfacet
  facet normal 0 0 1
    outer loop
      vertex -17.2135 19.4222 1.6
      vertex 0 28.8 1.6
      vertex -3.31298 28.6613 1.6
    endloop
  endfacet
  facet normal 0 0 1
    outer loop
      vertex -17.0747 19.6537 1.6
      vertex -3.31298 28.6613 1.6
      vertex -6.59405 28.2466 1.6
    endloop
  endfacet
  facet normal 0 0 1
    outer loop
      vertex -16.8684 20.1517 1.6
      vertex -6.59405 28.2466 1.6
      vertex -9.81162 27.5599 1.6
    endloop
  endfacet
  facet normal 0 0 1
    outer loop
      vertex -16.7632 20.6805 1.6
      vertex -9.81162 27.5599 1.6
      vertex -12.9347 26.6077 1.6
    endloop
  endfacet
  facet normal 0 0 1
    outer loop
      vertex -16.8684 21.7483 1.6
      vertex -12.9347 26.6077 1.6
      vertex -15.9332 25.3993 1.6
    endloop
  endfacet
  facet normal 0 0 1
    outer loop
      vertex -12.9347 26.6077 1.6
      vertex -16.75 20.95 1.6
      vertex -16.7632 20.6805 1.6
    endloop
  endfacet
  facet normal 0 0 1
    outer loop
      vertex -9.81162 27.5599 1.6
      vertex -16.7632 20.6805 1.6
      vertex -16.8028 20.4135 1.6
    endloop
  endfacet
  facet normal 0 0 1
    outer loop
      vertex -9.81162 27.5599 1.6
      vertex -16.8028 20.4135 1.6
      vertex -16.8684 20.1517 1.6
    endloop
  endfacet
  facet normal 0 0 1
    outer loop
      vertex -6.59405 28.2466 1.6
      vertex -16.8684 20.1517 1.6
      vertex -16.9593 19.8976 1.6
    endloop
  endfacet
  facet normal 0 0 1
    outer loop
      vertex -6.59405 28.2466 1.6
      vertex -16.9593 19.8976 1.6
      vertex -17.0747 19.6537 1.6
    endloop
  endfacet
  facet normal 0 0 1
    outer loop
      vertex -3.31298 28.6613 1.6
      vertex -17.0747 19.6537 1.6
      vertex -17.2135 19.4222 1.6
    endloop
  endfacet
  facet normal 0 0 1
    outer loop
      vertex 3.31298 28.6613 1.6
      vertex -17.2135 19.4222 1.6
      vertex -17.3742 19.2054 1.6
    endloop
  endfacet
  facet normal 0 0 1
    outer loop
      vertex 9.81162 27.5599 1.6
      vertex -17.3742 19.2054 1.6
      vertex -17.5555 19.0055 1.6
    endloop
  endfacet
  facet normal 0 0 1
    outer loop
      vertex 18.7783 23.9463 1.6
      vertex -17.5555 19.0055 1.6
      vertex 26.1891 18.2 1.6
    endloop
  endfacet
  facet normal -0 0 1
    outer loop
      vertex -17.7554 18.8242 1.6
      vertex 26.1891 18.2 1.6
      vertex -17.5555 19.0055 1.6
    endloop
  endfacet
  facet normal -0 0 1
    outer loop
      vertex -17.9722 18.6635 1.6
      vertex 26.1891 18.2 1.6
      vertex -17.7554 18.8242 1.6
    endloop
  endfacet
  facet normal -0 0 1
    outer loop
      vertex -18.2037 18.5247 1.6
      vertex 26.1891 18.2 1.6
      vertex -17.9722 18.6635 1.6
    endloop
  endfacet
  facet normal -0 0 1
    outer loop
      vertex -18.4476 18.4093 1.6
      vertex 26.1891 18.2 1.6
      vertex -18.2037 18.5247 1.6
    endloop
  endfacet
  facet normal -0 0 1
    outer loop
      vertex -18.7017 18.3184 1.6
      vertex 26.1891 18.2 1.6
      vertex -18.4476 18.4093 1.6
    endloop
  endfacet
  facet normal -0 0 1
    outer loop
      vertex -18.9635 18.2528 1.6
      vertex 26.1891 18.2 1.6
      vertex -18.7017 18.3184 1.6
    endloop
  endfacet
  facet normal -0 0 1
    outer loop
      vertex -19.2305 18.2132 1.6
      vertex 26.1891 18.2 1.6
      vertex -18.9635 18.2528 1.6
    endloop
  endfacet
  facet normal 0 0 1
    outer loop
      vertex -19.5 18.2 1.6
      vertex 26.1891 18.2 1.6
      vertex -19.2305 18.2132 1.6
    endloop
  endfacet
  facet normal 0 0 1
    outer loop
      vertex -23.9002 20.3647 1.6
      vertex -22.2368 20.6805 1.6
      vertex -22.25 20.95 1.6
    endloop
  endfacet
  facet normal 0 0 1
    outer loop
      vertex -23.9002 20.3647 1.6
      vertex -22.1972 20.4135 1.6
      vertex -22.2368 20.6805 1.6
    endloop
  endfacet
  facet normal -0 0 1
    outer loop
      vertex -23.9002 20.3647 1.6
      vertex -22.1316 20.1517 1.6
      vertex -22.1972 20.4135 1.6
    endloop
  endfacet
  facet normal 0 0 1
    outer loop
      vertex -23.9002 20.3647 1.6
      vertex -22.0407 19.8976 1.6
      vertex -22.1316 20.1517 1.6
    endloop
  endfacet
  facet normal 0 0 1
    outer loop
      vertex -23.9002 20.3647 1.6
      vertex -21.9253 19.6537 1.6
      vertex -22.0407 19.8976 1.6
    endloop
  endfacet
  facet normal 0 0 1
    outer loop
      vertex -23.9002 20.3647 1.6
      vertex -21.7865 19.4222 1.6
      vertex -21.9253 19.6537 1.6
    endloop
  endfacet
  facet normal 0 0 1
    outer loop
      vertex -26.1278 18.2705 1.6
      vertex -21.7865 19.4222 1.6
      vertex -23.9002 20.3647 1.6
    endloop
  endfacet
  facet normal 0 0 1
    outer loop
      vertex -21.7865 19.4222 1.6
      vertex -26.1278 18.2705 1.6
      vertex -21.6258 19.2054 1.6
    endloop
  endfacet
  facet normal 0 0 1
    outer loop
      vertex -21.6258 19.2054 1.6
      vertex -26.1278 18.2705 1.6
      vertex -21.4445 19.0055 1.6
    endloop
  endfacet
  facet normal 0 0 1
    outer loop
      vertex -21.4445 19.0055 1.6
      vertex -26.1278 18.2705 1.6
      vertex -21.2446 18.8242 1.6
    endloop
  endfacet
  facet normal 0 0 1
    outer loop
      vertex -26.1891 18.2 1.6
      vertex -21.2446 18.8242 1.6
      vertex -26.1278 18.2705 1.6
    endloop
  endfacet
  facet normal 0 0 1
    outer loop
      vertex -21.2446 18.8242 1.6
      vertex -26.1891 18.2 1.6
      vertex -21.0278 18.6635 1.6
    endloop
  endfacet
  facet normal 0 0 1
    outer loop
      vertex -21.0278 18.6635 1.6
      vertex -26.1891 18.2 1.6
      vertex -20.7963 18.5247 1.6
    endloop
  endfacet
  facet normal 0 0 1
    outer loop
      vertex -20.7963 18.5247 1.6
      vertex -26.1891 18.2 1.6
      vertex -20.5524 18.4093 1.6
    endloop
  endfacet
  facet normal 0 0 1
    outer loop
      vertex -20.5524 18.4093 1.6
      vertex -26.1891 18.2 1.6
      vertex -20.2983 18.3184 1.6
    endloop
  endfacet
  facet normal 0 0 1
    outer loop
      vertex -20.2983 18.3184 1.6
      vertex -26.1891 18.2 1.6
      vertex -20.0365 18.2528 1.6
    endloop
  endfacet
  facet normal 0 0 1
    outer loop
      vertex -20.0365 18.2528 1.6
      vertex -26.1891 18.2 1.6
      vertex -19.7695 18.2132 1.6
    endloop
  endfacet
  facet normal 0 0 -0
    outer loop
      vertex -19.5 18.2 1.6
      vertex -26.1891 18.2 1.6
      vertex 26.1891 18.2 1.6
    endloop
  endfacet
  facet normal 0 0 1
    outer loop
      vertex -19.7695 18.2132 1.6
      vertex -26.1891 18.2 1.6
      vertex -19.5 18.2 1.6
    endloop
  endfacet
  facet normal 0 0 1
    outer loop
      vertex 21.2446 -18.8242 1.6
      vertex 26.1278 -18.2705 1.6
      vertex 26.1891 -18.2 1.6
    endloop
  endfacet
  facet normal 0 0 1
    outer loop
      vertex 26.1278 -18.2705 1.6
      vertex 21.7865 -19.4222 1.6
      vertex 23.9002 -20.3647 1.6
    endloop
  endfacet
  facet normal 0 0 1
    outer loop
      vertex 23.9002 -20.3647 1.6
      vertex 22.2368 -20.6805 1.6
      vertex 22.25 -20.95 1.6
    endloop
  endfacet
  facet normal 0 0 1
    outer loop
      vertex 23.9002 -20.3647 1.6
      vertex 22.1972 -20.4135 1.6
      vertex 22.2368 -20.6805 1.6
    endloop
  endfacet
  facet normal 0 0 1
    outer loop
      vertex 23.9002 -20.3647 1.6
      vertex 22.1316 -20.1517 1.6
      vertex 22.1972 -20.4135 1.6
    endloop
  endfacet
  facet normal 0 0 1
    outer loop
      vertex 23.9002 -20.3647 1.6
      vertex 22.0407 -19.8976 1.6
      vertex 22.1316 -20.1517 1.6
    endloop
  endfacet
  facet normal 0 0 1
    outer loop
      vertex 23.9002 -20.3647 1.6
      vertex 21.9253 -19.6537 1.6
      vertex 22.0407 -19.8976 1.6
    endloop
  endfacet
  facet normal 0 0 1
    outer loop
      vertex 23.9002 -20.3647 1.6
      vertex 21.7865 -19.4222 1.6
      vertex 21.9253 -19.6537 1.6
    endloop
  endfacet
  facet normal 0 0 1
    outer loop
      vertex 26.1278 -18.2705 1.6
      vertex 21.6258 -19.2054 1.6
      vertex 21.7865 -19.4222 1.6
    endloop
  endfacet
  facet normal 0 0 1
    outer loop
      vertex 26.1278 -18.2705 1.6
      vertex 21.4445 -19.0055 1.6
      vertex 21.6258 -19.2054 1.6
    endloop
  endfacet
  facet normal 0 0 1
    outer loop
      vertex 26.1278 -18.2705 1.6
      vertex 21.2446 -18.8242 1.6
      vertex 21.4445 -19.0055 1.6
    endloop
  endfacet
  facet normal 0 0 1
    outer loop
      vertex 26.1891 -18.2 1.6
      vertex 21.0278 -18.6635 1.6
      vertex 21.2446 -18.8242 1.6
    endloop
  endfacet
  facet normal 0 0 1
    outer loop
      vertex 26.1891 -18.2 1.6
      vertex 20.7963 -18.5247 1.6
      vertex 21.0278 -18.6635 1.6
    endloop
  endfacet
  facet normal 0 0 1
    outer loop
      vertex 26.1891 -18.2 1.6
      vertex 20.5524 -18.4093 1.6
      vertex 20.7963 -18.5247 1.6
    endloop
  endfacet
  facet normal 0 0 1
    outer loop
      vertex 26.1891 -18.2 1.6
      vertex 20.2983 -18.3184 1.6
      vertex 20.5524 -18.4093 1.6
    endloop
  endfacet
  facet normal 0 0 1
    outer loop
      vertex 26.1891 -18.2 1.6
      vertex 20.0365 -18.2528 1.6
      vertex 20.2983 -18.3184 1.6
    endloop
  endfacet
  facet normal 0 0 1
    outer loop
      vertex 26.1891 -18.2 1.6
      vertex 19.7695 -18.2132 1.6
      vertex 20.0365 -18.2528 1.6
    endloop
  endfacet
  facet normal 0 -0 1
    outer loop
      vertex 19.7695 -18.2132 1.6
      vertex 26.1891 -18.2 1.6
      vertex 19.5 -18.2 1.6
    endloop
  endfacet
  facet normal 0 0 1
    outer loop
      vertex 22.2368 -21.2195 1.6
      vertex 23.9002 -20.3647 1.6
      vertex 22.25 -20.95 1.6
    endloop
  endfacet
  facet normal 0 0 1
    outer loop
      vertex 22.1972 -21.4865 1.6
      vertex 23.9002 -20.3647 1.6
      vertex 22.2368 -21.2195 1.6
    endloop
  endfacet
  facet normal 0 0 1
    outer loop
      vertex 23.9002 -20.3647 1.6
      vertex 22.1972 -21.4865 1.6
      vertex 22.1371 -21.7263 1.6
    endloop
  endfacet
  facet normal -0 0 1
    outer loop
      vertex 32.3097 0.956708 1.6
      vertex 33.8 0 1.6
      vertex 33.6372 2.82289 1.6
    endloop
  endfacet
  facet normal 0 0 1
    outer loop
      vertex 31.1785 2.2048 1.6
      vertex 33.6372 2.82289 1.6
      vertex 33.1505 5.6186 1.6
    endloop
  endfacet
  facet normal 0 0 1
    outer loop
      vertex 33.8 0 1.6
      vertex 32.452 0.487725 1.6
      vertex 32.488 0.245043 1.6
    endloop
  endfacet
  facet normal 0 0 1
    outer loop
      vertex 32.452 -0.487725 1.6
      vertex 33.8 0 1.6
      vertex 32.488 -0.245043 1.6
    endloop
  endfacet
  facet normal 0 0 1
    outer loop
      vertex 32.488 -0.245043 1.6
      vertex 33.8 0 1.6
      vertex 32.5 0 1.6
    endloop
  endfacet
  facet normal 0 0 1
    outer loop
      vertex 33.8 0 1.6
      vertex 32.488 0.245043 1.6
      vertex 32.5 0 1.6
    endloop
  endfacet
  facet normal 0 0 1
    outer loop
      vertex 33.8 0 1.6
      vertex 32.3923 0.725711 1.6
      vertex 32.452 0.487725 1.6
    endloop
  endfacet
  facet normal 0 0 1
    outer loop
      vertex 29.755 2.48796 1.6
      vertex 33.1505 5.6186 1.6
      vertex 32.3446 8.3602 1.6
    endloop
  endfacet
  facet normal 0 0 1
    outer loop
      vertex 33.8 0 1.6
      vertex 32.3097 0.956708 1.6
      vertex 32.3923 0.725711 1.6
    endloop
  endfacet
  facet normal 0 0 1
    outer loop
      vertex 33.6372 2.82289 1.6
      vertex 32.2048 1.17849 1.6
      vertex 32.3097 0.956708 1.6
    endloop
  endfacet
  facet normal 0 0 1
    outer loop
      vertex 33.6372 2.82289 1.6
      vertex 32.0787 1.38893 1.6
      vertex 32.2048 1.17849 1.6
    endloop
  endfacet
  facet normal 0 0 1
    outer loop
      vertex 33.6372 2.82289 1.6
      vertex 31.9325 1.58598 1.6
      vertex 32.0787 1.38893 1.6
    endloop
  endfacet
  facet normal 0 0 1
    outer loop
      vertex 33.6372 2.82289 1.6
      vertex 31.7678 1.76777 1.6
      vertex 31.9325 1.58598 1.6
    endloop
  endfacet
  facet normal 0 0 1
    outer loop
      vertex 33.6372 2.82289 1.6
      vertex 31.586 1.93253 1.6
      vertex 31.7678 1.76777 1.6
    endloop
  endfacet
  facet normal 0 0 1
    outer loop
      vertex 33.6372 2.82289 1.6
      vertex 31.3889 2.07867 1.6
      vertex 31.586 1.93253 1.6
    endloop
  endfacet
  facet normal 0 0 1
    outer loop
      vertex 29.0433 2.3097 1.6
      vertex 32.3446 8.3602 1.6
      vertex 31.2271 11.0213 1.6
    endloop
  endfacet
  facet normal 0 0 1
    outer loop
      vertex 33.6372 2.82289 1.6
      vertex 31.1785 2.2048 1.6
      vertex 31.3889 2.07867 1.6
    endloop
  endfacet
  facet normal 0 0 1
    outer loop
      vertex 33.1505 5.6186 1.6
      vertex 30.9567 2.3097 1.6
      vertex 31.1785 2.2048 1.6
    endloop
  endfacet
  facet normal 0 0 1
    outer loop
      vertex 33.1505 5.6186 1.6
      vertex 30.7257 2.39235 1.6
      vertex 30.9567 2.3097 1.6
    endloop
  endfacet
  facet normal 0 0 1
    outer loop
      vertex 33.1505 5.6186 1.6
      vertex 30.4877 2.45196 1.6
      vertex 30.7257 2.39235 1.6
    endloop
  endfacet
  facet normal 0 0 1
    outer loop
      vertex 33.1505 5.6186 1.6
      vertex 30.245 2.48796 1.6
      vertex 30.4877 2.45196 1.6
    endloop
  endfacet
  facet normal 0 0 1
    outer loop
      vertex 33.1505 5.6186 1.6
      vertex 30 2.5 1.6
      vertex 30.245 2.48796 1.6
    endloop
  endfacet
  facet normal 0 0 1
    outer loop
      vertex 28.414 1.93253 1.6
      vertex 31.2271 11.0213 1.6
      vertex 29.8089 13.5762 1.6
    endloop
  endfacet
  facet normal 0 0 1
    outer loop
      vertex 33.1505 5.6186 1.6
      vertex 29.755 2.48796 1.6
      vertex 30 2.5 1.6
    endloop
  endfacet
  facet normal 0 0 1
    outer loop
      vertex 32.3446 8.3602 1.6
      vertex 29.5123 2.45196 1.6
      vertex 29.755 2.48796 1.6
    endloop
  endfacet
  facet normal 0 0 1
    outer loop
      vertex 32.3446 8.3602 1.6
      vertex 29.2743 2.39235 1.6
      vertex 29.5123 2.45196 1.6
    endloop
  endfacet
  facet normal 0 0 1
    outer loop
      vertex 32.3446 8.3602 1.6
      vertex 29.0433 2.3097 1.6
      vertex 29.2743 2.39235 1.6
    endloop
  endfacet
  facet normal 0 0 1
    outer loop
      vertex 31.2271 11.0213 1.6
      vertex 28.8215 2.2048 1.6
      vertex 29.0433 2.3097 1.6
    endloop
  endfacet
  facet normal 0 0 1
    outer loop
      vertex 31.2271 11.0213 1.6
      vertex 28.6111 2.07867 1.6
      vertex 28.8215 2.2048 1.6
    endloop
  endfacet
  facet normal 0 0 1
    outer loop
      vertex 31.2271 11.0213 1.6
      vertex 28.414 1.93253 1.6
      vertex 28.6111 2.07867 1.6
    endloop
  endfacet
  facet normal 0 0 1
    outer loop
      vertex 29.8089 13.5762 1.6
      vertex 28.2322 1.76777 1.6
      vertex 28.414 1.93253 1.6
    endloop
  endfacet
  facet normal 0 0 1
    outer loop
      vertex 28.1037 16.0004 1.6
      vertex 28.2322 1.76777 1.6
      vertex 29.8089 13.5762 1.6
    endloop
  endfacet
  facet normal 0 0 1
    outer loop
      vertex 28.1037 16.0004 1.6
      vertex 28.0675 1.58598 1.6
      vertex 28.2322 1.76777 1.6
    endloop
  endfacet
  facet normal 0 0 1
    outer loop
      vertex 28.1037 16.0004 1.6
      vertex 27.9213 1.38893 1.6
      vertex 28.0675 1.58598 1.6
    endloop
  endfacet
  facet normal 0 0 1
    outer loop
      vertex 26.2 18.1875 1.6
      vertex 27.9213 1.38893 1.6
      vertex 28.1037 16.0004 1.6
    endloop
  endfacet
  facet normal 0 0 1
    outer loop
      vertex 27.9213 1.38893 1.6
      vertex 26.2 18.1875 1.6
      vertex 27.7952 1.17849 1.6
    endloop
  endfacet
  facet normal 0 0 1
    outer loop
      vertex 27.7952 1.17849 1.6
      vertex 26.2 18.1875 1.6
      vertex 27.6903 0.956708 1.6
    endloop
  endfacet
  facet normal 0 0 1
    outer loop
      vertex 27.6903 0.956708 1.6
      vertex 26.2 18.1875 1.6
      vertex 27.6076 0.725711 1.6
    endloop
  endfacet
  facet normal 0 0 1
    outer loop
      vertex 27.6076 0.725711 1.6
      vertex 26.2 18.1875 1.6
      vertex 27.548 0.487725 1.6
    endloop
  endfacet
  facet normal 0 0 1
    outer loop
      vertex 27.548 0.487725 1.6
      vertex 26.2 18.1875 1.6
      vertex 27.512 0.245043 1.6
    endloop
  endfacet
  facet normal 0 0 1
    outer loop
      vertex 27.512 0.245043 1.6
      vertex 26.2 18.1875 1.6
      vertex 27.5 0 1.6
    endloop
  endfacet
  facet normal 0 0 1
    outer loop
      vertex 32.3923 -0.725711 1.6
      vertex 33.8 0 1.6
      vertex 32.452 -0.487725 1.6
    endloop
  endfacet
  facet normal 0 0 1
    outer loop
      vertex 32.3097 -0.956708 1.6
      vertex 33.8 0 1.6
      vertex 32.3923 -0.725711 1.6
    endloop
  endfacet
  facet normal 0 0 1
    outer loop
      vertex 33.8 0 1.6
      vertex 32.3097 -0.956708 1.6
      vertex 33.6372 -2.82289 1.6
    endloop
  endfacet
  facet normal -0 0 1
    outer loop
      vertex 32.2048 -1.17849 1.6
      vertex 33.6372 -2.82289 1.6
      vertex 32.3097 -0.956708 1.6
    endloop
  endfacet
  facet normal -0 0 1
    outer loop
      vertex 32.0787 -1.38893 1.6
      vertex 33.6372 -2.82289 1.6
      vertex 32.2048 -1.17849 1.6
    endloop
  endfacet
  facet normal -0 0 1
    outer loop
      vertex 31.9325 -1.58598 1.6
      vertex 33.6372 -2.82289 1.6
      vertex 32.0787 -1.38893 1.6
    endloop
  endfacet
  facet normal -0 0 1
    outer loop
      vertex 31.7678 -1.76777 1.6
      vertex 33.6372 -2.82289 1.6
      vertex 31.9325 -1.58598 1.6
    endloop
  endfacet
  facet normal -0 0 1
    outer loop
      vertex 31.586 -1.93253 1.6
      vertex 33.6372 -2.82289 1.6
      vertex 31.7678 -1.76777 1.6
    endloop
  endfacet
  facet normal -0 0 1
    outer loop
      vertex 31.3889 -2.07867 1.6
      vertex 33.6372 -2.82289 1.6
      vertex 31.586 -1.93253 1.6
    endloop
  endfacet
  facet normal -0 0 1
    outer loop
      vertex 31.1785 -2.2048 1.6
      vertex 33.6372 -2.82289 1.6
      vertex 31.3889 -2.07867 1.6
    endloop
  endfacet
  facet normal 0 0 1
    outer loop
      vertex 33.6372 -2.82289 1.6
      vertex 31.1785 -2.2048 1.6
      vertex 33.1505 -5.6186 1.6
    endloop
  endfacet
  facet normal -0 0 1
    outer loop
      vertex 30.9567 -2.3097 1.6
      vertex 33.1505 -5.6186 1.6
      vertex 31.1785 -2.2048 1.6
    endloop
  endfacet
  facet normal -0 0 1
    outer loop
      vertex 30.7257 -2.39235 1.6
      vertex 33.1505 -5.6186 1.6
      vertex 30.9567 -2.3097 1.6
    endloop
  endfacet
  facet normal -0 0 1
    outer loop
      vertex 30.4877 -2.45196 1.6
      vertex 33.1505 -5.6186 1.6
      vertex 30.7257 -2.39235 1.6
    endloop
  endfacet
  facet normal -0 0 1
    outer loop
      vertex 30.245 -2.48796 1.6
      vertex 33.1505 -5.6186 1.6
      vertex 30.4877 -2.45196 1.6
    endloop
  endfacet
  facet normal -0 0 1
    outer loop
      vertex 30 -2.5 1.6
      vertex 33.1505 -5.6186 1.6
      vertex 30.245 -2.48796 1.6
    endloop
  endfacet
  facet normal 0 0 1
    outer loop
      vertex 29.755 -2.48796 1.6
      vertex 33.1505 -5.6186 1.6
      vertex 30 -2.5 1.6
    endloop
  endfacet
  facet normal 0 0 1
    outer loop
      vertex 33.1505 -5.6186 1.6
      vertex 29.755 -2.48796 1.6
      vertex 32.3446 -8.3602 1.6
    endloop
  endfacet
  facet normal 0 0 1
    outer loop
      vertex 29.5123 -2.45196 1.6
      vertex 32.3446 -8.3602 1.6
      vertex 29.755 -2.48796 1.6
    endloop
  endfacet
  facet normal 0 0 1
    outer loop
      vertex 29.2743 -2.39235 1.6
      vertex 32.3446 -8.3602 1.6
      vertex 29.5123 -2.45196 1.6
    endloop
  endfacet
  facet normal 0 0 1
    outer loop
      vertex 29.0433 -2.3097 1.6
      vertex 32.3446 -8.3602 1.6
      vertex 29.2743 -2.39235 1.6
    endloop
  endfacet
  facet normal 0 0 1
    outer loop
      vertex 32.3446 -8.3602 1.6
      vertex 29.0433 -2.3097 1.6
      vertex 31.2271 -11.0213 1.6
    endloop
  endfacet
  facet normal 0 0 1
    outer loop
      vertex 28.8215 -2.2048 1.6
      vertex 31.2271 -11.0213 1.6
      vertex 29.0433 -2.3097 1.6
    endloop
  endfacet
  facet normal 0 0 1
    outer loop
      vertex 28.6111 -2.07867 1.6
      vertex 31.2271 -11.0213 1.6
      vertex 28.8215 -2.2048 1.6
    endloop
  endfacet
  facet normal 0 0 1
    outer loop
      vertex 28.414 -1.93253 1.6
      vertex 31.2271 -11.0213 1.6
      vertex 28.6111 -2.07867 1.6
    endloop
  endfacet
  facet normal 0 0 1
    outer loop
      vertex 31.2271 -11.0213 1.6
      vertex 28.414 -1.93253 1.6
      vertex 29.8089 -13.5762 1.6
    endloop
  endfacet
  facet normal 0 0 1
    outer loop
      vertex 28.2322 -1.76777 1.6
      vertex 29.8089 -13.5762 1.6
      vertex 28.414 -1.93253 1.6
    endloop
  endfacet
  facet normal 0 0 1
    outer loop
      vertex 28.2322 -1.76777 1.6
      vertex 28.1037 -16.0004 1.6
      vertex 29.8089 -13.5762 1.6
    endloop
  endfacet
  facet normal 0 0 1
    outer loop
      vertex 28.0675 -1.58598 1.6
      vertex 28.1037 -16.0004 1.6
      vertex 28.2322 -1.76777 1.6
    endloop
  endfacet
  facet normal 0 0 1
    outer loop
      vertex 27.9213 -1.38893 1.6
      vertex 28.1037 -16.0004 1.6
      vertex 28.0675 -1.58598 1.6
    endloop
  endfacet
  facet normal 0 0 1
    outer loop
      vertex 26.2 -18.1875 1.6
      vertex 27.9213 -1.38893 1.6
      vertex 27.7952 -1.17849 1.6
    endloop
  endfacet
  facet normal 0 0 1
    outer loop
      vertex 26.2 -18.1875 1.6
      vertex 27.7952 -1.17849 1.6
      vertex 27.6903 -0.956708 1.6
    endloop
  endfacet
  facet normal 0 0 1
    outer loop
      vertex 26.2 -18.1875 1.6
      vertex 27.6903 -0.956708 1.6
      vertex 27.6076 -0.725711 1.6
    endloop
  endfacet
  facet normal 0 0 1
    outer loop
      vertex 26.2 -18.1875 1.6
      vertex 27.6076 -0.725711 1.6
      vertex 27.548 -0.487725 1.6
    endloop
  endfacet
  facet normal 0 0 1
    outer loop
      vertex 26.2 -18.1875 1.6
      vertex 27.548 -0.487725 1.6
      vertex 27.512 -0.245043 1.6
    endloop
  endfacet
  facet normal 0 0 1
    outer loop
      vertex 26.2 -18.1875 1.6
      vertex 27.512 -0.245043 1.6
      vertex 27.5 0 1.6
    endloop
  endfacet
  facet normal 0 0 1
    outer loop
      vertex 26.2 -18.1875 1.6
      vertex 27.5 0 1.6
      vertex 26.2 18.1875 1.6
    endloop
  endfacet
  facet normal 0 0 1
    outer loop
      vertex 27.9213 -1.38893 1.6
      vertex 26.2 -18.1875 1.6
      vertex 28.1037 -16.0004 1.6
    endloop
  endfacet
  facet normal 0 0 1
    outer loop
      vertex 12.9347 -26.6077 1.6
      vertex 16.75 -20.95 1.6
      vertex 16.7632 -20.6805 1.6
    endloop
  endfacet
  facet normal 0 0 1
    outer loop
      vertex 9.81162 -27.5599 1.6
      vertex 16.7632 -20.6805 1.6
      vertex 16.8028 -20.4135 1.6
    endloop
  endfacet
  facet normal 0 0 1
    outer loop
      vertex 16.75 -20.95 1.6
      vertex 12.9347 -26.6077 1.6
      vertex 15.9332 -25.3993 1.6
    endloop
  endfacet
  facet normal 0 0 1
    outer loop
      vertex 9.81162 -27.5599 1.6
      vertex 16.8028 -20.4135 1.6
      vertex 16.8684 -20.1517 1.6
    endloop
  endfacet
  facet normal 0 0 1
    outer loop
      vertex 6.59405 -28.2466 1.6
      vertex 16.8684 -20.1517 1.6
      vertex 16.9593 -19.8976 1.6
    endloop
  endfacet
  facet normal 0 0 1
    outer loop
      vertex 6.59405 -28.2466 1.6
      vertex 16.9593 -19.8976 1.6
      vertex 17.0747 -19.6537 1.6
    endloop
  endfacet
  facet normal 0 0 1
    outer loop
      vertex 16.7632 -20.6805 1.6
      vertex 9.81162 -27.5599 1.6
      vertex 12.9347 -26.6077 1.6
    endloop
  endfacet
  facet normal 0 0 1
    outer loop
      vertex 3.31298 -28.6613 1.6
      vertex 17.0747 -19.6537 1.6
      vertex 17.2135 -19.4222 1.6
    endloop
  endfacet
  facet normal 0 0 1
    outer loop
      vertex -17.2135 -19.4222 1.6
      vertex 17.2135 -19.4222 1.6
      vertex 17.3742 -19.2054 1.6
    endloop
  endfacet
  facet normal 0 0 1
    outer loop
      vertex 16.8684 -20.1517 1.6
      vertex 6.59405 -28.2466 1.6
      vertex 9.81162 -27.5599 1.6
    endloop
  endfacet
  facet normal 0 0 1
    outer loop
      vertex -17.3742 -19.2054 1.6
      vertex 17.3742 -19.2054 1.6
      vertex 17.5555 -19.0055 1.6
    endloop
  endfacet
  facet normal 0 0 1
    outer loop
      vertex -17.5555 -19.0055 1.6
      vertex 17.5555 -19.0055 1.6
      vertex 17.7554 -18.8242 1.6
    endloop
  endfacet
  facet normal 0 0 1
    outer loop
      vertex 17.0747 -19.6537 1.6
      vertex 3.31298 -28.6613 1.6
      vertex 6.59405 -28.2466 1.6
    endloop
  endfacet
  facet normal 0 0 1
    outer loop
      vertex -17.7554 -18.8242 1.6
      vertex 17.7554 -18.8242 1.6
      vertex 17.9722 -18.6635 1.6
    endloop
  endfacet
  facet normal 0 0 1
    outer loop
      vertex 17.2135 -19.4222 1.6
      vertex 0 -28.8 1.6
      vertex 3.31298 -28.6613 1.6
    endloop
  endfacet
  facet normal 0 0 1
    outer loop
      vertex -17.9722 -18.6635 1.6
      vertex 17.9722 -18.6635 1.6
      vertex 18.2037 -18.5247 1.6
    endloop
  endfacet
  facet normal 0 0 1
    outer loop
      vertex 17.2135 -19.4222 1.6
      vertex -17.2135 -19.4222 1.6
      vertex 0 -28.8 1.6
    endloop
  endfacet
  facet normal 0 0 1
    outer loop
      vertex -18.2037 -18.5247 1.6
      vertex 18.2037 -18.5247 1.6
      vertex 18.4476 -18.4093 1.6
    endloop
  endfacet
  facet normal 0 0 1
    outer loop
      vertex 0 -28.8 1.6
      vertex -17.2135 -19.4222 1.6
      vertex -3.31298 -28.6613 1.6
    endloop
  endfacet
  facet normal 0 0 1
    outer loop
      vertex -3.31298 -28.6613 1.6
      vertex -17.0747 -19.6537 1.6
      vertex -6.59405 -28.2466 1.6
    endloop
  endfacet
  facet normal 0 0 1
    outer loop
      vertex -18.4476 -18.4093 1.6
      vertex 18.4476 -18.4093 1.6
      vertex 18.7017 -18.3184 1.6
    endloop
  endfacet
  facet normal -0 -0 1
    outer loop
      vertex -16.9593 -19.8976 1.6
      vertex -6.59405 -28.2466 1.6
      vertex -17.0747 -19.6537 1.6
    endloop
  endfacet
  facet normal -0 -0 1
    outer loop
      vertex -16.8028 -20.4135 1.6
      vertex -9.81162 -27.5599 1.6
      vertex -16.8684 -20.1517 1.6
    endloop
  endfacet
  facet normal 0 0 1
    outer loop
      vertex -18.7017 -18.3184 1.6
      vertex 18.7017 -18.3184 1.6
      vertex 18.9635 -18.2528 1.6
    endloop
  endfacet
  facet normal -0 0 1
    outer loop
      vertex -16.7632 -21.2195 1.6
      vertex -12.9347 -26.6077 1.6
      vertex -16.75 -20.95 1.6
    endloop
  endfacet
  facet normal 0 0 1
    outer loop
      vertex -18.9635 -18.2528 1.6
      vertex 18.9635 -18.2528 1.6
      vertex 19.2305 -18.2132 1.6
    endloop
  endfacet
  facet normal 0 0 1
    outer loop
      vertex -12.9347 -26.6077 1.6
      vertex -16.7632 -20.6805 1.6
      vertex -16.75 -20.95 1.6
    endloop
  endfacet
  facet normal 0 0 1
    outer loop
      vertex -9.81162 -27.5599 1.6
      vertex -16.7632 -20.6805 1.6
      vertex -12.9347 -26.6077 1.6
    endloop
  endfacet
  facet normal -0 -0 1
    outer loop
      vertex -16.7632 -20.6805 1.6
      vertex -9.81162 -27.5599 1.6
      vertex -16.8028 -20.4135 1.6
    endloop
  endfacet
  facet normal 0 0 1
    outer loop
      vertex -6.59405 -28.2466 1.6
      vertex -16.8684 -20.1517 1.6
      vertex -9.81162 -27.5599 1.6
    endloop
  endfacet
  facet normal 0 0 1
    outer loop
      vertex -19.2305 -18.2132 1.6
      vertex 19.2305 -18.2132 1.6
      vertex 19.5 -18.2 1.6
    endloop
  endfacet
  facet normal -0 -0 1
    outer loop
      vertex -16.8684 -20.1517 1.6
      vertex -6.59405 -28.2466 1.6
      vertex -16.9593 -19.8976 1.6
    endloop
  endfacet
  facet normal 0 0 1
    outer loop
      vertex -3.31298 -28.6613 1.6
      vertex -17.2135 -19.4222 1.6
      vertex -17.0747 -19.6537 1.6
    endloop
  endfacet
  facet normal 0 0 1
    outer loop
      vertex 17.3742 -19.2054 1.6
      vertex -17.3742 -19.2054 1.6
      vertex -17.2135 -19.4222 1.6
    endloop
  endfacet
  facet normal 0 0 1
    outer loop
      vertex 17.5555 -19.0055 1.6
      vertex -17.5555 -19.0055 1.6
      vertex -17.3742 -19.2054 1.6
    endloop
  endfacet
  facet normal 0 0 1
    outer loop
      vertex 17.7554 -18.8242 1.6
      vertex -17.7554 -18.8242 1.6
      vertex -17.5555 -19.0055 1.6
    endloop
  endfacet
  facet normal 0 0 1
    outer loop
      vertex 17.9722 -18.6635 1.6
      vertex -17.9722 -18.6635 1.6
      vertex -17.7554 -18.8242 1.6
    endloop
  endfacet
  facet normal 0 0 1
    outer loop
      vertex 18.2037 -18.5247 1.6
      vertex -18.2037 -18.5247 1.6
      vertex -17.9722 -18.6635 1.6
    endloop
  endfacet
  facet normal 0 0 1
    outer loop
      vertex 18.4476 -18.4093 1.6
      vertex -18.4476 -18.4093 1.6
      vertex -18.2037 -18.5247 1.6
    endloop
  endfacet
  facet normal 0 0 1
    outer loop
      vertex 18.7017 -18.3184 1.6
      vertex -18.7017 -18.3184 1.6
      vertex -18.4476 -18.4093 1.6
    endloop
  endfacet
  facet normal 0 0 1
    outer loop
      vertex 18.9635 -18.2528 1.6
      vertex -18.9635 -18.2528 1.6
      vertex -18.7017 -18.3184 1.6
    endloop
  endfacet
  facet normal 0 0 1
    outer loop
      vertex 19.2305 -18.2132 1.6
      vertex -19.2305 -18.2132 1.6
      vertex -18.9635 -18.2528 1.6
    endloop
  endfacet
  facet normal 0 -0 1
    outer loop
      vertex -19.2305 -18.2132 1.6
      vertex 19.5 -18.2 1.6
      vertex -19.5 -18.2 1.6
    endloop
  endfacet
  facet normal 0 0 1
    outer loop
      vertex 18.9635 -23.6472 1.6
      vertex 18.7783 -23.9463 1.6
      vertex 19.1969 -23.6818 1.6
    endloop
  endfacet
  facet normal 0 0 1
    outer loop
      vertex 18.7017 -23.5816 1.6
      vertex 18.7783 -23.9463 1.6
      vertex 18.9635 -23.6472 1.6
    endloop
  endfacet
  facet normal 0 0 1
    outer loop
      vertex 18.4476 -23.4907 1.6
      vertex 18.7783 -23.9463 1.6
      vertex 18.7017 -23.5816 1.6
    endloop
  endfacet
  facet normal 0 0 1
    outer loop
      vertex 18.2037 -23.3753 1.6
      vertex 18.7783 -23.9463 1.6
      vertex 18.4476 -23.4907 1.6
    endloop
  endfacet
  facet normal 0 0 1
    outer loop
      vertex 15.9332 -25.3993 1.6
      vertex 18.2037 -23.3753 1.6
      vertex 17.9722 -23.2365 1.6
    endloop
  endfacet
  facet normal 0 0 1
    outer loop
      vertex 15.9332 -25.3993 1.6
      vertex 17.9722 -23.2365 1.6
      vertex 17.7554 -23.0758 1.6
    endloop
  endfacet
  facet normal 0 0 1
    outer loop
      vertex 18.2037 -23.3753 1.6
      vertex 15.9332 -25.3993 1.6
      vertex 18.7783 -23.9463 1.6
    endloop
  endfacet
  facet normal 0 0 1
    outer loop
      vertex 17.5555 -22.8945 1.6
      vertex 15.9332 -25.3993 1.6
      vertex 17.7554 -23.0758 1.6
    endloop
  endfacet
  facet normal 0 0 1
    outer loop
      vertex 17.3742 -22.6946 1.6
      vertex 15.9332 -25.3993 1.6
      vertex 17.5555 -22.8945 1.6
    endloop
  endfacet
  facet normal 0 0 1
    outer loop
      vertex 17.2135 -22.4778 1.6
      vertex 15.9332 -25.3993 1.6
      vertex 17.3742 -22.6946 1.6
    endloop
  endfacet
  facet normal 0 0 1
    outer loop
      vertex 17.0747 -22.2463 1.6
      vertex 15.9332 -25.3993 1.6
      vertex 17.2135 -22.4778 1.6
    endloop
  endfacet
  facet normal 0 0 1
    outer loop
      vertex 16.9593 -22.0024 1.6
      vertex 15.9332 -25.3993 1.6
      vertex 17.0747 -22.2463 1.6
    endloop
  endfacet
  facet normal 0 0 1
    outer loop
      vertex 16.8684 -21.7483 1.6
      vertex 15.9332 -25.3993 1.6
      vertex 16.9593 -22.0024 1.6
    endloop
  endfacet
  facet normal 0 0 1
    outer loop
      vertex 16.8028 -21.4865 1.6
      vertex 15.9332 -25.3993 1.6
      vertex 16.8684 -21.7483 1.6
    endloop
  endfacet
  facet normal 0 0 1
    outer loop
      vertex 16.7632 -21.2195 1.6
      vertex 15.9332 -25.3993 1.6
      vertex 16.8028 -21.4865 1.6
    endloop
  endfacet
  facet normal 0 0 1
    outer loop
      vertex 15.9332 -25.3993 1.6
      vertex 16.7632 -21.2195 1.6
      vertex 16.75 -20.95 1.6
    endloop
  endfacet
  facet normal -0 0 1
    outer loop
      vertex -16.8028 -21.4865 1.6
      vertex -12.9347 -26.6077 1.6
      vertex -16.7632 -21.2195 1.6
    endloop
  endfacet
  facet normal -0 0 1
    outer loop
      vertex -16.8684 -21.7483 1.6
      vertex -12.9347 -26.6077 1.6
      vertex -16.8028 -21.4865 1.6
    endloop
  endfacet
  facet normal 0 0 1
    outer loop
      vertex -12.9347 -26.6077 1.6
      vertex -16.8684 -21.7483 1.6
      vertex -15.9332 -25.3993 1.6
    endloop
  endfacet
  facet normal -0 0 1
    outer loop
      vertex -16.9593 -22.0024 1.6
      vertex -15.9332 -25.3993 1.6
      vertex -16.8684 -21.7483 1.6
    endloop
  endfacet
  facet normal -0 0 1
    outer loop
      vertex -17.0747 -22.2463 1.6
      vertex -15.9332 -25.3993 1.6
      vertex -16.9593 -22.0024 1.6
    endloop
  endfacet
  facet normal -0 0 1
    outer loop
      vertex -17.2135 -22.4778 1.6
      vertex -15.9332 -25.3993 1.6
      vertex -17.0747 -22.2463 1.6
    endloop
  endfacet
  facet normal -0 0 1
    outer loop
      vertex -17.3742 -22.6946 1.6
      vertex -15.9332 -25.3993 1.6
      vertex -17.2135 -22.4778 1.6
    endloop
  endfacet
  facet normal -0 0 1
    outer loop
      vertex -17.5555 -22.8945 1.6
      vertex -15.9332 -25.3993 1.6
      vertex -17.3742 -22.6946 1.6
    endloop
  endfacet
  facet normal -0 0 1
    outer loop
      vertex -17.7554 -23.0758 1.6
      vertex -15.9332 -25.3993 1.6
      vertex -17.5555 -22.8945 1.6
    endloop
  endfacet
  facet normal -0 0 1
    outer loop
      vertex -17.9722 -23.2365 1.6
      vertex -15.9332 -25.3993 1.6
      vertex -17.7554 -23.0758 1.6
    endloop
  endfacet
  facet normal -0 0 1
    outer loop
      vertex -18.2037 -23.3753 1.6
      vertex -15.9332 -25.3993 1.6
      vertex -17.9722 -23.2365 1.6
    endloop
  endfacet
  facet normal 0 0 1
    outer loop
      vertex -18.7783 -23.9463 1.6
      vertex -18.2037 -23.3753 1.6
      vertex -18.4476 -23.4907 1.6
    endloop
  endfacet
  facet normal 0 0 1
    outer loop
      vertex -18.7783 -23.9463 1.6
      vertex -18.4476 -23.4907 1.6
      vertex -18.7017 -23.5816 1.6
    endloop
  endfacet
  facet normal 0 0 1
    outer loop
      vertex -18.2037 -23.3753 1.6
      vertex -18.7783 -23.9463 1.6
      vertex -15.9332 -25.3993 1.6
    endloop
  endfacet
  facet normal -0 0 1
    outer loop
      vertex -18.9635 -23.6472 1.6
      vertex -18.7783 -23.9463 1.6
      vertex -18.7017 -23.5816 1.6
    endloop
  endfacet
  facet normal 0 0 1
    outer loop
      vertex -18.7783 -23.9463 1.6
      vertex -18.9635 -23.6472 1.6
      vertex -19.1969 -23.6818 1.6
    endloop
  endfacet
  facet normal 1 -0 0
    outer loop
      vertex -25 -17 12.1
      vertex -25 17 1.6
      vertex -25 17 12.1
    endloop
  endfacet
  facet normal 1 0 0
    outer loop
      vertex -25 17 1.6
      vertex -25 -17 12.1
      vertex -25 -17 1.6
    endloop
  endfacet
  facet normal 0 -1 0
    outer loop
      vertex -25 17 1.6
      vertex 25 17 12.1
      vertex -25 17 12.1
    endloop
  endfacet
  facet normal 0 -1 -0
    outer loop
      vertex 25 17 12.1
      vertex -25 17 1.6
      vertex 25 17 1.6
    endloop
  endfacet
  facet normal 0 1 0
    outer loop
      vertex 25 -17 12.1
      vertex 4.8 -17 4.6
      vertex 4.8 -17 12.1
    endloop
  endfacet
  facet normal 0 1 0
    outer loop
      vertex -25 -17 1.6
      vertex 4.8 -17 4.6
      vertex 25 -17 1.6
    endloop
  endfacet
  facet normal 0 1 -0
    outer loop
      vertex 25 -17 1.6
      vertex 4.8 -17 4.6
      vertex 25 -17 12.1
    endloop
  endfacet
  facet normal 0 1 -0
    outer loop
      vertex -7.2 -17 4.6
      vertex -25 -17 12.1
      vertex -7.2 -17 12.1
    endloop
  endfacet
  facet normal 0 1 0
    outer loop
      vertex -7.2 -17 4.6
      vertex -25 -17 1.6
      vertex -25 -17 12.1
    endloop
  endfacet
  facet normal 0 1 0
    outer loop
      vertex 4.8 -17 4.6
      vertex -25 -17 1.6
      vertex -7.2 -17 4.6
    endloop
  endfacet
  facet normal -1 0 0
    outer loop
      vertex 4.8 -18.2 4.6
      vertex 4.8 -17 12.1
      vertex 4.8 -17 4.6
    endloop
  endfacet
  facet normal -1 -0 0
    outer loop
      vertex 4.8 -17 12.1
      vertex 4.8 -18.2 4.6
      vertex 4.8 -18.2 12.1
    endloop
  endfacet
  facet normal -0 0 1
    outer loop
      vertex -7.2 -17 4.6
      vertex 4.8 -18.2 4.6
      vertex 4.8 -17 4.6
    endloop
  endfacet
  facet normal 0 0 1
    outer loop
      vertex 4.8 -18.2 4.6
      vertex -7.2 -17 4.6
      vertex -7.2 -18.2 4.6
    endloop
  endfacet
  facet normal 1 -0 0
    outer loop
      vertex -7.2 -18.2 12.1
      vertex -7.2 -17 4.6
      vertex -7.2 -17 12.1
    endloop
  endfacet
  facet normal 1 0 0
    outer loop
      vertex -7.2 -17 4.6
      vertex -7.2 -18.2 12.1
      vertex -7.2 -18.2 4.6
    endloop
  endfacet
  facet normal 0.98918 0.14671 0
    outer loop
      vertex -16.7632 21.2195 16.1
      vertex -16.8028 21.4865 1.6
      vertex -16.8028 21.4865 16.1
    endloop
  endfacet
  facet normal 0.98918 0.14671 0
    outer loop
      vertex -16.8028 21.4865 1.6
      vertex -16.7632 21.2195 16.1
      vertex -16.7632 21.2195 1.6
    endloop
  endfacet
  facet normal 0.998803 0.0489209 0
    outer loop
      vertex -16.75 20.95 16.1
      vertex -16.7632 21.2195 1.6
      vertex -16.7632 21.2195 16.1
    endloop
  endfacet
  facet normal 0.998803 0.0489209 0
    outer loop
      vertex -16.7632 21.2195 1.6
      vertex -16.75 20.95 16.1
      vertex -16.75 20.95 1.6
    endloop
  endfacet
  facet normal 0.970012 0.243059 0
    outer loop
      vertex -16.8028 21.4865 16.1
      vertex -16.8684 21.7483 1.6
      vertex -16.8684 21.7483 16.1
    endloop
  endfacet
  facet normal 0.970012 0.243059 0
    outer loop
      vertex -16.8684 21.7483 1.6
      vertex -16.8028 21.4865 16.1
      vertex -16.8028 21.4865 1.6
    endloop
  endfacet
  facet normal 0.998803 -0.0489209 0
    outer loop
      vertex -16.7632 20.6805 16.1
      vertex -16.75 20.95 1.6
      vertex -16.75 20.95 16.1
    endloop
  endfacet
  facet normal 0.998803 -0.0489209 0
    outer loop
      vertex -16.75 20.95 1.6
      vertex -16.7632 20.6805 16.1
      vertex -16.7632 20.6805 1.6
    endloop
  endfacet
  facet normal -0.0489209 -0.998803 0
    outer loop
      vertex -19.7695 18.2132 1.6
      vertex -19.5 18.2 6.81619
      vertex -19.7695 18.2132 6.81619
    endloop
  endfacet
  facet normal -0.0489209 -0.998803 -0
    outer loop
      vertex -19.5 18.2 6.81619
      vertex -19.7695 18.2132 1.6
      vertex -19.5 18.2 1.6
    endloop
  endfacet
  facet normal 0.941566 -0.336829 0
    outer loop
      vertex -16.9593 19.8976 16.1
      vertex -16.8684 20.1517 1.6
      vertex -16.8684 20.1517 16.1
    endloop
  endfacet
  facet normal 0.941566 -0.336829 0
    outer loop
      vertex -16.8684 20.1517 1.6
      vertex -16.9593 19.8976 16.1
      vertex -16.9593 19.8976 1.6
    endloop
  endfacet
  facet normal -0.514223 -0.857656 0
    outer loop
      vertex -21.0278 18.6635 1.6
      vertex -20.7963 18.5247 6.81619
      vertex -21.0278 18.6635 6.81619
    endloop
  endfacet
  facet normal -0.514223 -0.857656 -0
    outer loop
      vertex -20.7963 18.5247 6.81619
      vertex -21.0278 18.6635 1.6
      vertex -20.7963 18.5247 1.6
    endloop
  endfacet
  facet normal -0.903926 0.427688 0
    outer loop
      vertex -22.0407 22.0024 4.6
      vertex -21.9253 22.2463 6.81619
      vertex -21.9253 22.2463 4.6
    endloop
  endfacet
  facet normal -0.903926 0.427688 0
    outer loop
      vertex -21.9253 22.2463 6.81619
      vertex -22.0407 22.0024 4.6
      vertex -22.0407 22.0024 6.81619
    endloop
  endfacet
  facet normal -0.97 0.243107 0
    outer loop
      vertex -22.1371 21.7263 1.6
      vertex -22.1972 21.4865 1.6
      vertex -22.1371 21.7263 4.6
    endloop
  endfacet
  facet normal -0.970143 0.242536 0
    outer loop
      vertex -22.1371 21.7263 4.6
      vertex -22.1316 21.7483 6.81619
      vertex -22.1316 21.7483 4.6
    endloop
  endfacet
  facet normal -0.97 0.243107 0
    outer loop
      vertex -22.1972 21.4865 6.81619
      vertex -22.1371 21.7263 4.6
      vertex -22.1972 21.4865 1.6
    endloop
  endfacet
  facet normal -0.970012 0.243059 -5.51714e-06
    outer loop
      vertex -22.1371 21.7263 4.6
      vertex -22.1972 21.4865 6.81619
      vertex -22.1316 21.7483 6.81619
    endloop
  endfacet
  facet normal 0.243059 -0.970012 0
    outer loop
      vertex -18.9635 18.2528 1.6
      vertex -18.7017 18.3184 6.81619
      vertex -18.9635 18.2528 6.81619
    endloop
  endfacet
  facet normal 0.243059 -0.970012 0
    outer loop
      vertex -18.7017 18.3184 6.81619
      vertex -18.9635 18.2528 1.6
      vertex -18.7017 18.3184 1.6
    endloop
  endfacet
  facet normal -0.998803 -0.0489209 0
    outer loop
      vertex -22.2368 20.6805 1.6
      vertex -22.25 20.95 6.81619
      vertex -22.25 20.95 1.6
    endloop
  endfacet
  facet normal -0.998803 -0.0489209 0
    outer loop
      vertex -22.25 20.95 6.81619
      vertex -22.2368 20.6805 1.6
      vertex -22.2368 20.6805 6.81619
    endloop
  endfacet
  facet normal 0.427688 0.903926 -0
    outer loop
      vertex -18.2037 23.3753 1.6
      vertex -18.4476 23.4907 16.1
      vertex -18.2037 23.3753 16.1
    endloop
  endfacet
  facet normal 0.427688 0.903926 0
    outer loop
      vertex -18.4476 23.4907 16.1
      vertex -18.2037 23.3753 1.6
      vertex -18.4476 23.4907 1.6
    endloop
  endfacet
  facet normal 0.857656 0.514223 0
    outer loop
      vertex -17.0747 22.2463 16.1
      vertex -17.2135 22.4778 1.6
      vertex -17.2135 22.4778 16.1
    endloop
  endfacet
  facet normal 0.857656 0.514223 0
    outer loop
      vertex -17.2135 22.4778 1.6
      vertex -17.0747 22.2463 16.1
      vertex -17.0747 22.2463 1.6
    endloop
  endfacet
  facet normal 0.903926 -0.427688 0
    outer loop
      vertex -17.0747 19.6537 16.1
      vertex -16.9593 19.8976 1.6
      vertex -16.9593 19.8976 16.1
    endloop
  endfacet
  facet normal 0.903926 -0.427688 0
    outer loop
      vertex -16.9593 19.8976 1.6
      vertex -17.0747 19.6537 16.1
      vertex -17.0747 19.6537 1.6
    endloop
  endfacet
  facet normal -0.803367 -0.595485 0
    outer loop
      vertex -21.6258 19.2054 1.6
      vertex -21.7865 19.4222 6.81619
      vertex -21.7865 19.4222 1.6
    endloop
  endfacet
  facet normal -0.803367 -0.595485 0
    outer loop
      vertex -21.7865 19.4222 6.81619
      vertex -21.6258 19.2054 1.6
      vertex -21.6258 19.2054 6.81619
    endloop
  endfacet
  facet normal 0.98918 -0.14671 0
    outer loop
      vertex -16.8028 20.4135 16.1
      vertex -16.7632 20.6805 1.6
      vertex -16.7632 20.6805 16.1
    endloop
  endfacet
  facet normal 0.98918 -0.14671 0
    outer loop
      vertex -16.7632 20.6805 1.6
      vertex -16.8028 20.4135 16.1
      vertex -16.8028 20.4135 1.6
    endloop
  endfacet
  facet normal -0.671805 0.740728 0
    outer loop
      vertex -21.2446 23.0758 4.6
      vertex -21.4445 22.8945 16.1
      vertex -21.2446 23.0758 16.1
    endloop
  endfacet
  facet normal -0.671805 0.740728 0
    outer loop
      vertex -21.4445 22.8945 16.1
      vertex -21.2446 23.0758 4.6
      vertex -21.4445 22.8945 4.6
    endloop
  endfacet
  facet normal -0.671805 -0.740728 0
    outer loop
      vertex -21.4445 19.0055 1.6
      vertex -21.2446 18.8242 6.81619
      vertex -21.4445 19.0055 6.81619
    endloop
  endfacet
  facet normal -0.671805 -0.740728 -0
    outer loop
      vertex -21.2446 18.8242 6.81619
      vertex -21.4445 19.0055 1.6
      vertex -21.2446 18.8242 1.6
    endloop
  endfacet
  facet normal -0.14671 -0.98918 0
    outer loop
      vertex -20.0365 18.2528 1.6
      vertex -19.7695 18.2132 6.81619
      vertex -20.0365 18.2528 6.81619
    endloop
  endfacet
  facet normal -0.14671 -0.98918 -0
    outer loop
      vertex -19.7695 18.2132 6.81619
      vertex -20.0365 18.2528 1.6
      vertex -19.7695 18.2132 1.6
    endloop
  endfacet
  facet normal 0.740728 0.671805 0
    outer loop
      vertex -17.3742 22.6946 16.1
      vertex -17.5555 22.8945 1.6
      vertex -17.5555 22.8945 16.1
    endloop
  endfacet
  facet normal 0.740728 0.671805 0
    outer loop
      vertex -17.5555 22.8945 1.6
      vertex -17.3742 22.6946 16.1
      vertex -17.3742 22.6946 1.6
    endloop
  endfacet
  facet normal -0.336829 -0.941566 0
    outer loop
      vertex -20.5524 18.4093 1.6
      vertex -20.2983 18.3184 6.81619
      vertex -20.5524 18.4093 6.81619
    endloop
  endfacet
  facet normal -0.336829 -0.941566 -0
    outer loop
      vertex -20.2983 18.3184 6.81619
      vertex -20.5524 18.4093 1.6
      vertex -20.2983 18.3184 1.6
    endloop
  endfacet
  facet normal 0.514223 0.857656 -0
    outer loop
      vertex -17.9722 23.2365 1.6
      vertex -18.2037 23.3753 16.1
      vertex -17.9722 23.2365 16.1
    endloop
  endfacet
  facet normal 0.514223 0.857656 0
    outer loop
      vertex -18.2037 23.3753 16.1
      vertex -17.9722 23.2365 1.6
      vertex -18.2037 23.3753 1.6
    endloop
  endfacet
  facet normal 0.14671 -0.98918 0
    outer loop
      vertex -19.2305 18.2132 1.6
      vertex -18.9635 18.2528 6.81619
      vertex -19.2305 18.2132 6.81619
    endloop
  endfacet
  facet normal 0.14671 -0.98918 0
    outer loop
      vertex -18.9635 18.2528 6.81619
      vertex -19.2305 18.2132 1.6
      vertex -18.9635 18.2528 1.6
    endloop
  endfacet
  facet normal 0.671805 0.740728 -0
    outer loop
      vertex -17.5555 22.8945 1.6
      vertex -17.7554 23.0758 16.1
      vertex -17.5555 22.8945 16.1
    endloop
  endfacet
  facet normal 0.671805 0.740728 0
    outer loop
      vertex -17.7554 23.0758 16.1
      vertex -17.5555 22.8945 1.6
      vertex -17.7554 23.0758 1.6
    endloop
  endfacet
  facet normal -0.98918 -0.14671 0
    outer loop
      vertex -22.1972 20.4135 1.6
      vertex -22.2368 20.6805 6.81619
      vertex -22.2368 20.6805 1.6
    endloop
  endfacet
  facet normal -0.98918 -0.14671 0
    outer loop
      vertex -22.2368 20.6805 6.81619
      vertex -22.1972 20.4135 1.6
      vertex -22.1972 20.4135 6.81619
    endloop
  endfacet
  facet normal -0.595485 0.803367 0
    outer loop
      vertex -21.0278 23.2365 4.6
      vertex -21.2446 23.0758 16.1
      vertex -21.0278 23.2365 16.1
    endloop
  endfacet
  facet normal -0.595485 0.803367 0
    outer loop
      vertex -21.2446 23.0758 16.1
      vertex -21.0278 23.2365 4.6
      vertex -21.2446 23.0758 4.6
    endloop
  endfacet
  facet normal -0.336829 0.941566 0
    outer loop
      vertex -20.2983 23.5816 4.6
      vertex -20.5524 23.4907 16.1
      vertex -20.2983 23.5816 16.1
    endloop
  endfacet
  facet normal -0.336829 0.941566 0
    outer loop
      vertex -20.5524 23.4907 16.1
      vertex -20.2983 23.5816 4.6
      vertex -20.5524 23.4907 4.6
    endloop
  endfacet
  facet normal 0.671805 -0.740728 0
    outer loop
      vertex -17.7554 18.8242 1.6
      vertex -17.5555 19.0055 6.81619
      vertex -17.7554 18.8242 6.81619
    endloop
  endfacet
  facet normal 0.671805 -0.740728 0
    outer loop
      vertex -17.5555 19.0055 6.81619
      vertex -17.7554 18.8242 1.6
      vertex -17.5555 19.0055 1.6
    endloop
  endfacet
  facet normal -0.595485 -0.803367 0
    outer loop
      vertex -21.2446 18.8242 1.6
      vertex -21.0278 18.6635 6.81619
      vertex -21.2446 18.8242 6.81619
    endloop
  endfacet
  facet normal -0.595485 -0.803367 -0
    outer loop
      vertex -21.0278 18.6635 6.81619
      vertex -21.2446 18.8242 1.6
      vertex -21.0278 18.6635 1.6
    endloop
  endfacet
  facet normal 0.857656 -0.514223 0
    outer loop
      vertex -17.2135 19.4222 6.81619
      vertex -17.0747 19.6537 16.1
      vertex -17.2135 19.4222 16.1
    endloop
  endfacet
  facet normal 0.857656 -0.514223 0
    outer loop
      vertex -17.0747 19.6537 16.1
      vertex -17.2135 19.4222 6.81619
      vertex -17.0747 19.6537 1.6
    endloop
  endfacet
  facet normal 0.857656 -0.514223 0
    outer loop
      vertex -17.0747 19.6537 1.6
      vertex -17.2135 19.4222 6.81619
      vertex -17.2135 19.4222 1.6
    endloop
  endfacet
  facet normal -0.970012 -0.243059 0
    outer loop
      vertex -22.1316 20.1517 1.6
      vertex -22.1972 20.4135 6.81619
      vertex -22.1972 20.4135 1.6
    endloop
  endfacet
  facet normal -0.970012 -0.243059 0
    outer loop
      vertex -22.1972 20.4135 6.81619
      vertex -22.1316 20.1517 1.6
      vertex -22.1316 20.1517 6.81619
    endloop
  endfacet
  facet normal 0.14671 0.98918 -1.43037e-06
    outer loop
      vertex -18.9635 23.6472 16.1
      vertex -19.1969 23.6818 4.6
      vertex -19.2305 23.6868 16.1
    endloop
  endfacet
  facet normal 0.146641 0.98919 -0
    outer loop
      vertex -18.9635 23.6472 1.6
      vertex -19.1969 23.6818 4.6
      vertex -18.9635 23.6472 16.1
    endloop
  endfacet
  facet normal 0.146641 0.98919 0
    outer loop
      vertex -19.1969 23.6818 4.6
      vertex -18.9635 23.6472 1.6
      vertex -19.1969 23.6818 1.6
    endloop
  endfacet
  facet normal 0.147189 0.989108 0
    outer loop
      vertex -19.2305 23.6868 16.1
      vertex -19.1969 23.6818 4.6
      vertex -19.2305 23.6868 4.6
    endloop
  endfacet
  facet normal 0.803367 0.595485 0
    outer loop
      vertex -17.2135 22.4778 16.1
      vertex -17.3742 22.6946 1.6
      vertex -17.3742 22.6946 16.1
    endloop
  endfacet
  facet normal 0.803367 0.595485 0
    outer loop
      vertex -17.3742 22.6946 1.6
      vertex -17.2135 22.4778 16.1
      vertex -17.2135 22.4778 1.6
    endloop
  endfacet
  facet normal -0.941566 -0.336829 0
    outer loop
      vertex -22.0407 19.8976 1.6
      vertex -22.1316 20.1517 6.81619
      vertex -22.1316 20.1517 1.6
    endloop
  endfacet
  facet normal -0.941566 -0.336829 0
    outer loop
      vertex -22.1316 20.1517 6.81619
      vertex -22.0407 19.8976 1.6
      vertex -22.0407 19.8976 6.81619
    endloop
  endfacet
  facet normal 0 0 1
    outer loop
      vertex -16.7632 21.2195 16.1
      vertex -16.7632 20.6805 16.1
      vertex -16.75 20.95 16.1
    endloop
  endfacet
  facet normal 0 0 1
    outer loop
      vertex -16.8028 21.4865 16.1
      vertex -16.7632 20.6805 16.1
      vertex -16.7632 21.2195 16.1
    endloop
  endfacet
  facet normal 0 0 1
    outer loop
      vertex -16.8028 21.4865 16.1
      vertex -16.8028 20.4135 16.1
      vertex -16.7632 20.6805 16.1
    endloop
  endfacet
  facet normal 0 0 1
    outer loop
      vertex -16.8684 21.7483 16.1
      vertex -16.8028 20.4135 16.1
      vertex -16.8028 21.4865 16.1
    endloop
  endfacet
  facet normal 0 0 1
    outer loop
      vertex -16.8684 21.7483 16.1
      vertex -16.8684 20.1517 16.1
      vertex -16.8028 20.4135 16.1
    endloop
  endfacet
  facet normal 0 0 1
    outer loop
      vertex -16.9593 22.0024 16.1
      vertex -16.8684 20.1517 16.1
      vertex -16.8684 21.7483 16.1
    endloop
  endfacet
  facet normal 0 0 1
    outer loop
      vertex -16.9593 22.0024 16.1
      vertex -16.9593 19.8976 16.1
      vertex -16.8684 20.1517 16.1
    endloop
  endfacet
  facet normal 0 0 1
    outer loop
      vertex -17.0747 22.2463 16.1
      vertex -16.9593 19.8976 16.1
      vertex -16.9593 22.0024 16.1
    endloop
  endfacet
  facet normal 0 0 1
    outer loop
      vertex -17.0747 22.2463 16.1
      vertex -17.0747 19.6537 16.1
      vertex -16.9593 19.8976 16.1
    endloop
  endfacet
  facet normal 0 0 1
    outer loop
      vertex -17.2135 22.4778 16.1
      vertex -17.0747 19.6537 16.1
      vertex -17.0747 22.2463 16.1
    endloop
  endfacet
  facet normal 0 0 1
    outer loop
      vertex -17.2135 22.4778 16.1
      vertex -17.2135 19.4222 16.1
      vertex -17.0747 19.6537 16.1
    endloop
  endfacet
  facet normal 0 0 1
    outer loop
      vertex -17.3742 22.6946 16.1
      vertex -17.2135 19.4222 16.1
      vertex -17.2135 22.4778 16.1
    endloop
  endfacet
  facet normal 0 0 1
    outer loop
      vertex -17.5555 22.8945 16.1
      vertex -17.2135 19.4222 16.1
      vertex -17.3742 22.6946 16.1
    endloop
  endfacet
  facet normal 0 0 1
    outer loop
      vertex -17.7554 23.0758 16.1
      vertex -17.2135 19.4222 16.1
      vertex -17.5555 22.8945 16.1
    endloop
  endfacet
  facet normal 0 0 1
    outer loop
      vertex -17.9722 23.2365 16.1
      vertex -17.2135 19.4222 16.1
      vertex -17.7554 23.0758 16.1
    endloop
  endfacet
  facet normal 0 0 1
    outer loop
      vertex -18.2037 23.3753 16.1
      vertex -17.2135 19.4222 16.1
      vertex -17.9722 23.2365 16.1
    endloop
  endfacet
  facet normal 0 0 1
    outer loop
      vertex -18.4476 23.4907 16.1
      vertex -17.2135 19.4222 16.1
      vertex -18.2037 23.3753 16.1
    endloop
  endfacet
  facet normal 0 0 1
    outer loop
      vertex -18.7017 23.5816 16.1
      vertex -17.2135 19.4222 16.1
      vertex -18.4476 23.4907 16.1
    endloop
  endfacet
  facet normal 0 0 1
    outer loop
      vertex -18.9635 23.6472 16.1
      vertex -17.2135 19.4222 16.1
      vertex -18.7017 23.5816 16.1
    endloop
  endfacet
  facet normal 0 0 1
    outer loop
      vertex -19.2305 23.6868 16.1
      vertex -17.2135 19.4222 16.1
      vertex -18.9635 23.6472 16.1
    endloop
  endfacet
  facet normal 0 0 1
    outer loop
      vertex -19.5 23.7 16.1
      vertex -17.2135 19.4222 16.1
      vertex -19.2305 23.6868 16.1
    endloop
  endfacet
  facet normal -0 0 1
    outer loop
      vertex -19.7695 23.6868 16.1
      vertex -17.2135 19.4222 16.1
      vertex -19.5 23.7 16.1
    endloop
  endfacet
  facet normal -0 0 1
    outer loop
      vertex -20.0365 23.6472 16.1
      vertex -17.2135 19.4222 16.1
      vertex -19.7695 23.6868 16.1
    endloop
  endfacet
  facet normal -0 0 1
    outer loop
      vertex -20.2983 23.5816 16.1
      vertex -17.2135 19.4222 16.1
      vertex -20.0365 23.6472 16.1
    endloop
  endfacet
  facet normal -0 0 1
    outer loop
      vertex -21.7865 22.4778 16.1
      vertex -17.2135 19.4222 16.1
      vertex -20.2983 23.5816 16.1
    endloop
  endfacet
  facet normal 0 0 1
    outer loop
      vertex -21.7865 22.4778 16.1
      vertex -20.2983 23.5816 16.1
      vertex -20.5524 23.4907 16.1
    endloop
  endfacet
  facet normal 0 -0 1
    outer loop
      vertex -21.2307 16.5121 16.1
      vertex -17.2135 19.4222 16.1
      vertex -21.2689 16.6645 16.1
    endloop
  endfacet
  facet normal 0 0 1
    outer loop
      vertex -21.7865 22.4778 16.1
      vertex -20.5524 23.4907 16.1
      vertex -20.7963 23.3753 16.1
    endloop
  endfacet
  facet normal 0 0 1
    outer loop
      vertex -17.2135 19.4222 16.1
      vertex -21.2077 16.3568 16.1
      vertex -20.5135 14.6722 16.1
    endloop
  endfacet
  facet normal 0 0 1
    outer loop
      vertex -21.7865 22.4778 16.1
      vertex -20.7963 23.3753 16.1
      vertex -21.0278 23.2365 16.1
    endloop
  endfacet
  facet normal -0 0 1
    outer loop
      vertex -21.2077 16.0432 16.1
      vertex -20.5135 14.6722 16.1
      vertex -21.2 16.2 16.1
    endloop
  endfacet
  facet normal -0 0 1
    outer loop
      vertex -21.2689 15.7355 16.1
      vertex -20.5135 14.6722 16.1
      vertex -21.2307 15.8879 16.1
    endloop
  endfacet
  facet normal -0 0 1
    outer loop
      vertex -21.2307 15.8879 16.1
      vertex -20.5135 14.6722 16.1
      vertex -21.2077 16.0432 16.1
    endloop
  endfacet
  facet normal -0 -0 1
    outer loop
      vertex -21.2 16.2 16.1
      vertex -20.5135 14.6722 16.1
      vertex -21.2077 16.3568 16.1
    endloop
  endfacet
  facet normal 0 0 1
    outer loop
      vertex -21.7865 22.4778 16.1
      vertex -21.0278 23.2365 16.1
      vertex -21.2446 23.0758 16.1
    endloop
  endfacet
  facet normal 0 -0 1
    outer loop
      vertex -21.2077 16.3568 16.1
      vertex -17.2135 19.4222 16.1
      vertex -21.2307 16.5121 16.1
    endloop
  endfacet
  facet normal 0 0 1
    outer loop
      vertex -17.2135 19.4222 16.1
      vertex -21.3218 16.8123 16.1
      vertex -21.2689 16.6645 16.1
    endloop
  endfacet
  facet normal 0 0 1
    outer loop
      vertex -17.2135 19.4222 16.1
      vertex -21.3889 16.9542 16.1
      vertex -21.3218 16.8123 16.1
    endloop
  endfacet
  facet normal 0 0 1
    outer loop
      vertex -21.7865 22.4778 16.1
      vertex -21.2446 23.0758 16.1
      vertex -21.4445 22.8945 16.1
    endloop
  endfacet
  facet normal 0 0 1
    outer loop
      vertex -17.2135 19.4222 16.1
      vertex -21.4696 17.0889 16.1
      vertex -21.3889 16.9542 16.1
    endloop
  endfacet
  facet normal 0 0 1
    outer loop
      vertex -17.2135 19.4222 16.1
      vertex -21.5632 17.215 16.1
      vertex -21.4696 17.0889 16.1
    endloop
  endfacet
  facet normal 0 0 1
    outer loop
      vertex -21.7865 22.4778 16.1
      vertex -21.4445 22.8945 16.1
      vertex -21.6258 22.6946 16.1
    endloop
  endfacet
  facet normal 0 0 1
    outer loop
      vertex -21.9111 17.5303 16.1
      vertex -17.2135 19.4222 16.1
      vertex -21.7865 22.4778 16.1
    endloop
  endfacet
  facet normal 0 0 1
    outer loop
      vertex -17.2135 19.4222 16.1
      vertex -21.6686 17.3314 16.1
      vertex -21.5632 17.215 16.1
    endloop
  endfacet
  facet normal 0 0 1
    outer loop
      vertex -17.2135 19.4222 16.1
      vertex -21.785 17.4368 16.1
      vertex -21.6686 17.3314 16.1
    endloop
  endfacet
  facet normal 0 0 1
    outer loop
      vertex -17.2135 19.4222 16.1
      vertex -21.9111 17.5303 16.1
      vertex -21.785 17.4368 16.1
    endloop
  endfacet
  facet normal 0 0 1
    outer loop
      vertex -21.7865 22.4778 16.1
      vertex -22.0458 17.6111 16.1
      vertex -21.9111 17.5303 16.1
    endloop
  endfacet
  facet normal 0 0 1
    outer loop
      vertex -21.7865 22.4778 16.1
      vertex -22.1877 17.6782 16.1
      vertex -22.0458 17.6111 16.1
    endloop
  endfacet
  facet normal 0 0 1
    outer loop
      vertex -21.7865 22.4778 16.1
      vertex -22.3355 17.7311 16.1
      vertex -22.1877 17.6782 16.1
    endloop
  endfacet
  facet normal 0 0 1
    outer loop
      vertex -21.7865 22.4778 16.1
      vertex -22.4879 17.7693 16.1
      vertex -22.3355 17.7311 16.1
    endloop
  endfacet
  facet normal 0 0 1
    outer loop
      vertex -21.7865 22.4778 16.1
      vertex -22.6432 17.7923 16.1
      vertex -22.4879 17.7693 16.1
    endloop
  endfacet
  facet normal 0 0 1
    outer loop
      vertex -21.7865 22.4778 16.1
      vertex -22.8 17.8 16.1
      vertex -22.6432 17.7923 16.1
    endloop
  endfacet
  facet normal 0 0 1
    outer loop
      vertex -21.7865 22.4778 16.1
      vertex -22.9568 17.7923 16.1
      vertex -22.8 17.8 16.1
    endloop
  endfacet
  facet normal 0 0 1
    outer loop
      vertex -21.7865 22.4778 16.1
      vertex -23.1121 17.7693 16.1
      vertex -22.9568 17.7923 16.1
    endloop
  endfacet
  facet normal 0 0 1
    outer loop
      vertex -21.7865 22.4778 16.1
      vertex -23.2645 17.7311 16.1
      vertex -23.1121 17.7693 16.1
    endloop
  endfacet
  facet normal 0 0 1
    outer loop
      vertex -25.0865 17.7278 16.1
      vertex -23.2645 17.7311 16.1
      vertex -21.7865 22.4778 16.1
    endloop
  endfacet
  facet normal 0 0 1
    outer loop
      vertex -23.2645 17.7311 16.1
      vertex -25.0865 17.7278 16.1
      vertex -23.4123 17.6782 16.1
    endloop
  endfacet
  facet normal 0 0 1
    outer loop
      vertex -23.4123 17.6782 16.1
      vertex -25.0865 17.7278 16.1
      vertex -23.5542 17.6111 16.1
    endloop
  endfacet
  facet normal 0 0 1
    outer loop
      vertex -23.5542 17.6111 16.1
      vertex -25.0865 17.7278 16.1
      vertex -23.6889 17.5303 16.1
    endloop
  endfacet
  facet normal 0 0 1
    outer loop
      vertex -23.6889 17.5303 16.1
      vertex -25.0865 17.7278 16.1
      vertex -23.815 17.4368 16.1
    endloop
  endfacet
  facet normal 0 0 1
    outer loop
      vertex -23.815 17.4368 16.1
      vertex -25.0865 17.7278 16.1
      vertex -23.9314 17.3314 16.1
    endloop
  endfacet
  facet normal 0 0 1
    outer loop
      vertex -23.9314 17.3314 16.1
      vertex -25.0865 17.7278 16.1
      vertex -24.0368 17.215 16.1
    endloop
  endfacet
  facet normal 0 0 1
    outer loop
      vertex -24.0368 17.215 16.1
      vertex -25.0865 17.7278 16.1
      vertex -24.1304 17.0889 16.1
    endloop
  endfacet
  facet normal 0 0 1
    outer loop
      vertex -24.1304 17.0889 16.1
      vertex -25.0865 17.7278 16.1
      vertex -24.2111 16.9542 16.1
    endloop
  endfacet
  facet normal 0 0 1
    outer loop
      vertex -25.55 16.2 16.1
      vertex -24.4 16.2 16.1
      vertex -24.3923 16.3568 16.1
    endloop
  endfacet
  facet normal 0 0 1
    outer loop
      vertex -24.4 16.2 16.1
      vertex -24.7445 14.2555 16.1
      vertex -24.5446 14.0742 16.1
    endloop
  endfacet
  facet normal -0 0 1
    outer loop
      vertex -25.5368 16.4695 16.1
      vertex -24.3923 16.3568 16.1
      vertex -24.3693 16.5121 16.1
    endloop
  endfacet
  facet normal 0 0 1
    outer loop
      vertex -24.4 16.2 16.1
      vertex -24.9258 14.4554 16.1
      vertex -24.7445 14.2555 16.1
    endloop
  endfacet
  facet normal 0 0 1
    outer loop
      vertex -25.4972 16.7365 16.1
      vertex -24.3693 16.5121 16.1
      vertex -24.3311 16.6645 16.1
    endloop
  endfacet
  facet normal -0 0 1
    outer loop
      vertex -25.2253 17.4963 16.1
      vertex -24.2111 16.9542 16.1
      vertex -25.0865 17.7278 16.1
    endloop
  endfacet
  facet normal 0 0 1
    outer loop
      vertex -24.2111 16.9542 16.1
      vertex -25.2253 17.4963 16.1
      vertex -24.2782 16.8123 16.1
    endloop
  endfacet
  facet normal -0 0 1
    outer loop
      vertex -25.3407 17.2524 16.1
      vertex -24.2782 16.8123 16.1
      vertex -25.2253 17.4963 16.1
    endloop
  endfacet
  facet normal 0 0 1
    outer loop
      vertex -24.4 16.2 16.1
      vertex -25.0865 14.6722 16.1
      vertex -24.9258 14.4554 16.1
    endloop
  endfacet
  facet normal 0 0 1
    outer loop
      vertex -24.2782 16.8123 16.1
      vertex -25.3407 17.2524 16.1
      vertex -24.3311 16.6645 16.1
    endloop
  endfacet
  facet normal 0 0 1
    outer loop
      vertex -24.4 16.2 16.1
      vertex -25.2253 14.9037 16.1
      vertex -25.0865 14.6722 16.1
    endloop
  endfacet
  facet normal -0 0 1
    outer loop
      vertex -25.4316 16.9983 16.1
      vertex -24.3311 16.6645 16.1
      vertex -25.3407 17.2524 16.1
    endloop
  endfacet
  facet normal 0 0 1
    outer loop
      vertex -24.4 16.2 16.1
      vertex -25.3407 15.1476 16.1
      vertex -25.2253 14.9037 16.1
    endloop
  endfacet
  facet normal -0 0 1
    outer loop
      vertex -25.4972 16.7365 16.1
      vertex -24.3311 16.6645 16.1
      vertex -25.4316 16.9983 16.1
    endloop
  endfacet
  facet normal 0 0 1
    outer loop
      vertex -24.4 16.2 16.1
      vertex -25.4316 15.4017 16.1
      vertex -25.3407 15.1476 16.1
    endloop
  endfacet
  facet normal 0 0 1
    outer loop
      vertex -24.3693 16.5121 16.1
      vertex -25.4972 16.7365 16.1
      vertex -25.5368 16.4695 16.1
    endloop
  endfacet
  facet normal 0 0 1
    outer loop
      vertex -24.4 16.2 16.1
      vertex -25.4972 15.6635 16.1
      vertex -25.4316 15.4017 16.1
    endloop
  endfacet
  facet normal 0 0 1
    outer loop
      vertex -24.3923 16.3568 16.1
      vertex -25.5368 16.4695 16.1
      vertex -25.55 16.2 16.1
    endloop
  endfacet
  facet normal 0 0 1
    outer loop
      vertex -24.4 16.2 16.1
      vertex -25.5368 15.9305 16.1
      vertex -25.4972 15.6635 16.1
    endloop
  endfacet
  facet normal 0 0 1
    outer loop
      vertex -24.4 16.2 16.1
      vertex -25.55 16.2 16.1
      vertex -25.5368 15.9305 16.1
    endloop
  endfacet
  facet normal -0 0 1
    outer loop
      vertex -21.3218 15.5877 16.1
      vertex -20.5135 14.6722 16.1
      vertex -21.2689 15.7355 16.1
    endloop
  endfacet
  facet normal -0 0 1
    outer loop
      vertex -21.3889 15.4458 16.1
      vertex -20.5135 14.6722 16.1
      vertex -21.3218 15.5877 16.1
    endloop
  endfacet
  facet normal -0 0 1
    outer loop
      vertex -21.4696 15.3111 16.1
      vertex -20.5135 14.6722 16.1
      vertex -21.3889 15.4458 16.1
    endloop
  endfacet
  facet normal 0 0 1
    outer loop
      vertex -20.5135 14.6722 16.1
      vertex -21.4696 15.3111 16.1
      vertex -20.6742 14.4554 16.1
    endloop
  endfacet
  facet normal -0 0 1
    outer loop
      vertex -21.5632 15.185 16.1
      vertex -20.6742 14.4554 16.1
      vertex -21.4696 15.3111 16.1
    endloop
  endfacet
  facet normal 0 0 1
    outer loop
      vertex -20.6742 14.4554 16.1
      vertex -21.5632 15.185 16.1
      vertex -20.8555 14.2555 16.1
    endloop
  endfacet
  facet normal -0 0 1
    outer loop
      vertex -21.6686 15.0686 16.1
      vertex -20.8555 14.2555 16.1
      vertex -21.5632 15.185 16.1
    endloop
  endfacet
  facet normal 0 0 1
    outer loop
      vertex -20.8555 14.2555 16.1
      vertex -21.6686 15.0686 16.1
      vertex -21.0554 14.0742 16.1
    endloop
  endfacet
  facet normal -0 0 1
    outer loop
      vertex -21.785 14.9632 16.1
      vertex -21.0554 14.0742 16.1
      vertex -21.6686 15.0686 16.1
    endloop
  endfacet
  facet normal 0 0 1
    outer loop
      vertex -21.0554 14.0742 16.1
      vertex -21.785 14.9632 16.1
      vertex -21.2722 13.9135 16.1
    endloop
  endfacet
  facet normal -0 0 1
    outer loop
      vertex -21.9111 14.8696 16.1
      vertex -21.2722 13.9135 16.1
      vertex -21.785 14.9632 16.1
    endloop
  endfacet
  facet normal 0 0 1
    outer loop
      vertex -21.2722 13.9135 16.1
      vertex -21.9111 14.8696 16.1
      vertex -21.5037 13.7747 16.1
    endloop
  endfacet
  facet normal -0 0 1
    outer loop
      vertex -22.0458 14.7889 16.1
      vertex -21.5037 13.7747 16.1
      vertex -21.9111 14.8696 16.1
    endloop
  endfacet
  facet normal 0 0 1
    outer loop
      vertex -21.5037 13.7747 16.1
      vertex -22.0458 14.7889 16.1
      vertex -21.7476 13.6593 16.1
    endloop
  endfacet
  facet normal -0 0 1
    outer loop
      vertex -22.1877 14.7218 16.1
      vertex -21.7476 13.6593 16.1
      vertex -22.0458 14.7889 16.1
    endloop
  endfacet
  facet normal 0 0 1
    outer loop
      vertex -21.7476 13.6593 16.1
      vertex -22.1877 14.7218 16.1
      vertex -22.0017 13.5684 16.1
    endloop
  endfacet
  facet normal -0 0 1
    outer loop
      vertex -22.3355 14.6689 16.1
      vertex -22.0017 13.5684 16.1
      vertex -22.1877 14.7218 16.1
    endloop
  endfacet
  facet normal 0 0 1
    outer loop
      vertex -22.0017 13.5684 16.1
      vertex -22.3355 14.6689 16.1
      vertex -22.2635 13.5028 16.1
    endloop
  endfacet
  facet normal -0 0 1
    outer loop
      vertex -22.4879 14.6307 16.1
      vertex -22.2635 13.5028 16.1
      vertex -22.3355 14.6689 16.1
    endloop
  endfacet
  facet normal 0 0 1
    outer loop
      vertex -22.4879 14.6307 16.1
      vertex -22.5305 13.4632 16.1
      vertex -22.2635 13.5028 16.1
    endloop
  endfacet
  facet normal -0 0 1
    outer loop
      vertex -22.6432 14.6077 16.1
      vertex -22.5305 13.4632 16.1
      vertex -22.4879 14.6307 16.1
    endloop
  endfacet
  facet normal -0 0 1
    outer loop
      vertex -22.8 14.6 16.1
      vertex -22.5305 13.4632 16.1
      vertex -22.6432 14.6077 16.1
    endloop
  endfacet
  facet normal 0 0 1
    outer loop
      vertex -22.8 14.6 16.1
      vertex -22.8 13.45 16.1
      vertex -22.5305 13.4632 16.1
    endloop
  endfacet
  facet normal 0 0 1
    outer loop
      vertex -22.9568 14.6077 16.1
      vertex -22.8 13.45 16.1
      vertex -22.8 14.6 16.1
    endloop
  endfacet
  facet normal 0 0 1
    outer loop
      vertex -22.9568 14.6077 16.1
      vertex -23.0695 13.4632 16.1
      vertex -22.8 13.45 16.1
    endloop
  endfacet
  facet normal 0 0 1
    outer loop
      vertex -23.1121 14.6307 16.1
      vertex -23.0695 13.4632 16.1
      vertex -22.9568 14.6077 16.1
    endloop
  endfacet
  facet normal 0 0 1
    outer loop
      vertex -23.3365 13.5028 16.1
      vertex -23.1121 14.6307 16.1
      vertex -23.2645 14.6689 16.1
    endloop
  endfacet
  facet normal 0 0 1
    outer loop
      vertex -23.1121 14.6307 16.1
      vertex -23.3365 13.5028 16.1
      vertex -23.0695 13.4632 16.1
    endloop
  endfacet
  facet normal 0 0 1
    outer loop
      vertex -23.5983 13.5684 16.1
      vertex -23.2645 14.6689 16.1
      vertex -23.4123 14.7218 16.1
    endloop
  endfacet
  facet normal 0 0 1
    outer loop
      vertex -23.8524 13.6593 16.1
      vertex -23.4123 14.7218 16.1
      vertex -23.5542 14.7889 16.1
    endloop
  endfacet
  facet normal 0 0 1
    outer loop
      vertex -23.2645 14.6689 16.1
      vertex -23.5983 13.5684 16.1
      vertex -23.3365 13.5028 16.1
    endloop
  endfacet
  facet normal 0 0 1
    outer loop
      vertex -24.0963 13.7747 16.1
      vertex -23.5542 14.7889 16.1
      vertex -23.6889 14.8696 16.1
    endloop
  endfacet
  facet normal 0 0 1
    outer loop
      vertex -24.3278 13.9135 16.1
      vertex -23.6889 14.8696 16.1
      vertex -23.815 14.9632 16.1
    endloop
  endfacet
  facet normal 0 0 1
    outer loop
      vertex -23.4123 14.7218 16.1
      vertex -23.8524 13.6593 16.1
      vertex -23.5983 13.5684 16.1
    endloop
  endfacet
  facet normal 0 0 1
    outer loop
      vertex -24.5446 14.0742 16.1
      vertex -23.815 14.9632 16.1
      vertex -23.9314 15.0686 16.1
    endloop
  endfacet
  facet normal 0 0 1
    outer loop
      vertex -24.5446 14.0742 16.1
      vertex -23.9314 15.0686 16.1
      vertex -24.0368 15.185 16.1
    endloop
  endfacet
  facet normal 0 0 1
    outer loop
      vertex -23.5542 14.7889 16.1
      vertex -24.0963 13.7747 16.1
      vertex -23.8524 13.6593 16.1
    endloop
  endfacet
  facet normal 0 0 1
    outer loop
      vertex -24.5446 14.0742 16.1
      vertex -24.0368 15.185 16.1
      vertex -24.1304 15.3111 16.1
    endloop
  endfacet
  facet normal 0 0 1
    outer loop
      vertex -24.5446 14.0742 16.1
      vertex -24.1304 15.3111 16.1
      vertex -24.2111 15.4458 16.1
    endloop
  endfacet
  facet normal 0 0 1
    outer loop
      vertex -24.5446 14.0742 16.1
      vertex -24.2111 15.4458 16.1
      vertex -24.2782 15.5877 16.1
    endloop
  endfacet
  facet normal 0 0 1
    outer loop
      vertex -23.6889 14.8696 16.1
      vertex -24.3278 13.9135 16.1
      vertex -24.0963 13.7747 16.1
    endloop
  endfacet
  facet normal 0 0 1
    outer loop
      vertex -24.5446 14.0742 16.1
      vertex -24.2782 15.5877 16.1
      vertex -24.3311 15.7355 16.1
    endloop
  endfacet
  facet normal 0 0 1
    outer loop
      vertex -24.5446 14.0742 16.1
      vertex -24.3311 15.7355 16.1
      vertex -24.3693 15.8879 16.1
    endloop
  endfacet
  facet normal 0 0 1
    outer loop
      vertex -24.5446 14.0742 16.1
      vertex -24.3693 15.8879 16.1
      vertex -24.3923 16.0432 16.1
    endloop
  endfacet
  facet normal 0 0 1
    outer loop
      vertex -24.5446 14.0742 16.1
      vertex -24.3923 16.0432 16.1
      vertex -24.4 16.2 16.1
    endloop
  endfacet
  facet normal 0 0 1
    outer loop
      vertex -23.815 14.9632 16.1
      vertex -24.5446 14.0742 16.1
      vertex -24.3278 13.9135 16.1
    endloop
  endfacet
  facet normal 0.595485 -0.803367 0
    outer loop
      vertex -17.9722 18.6635 1.6
      vertex -17.7554 18.8242 6.81619
      vertex -17.9722 18.6635 6.81619
    endloop
  endfacet
  facet normal 0.595485 -0.803367 0
    outer loop
      vertex -17.7554 18.8242 6.81619
      vertex -17.9722 18.6635 1.6
      vertex -17.7554 18.8242 1.6
    endloop
  endfacet
  facet normal -0.514223 0.857656 0
    outer loop
      vertex -20.7963 23.3753 4.6
      vertex -21.0278 23.2365 16.1
      vertex -20.7963 23.3753 16.1
    endloop
  endfacet
  facet normal -0.514223 0.857656 0
    outer loop
      vertex -21.0278 23.2365 16.1
      vertex -20.7963 23.3753 4.6
      vertex -21.0278 23.2365 4.6
    endloop
  endfacet
  facet normal 0.595485 0.803367 -0
    outer loop
      vertex -17.7554 23.0758 1.6
      vertex -17.9722 23.2365 16.1
      vertex -17.7554 23.0758 16.1
    endloop
  endfacet
  facet normal 0.595485 0.803367 0
    outer loop
      vertex -17.9722 23.2365 16.1
      vertex -17.7554 23.0758 1.6
      vertex -17.9722 23.2365 1.6
    endloop
  endfacet
  facet normal 0.427688 -0.903926 0
    outer loop
      vertex -18.4476 18.4093 1.6
      vertex -18.2037 18.5247 6.81619
      vertex -18.4476 18.4093 6.81619
    endloop
  endfacet
  facet normal 0.427688 -0.903926 0
    outer loop
      vertex -18.2037 18.5247 6.81619
      vertex -18.4476 18.4093 1.6
      vertex -18.2037 18.5247 1.6
    endloop
  endfacet
  facet normal 0.941566 0.336829 0
    outer loop
      vertex -16.8684 21.7483 16.1
      vertex -16.9593 22.0024 1.6
      vertex -16.9593 22.0024 16.1
    endloop
  endfacet
  facet normal 0.941566 0.336829 0
    outer loop
      vertex -16.9593 22.0024 1.6
      vertex -16.8684 21.7483 16.1
      vertex -16.8684 21.7483 1.6
    endloop
  endfacet
  facet normal -0.857656 -0.514223 0
    outer loop
      vertex -21.7865 19.4222 1.6
      vertex -21.9253 19.6537 6.81619
      vertex -21.9253 19.6537 1.6
    endloop
  endfacet
  facet normal -0.857656 -0.514223 0
    outer loop
      vertex -21.9253 19.6537 6.81619
      vertex -21.7865 19.4222 1.6
      vertex -21.7865 19.4222 6.81619
    endloop
  endfacet
  facet normal 0.903926 0.427688 0
    outer loop
      vertex -16.9593 22.0024 16.1
      vertex -17.0747 22.2463 1.6
      vertex -17.0747 22.2463 16.1
    endloop
  endfacet
  facet normal 0.903926 0.427688 0
    outer loop
      vertex -17.0747 22.2463 1.6
      vertex -16.9593 22.0024 16.1
      vertex -16.9593 22.0024 1.6
    endloop
  endfacet
  facet normal 0.970012 -0.243059 0
    outer loop
      vertex -16.8684 20.1517 16.1
      vertex -16.8028 20.4135 1.6
      vertex -16.8028 20.4135 16.1
    endloop
  endfacet
  facet normal 0.970012 -0.243059 0
    outer loop
      vertex -16.8028 20.4135 1.6
      vertex -16.8684 20.1517 16.1
      vertex -16.8684 20.1517 1.6
    endloop
  endfacet
  facet normal -0.740728 0.671805 0
    outer loop
      vertex -21.6258 22.6946 4.6
      vertex -21.4445 22.8945 16.1
      vertex -21.4445 22.8945 4.6
    endloop
  endfacet
  facet normal -0.740728 0.671805 0
    outer loop
      vertex -21.4445 22.8945 16.1
      vertex -21.6258 22.6946 4.6
      vertex -21.6258 22.6946 16.1
    endloop
  endfacet
  facet normal -0.14671 0.98918 0
    outer loop
      vertex -19.7695 23.6868 4.6
      vertex -20.0365 23.6472 16.1
      vertex -19.7695 23.6868 16.1
    endloop
  endfacet
  facet normal -0.14671 0.98918 0
    outer loop
      vertex -20.0365 23.6472 16.1
      vertex -19.7695 23.6868 4.6
      vertex -20.0365 23.6472 4.6
    endloop
  endfacet
  facet normal -0.740728 -0.671805 0
    outer loop
      vertex -21.4445 19.0055 1.6
      vertex -21.6258 19.2054 6.81619
      vertex -21.6258 19.2054 1.6
    endloop
  endfacet
  facet normal -0.740728 -0.671805 0
    outer loop
      vertex -21.6258 19.2054 6.81619
      vertex -21.4445 19.0055 1.6
      vertex -21.4445 19.0055 6.81619
    endloop
  endfacet
  facet normal -0.0489209 0.998803 0
    outer loop
      vertex -19.5 23.7 4.6
      vertex -19.7695 23.6868 16.1
      vertex -19.5 23.7 16.1
    endloop
  endfacet
  facet normal -0.0489209 0.998803 0
    outer loop
      vertex -19.7695 23.6868 16.1
      vertex -19.5 23.7 4.6
      vertex -19.7695 23.6868 4.6
    endloop
  endfacet
  facet normal -0.243059 0.970012 0
    outer loop
      vertex -20.0365 23.6472 4.6
      vertex -20.2983 23.5816 16.1
      vertex -20.0365 23.6472 16.1
    endloop
  endfacet
  facet normal -0.243059 0.970012 0
    outer loop
      vertex -20.2983 23.5816 16.1
      vertex -20.0365 23.6472 4.6
      vertex -20.2983 23.5816 4.6
    endloop
  endfacet
  facet normal -0.941566 0.336829 0
    outer loop
      vertex -22.1316 21.7483 4.6
      vertex -22.0407 22.0024 6.81619
      vertex -22.0407 22.0024 4.6
    endloop
  endfacet
  facet normal -0.941566 0.336829 0
    outer loop
      vertex -22.0407 22.0024 6.81619
      vertex -22.1316 21.7483 4.6
      vertex -22.1316 21.7483 6.81619
    endloop
  endfacet
  facet normal 0.336829 -0.941566 0
    outer loop
      vertex -18.7017 18.3184 1.6
      vertex -18.4476 18.4093 6.81619
      vertex -18.7017 18.3184 6.81619
    endloop
  endfacet
  facet normal 0.336829 -0.941566 0
    outer loop
      vertex -18.4476 18.4093 6.81619
      vertex -18.7017 18.3184 1.6
      vertex -18.4476 18.4093 1.6
    endloop
  endfacet
  facet normal 0.243059 0.970012 -0
    outer loop
      vertex -18.7017 23.5816 1.6
      vertex -18.9635 23.6472 16.1
      vertex -18.7017 23.5816 16.1
    endloop
  endfacet
  facet normal 0.243059 0.970012 0
    outer loop
      vertex -18.9635 23.6472 16.1
      vertex -18.7017 23.5816 1.6
      vertex -18.9635 23.6472 1.6
    endloop
  endfacet
  facet normal 0.803367 -0.595485 0
    outer loop
      vertex -17.3742 19.2054 6.81619
      vertex -17.2135 19.4222 1.6
      vertex -17.2135 19.4222 6.81619
    endloop
  endfacet
  facet normal 0.803367 -0.595485 0
    outer loop
      vertex -17.2135 19.4222 1.6
      vertex -17.3742 19.2054 6.81619
      vertex -17.3742 19.2054 1.6
    endloop
  endfacet
  facet normal 0.0489209 -0.998803 0
    outer loop
      vertex -19.5 18.2 1.6
      vertex -19.2305 18.2132 6.81619
      vertex -19.5 18.2 6.81619
    endloop
  endfacet
  facet normal 0.0489209 -0.998803 0
    outer loop
      vertex -19.2305 18.2132 6.81619
      vertex -19.5 18.2 1.6
      vertex -19.2305 18.2132 1.6
    endloop
  endfacet
  facet normal -0.427688 -0.903926 0
    outer loop
      vertex -20.7963 18.5247 1.6
      vertex -20.5524 18.4093 6.81619
      vertex -20.7963 18.5247 6.81619
    endloop
  endfacet
  facet normal -0.427688 -0.903926 -0
    outer loop
      vertex -20.5524 18.4093 6.81619
      vertex -20.7963 18.5247 1.6
      vertex -20.5524 18.4093 1.6
    endloop
  endfacet
  facet normal -0.803367 0.595485 0
    outer loop
      vertex -21.7865 22.4778 6.81619
      vertex -21.6258 22.6946 4.6
      vertex -21.7865 22.4778 4.6
    endloop
  endfacet
  facet normal -0.803367 0.595485 0
    outer loop
      vertex -21.6258 22.6946 4.6
      vertex -21.7865 22.4778 6.81619
      vertex -21.6258 22.6946 16.1
    endloop
  endfacet
  facet normal -0.803367 0.595485 0
    outer loop
      vertex -21.6258 22.6946 16.1
      vertex -21.7865 22.4778 6.81619
      vertex -21.7865 22.4778 16.1
    endloop
  endfacet
  facet normal 0.740728 -0.671805 0
    outer loop
      vertex -17.5555 19.0055 6.81619
      vertex -17.3742 19.2054 1.6
      vertex -17.3742 19.2054 6.81619
    endloop
  endfacet
  facet normal 0.740728 -0.671805 0
    outer loop
      vertex -17.3742 19.2054 1.6
      vertex -17.5555 19.0055 6.81619
      vertex -17.5555 19.0055 1.6
    endloop
  endfacet
  facet normal -0.427688 0.903926 0
    outer loop
      vertex -20.5524 23.4907 4.6
      vertex -20.7963 23.3753 16.1
      vertex -20.5524 23.4907 16.1
    endloop
  endfacet
  facet normal -0.427688 0.903926 0
    outer loop
      vertex -20.7963 23.3753 16.1
      vertex -20.5524 23.4907 4.6
      vertex -20.7963 23.3753 4.6
    endloop
  endfacet
  facet normal 0.514223 -0.857656 0
    outer loop
      vertex -18.2037 18.5247 1.6
      vertex -17.9722 18.6635 6.81619
      vertex -18.2037 18.5247 6.81619
    endloop
  endfacet
  facet normal 0.514223 -0.857656 0
    outer loop
      vertex -17.9722 18.6635 6.81619
      vertex -18.2037 18.5247 1.6
      vertex -17.9722 18.6635 1.6
    endloop
  endfacet
  facet normal -0.98918 0.14671 0
    outer loop
      vertex -22.2368 21.2195 1.6
      vertex -22.1972 21.4865 6.81619
      vertex -22.1972 21.4865 1.6
    endloop
  endfacet
  facet normal -0.98918 0.14671 0
    outer loop
      vertex -22.1972 21.4865 6.81619
      vertex -22.2368 21.2195 1.6
      vertex -22.2368 21.2195 6.81619
    endloop
  endfacet
  facet normal 0.336829 0.941566 -0
    outer loop
      vertex -18.4476 23.4907 1.6
      vertex -18.7017 23.5816 16.1
      vertex -18.4476 23.4907 16.1
    endloop
  endfacet
  facet normal 0.336829 0.941566 0
    outer loop
      vertex -18.7017 23.5816 16.1
      vertex -18.4476 23.4907 1.6
      vertex -18.7017 23.5816 1.6
    endloop
  endfacet
  facet normal 0.0489209 0.998803 -0
    outer loop
      vertex -19.2305 23.6868 4.6
      vertex -19.5 23.7 16.1
      vertex -19.2305 23.6868 16.1
    endloop
  endfacet
  facet normal 0.0489209 0.998803 0
    outer loop
      vertex -19.5 23.7 16.1
      vertex -19.2305 23.6868 4.6
      vertex -19.5 23.7 4.6
    endloop
  endfacet
  facet normal -0.998803 0.0489209 0
    outer loop
      vertex -22.25 20.95 1.6
      vertex -22.2368 21.2195 6.81619
      vertex -22.2368 21.2195 1.6
    endloop
  endfacet
  facet normal -0.998803 0.0489209 0
    outer loop
      vertex -22.2368 21.2195 6.81619
      vertex -22.25 20.95 1.6
      vertex -22.25 20.95 6.81619
    endloop
  endfacet
  facet normal -0.243059 -0.970012 0
    outer loop
      vertex -20.2983 18.3184 1.6
      vertex -20.0365 18.2528 6.81619
      vertex -20.2983 18.3184 6.81619
    endloop
  endfacet
  facet normal -0.243059 -0.970012 -0
    outer loop
      vertex -20.0365 18.2528 6.81619
      vertex -20.2983 18.3184 1.6
      vertex -20.0365 18.2528 1.6
    endloop
  endfacet
  facet normal -0.903926 -0.427688 0
    outer loop
      vertex -21.9253 19.6537 1.6
      vertex -22.0407 19.8976 6.81619
      vertex -22.0407 19.8976 1.6
    endloop
  endfacet
  facet normal -0.903926 -0.427688 0
    outer loop
      vertex -22.0407 19.8976 6.81619
      vertex -21.9253 19.6537 1.6
      vertex -21.9253 19.6537 6.81619
    endloop
  endfacet
  facet normal -0.857656 0.514223 0
    outer loop
      vertex -21.9253 22.2463 4.6
      vertex -21.7865 22.4778 6.81619
      vertex -21.7865 22.4778 4.6
    endloop
  endfacet
  facet normal -0.857656 0.514223 0
    outer loop
      vertex -21.7865 22.4778 6.81619
      vertex -21.9253 22.2463 4.6
      vertex -21.9253 22.2463 6.81619
    endloop
  endfacet
  facet normal -0.98918 0.14671 0
    outer loop
      vertex -25.5368 16.4695 12.6
      vertex -25.4972 16.7365 16.1
      vertex -25.4972 16.7365 12.6
    endloop
  endfacet
  facet normal -0.98918 0.14671 0
    outer loop
      vertex -25.4972 16.7365 16.1
      vertex -25.5368 16.4695 12.6
      vertex -25.5368 16.4695 16.1
    endloop
  endfacet
  facet normal -0.882619 0.0433605 -0.468085
    outer loop
      vertex -25.2647 16.6106 12.1
      vertex -25.5368 16.4695 12.6
      vertex -25.2526 16.8569 12.1
    endloop
  endfacet
  facet normal -0.882609 0.0432298 -0.468116
    outer loop
      vertex -25.5368 16.4695 12.6
      vertex -25.2647 16.6106 12.1
      vertex -25.55 16.2 12.6
    endloop
  endfacet
  facet normal -0.882725 0.0435606 -0.467866
    outer loop
      vertex -24.1605 18.2 10.1647
      vertex -24.2673 18.2 10.3662
      vertex -22.25 20.95 6.81619
    endloop
  endfacet
  facet normal -0.30497 -0.643275 -0.702275
    outer loop
      vertex -21.0003 18.2 7.2022
      vertex -21.0219 18.2 7.21158
      vertex -20.7963 18.5247 6.81619
    endloop
  endfacet
  facet normal 0.382521 -0.80914 -0.44606
    outer loop
      vertex -18.4476 18.4093 6.81619
      vertex -18.4402 18.2 7.2022
      vertex -18.5931 18.2 7.07108
    endloop
  endfacet
  facet normal 0.382793 -0.809039 -0.446011
    outer loop
      vertex -18.4402 18.2 7.2022
      vertex -18.4476 18.4093 6.81619
      vertex -18.2037 18.5247 6.81619
    endloop
  endfacet
  facet normal -0.970012 0.243059 0
    outer loop
      vertex -25.4972 16.7365 12.6
      vertex -25.4316 16.9983 16.1
      vertex -25.4316 16.9983 12.6
    endloop
  endfacet
  facet normal -0.970012 0.243059 0
    outer loop
      vertex -25.4316 16.9983 16.1
      vertex -25.4972 16.7365 12.6
      vertex -25.4972 16.7365 16.1
    endloop
  endfacet
  facet normal -0.0373521 -0.762606 -0.645784
    outer loop
      vertex -19.7787 18.2 6.83231
      vertex -19.7695 18.2132 6.81619
      vertex -19.5 18.2 6.81619
    endloop
  endfacet
  facet normal 0.734832 -0.666106 -0.127771
    outer loop
      vertex -18.0727 18.2 8.04043
      vertex -18.0813 18.2 7.99097
      vertex -17.3742 19.2054 6.81619
    endloop
  endfacet
  facet normal -0.857656 0.514223 0
    outer loop
      vertex -25.2253 17.4963 12.6
      vertex -25.0865 17.7278 16.1
      vertex -25.0865 17.7278 12.6
    endloop
  endfacet
  facet normal -0.857656 0.514223 0
    outer loop
      vertex -25.0865 17.7278 16.1
      vertex -25.2253 17.4963 12.6
      vertex -25.2253 17.4963 16.1
    endloop
  endfacet
  facet normal -0.821253 0.570565 0
    outer loop
      vertex -24.7585 18.2 12.025
      vertex -21.7865 22.4778 16.1
      vertex -21.7865 22.4778 6.81619
    endloop
  endfacet
  facet normal -0.821253 0.570565 0
    outer loop
      vertex -24.7585 18.2 12.1
      vertex -21.7865 22.4778 16.1
      vertex -24.7585 18.2 12.025
    endloop
  endfacet
  facet normal -0.821231 0.570596 0.000142916
    outer loop
      vertex -25.0865 17.7278 12.6
      vertex -24.7585 18.2 12.1
      vertex -24.8013 18.1384 12.1
    endloop
  endfacet
  facet normal -0.821276 0.570531 5.30158e-05
    outer loop
      vertex -24.7585 18.2 12.1
      vertex -25.0865 17.7278 12.6
      vertex -21.7865 22.4778 16.1
    endloop
  endfacet
  facet normal -0.821257 0.570558 0
    outer loop
      vertex -21.7865 22.4778 16.1
      vertex -25.0865 17.7278 12.6
      vertex -25.0865 17.7278 16.1
    endloop
  endfacet
  facet normal -0.911123 0.325939 -0.252226
    outer loop
      vertex -25.1463 17.4089 12.1
      vertex -25.3407 17.2524 12.6
      vertex -25.0554 17.663 12.1
    endloop
  endfacet
  facet normal -0.911123 0.325939 -0.252226
    outer loop
      vertex -25.3407 17.2524 12.6
      vertex -25.1463 17.4089 12.1
      vertex -25.4316 16.9983 12.6
    endloop
  endfacet
  facet normal -0.911137 0.325944 -0.252169
    outer loop
      vertex -24.5967 18.2 11.1367
      vertex -22.0407 22.0024 6.81619
      vertex -22.1316 21.7483 6.81619
    endloop
  endfacet
  facet normal -0.911128 0.326042 -0.252077
    outer loop
      vertex -22.0407 22.0024 6.81619
      vertex -24.5967 18.2 11.1367
      vertex -24.6823 18.2 11.4461
    endloop
  endfacet
  facet normal -0.903926 -0.427688 0
    outer loop
      vertex -25.2253 14.9037 12.6
      vertex -25.3407 15.1476 16.1
      vertex -25.3407 15.1476 12.6
    endloop
  endfacet
  facet normal -0.903926 -0.427688 0
    outer loop
      vertex -25.3407 15.1476 16.1
      vertex -25.2253 14.9037 12.6
      vertex -25.2253 14.9037 16.1
    endloop
  endfacet
  facet normal 0.82126 -0.570554 0
    outer loop
      vertex -17.2135 19.4222 16.1
      vertex -18.0626 18.2 12.1
      vertex -17.2135 19.4222 6.81619
    endloop
  endfacet
  facet normal 0.82127 -0.57054 -6.70752e-06
    outer loop
      vertex -17.2135 19.4222 16.1
      vertex -18.7573 17.2 12.6
      vertex -18.0626 18.2 12.1
    endloop
  endfacet
  facet normal 0.821257 -0.570558 1.03738e-05
    outer loop
      vertex -20.5135 14.6722 16.1
      vertex -18.7573 17.2 12.6
      vertex -17.2135 19.4222 16.1
    endloop
  endfacet
  facet normal 0.821251 -0.570567 0
    outer loop
      vertex -18.7573 17.2 12.6
      vertex -20.5135 14.6722 16.1
      vertex -20.5135 14.6722 12.6
    endloop
  endfacet
  facet normal 0.82126 -0.570554 0
    outer loop
      vertex -17.2135 19.4222 6.81619
      vertex -18.0626 18.2 12.1
      vertex -18.0626 18.2 8.30437
    endloop
  endfacet
  facet normal 0.821272 -0.570537 0
    outer loop
      vertex -18.0626 18.2 12.1
      vertex -18.7573 17.2 12.6
      vertex -18.7573 17.2 12.1
    endloop
  endfacet
  facet normal 0.595485 -0.803367 0
    outer loop
      vertex -21.2722 13.9135 12.6
      vertex -21.0554 14.0742 16.1
      vertex -21.2722 13.9135 16.1
    endloop
  endfacet
  facet normal 0.595485 -0.803367 0
    outer loop
      vertex -21.0554 14.0742 16.1
      vertex -21.2722 13.9135 12.6
      vertex -21.0554 14.0742 12.6
    endloop
  endfacet
  facet normal -0.891748 0.42263 -0.161768
    outer loop
      vertex -25.0554 17.663 12.1
      vertex -25.3407 17.2524 12.6
      vertex -25.0454 17.6841 12.1
    endloop
  endfacet
  facet normal -0.89194 0.422017 -0.162308
    outer loop
      vertex -24.6823 18.2 11.4461
      vertex -21.9253 22.2463 6.81619
      vertex -22.0407 22.0024 6.81619
    endloop
  endfacet
  facet normal -0.892106 0.42143 -0.16292
    outer loop
      vertex -21.9253 22.2463 6.81619
      vertex -24.6823 18.2 11.4461
      vertex -24.6926 18.2 11.5025
    endloop
  endfacet
  facet normal -0.941566 0.336829 0
    outer loop
      vertex -25.4316 16.9983 12.6
      vertex -25.3407 17.2524 16.1
      vertex -25.3407 17.2524 12.6
    endloop
  endfacet
  facet normal -0.941566 0.336829 0
    outer loop
      vertex -25.3407 17.2524 16.1
      vertex -25.4316 16.9983 12.6
      vertex -25.4316 16.9983 16.1
    endloop
  endfacet
  facet normal -0.970012 -0.243059 0
    outer loop
      vertex -25.4316 15.4017 12.6
      vertex -25.4972 15.6635 16.1
      vertex -25.4972 15.6635 12.6
    endloop
  endfacet
  facet normal -0.970012 -0.243059 0
    outer loop
      vertex -25.4972 15.6635 16.1
      vertex -25.4316 15.4017 12.6
      vertex -25.4316 15.4017 16.1
    endloop
  endfacet
  facet normal -0.98918 -0.14671 0
    outer loop
      vertex -25.4972 15.6635 12.6
      vertex -25.5368 15.9305 16.1
      vertex -25.5368 15.9305 12.6
    endloop
  endfacet
  facet normal -0.98918 -0.14671 0
    outer loop
      vertex -25.5368 15.9305 16.1
      vertex -25.4972 15.6635 12.6
      vertex -25.4972 15.6635 16.1
    endloop
  endfacet
  facet normal 0.567144 -0.765133 -0.304825
    outer loop
      vertex -17.7554 18.8242 6.81619
      vertex -18.2942 18.2 7.38051
      vertex -17.9722 18.6635 6.81619
    endloop
  endfacet
  facet normal 0.567334 -0.765086 -0.304591
    outer loop
      vertex -18.2942 18.2 7.38051
      vertex -17.7554 18.8242 6.81619
      vertex -18.1891 18.2 7.57627
    endloop
  endfacet
  facet normal -0.514223 -0.857656 0
    outer loop
      vertex -24.3278 13.9135 12.6
      vertex -24.0963 13.7747 16.1
      vertex -24.3278 13.9135 16.1
    endloop
  endfacet
  facet normal -0.514223 -0.857656 -0
    outer loop
      vertex -24.0963 13.7747 16.1
      vertex -24.3278 13.9135 12.6
      vertex -24.0963 13.7747 12.6
    endloop
  endfacet
  facet normal -0.882634 0.043231 -0.468069
    outer loop
      vertex -24.2673 18.2 10.3662
      vertex -22.2368 21.2195 6.81619
      vertex -22.25 20.95 6.81619
    endloop
  endfacet
  facet normal -0.882609 0.0431503 -0.468124
    outer loop
      vertex -22.2368 21.2195 6.81619
      vertex -24.2673 18.2 10.3662
      vertex -24.3345 18.2 10.4929
    endloop
  endfacet
  facet normal -0.882141 0.0416461 -0.469141
    outer loop
      vertex -25.2526 16.8569 12.1
      vertex -25.5368 16.4695 12.6
      vertex -25.2515 16.8802 12.1
    endloop
  endfacet
  facet normal -0.85582 0.512926 -0.0669229
    outer loop
      vertex -24.94 17.907 12.1
      vertex -25.0865 17.7278 12.6
      vertex -24.8133 18.1184 12.1
    endloop
  endfacet
  facet normal -0.855738 0.513073 -0.0668458
    outer loop
      vertex -25.0865 17.7278 12.6
      vertex -24.94 17.907 12.1
      vertex -25.2253 17.4963 12.6
    endloop
  endfacet
  facet normal -0.855856 0.512839 -0.0671392
    outer loop
      vertex -24.7364 18.2 11.7432
      vertex -24.7562 18.2 11.9956
      vertex -21.9253 22.2463 6.81619
    endloop
  endfacet
  facet normal -0.855597 0.513358 -0.0664628
    outer loop
      vertex -24.8133 18.1184 12.1
      vertex -25.0865 17.7278 12.6
      vertex -24.8013 18.1384 12.1
    endloop
  endfacet
  facet normal -0.855735 0.513072 -0.0668917
    outer loop
      vertex -24.7562 18.2 11.9956
      vertex -21.7865 22.4778 6.81619
      vertex -21.9253 22.2463 6.81619
    endloop
  endfacet
  facet normal -0.855761 0.513022 -0.0669473
    outer loop
      vertex -21.7865 22.4778 6.81619
      vertex -24.7562 18.2 11.9956
      vertex -24.7585 18.2 12.025
    endloop
  endfacet
  facet normal -0.803367 -0.595485 0
    outer loop
      vertex -24.9258 14.4554 12.6
      vertex -25.0865 14.6722 16.1
      vertex -25.0865 14.6722 12.6
    endloop
  endfacet
  facet normal -0.803367 -0.595485 0
    outer loop
      vertex -25.0865 14.6722 16.1
      vertex -24.9258 14.4554 12.6
      vertex -24.9258 14.4554 16.1
    endloop
  endfacet
  facet normal -0.998803 0.0489209 0
    outer loop
      vertex -25.55 16.2 12.6
      vertex -25.5368 16.4695 16.1
      vertex -25.5368 16.4695 12.6
    endloop
  endfacet
  facet normal -0.998803 0.0489209 0
    outer loop
      vertex -25.5368 16.4695 16.1
      vertex -25.55 16.2 12.6
      vertex -25.55 16.2 16.1
    endloop
  endfacet
  facet normal -0.14671 -0.98918 0
    outer loop
      vertex -23.3365 13.5028 12.6
      vertex -23.0695 13.4632 16.1
      vertex -23.3365 13.5028 16.1
    endloop
  endfacet
  facet normal -0.14671 -0.98918 -0
    outer loop
      vertex -23.0695 13.4632 16.1
      vertex -23.3365 13.5028 12.6
      vertex -23.0695 13.4632 12.6
    endloop
  endfacet
  facet normal 0.14671 -0.98918 0
    outer loop
      vertex -22.5305 13.4632 12.6
      vertex -22.2635 13.5028 16.1
      vertex -22.5305 13.4632 16.1
    endloop
  endfacet
  facet normal 0.14671 -0.98918 0
    outer loop
      vertex -22.2635 13.5028 16.1
      vertex -22.5305 13.4632 12.6
      vertex -22.2635 13.5028 12.6
    endloop
  endfacet
  facet normal 0.336829 -0.941566 0
    outer loop
      vertex -22.0017 13.5684 12.6
      vertex -21.7476 13.6593 16.1
      vertex -22.0017 13.5684 16.1
    endloop
  endfacet
  facet normal 0.336829 -0.941566 0
    outer loop
      vertex -21.7476 13.6593 16.1
      vertex -22.0017 13.5684 12.6
      vertex -21.7476 13.6593 12.6
    endloop
  endfacet
  facet normal 0.0383821 -0.783634 -0.620036
    outer loop
      vertex -19.2404 18.2 6.83226
      vertex -19.5 18.2 6.81619
      vertex -19.2305 18.2132 6.81619
    endloop
  endfacet
  facet normal 0.289629 -0.814155 -0.503256
    outer loop
      vertex -18.7791 18.2 6.96319
      vertex -18.784 18.2 6.96037
      vertex -18.7017 18.3184 6.81619
    endloop
  endfacet
  facet normal -0.740728 -0.671805 0
    outer loop
      vertex -24.7445 14.2555 12.6
      vertex -24.9258 14.4554 16.1
      vertex -24.9258 14.4554 12.6
    endloop
  endfacet
  facet normal -0.740728 -0.671805 0
    outer loop
      vertex -24.9258 14.4554 16.1
      vertex -24.7445 14.2555 12.6
      vertex -24.7445 14.2555 16.1
    endloop
  endfacet
  facet normal -0.903926 0.427688 0
    outer loop
      vertex -25.3407 17.2524 12.6
      vertex -25.2253 17.4963 16.1
      vertex -25.2253 17.4963 12.6
    endloop
  endfacet
  facet normal -0.903926 0.427688 0
    outer loop
      vertex -25.2253 17.4963 16.1
      vertex -25.3407 17.2524 12.6
      vertex -25.3407 17.2524 16.1
    endloop
  endfacet
  facet normal -0.892008 0.421793 -0.162519
    outer loop
      vertex -25.0454 17.6841 12.1
      vertex -25.2253 17.4963 12.6
      vertex -24.94 17.907 12.1
    endloop
  endfacet
  facet normal -0.891926 0.42201 -0.162408
    outer loop
      vertex -25.2253 17.4963 12.6
      vertex -25.0454 17.6841 12.1
      vertex -25.3407 17.2524 12.6
    endloop
  endfacet
  facet normal -0.891937 0.422026 -0.162305
    outer loop
      vertex -24.6926 18.2 11.5025
      vertex -24.7364 18.2 11.7432
      vertex -21.9253 22.2463 6.81619
    endloop
  endfacet
  facet normal 0.243059 -0.970012 0
    outer loop
      vertex -22.2635 13.5028 12.6
      vertex -22.0017 13.5684 16.1
      vertex -22.2635 13.5028 16.1
    endloop
  endfacet
  facet normal 0.243059 -0.970012 0
    outer loop
      vertex -22.0017 13.5684 16.1
      vertex -22.2635 13.5028 12.6
      vertex -22.0017 13.5684 12.6
    endloop
  endfacet
  facet normal 0.0441242 -0.785144 -0.617739
    outer loop
      vertex -19.2397 18.2 6.83231
      vertex -19.2404 18.2 6.83226
      vertex -19.2305 18.2132 6.81619
    endloop
  endfacet
  facet normal -0.421151 -0.568174 -0.706973
    outer loop
      vertex -21.3498 18.2 7.38051
      vertex -21.2446 18.8242 6.81619
      vertex -21.0278 18.6635 6.81619
    endloop
  endfacet
  facet normal -0.421279 -0.568121 -0.706939
    outer loop
      vertex -21.2446 18.8242 6.81619
      vertex -21.3498 18.2 7.38051
      vertex -21.6783 18.2 7.57627
    endloop
  endfacet
  facet normal 0.671805 -0.740728 0
    outer loop
      vertex -21.0554 14.0742 12.6
      vertex -20.8555 14.2555 16.1
      vertex -21.0554 14.0742 16.1
    endloop
  endfacet
  facet normal 0.671805 -0.740728 0
    outer loop
      vertex -20.8555 14.2555 16.1
      vertex -21.0554 14.0742 12.6
      vertex -20.8555 14.2555 12.6
    endloop
  endfacet
  facet normal 0.740728 -0.671805 0
    outer loop
      vertex -20.8555 14.2555 16.1
      vertex -20.6742 14.4554 12.6
      vertex -20.6742 14.4554 16.1
    endloop
  endfacet
  facet normal 0.740728 -0.671805 0
    outer loop
      vertex -20.6742 14.4554 12.6
      vertex -20.8555 14.2555 16.1
      vertex -20.8555 14.2555 12.6
    endloop
  endfacet
  facet normal 0.0489209 -0.998803 0
    outer loop
      vertex -22.8 13.45 12.6
      vertex -22.5305 13.4632 16.1
      vertex -22.8 13.45 16.1
    endloop
  endfacet
  facet normal 0.0489209 -0.998803 0
    outer loop
      vertex -22.5305 13.4632 16.1
      vertex -22.8 13.45 12.6
      vertex -22.5305 13.4632 12.6
    endloop
  endfacet
  facet normal -0.682877 -0.323166 -0.655166
    outer loop
      vertex -25.2 14.9401 12.5557
      vertex -25.3407 15.1476 12.6
      vertex -25.2 15.3332 12.3618
    endloop
  endfacet
  facet normal -0.682753 -0.323041 -0.655357
    outer loop
      vertex -25.3407 15.1476 12.6
      vertex -25.2 14.9401 12.5557
      vertex -25.2253 14.9037 12.6
    endloop
  endfacet
  facet normal -0.68305 -0.323059 -0.655038
    outer loop
      vertex -22.9352 18.2 8.58623
      vertex -23.0271 18.2 8.68206
      vertex -21.9253 19.6537 6.81619
    endloop
  endfacet
  facet normal -0.85259 -0.0419023 -0.520898
    outer loop
      vertex -25.2526 16.3644 12.1
      vertex -25.55 16.2 12.6
      vertex -25.2647 16.6106 12.1
    endloop
  endfacet
  facet normal -0.852616 -0.0417608 -0.520867
    outer loop
      vertex -25.55 16.2 12.6
      vertex -25.2526 16.3644 12.1
      vertex -25.5368 15.9305 12.6
    endloop
  endfacet
  facet normal -0.852705 -0.0416626 -0.520729
    outer loop
      vertex -24.0507 18.2 9.9849
      vertex -24.1605 18.2 10.1647
      vertex -22.25 20.95 6.81619
    endloop
  endfacet
  facet normal 0.514223 -0.857656 0
    outer loop
      vertex -21.5037 13.7747 12.6
      vertex -21.2722 13.9135 16.1
      vertex -21.5037 13.7747 16.1
    endloop
  endfacet
  facet normal 0.514223 -0.857656 0
    outer loop
      vertex -21.2722 13.9135 16.1
      vertex -21.5037 13.7747 12.6
      vertex -21.2722 13.9135 12.6
    endloop
  endfacet
  facet normal -0.109223 -0.736946 -0.667069
    outer loop
      vertex -20.0365 18.2528 6.81619
      vertex -19.7787 18.2 6.83231
      vertex -20.0732 18.2 6.88053
    endloop
  endfacet
  facet normal -0.109389 -0.737547 -0.666377
    outer loop
      vertex -19.7787 18.2 6.83231
      vertex -20.0365 18.2528 6.81619
      vertex -19.7695 18.2132 6.81619
    endloop
  endfacet
  facet normal 0.291368 -0.814118 -0.502311
    outer loop
      vertex -18.7017 18.3184 6.81619
      vertex -18.5931 18.2 7.07108
      vertex -18.7791 18.2 6.96319
    endloop
  endfacet
  facet normal 0.291256 -0.814172 -0.502289
    outer loop
      vertex -18.5931 18.2 7.07108
      vertex -18.7017 18.3184 6.81619
      vertex -18.4476 18.4093 6.81619
    endloop
  endfacet
  facet normal -0.852669 -0.0417634 -0.520779
    outer loop
      vertex -23.96 18.2 9.8365
      vertex -22.25 20.95 6.81619
      vertex -22.2368 20.6805 6.81619
    endloop
  endfacet
  facet normal -0.852495 -0.0421508 -0.521033
    outer loop
      vertex -22.25 20.95 6.81619
      vertex -23.96 18.2 9.8365
      vertex -24.0507 18.2 9.9849
    endloop
  endfacet
  facet normal -0.85325 -0.0402822 -0.519944
    outer loop
      vertex -25.2515 16.3411 12.1
      vertex -25.5368 15.9305 12.6
      vertex -25.2526 16.3644 12.1
    endloop
  endfacet
  facet normal 0.802953 -0.595249 -0.030726
    outer loop
      vertex -18.0727 18.2 8.04043
      vertex -17.2135 19.4222 6.81619
      vertex -18.0626 18.2 8.30437
    endloop
  endfacet
  facet normal 0.802989 -0.595205 -0.0306564
    outer loop
      vertex -17.2135 19.4222 6.81619
      vertex -18.0727 18.2 8.04043
      vertex -17.3742 19.2054 6.81619
    endloop
  endfacet
  facet normal -0.857672 -0.514197 0
    outer loop
      vertex -25.2 14.8615 12.6
      vertex -25.2253 14.9037 16.1
      vertex -25.2253 14.9037 12.6
    endloop
  endfacet
  facet normal -0.857653 -0.514229 -0
    outer loop
      vertex -25.0865 14.6722 16.1
      vertex -25.2 14.8615 12.6
      vertex -25.0865 14.6722 12.6
    endloop
  endfacet
  facet normal -0.857656 -0.514223 4.33988e-07
    outer loop
      vertex -25.2 14.8615 12.6
      vertex -25.0865 14.6722 16.1
      vertex -25.2253 14.9037 16.1
    endloop
  endfacet
  facet normal -0.243059 -0.970012 0
    outer loop
      vertex -23.5983 13.5684 12.6
      vertex -23.3365 13.5028 16.1
      vertex -23.5983 13.5684 16.1
    endloop
  endfacet
  facet normal -0.243059 -0.970012 -0
    outer loop
      vertex -23.3365 13.5028 16.1
      vertex -23.5983 13.5684 12.6
      vertex -23.3365 13.5028 12.6
    endloop
  endfacet
  facet normal -0.671805 -0.740728 0
    outer loop
      vertex -24.7445 14.2555 12.6
      vertex -24.5446 14.0742 16.1
      vertex -24.7445 14.2555 16.1
    endloop
  endfacet
  facet normal -0.671805 -0.740728 -0
    outer loop
      vertex -24.5446 14.0742 16.1
      vertex -24.7445 14.2555 12.6
      vertex -24.5446 14.0742 12.6
    endloop
  endfacet
  facet normal -0.427688 -0.903926 0
    outer loop
      vertex -24.0963 13.7747 12.6
      vertex -23.8524 13.6593 16.1
      vertex -24.0963 13.7747 16.1
    endloop
  endfacet
  facet normal -0.427688 -0.903926 -0
    outer loop
      vertex -23.8524 13.6593 16.1
      vertex -24.0963 13.7747 12.6
      vertex -23.8524 13.6593 12.6
    endloop
  endfacet
  facet normal -0.998803 -0.0489209 0
    outer loop
      vertex -25.5368 15.9305 12.6
      vertex -25.55 16.2 16.1
      vertex -25.55 16.2 12.6
    endloop
  endfacet
  facet normal -0.998803 -0.0489209 0
    outer loop
      vertex -25.55 16.2 16.1
      vertex -25.5368 15.9305 12.6
      vertex -25.5368 15.9305 16.1
    endloop
  endfacet
  facet normal 0.427688 -0.903926 0
    outer loop
      vertex -21.7476 13.6593 12.6
      vertex -21.5037 13.7747 16.1
      vertex -21.7476 13.6593 16.1
    endloop
  endfacet
  facet normal 0.427688 -0.903926 0
    outer loop
      vertex -21.5037 13.7747 16.1
      vertex -21.7476 13.6593 12.6
      vertex -21.5037 13.7747 12.6
    endloop
  endfacet
  facet normal 0.118345 -0.800306 -0.587796
    outer loop
      vertex -19.2305 18.2132 6.81619
      vertex -19.0002 18.2 6.88053
      vertex -19.2397 18.2 6.83231
    endloop
  endfacet
  facet normal 0.118604 -0.799679 -0.588597
    outer loop
      vertex -19.0002 18.2 6.88053
      vertex -19.2305 18.2132 6.81619
      vertex -18.9635 18.2528 6.81619
    endloop
  endfacet
  facet normal -0.336829 -0.941566 0
    outer loop
      vertex -23.8524 13.6593 12.6
      vertex -23.5983 13.5684 16.1
      vertex -23.8524 13.6593 16.1
    endloop
  endfacet
  facet normal -0.336829 -0.941566 -0
    outer loop
      vertex -23.5983 13.5684 16.1
      vertex -23.8524 13.6593 12.6
      vertex -23.5983 13.5684 12.6
    endloop
  endfacet
  facet normal -0.0489209 -0.998803 0
    outer loop
      vertex -23.0695 13.4632 12.6
      vertex -22.8 13.45 16.1
      vertex -23.0695 13.4632 16.1
    endloop
  endfacet
  facet normal -0.0489209 -0.998803 -0
    outer loop
      vertex -22.8 13.45 16.1
      vertex -23.0695 13.4632 12.6
      vertex -22.8 13.45 12.6
    endloop
  endfacet
  facet normal -0.633606 -0.379863 -0.673979
    outer loop
      vertex -25.2 14.8615 12.6
      vertex -25.2253 14.9037 12.6
      vertex -25.2 14.9401 12.5557
    endloop
  endfacet
  facet normal -0.633964 -0.379833 -0.673659
    outer loop
      vertex -22.8478 18.2 8.50398
      vertex -22.9352 18.2 8.58623
      vertex -21.9253 19.6537 6.81619
    endloop
  endfacet
  facet normal -0.904099 0.134141 -0.405722
    outer loop
      vertex -25.2515 16.8802 12.1
      vertex -25.4972 16.7365 12.6
      vertex -25.2119 17.1471 12.1
    endloop
  endfacet
  facet normal -0.9041 0.134091 -0.405737
    outer loop
      vertex -25.4972 16.7365 12.6
      vertex -25.2515 16.8802 12.1
      vertex -25.5368 16.4695 12.6
    endloop
  endfacet
  facet normal -0.904114 0.134093 -0.405706
    outer loop
      vertex -24.3345 18.2 10.4929
      vertex -22.1972 21.4865 6.81619
      vertex -22.2368 21.2195 6.81619
    endloop
  endfacet
  facet normal -0.904103 0.13404 -0.405748
    outer loop
      vertex -22.1972 21.4865 6.81619
      vertex -24.3345 18.2 10.4929
      vertex -24.4804 18.2 10.818
    endloop
  endfacet
  facet normal 0.475439 -0.793338 -0.380227
    outer loop
      vertex -18.2037 18.5247 6.81619
      vertex -18.2942 18.2 7.38051
      vertex -18.4293 18.2 7.21158
    endloop
  endfacet
  facet normal 0.475617 -0.793265 -0.380157
    outer loop
      vertex -18.2942 18.2 7.38051
      vertex -18.2037 18.5247 6.81619
      vertex -17.9722 18.6635 6.81619
    endloop
  endfacet
  facet normal -0.177453 -0.708526 -0.683009
    outer loop
      vertex -20.2983 18.3184 6.81619
      vertex -20.0732 18.2 6.88053
      vertex -20.3805 18.2 6.96037
    endloop
  endfacet
  facet normal -0.177571 -0.708658 -0.682841
    outer loop
      vertex -20.0732 18.2 6.88053
      vertex -20.2983 18.3184 6.81619
      vertex -20.0365 18.2528 6.81619
    endloop
  endfacet
  facet normal -0.530521 -0.481158 -0.697879
    outer loop
      vertex -22.0041 18.2 7.79695
      vertex -21.6258 19.2054 6.81619
      vertex -21.4445 19.0055 6.81619
    endloop
  endfacet
  facet normal -0.53064 -0.481078 -0.697843
    outer loop
      vertex -21.6258 19.2054 6.81619
      vertex -22.0041 18.2 7.79695
      vertex -22.3243 18.2 8.04043
    endloop
  endfacet
  facet normal -0.477028 -0.525968 -0.704132
    outer loop
      vertex -21.6783 18.2 7.57627
      vertex -21.4445 19.0055 6.81619
      vertex -21.2446 18.8242 6.81619
    endloop
  endfacet
  facet normal -0.476956 -0.526008 -0.704151
    outer loop
      vertex -21.4445 19.0055 6.81619
      vertex -21.6783 18.2 7.57627
      vertex -22.0041 18.2 7.79695
    endloop
  endfacet
  facet normal -0.364018 -0.607134 -0.706314
    outer loop
      vertex -21.045 18.2 7.22347
      vertex -21.0278 18.6635 6.81619
      vertex -20.7963 18.5247 6.81619
    endloop
  endfacet
  facet normal -0.363923 -0.60716 -0.70634
    outer loop
      vertex -21.0278 18.6635 6.81619
      vertex -21.045 18.2 7.22347
      vertex -21.3498 18.2 7.38051
    endloop
  endfacet
  facet normal 0.655372 -0.722695 -0.219544
    outer loop
      vertex -18.179 18.2 7.60642
      vertex -18.1891 18.2 7.57627
      vertex -17.7554 18.8242 6.81619
    endloop
  endfacet
  facet normal -0.583195 -0.432286 -0.687759
    outer loop
      vertex -22.3243 18.2 8.04043
      vertex -21.7865 19.4222 6.81619
      vertex -21.6258 19.2054 6.81619
    endloop
  endfacet
  facet normal -0.583142 -0.432328 -0.687778
    outer loop
      vertex -21.7865 19.4222 6.81619
      vertex -22.3243 18.2 8.04043
      vertex -22.6356 18.2 8.30437
    endloop
  endfacet
  facet normal -0.774853 -0.194135 -0.601593
    outer loop
      vertex -25.4972 15.6635 12.6
      vertex -25.2 16.0267 12.1
      vertex -25.2 15.7351 12.1941
    endloop
  endfacet
  facet normal -0.77466 -0.194482 -0.60173
    outer loop
      vertex -25.2 16.0267 12.1
      vertex -25.4972 15.6635 12.6
      vertex -25.2119 16.0741 12.1
    endloop
  endfacet
  facet normal -0.774848 -0.194156 -0.601593
    outer loop
      vertex -25.4972 15.6635 12.6
      vertex -25.2 15.7351 12.1941
      vertex -25.4316 15.4017 12.6
    endloop
  endfacet
  facet normal -0.774873 -0.194162 -0.601558
    outer loop
      vertex -23.4875 18.2 9.19268
      vertex -22.1972 20.4135 6.81619
      vertex -22.1316 20.1517 6.81619
    endloop
  endfacet
  facet normal -0.774817 -0.194244 -0.601604
    outer loop
      vertex -22.1972 20.4135 6.81619
      vertex -23.4875 18.2 9.19268
      vertex -23.735 18.2 9.51144
    endloop
  endfacet
  facet normal -0.633802 -0.380007 -0.673713
    outer loop
      vertex -22.6356 18.2 8.30437
      vertex -21.9253 19.6537 6.81619
      vertex -21.7865 19.4222 6.81619
    endloop
  endfacet
  facet normal -0.633758 -0.380048 -0.673731
    outer loop
      vertex -21.9253 19.6537 6.81619
      vertex -22.6356 18.2 8.30437
      vertex -22.8478 18.2 8.50398
    endloop
  endfacet
  facet normal -0.914459 0.229139 -0.333556
    outer loop
      vertex -24.4804 18.2 10.818
      vertex -22.1316 21.7483 6.81619
      vertex -22.1972 21.4865 6.81619
    endloop
  endfacet
  facet normal -0.914449 0.228969 -0.333701
    outer loop
      vertex -22.1316 21.7483 6.81619
      vertex -24.4804 18.2 10.818
      vertex -24.5967 18.2 11.1367
    endloop
  endfacet
  facet normal -0.910654 0.22799 -0.344572
    outer loop
      vertex -25.2 17.2 12.1037
      vertex -25.1463 17.4089 12.1
      vertex -25.1986 17.2 12.1
    endloop
  endfacet
  facet normal -0.914224 0.229037 -0.33427
    outer loop
      vertex -25.2119 17.1471 12.1
      vertex -25.2 17.2 12.1037
      vertex -25.2 17.1946 12.1
    endloop
  endfacet
  facet normal -0.91444 0.229158 -0.333595
    outer loop
      vertex -25.2 17.2 12.1037
      vertex -25.4316 16.9983 12.6
      vertex -25.1463 17.4089 12.1
    endloop
  endfacet
  facet normal -0.91445 0.229044 -0.333646
    outer loop
      vertex -25.2119 17.1471 12.1
      vertex -25.4316 16.9983 12.6
      vertex -25.2 17.2 12.1037
    endloop
  endfacet
  facet normal -0.914439 0.229134 -0.333614
    outer loop
      vertex -25.4316 16.9983 12.6
      vertex -25.2119 17.1471 12.1
      vertex -25.4972 16.7365 12.6
    endloop
  endfacet
  facet normal 0.803367 -0.595485 0
    outer loop
      vertex -20.6742 14.4554 16.1
      vertex -20.5135 14.6722 12.6
      vertex -20.5135 14.6722 16.1
    endloop
  endfacet
  facet normal 0.803367 -0.595485 0
    outer loop
      vertex -20.5135 14.6722 12.6
      vertex -20.6742 14.4554 16.1
      vertex -20.6742 14.4554 12.6
    endloop
  endfacet
  facet normal 0.383434 -0.80898 -0.445568
    outer loop
      vertex -18.4293 18.2 7.21158
      vertex -18.4402 18.2 7.2022
      vertex -18.2037 18.5247 6.81619
    endloop
  endfacet
  facet normal 0.734922 -0.666029 -0.127651
    outer loop
      vertex -18.115 18.2 7.79695
      vertex -17.3742 19.2054 6.81619
      vertex -18.0813 18.2 7.99097
    endloop
  endfacet
  facet normal 0.734623 -0.666269 -0.128123
    outer loop
      vertex -17.3742 19.2054 6.81619
      vertex -18.115 18.2 7.79695
      vertex -17.5555 19.0055 6.81619
    endloop
  endfacet
  facet normal 0.202896 -0.810535 -0.549424
    outer loop
      vertex -18.9635 18.2528 6.81619
      vertex -18.784 18.2 6.96037
      vertex -19.0002 18.2 6.88053
    endloop
  endfacet
  facet normal 0.203062 -0.810389 -0.549578
    outer loop
      vertex -18.784 18.2 6.96037
      vertex -18.9635 18.2528 6.81619
      vertex -18.7017 18.3184 6.81619
    endloop
  endfacet
  facet normal -0.363536 -0.607461 -0.706281
    outer loop
      vertex -21.0219 18.2 7.21158
      vertex -21.045 18.2 7.22347
      vertex -20.7963 18.5247 6.81619
    endloop
  endfacet
  facet normal -0.304512 -0.643591 -0.702184
    outer loop
      vertex -20.6978 18.2 7.07108
      vertex -20.7963 18.5247 6.81619
      vertex -20.5524 18.4093 6.81619
    endloop
  endfacet
  facet normal -0.304387 -0.643594 -0.702236
    outer loop
      vertex -20.7963 18.5247 6.81619
      vertex -20.6978 18.2 7.07108
      vertex -21.0003 18.2 7.2022
    endloop
  endfacet
  facet normal -0.941566 -0.336829 0
    outer loop
      vertex -25.3407 15.1476 12.6
      vertex -25.4316 15.4017 16.1
      vertex -25.4316 15.4017 12.6
    endloop
  endfacet
  facet normal -0.941566 -0.336829 0
    outer loop
      vertex -25.4316 15.4017 16.1
      vertex -25.3407 15.1476 12.6
      vertex -25.3407 15.1476 16.1
    endloop
  endfacet
  facet normal 0.655423 -0.722664 -0.219493
    outer loop
      vertex -17.5555 19.0055 6.81619
      vertex -18.179 18.2 7.60642
      vertex -17.7554 18.8242 6.81619
    endloop
  endfacet
  facet normal 0.655017 -0.722871 -0.220024
    outer loop
      vertex -18.179 18.2 7.60642
      vertex -17.5555 19.0055 6.81619
      vertex -18.115 18.2 7.79695
    endloop
  endfacet
  facet normal -0.816113 -0.121042 -0.565074
    outer loop
      vertex -25.2119 16.0741 12.1
      vertex -25.5368 15.9305 12.6
      vertex -25.2515 16.3411 12.1
    endloop
  endfacet
  facet normal -0.816113 -0.121042 -0.565074
    outer loop
      vertex -25.5368 15.9305 12.6
      vertex -25.2119 16.0741 12.1
      vertex -25.4972 15.6635 12.6
    endloop
  endfacet
  facet normal -0.816125 -0.121043 -0.565056
    outer loop
      vertex -23.735 18.2 9.51144
      vertex -22.2368 20.6805 6.81619
      vertex -22.1972 20.4135 6.81619
    endloop
  endfacet
  facet normal -0.816211 -0.120893 -0.564965
    outer loop
      vertex -22.2368 20.6805 6.81619
      vertex -23.735 18.2 9.51144
      vertex -23.96 18.2 9.8365
    endloop
  endfacet
  facet normal -0.682981 -0.323149 -0.655067
    outer loop
      vertex -23.0271 18.2 8.68206
      vertex -22.0407 19.8976 6.81619
      vertex -21.9253 19.6537 6.81619
    endloop
  endfacet
  facet normal -0.682994 -0.323134 -0.65506
    outer loop
      vertex -22.0407 19.8976 6.81619
      vertex -23.0271 18.2 8.68206
      vertex -23.2201 18.2 8.88329
    endloop
  endfacet
  facet normal -0.684168 -0.321507 -0.654635
    outer loop
      vertex -25.2 15.3332 12.3618
      vertex -25.3407 15.1476 12.6
      vertex -25.2 15.3501 12.3535
    endloop
  endfacet
  facet normal -0.730284 -0.261247 -0.631217
    outer loop
      vertex -23.2201 18.2 8.88329
      vertex -22.1316 20.1517 6.81619
      vertex -22.0407 19.8976 6.81619
    endloop
  endfacet
  facet normal -0.730315 -0.261209 -0.631198
    outer loop
      vertex -22.1316 20.1517 6.81619
      vertex -23.2201 18.2 8.88329
      vertex -23.4875 18.2 9.19268
    endloop
  endfacet
  facet normal -0.730158 -0.261378 -0.631308
    outer loop
      vertex -25.2 15.3501 12.3535
      vertex -25.4316 15.4017 12.6
      vertex -25.2 15.7351 12.1941
    endloop
  endfacet
  facet normal -0.730175 -0.261208 -0.63136
    outer loop
      vertex -25.4316 15.4017 12.6
      vertex -25.2 15.3501 12.3535
      vertex -25.3407 15.1476 12.6
    endloop
  endfacet
  facet normal -0.595485 -0.803367 0
    outer loop
      vertex -24.5446 14.0742 12.6
      vertex -24.3278 13.9135 16.1
      vertex -24.5446 14.0742 16.1
    endloop
  endfacet
  facet normal -0.595485 -0.803367 -0
    outer loop
      vertex -24.3278 13.9135 16.1
      vertex -24.5446 14.0742 12.6
      vertex -24.3278 13.9135 12.6
    endloop
  endfacet
  facet normal -0.242349 -0.677457 -0.694492
    outer loop
      vertex -20.3805 18.2 6.96037
      vertex -20.5524 18.4093 6.81619
      vertex -20.2983 18.3184 6.81619
    endloop
  endfacet
  facet normal -0.242323 -0.677448 -0.69451
    outer loop
      vertex -20.5524 18.4093 6.81619
      vertex -20.3805 18.2 6.96037
      vertex -20.6978 18.2 7.07108
    endloop
  endfacet
  facet normal 0.14671 -0.98918 0
    outer loop
      vertex 19.7695 -23.6868 4.6
      vertex 20.0365 -23.6472 16.1
      vertex 19.7695 -23.6868 16.1
    endloop
  endfacet
  facet normal 0.14671 -0.98918 0
    outer loop
      vertex 20.0365 -23.6472 16.1
      vertex 19.7695 -23.6868 4.6
      vertex 20.0365 -23.6472 4.6
    endloop
  endfacet
  facet normal 0.98918 0.14671 0
    outer loop
      vertex 22.2368 -20.6805 8.03793
      vertex 22.1972 -20.4135 1.6
      vertex 22.1972 -20.4135 8.03793
    endloop
  endfacet
  facet normal 0.98918 0.14671 0
    outer loop
      vertex 22.1972 -20.4135 1.6
      vertex 22.2368 -20.6805 8.03793
      vertex 22.2368 -20.6805 1.6
    endloop
  endfacet
  facet normal 0.998803 0.0489209 0
    outer loop
      vertex 22.25 -20.95 8.03793
      vertex 22.2368 -20.6805 1.6
      vertex 22.2368 -20.6805 8.03793
    endloop
  endfacet
  facet normal 0.998803 0.0489209 0
    outer loop
      vertex 22.2368 -20.6805 1.6
      vertex 22.25 -20.95 8.03793
      vertex 22.25 -20.95 1.6
    endloop
  endfacet
  facet normal 0.970012 0.243059 0
    outer loop
      vertex 22.1972 -20.4135 8.03793
      vertex 22.1316 -20.1517 1.6
      vertex 22.1316 -20.1517 8.03793
    endloop
  endfacet
  facet normal 0.970012 0.243059 0
    outer loop
      vertex 22.1316 -20.1517 1.6
      vertex 22.1972 -20.4135 8.03793
      vertex 22.1972 -20.4135 1.6
    endloop
  endfacet
  facet normal -0.970012 0.243059 0
    outer loop
      vertex 16.8028 -20.4135 1.6
      vertex 16.8684 -20.1517 16.1
      vertex 16.8684 -20.1517 1.6
    endloop
  endfacet
  facet normal -0.970012 0.243059 0
    outer loop
      vertex 16.8684 -20.1517 16.1
      vertex 16.8028 -20.4135 1.6
      vertex 16.8028 -20.4135 16.1
    endloop
  endfacet
  facet normal 0.903926 -0.427688 0
    outer loop
      vertex 21.9253 -22.2463 8.03793
      vertex 22.0407 -22.0024 4.6
      vertex 22.0407 -22.0024 8.03793
    endloop
  endfacet
  facet normal 0.903926 -0.427688 0
    outer loop
      vertex 22.0407 -22.0024 4.6
      vertex 21.9253 -22.2463 8.03793
      vertex 21.9253 -22.2463 4.6
    endloop
  endfacet
  facet normal -0.243059 0.970012 0
    outer loop
      vertex 18.9635 -18.2528 1.6
      vertex 18.7017 -18.3184 8.03793
      vertex 18.9635 -18.2528 8.03793
    endloop
  endfacet
  facet normal -0.243059 0.970012 0
    outer loop
      vertex 18.7017 -18.3184 8.03793
      vertex 18.9635 -18.2528 1.6
      vertex 18.7017 -18.3184 1.6
    endloop
  endfacet
  facet normal -0.14671 0.98918 0
    outer loop
      vertex 19.2305 -18.2132 1.6
      vertex 18.9635 -18.2528 8.03793
      vertex 19.2305 -18.2132 8.03793
    endloop
  endfacet
  facet normal -0.14671 0.98918 0
    outer loop
      vertex 18.9635 -18.2528 8.03793
      vertex 19.2305 -18.2132 1.6
      vertex 18.9635 -18.2528 1.6
    endloop
  endfacet
  facet normal 0.336829 0.941566 -0
    outer loop
      vertex 20.5524 -18.4093 1.6
      vertex 20.2983 -18.3184 8.03793
      vertex 20.5524 -18.4093 8.03793
    endloop
  endfacet
  facet normal 0.336829 0.941566 0
    outer loop
      vertex 20.2983 -18.3184 8.03793
      vertex 20.5524 -18.4093 1.6
      vertex 20.2983 -18.3184 1.6
    endloop
  endfacet
  facet normal 0.998803 -0.0489209 0
    outer loop
      vertex 22.2368 -21.2195 8.03793
      vertex 22.25 -20.95 1.6
      vertex 22.25 -20.95 8.03793
    endloop
  endfacet
  facet normal 0.998803 -0.0489209 0
    outer loop
      vertex 22.25 -20.95 1.6
      vertex 22.2368 -21.2195 8.03793
      vertex 22.2368 -21.2195 1.6
    endloop
  endfacet
  facet normal 0.671805 -0.740728 0
    outer loop
      vertex 21.2446 -23.0758 16.1
      vertex 21.4445 -22.8945 8.03793
      vertex 21.4445 -22.8945 16.1
    endloop
  endfacet
  facet normal 0.671805 -0.740728 0
    outer loop
      vertex 21.2446 -23.0758 4.6
      vertex 21.4445 -22.8945 8.03793
      vertex 21.2446 -23.0758 16.1
    endloop
  endfacet
  facet normal 0.671805 -0.740728 0
    outer loop
      vertex 21.4445 -22.8945 8.03793
      vertex 21.2446 -23.0758 4.6
      vertex 21.4445 -22.8945 4.6
    endloop
  endfacet
  facet normal -0.941566 -0.336829 0
    outer loop
      vertex 16.9593 -22.0024 1.6
      vertex 16.8684 -21.7483 16.1
      vertex 16.8684 -21.7483 1.6
    endloop
  endfacet
  facet normal -0.941566 -0.336829 0
    outer loop
      vertex 16.8684 -21.7483 16.1
      vertex 16.9593 -22.0024 1.6
      vertex 16.9593 -22.0024 16.1
    endloop
  endfacet
  facet normal 0.803367 -0.595485 0
    outer loop
      vertex 21.6258 -22.6946 8.03793
      vertex 21.7865 -22.4778 4.6
      vertex 21.7865 -22.4778 8.03793
    endloop
  endfacet
  facet normal 0.803367 -0.595485 0
    outer loop
      vertex 21.7865 -22.4778 4.6
      vertex 21.6258 -22.6946 8.03793
      vertex 21.6258 -22.6946 4.6
    endloop
  endfacet
  facet normal -0.740728 -0.671805 0
    outer loop
      vertex 17.5555 -22.8945 1.6
      vertex 17.3742 -22.6946 16.1
      vertex 17.3742 -22.6946 1.6
    endloop
  endfacet
  facet normal -0.740728 -0.671805 0
    outer loop
      vertex 17.3742 -22.6946 16.1
      vertex 17.5555 -22.8945 1.6
      vertex 17.5555 -22.8945 16.1
    endloop
  endfacet
  facet normal 0.427688 -0.903926 0
    outer loop
      vertex 20.5524 -23.4907 4.6
      vertex 20.7963 -23.3753 16.1
      vertex 20.5524 -23.4907 16.1
    endloop
  endfacet
  facet normal 0.427688 -0.903926 0
    outer loop
      vertex 20.7963 -23.3753 16.1
      vertex 20.5524 -23.4907 4.6
      vertex 20.7963 -23.3753 4.6
    endloop
  endfacet
  facet normal -0.0489209 -0.998803 0
    outer loop
      vertex 19.2305 -23.6868 4.6
      vertex 19.5 -23.7 16.1
      vertex 19.2305 -23.6868 16.1
    endloop
  endfacet
  facet normal -0.0489209 -0.998803 -0
    outer loop
      vertex 19.5 -23.7 16.1
      vertex 19.2305 -23.6868 4.6
      vertex 19.5 -23.7 4.6
    endloop
  endfacet
  facet normal 0.0489209 0.998803 -0
    outer loop
      vertex 19.7695 -18.2132 1.6
      vertex 19.5 -18.2 8.03793
      vertex 19.7695 -18.2132 8.03793
    endloop
  endfacet
  facet normal 0.0489209 0.998803 0
    outer loop
      vertex 19.5 -18.2 8.03793
      vertex 19.7695 -18.2132 1.6
      vertex 19.5 -18.2 1.6
    endloop
  endfacet
  facet normal -0.671805 0.740728 0
    outer loop
      vertex 17.7554 -18.8242 1.6
      vertex 17.5555 -19.0055 8.03793
      vertex 17.7554 -18.8242 8.03793
    endloop
  endfacet
  facet normal -0.671805 0.740728 0
    outer loop
      vertex 17.5555 -19.0055 8.03793
      vertex 17.7554 -18.8242 1.6
      vertex 17.5555 -19.0055 1.6
    endloop
  endfacet
  facet normal -0.857656 0.514223 0
    outer loop
      vertex 17.0747 -19.6537 1.6
      vertex 17.2135 -19.4222 16.1
      vertex 17.2135 -19.4222 1.6
    endloop
  endfacet
  facet normal -0.857656 0.514223 0
    outer loop
      vertex 17.2135 -19.4222 16.1
      vertex 17.0747 -19.6537 1.6
      vertex 17.0747 -19.6537 16.1
    endloop
  endfacet
  facet normal 0.857656 -0.514223 0
    outer loop
      vertex 21.7865 -22.4778 8.03793
      vertex 21.9253 -22.2463 4.6
      vertex 21.9253 -22.2463 8.03793
    endloop
  endfacet
  facet normal 0.857656 -0.514223 0
    outer loop
      vertex 21.9253 -22.2463 4.6
      vertex 21.7865 -22.4778 8.03793
      vertex 21.7865 -22.4778 4.6
    endloop
  endfacet
  facet normal -0.0489209 0.998803 0
    outer loop
      vertex 19.5 -18.2 1.6
      vertex 19.2305 -18.2132 8.03793
      vertex 19.5 -18.2 8.03793
    endloop
  endfacet
  facet normal -0.0489209 0.998803 0
    outer loop
      vertex 19.2305 -18.2132 8.03793
      vertex 19.5 -18.2 1.6
      vertex 19.2305 -18.2132 1.6
    endloop
  endfacet
  facet normal 0.857656 0.514223 0
    outer loop
      vertex 21.9253 -19.6537 8.03793
      vertex 21.7865 -19.4222 1.6
      vertex 21.7865 -19.4222 8.03793
    endloop
  endfacet
  facet normal 0.857656 0.514223 0
    outer loop
      vertex 21.7865 -19.4222 1.6
      vertex 21.9253 -19.6537 8.03793
      vertex 21.9253 -19.6537 1.6
    endloop
  endfacet
  facet normal -0.336829 0.941566 0
    outer loop
      vertex 18.7017 -18.3184 1.6
      vertex 18.4476 -18.4093 8.03793
      vertex 18.7017 -18.3184 8.03793
    endloop
  endfacet
  facet normal -0.336829 0.941566 0
    outer loop
      vertex 18.4476 -18.4093 8.03793
      vertex 18.7017 -18.3184 1.6
      vertex 18.4476 -18.4093 1.6
    endloop
  endfacet
  facet normal 0.427688 0.903926 -0
    outer loop
      vertex 20.7963 -18.5247 1.6
      vertex 20.5524 -18.4093 8.03793
      vertex 20.7963 -18.5247 8.03793
    endloop
  endfacet
  facet normal 0.427688 0.903926 0
    outer loop
      vertex 20.5524 -18.4093 8.03793
      vertex 20.7963 -18.5247 1.6
      vertex 20.5524 -18.4093 1.6
    endloop
  endfacet
  facet normal 0.514223 0.857656 -0
    outer loop
      vertex 21.0278 -18.6635 1.6
      vertex 20.7963 -18.5247 8.03793
      vertex 21.0278 -18.6635 8.03793
    endloop
  endfacet
  facet normal 0.514223 0.857656 0
    outer loop
      vertex 20.7963 -18.5247 8.03793
      vertex 21.0278 -18.6635 1.6
      vertex 20.7963 -18.5247 1.6
    endloop
  endfacet
  facet normal 0.803367 0.595485 0
    outer loop
      vertex 21.7865 -19.4222 8.03793
      vertex 21.6258 -19.2054 1.6
      vertex 21.6258 -19.2054 8.03793
    endloop
  endfacet
  facet normal 0.803367 0.595485 0
    outer loop
      vertex 21.6258 -19.2054 1.6
      vertex 21.7865 -19.4222 8.03793
      vertex 21.7865 -19.4222 1.6
    endloop
  endfacet
  facet normal -0.903926 -0.427688 0
    outer loop
      vertex 17.0747 -22.2463 1.6
      vertex 16.9593 -22.0024 16.1
      vertex 16.9593 -22.0024 1.6
    endloop
  endfacet
  facet normal -0.903926 -0.427688 0
    outer loop
      vertex 16.9593 -22.0024 16.1
      vertex 17.0747 -22.2463 1.6
      vertex 17.0747 -22.2463 16.1
    endloop
  endfacet
  facet normal 0.243059 -0.970012 0
    outer loop
      vertex 20.0365 -23.6472 4.6
      vertex 20.2983 -23.5816 16.1
      vertex 20.0365 -23.6472 16.1
    endloop
  endfacet
  facet normal 0.243059 -0.970012 0
    outer loop
      vertex 20.2983 -23.5816 16.1
      vertex 20.0365 -23.6472 4.6
      vertex 20.2983 -23.5816 4.6
    endloop
  endfacet
  facet normal 0.671805 0.740728 -0
    outer loop
      vertex 21.4445 -19.0055 1.6
      vertex 21.2446 -18.8242 8.03793
      vertex 21.4445 -19.0055 8.03793
    endloop
  endfacet
  facet normal 0.671805 0.740728 0
    outer loop
      vertex 21.2446 -18.8242 8.03793
      vertex 21.4445 -19.0055 1.6
      vertex 21.2446 -18.8242 1.6
    endloop
  endfacet
  facet normal -0.941566 0.336829 0
    outer loop
      vertex 16.8684 -20.1517 1.6
      vertex 16.9593 -19.8976 16.1
      vertex 16.9593 -19.8976 1.6
    endloop
  endfacet
  facet normal -0.941566 0.336829 0
    outer loop
      vertex 16.9593 -19.8976 16.1
      vertex 16.8684 -20.1517 1.6
      vertex 16.8684 -20.1517 16.1
    endloop
  endfacet
  facet normal 0.740728 0.671805 0
    outer loop
      vertex 21.6258 -19.2054 8.03793
      vertex 21.4445 -19.0055 1.6
      vertex 21.4445 -19.0055 8.03793
    endloop
  endfacet
  facet normal 0.740728 0.671805 0
    outer loop
      vertex 21.4445 -19.0055 1.6
      vertex 21.6258 -19.2054 8.03793
      vertex 21.6258 -19.2054 1.6
    endloop
  endfacet
  facet normal -0.803367 -0.595485 0
    outer loop
      vertex 17.3742 -22.6946 1.6
      vertex 17.2135 -22.4778 16.1
      vertex 17.2135 -22.4778 1.6
    endloop
  endfacet
  facet normal -0.803367 -0.595485 0
    outer loop
      vertex 17.2135 -22.4778 16.1
      vertex 17.3742 -22.6946 1.6
      vertex 17.3742 -22.6946 16.1
    endloop
  endfacet
  facet normal 0.97 -0.243107 0
    outer loop
      vertex 22.1972 -21.4865 8.03793
      vertex 22.1371 -21.7263 4.6
      vertex 22.1972 -21.4865 1.6
    endloop
  endfacet
  facet normal 0.970012 -0.243059 -3.55651e-06
    outer loop
      vertex 22.1316 -21.7483 8.03793
      vertex 22.1371 -21.7263 4.6
      vertex 22.1972 -21.4865 8.03793
    endloop
  endfacet
  facet normal 0.970143 -0.242536 0
    outer loop
      vertex 22.1371 -21.7263 4.6
      vertex 22.1316 -21.7483 8.03793
      vertex 22.1316 -21.7483 4.6
    endloop
  endfacet
  facet normal 0.97 -0.243107 0
    outer loop
      vertex 22.1972 -21.4865 1.6
      vertex 22.1371 -21.7263 4.6
      vertex 22.1371 -21.7263 1.6
    endloop
  endfacet
  facet normal 0.740728 -0.671805 0
    outer loop
      vertex 21.4445 -22.8945 8.03793
      vertex 21.6258 -22.6946 4.6
      vertex 21.6258 -22.6946 8.03793
    endloop
  endfacet
  facet normal 0.740728 -0.671805 0
    outer loop
      vertex 21.6258 -22.6946 4.6
      vertex 21.4445 -22.8945 8.03793
      vertex 21.4445 -22.8945 4.6
    endloop
  endfacet
  facet normal 0.98918 -0.14671 0
    outer loop
      vertex 22.1972 -21.4865 8.03793
      vertex 22.2368 -21.2195 1.6
      vertex 22.2368 -21.2195 8.03793
    endloop
  endfacet
  facet normal 0.98918 -0.14671 0
    outer loop
      vertex 22.2368 -21.2195 1.6
      vertex 22.1972 -21.4865 8.03793
      vertex 22.1972 -21.4865 1.6
    endloop
  endfacet
  facet normal 0.941566 -0.336829 0
    outer loop
      vertex 22.0407 -22.0024 8.03793
      vertex 22.1316 -21.7483 4.6
      vertex 22.1316 -21.7483 8.03793
    endloop
  endfacet
  facet normal 0.941566 -0.336829 0
    outer loop
      vertex 22.1316 -21.7483 4.6
      vertex 22.0407 -22.0024 8.03793
      vertex 22.0407 -22.0024 4.6
    endloop
  endfacet
  facet normal -0.857656 -0.514223 0
    outer loop
      vertex 17.2135 -22.4778 1.6
      vertex 17.0747 -22.2463 16.1
      vertex 17.0747 -22.2463 1.6
    endloop
  endfacet
  facet normal -0.857656 -0.514223 0
    outer loop
      vertex 17.0747 -22.2463 16.1
      vertex 17.2135 -22.4778 1.6
      vertex 17.2135 -22.4778 16.1
    endloop
  endfacet
  facet normal 0.941566 0.336829 0
    outer loop
      vertex 22.1316 -20.1517 8.03793
      vertex 22.0407 -19.8976 1.6
      vertex 22.0407 -19.8976 8.03793
    endloop
  endfacet
  facet normal 0.941566 0.336829 0
    outer loop
      vertex 22.0407 -19.8976 1.6
      vertex 22.1316 -20.1517 8.03793
      vertex 22.1316 -20.1517 1.6
    endloop
  endfacet
  facet normal -0.427688 0.903926 0
    outer loop
      vertex 18.4476 -18.4093 1.6
      vertex 18.2037 -18.5247 8.03793
      vertex 18.4476 -18.4093 8.03793
    endloop
  endfacet
  facet normal -0.427688 0.903926 0
    outer loop
      vertex 18.2037 -18.5247 8.03793
      vertex 18.4476 -18.4093 1.6
      vertex 18.2037 -18.5247 1.6
    endloop
  endfacet
  facet normal 0.595485 0.803367 -0
    outer loop
      vertex 21.2446 -18.8242 1.6
      vertex 21.0278 -18.6635 8.03793
      vertex 21.2446 -18.8242 8.03793
    endloop
  endfacet
  facet normal 0.595485 0.803367 0
    outer loop
      vertex 21.0278 -18.6635 8.03793
      vertex 21.2446 -18.8242 1.6
      vertex 21.0278 -18.6635 1.6
    endloop
  endfacet
  facet normal -0.671805 -0.740728 0
    outer loop
      vertex 17.5555 -22.8945 1.6
      vertex 17.7554 -23.0758 16.1
      vertex 17.5555 -22.8945 16.1
    endloop
  endfacet
  facet normal -0.671805 -0.740728 -0
    outer loop
      vertex 17.7554 -23.0758 16.1
      vertex 17.5555 -22.8945 1.6
      vertex 17.7554 -23.0758 1.6
    endloop
  endfacet
  facet normal 0.903926 0.427688 0
    outer loop
      vertex 22.0407 -19.8976 8.03793
      vertex 21.9253 -19.6537 1.6
      vertex 21.9253 -19.6537 8.03793
    endloop
  endfacet
  facet normal 0.903926 0.427688 0
    outer loop
      vertex 21.9253 -19.6537 1.6
      vertex 22.0407 -19.8976 8.03793
      vertex 22.0407 -19.8976 1.6
    endloop
  endfacet
  facet normal -0.98918 -0.14671 0
    outer loop
      vertex 16.8028 -21.4865 1.6
      vertex 16.7632 -21.2195 16.1
      vertex 16.7632 -21.2195 1.6
    endloop
  endfacet
  facet normal -0.98918 -0.14671 0
    outer loop
      vertex 16.7632 -21.2195 16.1
      vertex 16.8028 -21.4865 1.6
      vertex 16.8028 -21.4865 16.1
    endloop
  endfacet
  facet normal -0.98918 0.14671 0
    outer loop
      vertex 16.7632 -20.6805 1.6
      vertex 16.8028 -20.4135 16.1
      vertex 16.8028 -20.4135 1.6
    endloop
  endfacet
  facet normal -0.98918 0.14671 0
    outer loop
      vertex 16.8028 -20.4135 16.1
      vertex 16.7632 -20.6805 1.6
      vertex 16.7632 -20.6805 16.1
    endloop
  endfacet
  facet normal 0.514223 -0.857656 0
    outer loop
      vertex 20.7963 -23.3753 4.6
      vertex 21.0278 -23.2365 16.1
      vertex 20.7963 -23.3753 16.1
    endloop
  endfacet
  facet normal 0.514223 -0.857656 0
    outer loop
      vertex 21.0278 -23.2365 16.1
      vertex 20.7963 -23.3753 4.6
      vertex 21.0278 -23.2365 4.6
    endloop
  endfacet
  facet normal 0 0 1
    outer loop
      vertex 25.5368 -17.5305 16.1
      vertex 24.3923 -17.6432 16.1
      vertex 24.4 -17.8 16.1
    endloop
  endfacet
  facet normal 0 0 1
    outer loop
      vertex 24.7445 -15.8555 16.1
      vertex 24.3693 -17.4879 16.1
      vertex 24.3923 -17.6432 16.1
    endloop
  endfacet
  facet normal 0 0 1
    outer loop
      vertex 24.7445 -15.8555 16.1
      vertex 24.3311 -17.3355 16.1
      vertex 24.3693 -17.4879 16.1
    endloop
  endfacet
  facet normal 0 0 1
    outer loop
      vertex 23.815 -16.5632 16.1
      vertex 24.5446 -15.6742 16.1
      vertex 24.3278 -15.5135 16.1
    endloop
  endfacet
  facet normal 0 0 1
    outer loop
      vertex 24.7445 -15.8555 16.1
      vertex 24.2782 -17.1877 16.1
      vertex 24.3311 -17.3355 16.1
    endloop
  endfacet
  facet normal 0 0 1
    outer loop
      vertex 24.7445 -15.8555 16.1
      vertex 24.2111 -17.0458 16.1
      vertex 24.2782 -17.1877 16.1
    endloop
  endfacet
  facet normal 0 0 1
    outer loop
      vertex 24.7445 -15.8555 16.1
      vertex 24.1304 -16.9111 16.1
      vertex 24.2111 -17.0458 16.1
    endloop
  endfacet
  facet normal 0 0 1
    outer loop
      vertex 23.6889 -16.4696 16.1
      vertex 24.3278 -15.5135 16.1
      vertex 24.0963 -15.3747 16.1
    endloop
  endfacet
  facet normal 0 0 1
    outer loop
      vertex 24.7445 -15.8555 16.1
      vertex 24.0368 -16.785 16.1
      vertex 24.1304 -16.9111 16.1
    endloop
  endfacet
  facet normal 0 0 1
    outer loop
      vertex 24.7445 -15.8555 16.1
      vertex 23.9314 -16.6686 16.1
      vertex 24.0368 -16.785 16.1
    endloop
  endfacet
  facet normal 0 0 1
    outer loop
      vertex 23.5542 -16.3889 16.1
      vertex 24.0963 -15.3747 16.1
      vertex 23.8524 -15.2593 16.1
    endloop
  endfacet
  facet normal 0 0 1
    outer loop
      vertex 24.5446 -15.6742 16.1
      vertex 23.815 -16.5632 16.1
      vertex 23.9314 -16.6686 16.1
    endloop
  endfacet
  facet normal 0 0 1
    outer loop
      vertex 24.3278 -15.5135 16.1
      vertex 23.6889 -16.4696 16.1
      vertex 23.815 -16.5632 16.1
    endloop
  endfacet
  facet normal 0 0 1
    outer loop
      vertex 23.4123 -16.3218 16.1
      vertex 23.8524 -15.2593 16.1
      vertex 23.5983 -15.1684 16.1
    endloop
  endfacet
  facet normal 0 0 1
    outer loop
      vertex 24.0963 -15.3747 16.1
      vertex 23.5542 -16.3889 16.1
      vertex 23.6889 -16.4696 16.1
    endloop
  endfacet
  facet normal 0 0 1
    outer loop
      vertex 23.8524 -15.2593 16.1
      vertex 23.4123 -16.3218 16.1
      vertex 23.5542 -16.3889 16.1
    endloop
  endfacet
  facet normal 0 0 1
    outer loop
      vertex 23.2645 -16.2689 16.1
      vertex 23.5983 -15.1684 16.1
      vertex 23.3365 -15.1028 16.1
    endloop
  endfacet
  facet normal 0 0 1
    outer loop
      vertex 23.5983 -15.1684 16.1
      vertex 23.2645 -16.2689 16.1
      vertex 23.4123 -16.3218 16.1
    endloop
  endfacet
  facet normal 0 0 1
    outer loop
      vertex 23.3365 -15.1028 16.1
      vertex 23.1121 -16.2307 16.1
      vertex 23.2645 -16.2689 16.1
    endloop
  endfacet
  facet normal 0 0 1
    outer loop
      vertex 23.0695 -15.0632 16.1
      vertex 23.1121 -16.2307 16.1
      vertex 23.3365 -15.1028 16.1
    endloop
  endfacet
  facet normal 0 0 1
    outer loop
      vertex 23.0695 -15.0632 16.1
      vertex 22.9568 -16.2077 16.1
      vertex 23.1121 -16.2307 16.1
    endloop
  endfacet
  facet normal 0 0 1
    outer loop
      vertex 22.8 -15.05 16.1
      vertex 22.9568 -16.2077 16.1
      vertex 23.0695 -15.0632 16.1
    endloop
  endfacet
  facet normal 0 0 1
    outer loop
      vertex 22.8 -15.05 16.1
      vertex 22.8 -16.2 16.1
      vertex 22.9568 -16.2077 16.1
    endloop
  endfacet
  facet normal 0 0 1
    outer loop
      vertex 22.8 -15.05 16.1
      vertex 22.6432 -16.2077 16.1
      vertex 22.8 -16.2 16.1
    endloop
  endfacet
  facet normal -0 0 1
    outer loop
      vertex 22.5305 -15.0632 16.1
      vertex 22.6432 -16.2077 16.1
      vertex 22.8 -15.05 16.1
    endloop
  endfacet
  facet normal 0 0 1
    outer loop
      vertex 22.5305 -15.0632 16.1
      vertex 22.4879 -16.2307 16.1
      vertex 22.6432 -16.2077 16.1
    endloop
  endfacet
  facet normal -0 0 1
    outer loop
      vertex 22.2635 -15.1028 16.1
      vertex 22.4879 -16.2307 16.1
      vertex 22.5305 -15.0632 16.1
    endloop
  endfacet
  facet normal 0 0 1
    outer loop
      vertex 22.4879 -16.2307 16.1
      vertex 22.2635 -15.1028 16.1
      vertex 22.3355 -16.2689 16.1
    endloop
  endfacet
  facet normal -0 0 1
    outer loop
      vertex 22.0017 -15.1684 16.1
      vertex 22.3355 -16.2689 16.1
      vertex 22.2635 -15.1028 16.1
    endloop
  endfacet
  facet normal 0 0 1
    outer loop
      vertex 22.3355 -16.2689 16.1
      vertex 22.0017 -15.1684 16.1
      vertex 22.1877 -16.3218 16.1
    endloop
  endfacet
  facet normal -0 0 1
    outer loop
      vertex 21.7476 -15.2593 16.1
      vertex 22.1877 -16.3218 16.1
      vertex 22.0017 -15.1684 16.1
    endloop
  endfacet
  facet normal 0 0 1
    outer loop
      vertex 22.1877 -16.3218 16.1
      vertex 21.7476 -15.2593 16.1
      vertex 22.0458 -16.3889 16.1
    endloop
  endfacet
  facet normal -0 0 1
    outer loop
      vertex 21.5037 -15.3747 16.1
      vertex 22.0458 -16.3889 16.1
      vertex 21.7476 -15.2593 16.1
    endloop
  endfacet
  facet normal 0 0 1
    outer loop
      vertex 22.0458 -16.3889 16.1
      vertex 21.5037 -15.3747 16.1
      vertex 21.9111 -16.4696 16.1
    endloop
  endfacet
  facet normal -0 0 1
    outer loop
      vertex 21.2722 -15.5135 16.1
      vertex 21.9111 -16.4696 16.1
      vertex 21.5037 -15.3747 16.1
    endloop
  endfacet
  facet normal 0 0 1
    outer loop
      vertex 21.9111 -16.4696 16.1
      vertex 21.2722 -15.5135 16.1
      vertex 21.785 -16.5632 16.1
    endloop
  endfacet
  facet normal -0 0 1
    outer loop
      vertex 21.0554 -15.6742 16.1
      vertex 21.785 -16.5632 16.1
      vertex 21.2722 -15.5135 16.1
    endloop
  endfacet
  facet normal 0 0 1
    outer loop
      vertex 21.785 -16.5632 16.1
      vertex 21.0554 -15.6742 16.1
      vertex 21.6686 -16.6686 16.1
    endloop
  endfacet
  facet normal -0 0 1
    outer loop
      vertex 20.8555 -15.8555 16.1
      vertex 21.6686 -16.6686 16.1
      vertex 21.0554 -15.6742 16.1
    endloop
  endfacet
  facet normal 0 0 1
    outer loop
      vertex 21.6686 -16.6686 16.1
      vertex 20.8555 -15.8555 16.1
      vertex 21.5632 -16.785 16.1
    endloop
  endfacet
  facet normal 0 0 1
    outer loop
      vertex 21.5632 -16.785 16.1
      vertex 20.8555 -15.8555 16.1
      vertex 21.4696 -16.9111 16.1
    endloop
  endfacet
  facet normal 0 0 1
    outer loop
      vertex 21.4696 -16.9111 16.1
      vertex 20.8555 -15.8555 16.1
      vertex 21.3889 -17.0458 16.1
    endloop
  endfacet
  facet normal 0 0 1
    outer loop
      vertex 21.3889 -17.0458 16.1
      vertex 20.8555 -15.8555 16.1
      vertex 21.3218 -17.1877 16.1
    endloop
  endfacet
  facet normal 0 0 1
    outer loop
      vertex 21.3218 -17.1877 16.1
      vertex 20.8555 -15.8555 16.1
      vertex 21.2689 -17.3355 16.1
    endloop
  endfacet
  facet normal 0 0 1
    outer loop
      vertex 21.2689 -17.3355 16.1
      vertex 20.8555 -15.8555 16.1
      vertex 21.2307 -17.4879 16.1
    endloop
  endfacet
  facet normal 0 0 1
    outer loop
      vertex 17.5555 -19.0055 16.1
      vertex 21.2307 -17.4879 16.1
      vertex 20.8555 -15.8555 16.1
    endloop
  endfacet
  facet normal 0 0 1
    outer loop
      vertex 24.4 -17.8 16.1
      vertex 25.55 -17.8 16.1
      vertex 25.5368 -17.5305 16.1
    endloop
  endfacet
  facet normal 0 0 1
    outer loop
      vertex 24.3923 -17.6432 16.1
      vertex 25.5368 -17.5305 16.1
      vertex 25.4972 -17.2635 16.1
    endloop
  endfacet
  facet normal 0 0 1
    outer loop
      vertex 25.55 -17.8 16.1
      vertex 24.4 -17.8 16.1
      vertex 25.5368 -18.0695 16.1
    endloop
  endfacet
  facet normal 0 0 1
    outer loop
      vertex 24.3923 -17.6432 16.1
      vertex 25.4972 -17.2635 16.1
      vertex 25.4316 -17.0017 16.1
    endloop
  endfacet
  facet normal -0 0 1
    outer loop
      vertex 24.3923 -17.9568 16.1
      vertex 25.5368 -18.0695 16.1
      vertex 24.4 -17.8 16.1
    endloop
  endfacet
  facet normal 0 0 1
    outer loop
      vertex 24.3923 -17.6432 16.1
      vertex 25.4316 -17.0017 16.1
      vertex 25.3407 -16.7476 16.1
    endloop
  endfacet
  facet normal 0 0 1
    outer loop
      vertex 25.5368 -18.0695 16.1
      vertex 24.3923 -17.9568 16.1
      vertex 25.4972 -18.3365 16.1
    endloop
  endfacet
  facet normal 0 0 1
    outer loop
      vertex 24.3923 -17.6432 16.1
      vertex 25.3407 -16.7476 16.1
      vertex 25.2253 -16.5037 16.1
    endloop
  endfacet
  facet normal -0 0 1
    outer loop
      vertex 24.3693 -18.1121 16.1
      vertex 25.4972 -18.3365 16.1
      vertex 24.3923 -17.9568 16.1
    endloop
  endfacet
  facet normal 0 0 1
    outer loop
      vertex 24.3923 -17.6432 16.1
      vertex 25.2253 -16.5037 16.1
      vertex 25.0865 -16.2722 16.1
    endloop
  endfacet
  facet normal 0 0 1
    outer loop
      vertex 25.4972 -18.3365 16.1
      vertex 24.3693 -18.1121 16.1
      vertex 25.4316 -18.5983 16.1
    endloop
  endfacet
  facet normal 0 0 1
    outer loop
      vertex 24.3923 -17.6432 16.1
      vertex 25.0865 -16.2722 16.1
      vertex 24.9258 -16.0554 16.1
    endloop
  endfacet
  facet normal -0 0 1
    outer loop
      vertex 24.3311 -18.2645 16.1
      vertex 25.4316 -18.5983 16.1
      vertex 24.3693 -18.1121 16.1
    endloop
  endfacet
  facet normal 0 0 1
    outer loop
      vertex 24.3923 -17.6432 16.1
      vertex 24.9258 -16.0554 16.1
      vertex 24.7445 -15.8555 16.1
    endloop
  endfacet
  facet normal 0 0 1
    outer loop
      vertex 25.4316 -18.5983 16.1
      vertex 24.3311 -18.2645 16.1
      vertex 25.3407 -18.8524 16.1
    endloop
  endfacet
  facet normal 0 0 1
    outer loop
      vertex 23.9314 -16.6686 16.1
      vertex 24.7445 -15.8555 16.1
      vertex 24.5446 -15.6742 16.1
    endloop
  endfacet
  facet normal -0 0 1
    outer loop
      vertex 24.2782 -18.4123 16.1
      vertex 25.3407 -18.8524 16.1
      vertex 24.3311 -18.2645 16.1
    endloop
  endfacet
  facet normal 0 0 1
    outer loop
      vertex 25.3407 -18.8524 16.1
      vertex 24.2782 -18.4123 16.1
      vertex 25.2253 -19.0963 16.1
    endloop
  endfacet
  facet normal -0 0 1
    outer loop
      vertex 24.2111 -18.5542 16.1
      vertex 25.2253 -19.0963 16.1
      vertex 24.2782 -18.4123 16.1
    endloop
  endfacet
  facet normal 0 0 1
    outer loop
      vertex 25.2253 -19.0963 16.1
      vertex 24.2111 -18.5542 16.1
      vertex 25.0865 -19.3278 16.1
    endloop
  endfacet
  facet normal -0 0 1
    outer loop
      vertex 24.1304 -18.6889 16.1
      vertex 25.0865 -19.3278 16.1
      vertex 24.2111 -18.5542 16.1
    endloop
  endfacet
  facet normal 0 0 1
    outer loop
      vertex 25.0865 -19.3278 16.1
      vertex 24.1304 -18.6889 16.1
      vertex 24.9258 -19.5446 16.1
    endloop
  endfacet
  facet normal -0 0 1
    outer loop
      vertex 24.0368 -18.815 16.1
      vertex 24.9258 -19.5446 16.1
      vertex 24.1304 -18.6889 16.1
    endloop
  endfacet
  facet normal 0 0 1
    outer loop
      vertex 24.9258 -19.5446 16.1
      vertex 24.0368 -18.815 16.1
      vertex 24.7445 -19.7445 16.1
    endloop
  endfacet
  facet normal -0 0 1
    outer loop
      vertex 23.9314 -18.9314 16.1
      vertex 24.7445 -19.7445 16.1
      vertex 24.0368 -18.815 16.1
    endloop
  endfacet
  facet normal -0 0 1
    outer loop
      vertex 23.815 -19.0368 16.1
      vertex 24.7445 -19.7445 16.1
      vertex 23.9314 -18.9314 16.1
    endloop
  endfacet
  facet normal -0 0 1
    outer loop
      vertex 23.6889 -19.1304 16.1
      vertex 24.7445 -19.7445 16.1
      vertex 23.815 -19.0368 16.1
    endloop
  endfacet
  facet normal -0 0 1
    outer loop
      vertex 23.5542 -19.2111 16.1
      vertex 24.7445 -19.7445 16.1
      vertex 23.6889 -19.1304 16.1
    endloop
  endfacet
  facet normal -0 0 1
    outer loop
      vertex 23.4123 -19.2782 16.1
      vertex 24.7445 -19.7445 16.1
      vertex 23.5542 -19.2111 16.1
    endloop
  endfacet
  facet normal -0 0 1
    outer loop
      vertex 23.2645 -19.3311 16.1
      vertex 24.7445 -19.7445 16.1
      vertex 23.4123 -19.2782 16.1
    endloop
  endfacet
  facet normal -0 0 1
    outer loop
      vertex 23.1121 -19.3693 16.1
      vertex 24.7445 -19.7445 16.1
      vertex 23.2645 -19.3311 16.1
    endloop
  endfacet
  facet normal 0 0 1
    outer loop
      vertex 21.4445 -22.8945 16.1
      vertex 23.1121 -19.3693 16.1
      vertex 22.9568 -19.3923 16.1
    endloop
  endfacet
  facet normal 0 0 1
    outer loop
      vertex 21.4445 -22.8945 16.1
      vertex 22.9568 -19.3923 16.1
      vertex 22.8 -19.4 16.1
    endloop
  endfacet
  facet normal 0 0 1
    outer loop
      vertex 21.4445 -22.8945 16.1
      vertex 22.8 -19.4 16.1
      vertex 22.6432 -19.3923 16.1
    endloop
  endfacet
  facet normal 0 0 1
    outer loop
      vertex 21.4445 -22.8945 16.1
      vertex 22.6432 -19.3923 16.1
      vertex 22.4879 -19.3693 16.1
    endloop
  endfacet
  facet normal 0 0 1
    outer loop
      vertex 23.1121 -19.3693 16.1
      vertex 21.4445 -22.8945 16.1
      vertex 24.7445 -19.7445 16.1
    endloop
  endfacet
  facet normal 0 0 1
    outer loop
      vertex 22.3355 -19.3311 16.1
      vertex 21.4445 -22.8945 16.1
      vertex 22.4879 -19.3693 16.1
    endloop
  endfacet
  facet normal 0 0 1
    outer loop
      vertex 22.1877 -19.2782 16.1
      vertex 21.4445 -22.8945 16.1
      vertex 22.3355 -19.3311 16.1
    endloop
  endfacet
  facet normal 0 0 1
    outer loop
      vertex 22.0458 -19.2111 16.1
      vertex 21.4445 -22.8945 16.1
      vertex 22.1877 -19.2782 16.1
    endloop
  endfacet
  facet normal 0 0 1
    outer loop
      vertex 21.9111 -19.1304 16.1
      vertex 21.4445 -22.8945 16.1
      vertex 22.0458 -19.2111 16.1
    endloop
  endfacet
  facet normal 0 0 1
    outer loop
      vertex 21.785 -19.0368 16.1
      vertex 21.4445 -22.8945 16.1
      vertex 21.9111 -19.1304 16.1
    endloop
  endfacet
  facet normal 0 0 1
    outer loop
      vertex 21.6686 -18.9314 16.1
      vertex 21.4445 -22.8945 16.1
      vertex 21.785 -19.0368 16.1
    endloop
  endfacet
  facet normal 0 0 1
    outer loop
      vertex 17.5555 -19.0055 16.1
      vertex 21.6686 -18.9314 16.1
      vertex 21.5632 -18.815 16.1
    endloop
  endfacet
  facet normal 0 0 1
    outer loop
      vertex 17.5555 -19.0055 16.1
      vertex 21.5632 -18.815 16.1
      vertex 21.4696 -18.6889 16.1
    endloop
  endfacet
  facet normal 0 0 1
    outer loop
      vertex 17.5555 -19.0055 16.1
      vertex 21.4696 -18.6889 16.1
      vertex 21.3889 -18.5542 16.1
    endloop
  endfacet
  facet normal 0 0 1
    outer loop
      vertex 17.5555 -19.0055 16.1
      vertex 21.3889 -18.5542 16.1
      vertex 21.3218 -18.4123 16.1
    endloop
  endfacet
  facet normal 0 0 1
    outer loop
      vertex 17.5555 -19.0055 16.1
      vertex 21.3218 -18.4123 16.1
      vertex 21.2689 -18.2645 16.1
    endloop
  endfacet
  facet normal 0 0 1
    outer loop
      vertex 21.6686 -18.9314 16.1
      vertex 17.5555 -19.0055 16.1
      vertex 21.4445 -22.8945 16.1
    endloop
  endfacet
  facet normal 0 0 1
    outer loop
      vertex 17.5555 -19.0055 16.1
      vertex 21.2689 -18.2645 16.1
      vertex 21.2307 -18.1121 16.1
    endloop
  endfacet
  facet normal 0 0 1
    outer loop
      vertex 17.5555 -19.0055 16.1
      vertex 21.2307 -18.1121 16.1
      vertex 21.2077 -17.9568 16.1
    endloop
  endfacet
  facet normal 0 0 1
    outer loop
      vertex 17.5555 -19.0055 16.1
      vertex 21.2077 -17.9568 16.1
      vertex 21.2 -17.8 16.1
    endloop
  endfacet
  facet normal 0 0 1
    outer loop
      vertex 21.2307 -17.4879 16.1
      vertex 17.5555 -19.0055 16.1
      vertex 21.2077 -17.6432 16.1
    endloop
  endfacet
  facet normal 0 0 1
    outer loop
      vertex 21.2077 -17.6432 16.1
      vertex 17.5555 -19.0055 16.1
      vertex 21.2 -17.8 16.1
    endloop
  endfacet
  facet normal 0 0 1
    outer loop
      vertex 21.4445 -22.8945 16.1
      vertex 17.5555 -19.0055 16.1
      vertex 21.2446 -23.0758 16.1
    endloop
  endfacet
  facet normal 0 0 1
    outer loop
      vertex 21.2446 -23.0758 16.1
      vertex 17.5555 -19.0055 16.1
      vertex 21.0278 -23.2365 16.1
    endloop
  endfacet
  facet normal 0 0 1
    outer loop
      vertex 21.0278 -23.2365 16.1
      vertex 17.5555 -19.0055 16.1
      vertex 20.7963 -23.3753 16.1
    endloop
  endfacet
  facet normal 0 0 1
    outer loop
      vertex 20.7963 -23.3753 16.1
      vertex 17.5555 -19.0055 16.1
      vertex 20.5524 -23.4907 16.1
    endloop
  endfacet
  facet normal 0 0 1
    outer loop
      vertex 20.5524 -23.4907 16.1
      vertex 17.5555 -19.0055 16.1
      vertex 20.2983 -23.5816 16.1
    endloop
  endfacet
  facet normal 0 0 1
    outer loop
      vertex 20.2983 -23.5816 16.1
      vertex 17.5555 -19.0055 16.1
      vertex 20.0365 -23.6472 16.1
    endloop
  endfacet
  facet normal 0 0 1
    outer loop
      vertex 20.0365 -23.6472 16.1
      vertex 17.5555 -19.0055 16.1
      vertex 19.7695 -23.6868 16.1
    endloop
  endfacet
  facet normal 0 0 1
    outer loop
      vertex 19.7695 -23.6868 16.1
      vertex 17.5555 -19.0055 16.1
      vertex 19.5 -23.7 16.1
    endloop
  endfacet
  facet normal 0 0 1
    outer loop
      vertex 19.5 -23.7 16.1
      vertex 17.5555 -19.0055 16.1
      vertex 19.2305 -23.6868 16.1
    endloop
  endfacet
  facet normal 0 0 1
    outer loop
      vertex 19.2305 -23.6868 16.1
      vertex 17.5555 -19.0055 16.1
      vertex 18.9635 -23.6472 16.1
    endloop
  endfacet
  facet normal 0 0 1
    outer loop
      vertex 18.9635 -23.6472 16.1
      vertex 17.5555 -19.0055 16.1
      vertex 18.7017 -23.5816 16.1
    endloop
  endfacet
  facet normal 0 0 1
    outer loop
      vertex 18.7017 -23.5816 16.1
      vertex 17.5555 -19.0055 16.1
      vertex 18.4476 -23.4907 16.1
    endloop
  endfacet
  facet normal 0 0 1
    outer loop
      vertex 18.4476 -23.4907 16.1
      vertex 17.5555 -19.0055 16.1
      vertex 18.2037 -23.3753 16.1
    endloop
  endfacet
  facet normal 0 0 1
    outer loop
      vertex 18.2037 -23.3753 16.1
      vertex 17.5555 -19.0055 16.1
      vertex 17.9722 -23.2365 16.1
    endloop
  endfacet
  facet normal 0 0 1
    outer loop
      vertex 17.9722 -23.2365 16.1
      vertex 17.5555 -19.0055 16.1
      vertex 17.7554 -23.0758 16.1
    endloop
  endfacet
  facet normal 0 0 1
    outer loop
      vertex 17.5555 -19.0055 16.1
      vertex 17.5555 -22.8945 16.1
      vertex 17.7554 -23.0758 16.1
    endloop
  endfacet
  facet normal -0 0 1
    outer loop
      vertex 17.3742 -19.2054 16.1
      vertex 17.5555 -22.8945 16.1
      vertex 17.5555 -19.0055 16.1
    endloop
  endfacet
  facet normal 0 0 1
    outer loop
      vertex 17.3742 -19.2054 16.1
      vertex 17.3742 -22.6946 16.1
      vertex 17.5555 -22.8945 16.1
    endloop
  endfacet
  facet normal -0 0 1
    outer loop
      vertex 17.2135 -19.4222 16.1
      vertex 17.3742 -22.6946 16.1
      vertex 17.3742 -19.2054 16.1
    endloop
  endfacet
  facet normal 0 0 1
    outer loop
      vertex 17.2135 -19.4222 16.1
      vertex 17.2135 -22.4778 16.1
      vertex 17.3742 -22.6946 16.1
    endloop
  endfacet
  facet normal -0 0 1
    outer loop
      vertex 17.0747 -19.6537 16.1
      vertex 17.2135 -22.4778 16.1
      vertex 17.2135 -19.4222 16.1
    endloop
  endfacet
  facet normal 0 0 1
    outer loop
      vertex 17.0747 -19.6537 16.1
      vertex 17.0747 -22.2463 16.1
      vertex 17.2135 -22.4778 16.1
    endloop
  endfacet
  facet normal -0 0 1
    outer loop
      vertex 16.9593 -19.8976 16.1
      vertex 17.0747 -22.2463 16.1
      vertex 17.0747 -19.6537 16.1
    endloop
  endfacet
  facet normal 0 0 1
    outer loop
      vertex 16.9593 -19.8976 16.1
      vertex 16.9593 -22.0024 16.1
      vertex 17.0747 -22.2463 16.1
    endloop
  endfacet
  facet normal -0 0 1
    outer loop
      vertex 16.8684 -20.1517 16.1
      vertex 16.9593 -22.0024 16.1
      vertex 16.9593 -19.8976 16.1
    endloop
  endfacet
  facet normal 0 0 1
    outer loop
      vertex 16.8684 -20.1517 16.1
      vertex 16.8684 -21.7483 16.1
      vertex 16.9593 -22.0024 16.1
    endloop
  endfacet
  facet normal -0 0 1
    outer loop
      vertex 16.8028 -20.4135 16.1
      vertex 16.8684 -21.7483 16.1
      vertex 16.8684 -20.1517 16.1
    endloop
  endfacet
  facet normal 0 0 1
    outer loop
      vertex 16.8028 -20.4135 16.1
      vertex 16.8028 -21.4865 16.1
      vertex 16.8684 -21.7483 16.1
    endloop
  endfacet
  facet normal -0 0 1
    outer loop
      vertex 16.7632 -20.6805 16.1
      vertex 16.8028 -21.4865 16.1
      vertex 16.8028 -20.4135 16.1
    endloop
  endfacet
  facet normal 0 0 1
    outer loop
      vertex 16.7632 -20.6805 16.1
      vertex 16.7632 -21.2195 16.1
      vertex 16.8028 -21.4865 16.1
    endloop
  endfacet
  facet normal 0 -0 1
    outer loop
      vertex 16.7632 -21.2195 16.1
      vertex 16.7632 -20.6805 16.1
      vertex 16.75 -20.95 16.1
    endloop
  endfacet
  facet normal 0.336829 -0.941566 0
    outer loop
      vertex 20.2983 -23.5816 4.6
      vertex 20.5524 -23.4907 16.1
      vertex 20.2983 -23.5816 16.1
    endloop
  endfacet
  facet normal 0.336829 -0.941566 0
    outer loop
      vertex 20.5524 -23.4907 16.1
      vertex 20.2983 -23.5816 4.6
      vertex 20.5524 -23.4907 4.6
    endloop
  endfacet
  facet normal 0.0489209 -0.998803 0
    outer loop
      vertex 19.5 -23.7 4.6
      vertex 19.7695 -23.6868 16.1
      vertex 19.5 -23.7 16.1
    endloop
  endfacet
  facet normal 0.0489209 -0.998803 0
    outer loop
      vertex 19.7695 -23.6868 16.1
      vertex 19.5 -23.7 4.6
      vertex 19.7695 -23.6868 4.6
    endloop
  endfacet
  facet normal 0.14671 0.98918 -0
    outer loop
      vertex 20.0365 -18.2528 1.6
      vertex 19.7695 -18.2132 8.03793
      vertex 20.0365 -18.2528 8.03793
    endloop
  endfacet
  facet normal 0.14671 0.98918 0
    outer loop
      vertex 19.7695 -18.2132 8.03793
      vertex 20.0365 -18.2528 1.6
      vertex 19.7695 -18.2132 1.6
    endloop
  endfacet
  facet normal -0.740728 0.671805 0
    outer loop
      vertex 17.3742 -19.2054 1.6
      vertex 17.5555 -19.0055 8.03793
      vertex 17.5555 -19.0055 1.6
    endloop
  endfacet
  facet normal -0.740728 0.671805 0
    outer loop
      vertex 17.3742 -19.2054 16.1
      vertex 17.5555 -19.0055 8.03793
      vertex 17.3742 -19.2054 1.6
    endloop
  endfacet
  facet normal -0.740728 0.671805 0
    outer loop
      vertex 17.5555 -19.0055 8.03793
      vertex 17.3742 -19.2054 16.1
      vertex 17.5555 -19.0055 16.1
    endloop
  endfacet
  facet normal -0.970012 -0.243059 0
    outer loop
      vertex 16.8684 -21.7483 1.6
      vertex 16.8028 -21.4865 16.1
      vertex 16.8028 -21.4865 1.6
    endloop
  endfacet
  facet normal -0.970012 -0.243059 0
    outer loop
      vertex 16.8028 -21.4865 16.1
      vertex 16.8684 -21.7483 1.6
      vertex 16.8684 -21.7483 16.1
    endloop
  endfacet
  facet normal 0.243059 0.970012 -0
    outer loop
      vertex 20.2983 -18.3184 1.6
      vertex 20.0365 -18.2528 8.03793
      vertex 20.2983 -18.3184 8.03793
    endloop
  endfacet
  facet normal 0.243059 0.970012 0
    outer loop
      vertex 20.0365 -18.2528 8.03793
      vertex 20.2983 -18.3184 1.6
      vertex 20.0365 -18.2528 1.6
    endloop
  endfacet
  facet normal 0.595485 -0.803367 0
    outer loop
      vertex 21.0278 -23.2365 4.6
      vertex 21.2446 -23.0758 16.1
      vertex 21.0278 -23.2365 16.1
    endloop
  endfacet
  facet normal 0.595485 -0.803367 0
    outer loop
      vertex 21.2446 -23.0758 16.1
      vertex 21.0278 -23.2365 4.6
      vertex 21.2446 -23.0758 4.6
    endloop
  endfacet
  facet normal -0.595485 0.803367 0
    outer loop
      vertex 17.9722 -18.6635 1.6
      vertex 17.7554 -18.8242 8.03793
      vertex 17.9722 -18.6635 8.03793
    endloop
  endfacet
  facet normal -0.595485 0.803367 0
    outer loop
      vertex 17.7554 -18.8242 8.03793
      vertex 17.9722 -18.6635 1.6
      vertex 17.7554 -18.8242 1.6
    endloop
  endfacet
  facet normal -0.514223 0.857656 0
    outer loop
      vertex 18.2037 -18.5247 1.6
      vertex 17.9722 -18.6635 8.03793
      vertex 18.2037 -18.5247 8.03793
    endloop
  endfacet
  facet normal -0.514223 0.857656 0
    outer loop
      vertex 17.9722 -18.6635 8.03793
      vertex 18.2037 -18.5247 1.6
      vertex 17.9722 -18.6635 1.6
    endloop
  endfacet
  facet normal -0.595485 -0.803367 0
    outer loop
      vertex 17.7554 -23.0758 1.6
      vertex 17.9722 -23.2365 16.1
      vertex 17.7554 -23.0758 16.1
    endloop
  endfacet
  facet normal -0.595485 -0.803367 -0
    outer loop
      vertex 17.9722 -23.2365 16.1
      vertex 17.7554 -23.0758 1.6
      vertex 17.9722 -23.2365 1.6
    endloop
  endfacet
  facet normal -0.14671 -0.98918 -1.43037e-06
    outer loop
      vertex 18.9635 -23.6472 16.1
      vertex 19.1969 -23.6818 4.6
      vertex 19.2305 -23.6868 16.1
    endloop
  endfacet
  facet normal -0.146641 -0.98919 0
    outer loop
      vertex 18.9635 -23.6472 1.6
      vertex 19.1969 -23.6818 4.6
      vertex 18.9635 -23.6472 16.1
    endloop
  endfacet
  facet normal -0.146641 -0.98919 -0
    outer loop
      vertex 19.1969 -23.6818 4.6
      vertex 18.9635 -23.6472 1.6
      vertex 19.1969 -23.6818 1.6
    endloop
  endfacet
  facet normal -0.147189 -0.989108 -0
    outer loop
      vertex 19.2305 -23.6868 16.1
      vertex 19.1969 -23.6818 4.6
      vertex 19.2305 -23.6868 4.6
    endloop
  endfacet
  facet normal -0.803367 0.595485 0
    outer loop
      vertex 17.2135 -19.4222 1.6
      vertex 17.3742 -19.2054 16.1
      vertex 17.3742 -19.2054 1.6
    endloop
  endfacet
  facet normal -0.803367 0.595485 0
    outer loop
      vertex 17.3742 -19.2054 16.1
      vertex 17.2135 -19.4222 1.6
      vertex 17.2135 -19.4222 16.1
    endloop
  endfacet
  facet normal -0.243059 -0.970012 0
    outer loop
      vertex 18.7017 -23.5816 1.6
      vertex 18.9635 -23.6472 16.1
      vertex 18.7017 -23.5816 16.1
    endloop
  endfacet
  facet normal -0.243059 -0.970012 -0
    outer loop
      vertex 18.9635 -23.6472 16.1
      vertex 18.7017 -23.5816 1.6
      vertex 18.9635 -23.6472 1.6
    endloop
  endfacet
  facet normal -0.427688 -0.903926 0
    outer loop
      vertex 18.2037 -23.3753 1.6
      vertex 18.4476 -23.4907 16.1
      vertex 18.2037 -23.3753 16.1
    endloop
  endfacet
  facet normal -0.427688 -0.903926 -0
    outer loop
      vertex 18.4476 -23.4907 16.1
      vertex 18.2037 -23.3753 1.6
      vertex 18.4476 -23.4907 1.6
    endloop
  endfacet
  facet normal -0.903926 0.427688 0
    outer loop
      vertex 16.9593 -19.8976 1.6
      vertex 17.0747 -19.6537 16.1
      vertex 17.0747 -19.6537 1.6
    endloop
  endfacet
  facet normal -0.903926 0.427688 0
    outer loop
      vertex 17.0747 -19.6537 16.1
      vertex 16.9593 -19.8976 1.6
      vertex 16.9593 -19.8976 16.1
    endloop
  endfacet
  facet normal -0.998803 0.0489209 0
    outer loop
      vertex 16.75 -20.95 1.6
      vertex 16.7632 -20.6805 16.1
      vertex 16.7632 -20.6805 1.6
    endloop
  endfacet
  facet normal -0.998803 0.0489209 0
    outer loop
      vertex 16.7632 -20.6805 16.1
      vertex 16.75 -20.95 1.6
      vertex 16.75 -20.95 16.1
    endloop
  endfacet
  facet normal -0.998803 -0.0489209 0
    outer loop
      vertex 16.7632 -21.2195 1.6
      vertex 16.75 -20.95 16.1
      vertex 16.75 -20.95 1.6
    endloop
  endfacet
  facet normal -0.998803 -0.0489209 0
    outer loop
      vertex 16.75 -20.95 16.1
      vertex 16.7632 -21.2195 1.6
      vertex 16.7632 -21.2195 16.1
    endloop
  endfacet
  facet normal -0.336829 -0.941566 0
    outer loop
      vertex 18.4476 -23.4907 1.6
      vertex 18.7017 -23.5816 16.1
      vertex 18.4476 -23.4907 16.1
    endloop
  endfacet
  facet normal -0.336829 -0.941566 -0
    outer loop
      vertex 18.7017 -23.5816 16.1
      vertex 18.4476 -23.4907 1.6
      vertex 18.7017 -23.5816 1.6
    endloop
  endfacet
  facet normal -0.514223 -0.857656 0
    outer loop
      vertex 17.9722 -23.2365 1.6
      vertex 18.2037 -23.3753 16.1
      vertex 17.9722 -23.2365 16.1
    endloop
  endfacet
  facet normal -0.514223 -0.857656 -0
    outer loop
      vertex 18.2037 -23.3753 16.1
      vertex 17.9722 -23.2365 1.6
      vertex 18.2037 -23.3753 1.6
    endloop
  endfacet
  facet normal 0.796589 0.0390166 -0.603261
    outer loop
      vertex 25.55 -17.8 12.6
      vertex 25.1765 -17.9052 12.1
      vertex 25.5368 -17.5305 12.6
    endloop
  endfacet
  facet normal 0.796569 0.0391647 -0.603277
    outer loop
      vertex 25.1765 -17.9052 12.1
      vertex 25.55 -17.8 12.6
      vertex 25.1883 -18.1452 12.1
    endloop
  endfacet
  facet normal 0.796576 0.0391773 -0.603267
    outer loop
      vertex 25.131 -18.2 12.0207
      vertex 22.25 -20.95 8.03793
      vertex 24.8932 -18.2 11.7067
    endloop
  endfacet
  facet normal 0.859111 -0.307332 -0.409237
    outer loop
      vertex 25.4316 -18.5983 12.6
      vertex 22.0407 -22.0024 8.03793
      vertex 22.1316 -21.7483 8.03793
    endloop
  endfacet
  facet normal 0.738818 -0.670074 -0.0717586
    outer loop
      vertex 24.9258 -19.5446 12.6
      vertex 21.4445 -22.8945 8.03793
      vertex 21.6258 -22.6946 8.03793
    endloop
  endfacet
  facet normal -0.213522 0.869506 -0.445384
    outer loop
      vertex 19.0189 -18.2 8.11445
      vertex 18.9635 -18.2528 8.03793
      vertex 19.0155 -18.2 8.11608
    endloop
  endfacet
  facet normal 0.690476 -0.723356 0
    outer loop
      vertex 21.4445 -22.8945 16.1
      vertex 24.7445 -19.7445 12.6
      vertex 24.7445 -19.7445 16.1
    endloop
  endfacet
  facet normal 0.690476 -0.723356 0
    outer loop
      vertex 24.7445 -19.7445 12.6
      vertex 21.4445 -22.8945 16.1
      vertex 21.4445 -22.8945 8.03793
    endloop
  endfacet
  facet normal -0.336829 0.941566 0
    outer loop
      vertex 22.0017 -15.1684 12.6
      vertex 21.7476 -15.2593 16.1
      vertex 22.0017 -15.1684 16.1
    endloop
  endfacet
  facet normal -0.336829 0.941566 0
    outer loop
      vertex 21.7476 -15.2593 16.1
      vertex 22.0017 -15.1684 12.6
      vertex 21.7476 -15.2593 12.6
    endloop
  endfacet
  facet normal 0.766138 0.113531 -0.632569
    outer loop
      vertex 22.2368 -20.6805 8.03793
      vertex 24.5161 -18.2 11.2437
      vertex 24.8353 -18.2 11.6303
    endloop
  endfacet
  facet normal 0.766092 0.113623 -0.632608
    outer loop
      vertex 24.5161 -18.2 11.2437
      vertex 22.2368 -20.6805 8.03793
      vertex 22.1972 -20.4135 8.03793
    endloop
  endfacet
  facet normal 0.766078 0.113621 -0.632625
    outer loop
      vertex 25.5368 -17.5305 12.6
      vertex 25.1355 -17.6087 12.1
      vertex 25.4972 -17.2635 12.6
    endloop
  endfacet
  facet normal 0.766078 0.113621 -0.632625
    outer loop
      vertex 25.1355 -17.6087 12.1
      vertex 25.5368 -17.5305 12.6
      vertex 25.1751 -17.8757 12.1
    endloop
  endfacet
  facet normal 0.850885 -0.402592 -0.337513
    outer loop
      vertex 25.3407 -18.8524 12.6
      vertex 21.9253 -22.2463 8.03793
      vertex 22.0407 -22.0024 8.03793
    endloop
  endfacet
  facet normal 0.655642 0.310065 -0.688471
    outer loop
      vertex 25.2 -16.5278 12.565
      vertex 25.3407 -16.7476 12.6
      vertex 25.2 -16.8673 12.4121
    endloop
  endfacet
  facet normal 0.656033 0.310398 -0.687949
    outer loop
      vertex 25.3407 -16.7476 12.6
      vertex 25.2 -16.5278 12.565
      vertex 25.2253 -16.5037 12.6
    endloop
  endfacet
  facet normal 0.656037 0.309568 -0.688319
    outer loop
      vertex 23.6337 -18.2 10.32
      vertex 21.9253 -19.6537 8.03793
      vertex 23.4482 -18.2 10.1432
    endloop
  endfacet
  facet normal 0.796356 0.039728 -0.603521
    outer loop
      vertex 22.25 -20.95 8.03793
      vertex 24.8353 -18.2 11.6303
      vertex 24.8932 -18.2 11.7067
    endloop
  endfacet
  facet normal 0.796645 0.0390193 -0.603187
    outer loop
      vertex 24.8353 -18.2 11.6303
      vertex 22.25 -20.95 8.03793
      vertex 22.2368 -20.6805 8.03793
    endloop
  endfacet
  facet normal 0.797063 0.0378267 -0.602711
    outer loop
      vertex 25.1765 -17.9052 12.1
      vertex 25.1751 -17.8757 12.1
      vertex 25.5368 -17.5305 12.6
    endloop
  endfacet
  facet normal 0.694888 0.249022 -0.674625
    outer loop
      vertex 25.3407 -16.7476 12.6
      vertex 25.2 -16.8968 12.4
      vertex 25.2 -16.8819 12.4055
    endloop
  endfacet
  facet normal 0.694951 0.248943 -0.674589
    outer loop
      vertex 22.1316 -20.1517 8.03793
      vertex 23.8191 -18.2 10.4966
      vertex 23.9715 -18.2 10.6536
    endloop
  endfacet
  facet normal 0.695134 0.248673 -0.6745
    outer loop
      vertex 23.8191 -18.2 10.4966
      vertex 22.1316 -20.1517 8.03793
      vertex 22.0407 -19.8976 8.03793
    endloop
  endfacet
  facet normal 0.850885 -0.402592 -0.337513
    outer loop
      vertex 25.2253 -19.0963 12.6
      vertex 21.9253 -22.2463 8.03793
      vertex 25.3407 -18.8524 12.6
    endloop
  endfacet
  facet normal 0.336829 0.941566 -0
    outer loop
      vertex 23.8524 -15.2593 12.6
      vertex 23.5983 -15.1684 16.1
      vertex 23.8524 -15.2593 16.1
    endloop
  endfacet
  facet normal 0.336829 0.941566 0
    outer loop
      vertex 23.5983 -15.1684 16.1
      vertex 23.8524 -15.2593 12.6
      vertex 23.5983 -15.1684 12.6
    endloop
  endfacet
  facet normal 0.188157 0.73941 -0.646429
    outer loop
      vertex 20.0975 -18.2 8.11608
      vertex 20.0365 -18.2528 8.03793
      vertex 20.0919 -18.2 8.11445
    endloop
  endfacet
  facet normal 0.570203 0.422756 -0.704376
    outer loop
      vertex 21.7865 -19.4222 8.03793
      vertex 22.6791 -18.2 9.49405
      vertex 23.0669 -18.2 9.80798
    endloop
  endfacet
  facet normal 0.570262 0.422698 -0.704363
    outer loop
      vertex 22.6791 -18.2 9.49405
      vertex 21.7865 -19.4222 8.03793
      vertex 21.6258 -19.2054 8.03793
    endloop
  endfacet
  facet normal 0.941566 -0.336829 0
    outer loop
      vertex 25.3407 -18.8524 16.1
      vertex 25.4316 -18.5983 12.6
      vertex 25.4316 -18.5983 16.1
    endloop
  endfacet
  facet normal 0.941566 -0.336829 0
    outer loop
      vertex 25.4316 -18.5983 12.6
      vertex 25.3407 -18.8524 16.1
      vertex 25.3407 -18.8524 12.6
    endloop
  endfacet
  facet normal 0.803367 -0.595485 0
    outer loop
      vertex 24.9258 -19.5446 16.1
      vertex 25.0865 -19.3278 12.6
      vertex 25.0865 -19.3278 16.1
    endloop
  endfacet
  facet normal 0.803367 -0.595485 0
    outer loop
      vertex 25.0865 -19.3278 12.6
      vertex 24.9258 -19.5446 16.1
      vertex 24.9258 -19.5446 12.6
    endloop
  endfacet
  facet normal 0.695117 0.248666 -0.67452
    outer loop
      vertex 25.4316 -17.0017 12.6
      vertex 25.2 -16.8968 12.4
      vertex 25.3407 -16.7476 12.6
    endloop
  endfacet
  facet normal 0.69512 0.248711 -0.6745
    outer loop
      vertex 25.4316 -17.0017 12.6
      vertex 25.2 -17.2 12.2882
      vertex 25.2 -16.8968 12.4
    endloop
  endfacet
  facet normal 0.694974 0.248678 -0.674664
    outer loop
      vertex 25.2 -17.2 12.2882
      vertex 25.0699 -17.347 12.1
      vertex 25.0173 -17.2 12.1
    endloop
  endfacet
  facet normal 0.696063 0.247043 -0.67414
    outer loop
      vertex 25.0699 -17.347 12.1
      vertex 25.2 -17.2 12.2882
      vertex 25.4316 -17.0017 12.6
    endloop
  endfacet
  facet normal 0.695223 0.24852 -0.674465
    outer loop
      vertex 24.1762 -18.2 10.8646
      vertex 22.1316 -20.1517 8.03793
      vertex 23.9715 -18.2 10.6536
    endloop
  endfacet
  facet normal 0.0489209 0.998803 -0
    outer loop
      vertex 23.0695 -15.0632 12.6
      vertex 22.8 -15.05 16.1
      vertex 23.0695 -15.0632 16.1
    endloop
  endfacet
  facet normal 0.0489209 0.998803 0
    outer loop
      vertex 22.8 -15.05 16.1
      vertex 23.0695 -15.0632 12.6
      vertex 22.8 -15.05 12.6
    endloop
  endfacet
  facet normal 0.614389 0.368342 -0.697746
    outer loop
      vertex 25.2253 -16.5037 12.6
      vertex 25.2 -16.5278 12.565
      vertex 25.2 -16.4615 12.6
    endloop
  endfacet
  facet normal 0.613886 0.368159 -0.698286
    outer loop
      vertex 23.4482 -18.2 10.1432
      vertex 21.9253 -19.6537 8.03793
      vertex 23.2843 -18.2 9.99911
    endloop
  endfacet
  facet normal -0.427688 0.903926 0
    outer loop
      vertex 21.7476 -15.2593 12.6
      vertex 21.5037 -15.3747 16.1
      vertex 21.7476 -15.2593 16.1
    endloop
  endfacet
  facet normal -0.427688 0.903926 0
    outer loop
      vertex 21.5037 -15.3747 16.1
      vertex 21.7476 -15.2593 12.6
      vertex 21.5037 -15.3747 12.6
    endloop
  endfacet
  facet normal 0.613903 0.368138 -0.698282
    outer loop
      vertex 21.9253 -19.6537 8.03793
      vertex 23.0669 -18.2 9.80798
      vertex 23.2843 -18.2 9.99911
    endloop
  endfacet
  facet normal 0.613938 0.368098 -0.698272
    outer loop
      vertex 23.0669 -18.2 9.80798
      vertex 21.9253 -19.6537 8.03793
      vertex 21.7865 -19.4222 8.03793
    endloop
  endfacet
  facet normal -0.671805 0.740728 0
    outer loop
      vertex 21.0554 -15.6742 12.6
      vertex 20.8555 -15.8555 16.1
      vertex 21.0554 -15.6742 16.1
    endloop
  endfacet
  facet normal -0.671805 0.740728 0
    outer loop
      vertex 20.8555 -15.8555 16.1
      vertex 21.0554 -15.6742 12.6
      vertex 20.8555 -15.8555 12.6
    endloop
  endfacet
  facet normal 0.524104 0.474867 -0.706977
    outer loop
      vertex 21.6258 -19.2054 8.03793
      vertex 22.2884 -18.2 9.20445
      vertex 22.5618 -18.2 9.40713
    endloop
  endfacet
  facet normal 0.523837 0.475095 -0.707022
    outer loop
      vertex 22.2884 -18.2 9.20445
      vertex 21.6258 -19.2054 8.03793
      vertex 21.4445 -19.0055 8.03793
    endloop
  endfacet
  facet normal -0.502072 0.837615 -0.215232
    outer loop
      vertex 18.2037 -18.5247 8.03793
      vertex 18.4698 -18.2 8.68083
      vertex 18.5438 -18.2 8.50821
    endloop
  endfacet
  facet normal -0.502179 0.837568 -0.215163
    outer loop
      vertex 18.4698 -18.2 8.68083
      vertex 18.2037 -18.5247 8.03793
      vertex 17.9722 -18.6635 8.03793
    endloop
  endfacet
  facet normal 0.738818 -0.670074 -0.0717586
    outer loop
      vertex 24.7445 -19.7445 12.6
      vertex 21.4445 -22.8945 8.03793
      vertex 24.9258 -19.5446 12.6
    endloop
  endfacet
  facet normal 0.822572 -0.0402892 -0.567233
    outer loop
      vertex 25.5368 -18.0695 12.6
      vertex 25.1883 -18.1452 12.1
      vertex 25.55 -17.8 12.6
    endloop
  endfacet
  facet normal 0.82258 -0.0405286 -0.567203
    outer loop
      vertex 25.5368 -18.0695 12.6
      vertex 25.1856 -18.2 12.1
      vertex 25.1883 -18.1452 12.1
    endloop
  endfacet
  facet normal 0.822937 -0.0415254 -0.566613
    outer loop
      vertex 25.1856 -18.2 12.1
      vertex 22.25 -20.95 8.03793
      vertex 25.131 -18.2 12.0207
    endloop
  endfacet
  facet normal 0.822544 -0.0401108 -0.567286
    outer loop
      vertex 22.25 -20.95 8.03793
      vertex 25.1856 -18.2 12.1
      vertex 25.5368 -18.0695 12.6
    endloop
  endfacet
  facet normal 0.998803 -0.0489209 0
    outer loop
      vertex 25.5368 -18.0695 16.1
      vertex 25.55 -17.8 12.6
      vertex 25.55 -17.8 16.1
    endloop
  endfacet
  facet normal 0.998803 -0.0489209 0
    outer loop
      vertex 25.55 -17.8 12.6
      vertex 25.5368 -18.0695 16.1
      vertex 25.5368 -18.0695 12.6
    endloop
  endfacet
  facet normal 0.475446 0.524615 -0.706208
    outer loop
      vertex 21.4445 -19.0055 8.03793
      vertex 21.9805 -18.2 8.99716
      vertex 22.2884 -18.2 9.20445
    endloop
  endfacet
  facet normal 0.475654 0.524453 -0.706189
    outer loop
      vertex 21.9805 -18.2 8.99716
      vertex 21.4445 -19.0055 8.03793
      vertex 21.2446 -18.8242 8.03793
    endloop
  endfacet
  facet normal 0.828972 -0.497025 -0.256458
    outer loop
      vertex 25.0865 -19.3278 12.6
      vertex 21.7865 -22.4778 8.03793
      vertex 21.9253 -22.2463 8.03793
    endloop
  endfacet
  facet normal 0.370045 0.617511 -0.69408
    outer loop
      vertex 21.5133 -18.2 8.70914
      vertex 21.0278 -18.6635 8.03793
      vertex 21.4602 -18.2 8.68083
    endloop
  endfacet
  facet normal -0.407772 0.862273 -0.300345
    outer loop
      vertex 18.4476 -18.4093 8.03793
      vertex 18.5438 -18.2 8.50821
      vertex 18.6584 -18.2 8.35262
    endloop
  endfacet
  facet normal -0.407951 0.862211 -0.300281
    outer loop
      vertex 18.5438 -18.2 8.50821
      vertex 18.4476 -18.4093 8.03793
      vertex 18.2037 -18.5247 8.03793
    endloop
  endfacet
  facet normal 0.970012 0.243059 0
    outer loop
      vertex 25.4972 -17.2635 16.1
      vertex 25.4316 -17.0017 12.6
      vertex 25.4316 -17.0017 16.1
    endloop
  endfacet
  facet normal 0.970012 0.243059 0
    outer loop
      vertex 25.4316 -17.0017 12.6
      vertex 25.4972 -17.2635 16.1
      vertex 25.4972 -17.2635 12.6
    endloop
  endfacet
  facet normal -0.217833 0.8698 -0.442714
    outer loop
      vertex 18.9635 -18.2528 8.03793
      vertex 18.8258 -18.2 8.20942
      vertex 19.0155 -18.2 8.11608
    endloop
  endfacet
  facet normal -0.217934 0.869743 -0.442778
    outer loop
      vertex 18.8258 -18.2 8.20942
      vertex 18.9635 -18.2528 8.03793
      vertex 18.7017 -18.3184 8.03793
    endloop
  endfacet
  facet normal 0.37014 0.61744 -0.694092
    outer loop
      vertex 21.0278 -18.6635 8.03793
      vertex 21.1365 -18.2 8.50821
      vertex 21.4602 -18.2 8.68083
    endloop
  endfacet
  facet normal 0.370186 0.617421 -0.694084
    outer loop
      vertex 21.1365 -18.2 8.50821
      vertex 21.0278 -18.6635 8.03793
      vertex 20.7963 -18.5247 8.03793
    endloop
  endfacet
  facet normal 0.671805 0.740728 -0
    outer loop
      vertex 24.7445 -15.8555 12.6
      vertex 24.5446 -15.6742 16.1
      vertex 24.7445 -15.8555 16.1
    endloop
  endfacet
  facet normal 0.671805 0.740728 0
    outer loop
      vertex 24.5446 -15.6742 16.1
      vertex 24.7445 -15.8555 12.6
      vertex 24.5446 -15.6742 12.6
    endloop
  endfacet
  facet normal 0.185533 0.740788 -0.645609
    outer loop
      vertex 20.2983 -18.3184 8.03793
      vertex 20.0975 -18.2 8.11608
      vertex 20.4223 -18.2 8.20942
    endloop
  endfacet
  facet normal 0.185646 0.740885 -0.645465
    outer loop
      vertex 20.0975 -18.2 8.11608
      vertex 20.2983 -18.3184 8.03793
      vertex 20.0365 -18.2528 8.03793
    endloop
  endfacet
  facet normal -0.407428 0.86234 -0.30062
    outer loop
      vertex 18.6669 -18.2 8.3411
      vertex 18.4476 -18.4093 8.03793
      vertex 18.6584 -18.2 8.35262
    endloop
  endfacet
  facet normal -0.502544 0.837445 -0.214793
    outer loop
      vertex 18.4698 -18.2 8.68083
      vertex 17.9722 -18.6635 8.03793
      vertex 18.4577 -18.2 8.70914
    endloop
  endfacet
  facet normal -0.670603 0.741335 -0.0267318
    outer loop
      vertex 18.4094 -18.2 8.94197
      vertex 17.7554 -18.8242 8.03793
      vertex 18.4072 -18.2 8.99716
    endloop
  endfacet
  facet normal 0.475275 0.524844 -0.706153
    outer loop
      vertex 21.9805 -18.2 8.99716
      vertex 21.2446 -18.8242 8.03793
      vertex 21.8985 -18.2 8.94197
    endloop
  endfacet
  facet normal -0.595485 0.803367 0
    outer loop
      vertex 21.2722 -15.5135 12.6
      vertex 21.0554 -15.6742 16.1
      vertex 21.2722 -15.5135 16.1
    endloop
  endfacet
  facet normal -0.595485 0.803367 0
    outer loop
      vertex 21.0554 -15.6742 16.1
      vertex 21.2722 -15.5135 12.6
      vertex 21.0554 -15.6742 12.6
    endloop
  endfacet
  facet normal 0.427688 0.903926 -0
    outer loop
      vertex 24.0963 -15.3747 12.6
      vertex 23.8524 -15.2593 16.1
      vertex 24.0963 -15.3747 16.1
    endloop
  endfacet
  facet normal 0.427688 0.903926 0
    outer loop
      vertex 23.8524 -15.2593 16.1
      vertex 24.0963 -15.3747 12.6
      vertex 23.8524 -15.2593 12.6
    endloop
  endfacet
  facet normal 0.903926 -0.427688 0
    outer loop
      vertex 25.2253 -19.0963 16.1
      vertex 25.3407 -18.8524 12.6
      vertex 25.3407 -18.8524 16.1
    endloop
  endfacet
  facet normal 0.903926 -0.427688 0
    outer loop
      vertex 25.3407 -18.8524 12.6
      vertex 25.2253 -19.0963 16.1
      vertex 25.2253 -19.0963 12.6
    endloop
  endfacet
  facet normal 0.855713 -0.214419 -0.470934
    outer loop
      vertex 25.4316 -18.5983 12.6
      vertex 22.1972 -21.4865 8.03793
      vertex 25.4972 -18.3365 12.6
    endloop
  endfacet
  facet normal 0.855713 -0.214419 -0.470934
    outer loop
      vertex 22.1972 -21.4865 8.03793
      vertex 25.4316 -18.5983 12.6
      vertex 22.1316 -21.7483 8.03793
    endloop
  endfacet
  facet normal 0.859111 -0.307332 -0.409237
    outer loop
      vertex 25.3407 -18.8524 12.6
      vertex 22.0407 -22.0024 8.03793
      vertex 25.4316 -18.5983 12.6
    endloop
  endfacet
  facet normal 0.82259 -0.0402901 -0.567206
    outer loop
      vertex 25.5368 -18.0695 12.6
      vertex 22.2368 -21.2195 8.03793
      vertex 22.25 -20.95 8.03793
    endloop
  endfacet
  facet normal 0.970012 -0.243059 0
    outer loop
      vertex 25.4316 -18.5983 16.1
      vertex 25.4972 -18.3365 12.6
      vertex 25.4972 -18.3365 16.1
    endloop
  endfacet
  facet normal 0.970012 -0.243059 0
    outer loop
      vertex 25.4972 -18.3365 12.6
      vertex 25.4316 -18.5983 16.1
      vertex 25.4316 -18.5983 12.6
    endloop
  endfacet
  facet normal 0.424258 0.572134 -0.701903
    outer loop
      vertex 21.2446 -18.8242 8.03793
      vertex 21.5133 -18.2 8.70914
      vertex 21.8985 -18.2 8.94197
    endloop
  endfacet
  facet normal 0.424138 0.572203 -0.701919
    outer loop
      vertex 21.5133 -18.2 8.70914
      vertex 21.2446 -18.8242 8.03793
      vertex 21.0278 -18.6635 8.03793
    endloop
  endfacet
  facet normal 0.0440898 0.807757 -0.587865
    outer loop
      vertex 19.7834 -18.2 8.05711
      vertex 19.7695 -18.2132 8.03793
      vertex 19.7822 -18.2 8.05702
    endloop
  endfacet
  facet normal -0.0489209 0.998803 0
    outer loop
      vertex 22.8 -15.05 12.6
      vertex 22.5305 -15.0632 16.1
      vertex 22.8 -15.05 16.1
    endloop
  endfacet
  facet normal -0.0489209 0.998803 0
    outer loop
      vertex 22.5305 -15.0632 16.1
      vertex 22.8 -15.05 12.6
      vertex 22.5305 -15.0632 12.6
    endloop
  endfacet
  facet normal -0.0445435 0.837629 -0.544421
    outer loop
      vertex 19.2454 -18.2 8.05702
      vertex 19.2305 -18.2132 8.03793
      vertex 19.2443 -18.2 8.05711
    endloop
  endfacet
  facet normal 0.523884 0.47509 -0.70699
    outer loop
      vertex 22.6791 -18.2 9.49405
      vertex 21.6258 -19.2054 8.03793
      vertex 22.5618 -18.2 9.40713
    endloop
  endfacet
  facet normal -0.690456 0.723374 0
    outer loop
      vertex 19.4469 -17.2 12.6
      vertex 20.8555 -15.8555 16.1
      vertex 20.8555 -15.8555 12.6
    endloop
  endfacet
  facet normal -0.690476 0.723356 1.50308e-05
    outer loop
      vertex 20.8555 -15.8555 16.1
      vertex 19.4469 -17.2 12.6
      vertex 17.5555 -19.0055 16.1
    endloop
  endfacet
  facet normal -0.690482 0.723349 0
    outer loop
      vertex 18.3993 -18.2 12.1
      vertex 19.4469 -17.2 12.6
      vertex 19.4469 -17.2 12.1
    endloop
  endfacet
  facet normal -0.690484 0.723348 6.5555e-06
    outer loop
      vertex 19.4469 -17.2 12.6
      vertex 18.3993 -18.2 12.1
      vertex 17.5555 -19.0055 16.1
    endloop
  endfacet
  facet normal -0.6905 0.723332 0
    outer loop
      vertex 17.5555 -19.0055 8.03793
      vertex 18.3993 -18.2 12.1
      vertex 18.3993 -18.2 9.20445
    endloop
  endfacet
  facet normal -0.6905 0.723332 0
    outer loop
      vertex 18.3993 -18.2 12.1
      vertex 17.5555 -19.0055 8.03793
      vertex 17.5555 -19.0055 16.1
    endloop
  endfacet
  facet normal -0.243059 0.970012 0
    outer loop
      vertex 22.2635 -15.1028 12.6
      vertex 22.0017 -15.1684 16.1
      vertex 22.2635 -15.1028 16.1
    endloop
  endfacet
  facet normal -0.243059 0.970012 0
    outer loop
      vertex 22.0017 -15.1684 16.1
      vertex 22.2635 -15.1028 12.6
      vertex 22.0017 -15.1684 12.6
    endloop
  endfacet
  facet normal -0.311434 0.87231 -0.376941
    outer loop
      vertex 18.6772 -18.2 8.33259
      vertex 18.4476 -18.4093 8.03793
      vertex 18.6669 -18.2 8.3411
    endloop
  endfacet
  facet normal -0.514223 0.857656 0
    outer loop
      vertex 21.5037 -15.3747 12.6
      vertex 21.2722 -15.5135 16.1
      vertex 21.5037 -15.3747 16.1
    endloop
  endfacet
  facet normal -0.514223 0.857656 0
    outer loop
      vertex 21.2722 -15.5135 16.1
      vertex 21.5037 -15.3747 12.6
      vertex 21.2722 -15.5135 12.6
    endloop
  endfacet
  facet normal -0.590956 0.797258 -0.123091
    outer loop
      vertex 17.7554 -18.8242 8.03793
      vertex 18.4577 -18.2 8.70914
      vertex 17.9722 -18.6635 8.03793
    endloop
  endfacet
  facet normal -0.591245 0.797111 -0.122652
    outer loop
      vertex 18.4577 -18.2 8.70914
      vertex 17.7554 -18.8242 8.03793
      vertex 18.4094 -18.2 8.94197
    endloop
  endfacet
  facet normal 0.740728 -0.671805 0
    outer loop
      vertex 24.7445 -19.7445 16.1
      vertex 24.9258 -19.5446 12.6
      vertex 24.9258 -19.5446 16.1
    endloop
  endfacet
  facet normal 0.740728 -0.671805 0
    outer loop
      vertex 24.9258 -19.5446 12.6
      vertex 24.7445 -19.7445 16.1
      vertex 24.7445 -19.7445 12.6
    endloop
  endfacet
  facet normal 0.740728 0.671805 0
    outer loop
      vertex 24.9258 -16.0554 16.1
      vertex 24.7445 -15.8555 12.6
      vertex 24.7445 -15.8555 16.1
    endloop
  endfacet
  facet normal 0.740728 0.671805 0
    outer loop
      vertex 24.7445 -15.8555 12.6
      vertex 24.9258 -16.0554 16.1
      vertex 24.9258 -16.0554 12.6
    endloop
  endfacet
  facet normal 0.731891 0.183637 -0.656211
    outer loop
      vertex 22.1972 -20.4135 8.03793
      vertex 24.1762 -18.2 10.8646
      vertex 24.5161 -18.2 11.2437
    endloop
  endfacet
  facet normal 0.732016 0.183423 -0.656131
    outer loop
      vertex 24.1762 -18.2 10.8646
      vertex 22.1972 -20.4135 8.03793
      vertex 22.1316 -20.1517 8.03793
    endloop
  endfacet
  facet normal 0.731977 0.183414 -0.656178
    outer loop
      vertex 25.4972 -17.2635 12.6
      vertex 25.0699 -17.347 12.1
      vertex 25.4316 -17.0017 12.6
    endloop
  endfacet
  facet normal 0.731962 0.18348 -0.656176
    outer loop
      vertex 25.0699 -17.347 12.1
      vertex 25.4972 -17.2635 12.6
      vertex 25.1355 -17.6087 12.1
    endloop
  endfacet
  facet normal 0.98918 -0.14671 0
    outer loop
      vertex 25.4972 -18.3365 16.1
      vertex 25.5368 -18.0695 12.6
      vertex 25.5368 -18.0695 16.1
    endloop
  endfacet
  facet normal 0.98918 -0.14671 0
    outer loop
      vertex 25.5368 -18.0695 12.6
      vertex 25.4972 -18.3365 16.1
      vertex 25.4972 -18.3365 12.6
    endloop
  endfacet
  facet normal 0.842877 -0.125011 -0.523383
    outer loop
      vertex 25.4972 -18.3365 12.6
      vertex 22.2368 -21.2195 8.03793
      vertex 25.5368 -18.0695 12.6
    endloop
  endfacet
  facet normal 0.842877 -0.125011 -0.523383
    outer loop
      vertex 22.2368 -21.2195 8.03793
      vertex 25.4972 -18.3365 12.6
      vertex 22.1972 -21.4865 8.03793
    endloop
  endfacet
  facet normal -0.671587 0.740487 -0.0255115
    outer loop
      vertex 17.5555 -19.0055 8.03793
      vertex 18.4072 -18.2 8.99716
      vertex 17.7554 -18.8242 8.03793
    endloop
  endfacet
  facet normal -0.671536 0.74053 -0.0255928
    outer loop
      vertex 18.4072 -18.2 8.99716
      vertex 17.5555 -19.0055 8.03793
      vertex 18.3993 -18.2 9.20445
    endloop
  endfacet
  facet normal 0.312535 0.66084 -0.682358
    outer loop
      vertex 20.7963 -18.5247 8.03793
      vertex 20.7968 -18.2 8.35262
      vertex 21.1365 -18.2 8.50821
    endloop
  endfacet
  facet normal 0.31266 0.660812 -0.682328
    outer loop
      vertex 20.7968 -18.2 8.35262
      vertex 20.7963 -18.5247 8.03793
      vertex 20.5524 -18.4093 8.03793
    endloop
  endfacet
  facet normal 0.514223 0.857656 -0
    outer loop
      vertex 24.3278 -15.5135 12.6
      vertex 24.0963 -15.3747 16.1
      vertex 24.3278 -15.5135 16.1
    endloop
  endfacet
  facet normal 0.514223 0.857656 0
    outer loop
      vertex 24.0963 -15.3747 16.1
      vertex 24.3278 -15.5135 12.6
      vertex 24.0963 -15.3747 12.6
    endloop
  endfacet
  facet normal 0.79201 -0.587067 -0.16755
    outer loop
      vertex 24.9258 -19.5446 12.6
      vertex 21.7865 -22.4778 8.03793
      vertex 25.0865 -19.3278 12.6
    endloop
  endfacet
  facet normal 0.79201 -0.587067 -0.16755
    outer loop
      vertex 21.7865 -22.4778 8.03793
      vertex 24.9258 -19.5446 12.6
      vertex 21.6258 -22.6946 8.03793
    endloop
  endfacet
  facet normal -0.0409715 0.836502 -0.54643
    outer loop
      vertex 19.5 -18.2 8.03793
      vertex 19.2305 -18.2132 8.03793
      vertex 19.2454 -18.2 8.05702
    endloop
  endfacet
  facet normal 0.0396412 0.809341 -0.586
    outer loop
      vertex 19.7695 -18.2132 8.03793
      vertex 19.5 -18.2 8.03793
      vertex 19.7822 -18.2 8.05702
    endloop
  endfacet
  facet normal 0.595485 0.803367 -0
    outer loop
      vertex 24.5446 -15.6742 12.6
      vertex 24.3278 -15.5135 16.1
      vertex 24.5446 -15.6742 16.1
    endloop
  endfacet
  facet normal 0.595485 0.803367 0
    outer loop
      vertex 24.3278 -15.5135 16.1
      vertex 24.5446 -15.6742 12.6
      vertex 24.3278 -15.5135 12.6
    endloop
  endfacet
  facet normal 0.14671 0.98918 -0
    outer loop
      vertex 23.3365 -15.1028 12.6
      vertex 23.0695 -15.0632 16.1
      vertex 23.3365 -15.1028 16.1
    endloop
  endfacet
  facet normal 0.14671 0.98918 0
    outer loop
      vertex 23.0695 -15.0632 16.1
      vertex 23.3365 -15.1028 12.6
      vertex 23.0695 -15.0632 12.6
    endloop
  endfacet
  facet normal 0.115101 0.776698 -0.619267
    outer loop
      vertex 20.0365 -18.2528 8.03793
      vertex 19.7834 -18.2 8.05711
      vertex 20.0919 -18.2 8.11445
    endloop
  endfacet
  facet normal 0.115283 0.777289 -0.618491
    outer loop
      vertex 19.7834 -18.2 8.05711
      vertex 20.0365 -18.2528 8.03793
      vertex 19.7695 -18.2132 8.03793
    endloop
  endfacet
  facet normal -0.126885 0.857392 -0.498778
    outer loop
      vertex 19.2305 -18.2132 8.03793
      vertex 19.0189 -18.2 8.11445
      vertex 19.2443 -18.2 8.05711
    endloop
  endfacet
  facet normal -0.12711 0.857032 -0.499338
    outer loop
      vertex 19.0189 -18.2 8.11445
      vertex 19.2305 -18.2132 8.03793
      vertex 18.9635 -18.2528 8.03793
    endloop
  endfacet
  facet normal -0.14671 0.98918 0
    outer loop
      vertex 22.5305 -15.0632 12.6
      vertex 22.2635 -15.1028 16.1
      vertex 22.5305 -15.0632 16.1
    endloop
  endfacet
  facet normal -0.14671 0.98918 0
    outer loop
      vertex 22.2635 -15.1028 16.1
      vertex 22.5305 -15.0632 12.6
      vertex 22.2635 -15.1028 12.6
    endloop
  endfacet
  facet normal 0.251143 0.702078 -0.666343
    outer loop
      vertex 20.5524 -18.4093 8.03793
      vertex 20.4223 -18.2 8.20942
      vertex 20.7491 -18.2 8.33259
    endloop
  endfacet
  facet normal 0.251157 0.702081 -0.666335
    outer loop
      vertex 20.4223 -18.2 8.20942
      vertex 20.5524 -18.4093 8.03793
      vertex 20.2983 -18.3184 8.03793
    endloop
  endfacet
  facet normal 0.857653 0.514229 0
    outer loop
      vertex 25.0865 -16.2722 16.1
      vertex 25.2 -16.4615 12.6
      vertex 25.0865 -16.2722 12.6
    endloop
  endfacet
  facet normal 0.857656 0.514223 4.33988e-07
    outer loop
      vertex 25.2253 -16.5037 16.1
      vertex 25.2 -16.4615 12.6
      vertex 25.0865 -16.2722 16.1
    endloop
  endfacet
  facet normal 0.857672 0.514197 0
    outer loop
      vertex 25.2 -16.4615 12.6
      vertex 25.2253 -16.5037 16.1
      vertex 25.2253 -16.5037 12.6
    endloop
  endfacet
  facet normal 0.654842 0.311316 -0.688668
    outer loop
      vertex 25.3407 -16.7476 12.6
      vertex 25.2 -16.8819 12.4055
      vertex 25.2 -16.8673 12.4121
    endloop
  endfacet
  facet normal 0.655717 0.310085 -0.688391
    outer loop
      vertex 22.0407 -19.8976 8.03793
      vertex 23.6337 -18.2 10.32
      vertex 23.8191 -18.2 10.4966
    endloop
  endfacet
  facet normal 0.655628 0.310207 -0.688421
    outer loop
      vertex 23.6337 -18.2 10.32
      vertex 22.0407 -19.8976 8.03793
      vertex 21.9253 -19.6537 8.03793
    endloop
  endfacet
  facet normal 0.903926 0.427688 0
    outer loop
      vertex 25.3407 -16.7476 16.1
      vertex 25.2253 -16.5037 12.6
      vertex 25.2253 -16.5037 16.1
    endloop
  endfacet
  facet normal 0.903926 0.427688 0
    outer loop
      vertex 25.2253 -16.5037 12.6
      vertex 25.3407 -16.7476 16.1
      vertex 25.3407 -16.7476 12.6
    endloop
  endfacet
  facet normal -0.312031 0.872307 -0.376454
    outer loop
      vertex 18.7017 -18.3184 8.03793
      vertex 18.6772 -18.2 8.33259
      vertex 18.8258 -18.2 8.20942
    endloop
  endfacet
  facet normal -0.312051 0.8723 -0.376453
    outer loop
      vertex 18.6772 -18.2 8.33259
      vertex 18.7017 -18.3184 8.03793
      vertex 18.4476 -18.4093 8.03793
    endloop
  endfacet
  facet normal 0.98918 0.14671 0
    outer loop
      vertex 25.5368 -17.5305 16.1
      vertex 25.4972 -17.2635 12.6
      vertex 25.4972 -17.2635 16.1
    endloop
  endfacet
  facet normal 0.98918 0.14671 0
    outer loop
      vertex 25.4972 -17.2635 12.6
      vertex 25.5368 -17.5305 16.1
      vertex 25.5368 -17.5305 12.6
    endloop
  endfacet
  facet normal 0.998803 0.0489209 0
    outer loop
      vertex 25.55 -17.8 16.1
      vertex 25.5368 -17.5305 12.6
      vertex 25.5368 -17.5305 16.1
    endloop
  endfacet
  facet normal 0.998803 0.0489209 0
    outer loop
      vertex 25.5368 -17.5305 12.6
      vertex 25.55 -17.8 16.1
      vertex 25.55 -17.8 12.6
    endloop
  endfacet
  facet normal 0.250887 0.70223 -0.66628
    outer loop
      vertex 20.7717 -18.2 8.3411
      vertex 20.5524 -18.4093 8.03793
      vertex 20.7491 -18.2 8.33259
    endloop
  endfacet
  facet normal 0.313237 0.660375 -0.682486
    outer loop
      vertex 20.7968 -18.2 8.35262
      vertex 20.5524 -18.4093 8.03793
      vertex 20.7717 -18.2 8.3411
    endloop
  endfacet
  facet normal 0.243059 0.970012 -0
    outer loop
      vertex 23.5983 -15.1684 12.6
      vertex 23.3365 -15.1028 16.1
      vertex 23.5983 -15.1684 16.1
    endloop
  endfacet
  facet normal 0.243059 0.970012 0
    outer loop
      vertex 23.3365 -15.1028 16.1
      vertex 23.5983 -15.1684 12.6
      vertex 23.3365 -15.1028 12.6
    endloop
  endfacet
  facet normal 0.941566 0.336829 0
    outer loop
      vertex 25.4316 -17.0017 16.1
      vertex 25.3407 -16.7476 12.6
      vertex 25.3407 -16.7476 16.1
    endloop
  endfacet
  facet normal 0.941566 0.336829 0
    outer loop
      vertex 25.3407 -16.7476 12.6
      vertex 25.4316 -17.0017 16.1
      vertex 25.4316 -17.0017 12.6
    endloop
  endfacet
  facet normal 0.803367 0.595485 0
    outer loop
      vertex 25.0865 -16.2722 16.1
      vertex 24.9258 -16.0554 12.6
      vertex 24.9258 -16.0554 16.1
    endloop
  endfacet
  facet normal 0.803367 0.595485 0
    outer loop
      vertex 24.9258 -16.0554 12.6
      vertex 25.0865 -16.2722 16.1
      vertex 25.0865 -16.2722 12.6
    endloop
  endfacet
  facet normal 0.857656 -0.514223 0
    outer loop
      vertex 25.0865 -19.3278 16.1
      vertex 25.2253 -19.0963 12.6
      vertex 25.2253 -19.0963 16.1
    endloop
  endfacet
  facet normal 0.857656 -0.514223 0
    outer loop
      vertex 25.2253 -19.0963 12.6
      vertex 25.0865 -19.3278 16.1
      vertex 25.0865 -19.3278 12.6
    endloop
  endfacet
  facet normal 0.828972 -0.497025 -0.256458
    outer loop
      vertex 25.0865 -19.3278 12.6
      vertex 21.9253 -22.2463 8.03793
      vertex 25.2253 -19.0963 12.6
    endloop
  endfacet
  facet normal 0.98918 0.14671 0
    outer loop
      vertex -16.7632 -20.6805 16.1
      vertex -16.8028 -20.4135 1.6
      vertex -16.8028 -20.4135 16.1
    endloop
  endfacet
  facet normal 0.98918 0.14671 0
    outer loop
      vertex -16.8028 -20.4135 1.6
      vertex -16.7632 -20.6805 16.1
      vertex -16.7632 -20.6805 1.6
    endloop
  endfacet
  facet normal 0.998803 0.0489209 0
    outer loop
      vertex -16.75 -20.95 16.1
      vertex -16.7632 -20.6805 1.6
      vertex -16.7632 -20.6805 16.1
    endloop
  endfacet
  facet normal 0.998803 0.0489209 0
    outer loop
      vertex -16.7632 -20.6805 1.6
      vertex -16.75 -20.95 16.1
      vertex -16.75 -20.95 1.6
    endloop
  endfacet
  facet normal 0.970012 0.243059 0
    outer loop
      vertex -16.8028 -20.4135 16.1
      vertex -16.8684 -20.1517 1.6
      vertex -16.8684 -20.1517 16.1
    endloop
  endfacet
  facet normal 0.970012 0.243059 0
    outer loop
      vertex -16.8684 -20.1517 1.6
      vertex -16.8028 -20.4135 16.1
      vertex -16.8028 -20.4135 1.6
    endloop
  endfacet
  facet normal -0.243059 0.970012 0
    outer loop
      vertex -20.0365 -18.2528 1.6
      vertex -20.2983 -18.3184 7.98996
      vertex -20.0365 -18.2528 7.98996
    endloop
  endfacet
  facet normal -0.243059 0.970012 0
    outer loop
      vertex -20.2983 -18.3184 7.98996
      vertex -20.0365 -18.2528 1.6
      vertex -20.2983 -18.3184 1.6
    endloop
  endfacet
  facet normal 0.514223 0.857656 -0
    outer loop
      vertex -17.9722 -18.6635 1.6
      vertex -18.2037 -18.5247 7.98996
      vertex -17.9722 -18.6635 7.98996
    endloop
  endfacet
  facet normal 0.514223 0.857656 0
    outer loop
      vertex -18.2037 -18.5247 7.98996
      vertex -17.9722 -18.6635 1.6
      vertex -18.2037 -18.5247 1.6
    endloop
  endfacet
  facet normal 0.427688 -0.903926 0
    outer loop
      vertex -18.4476 -23.4907 1.6
      vertex -18.2037 -23.3753 16.1
      vertex -18.4476 -23.4907 16.1
    endloop
  endfacet
  facet normal 0.427688 -0.903926 0
    outer loop
      vertex -18.2037 -23.3753 16.1
      vertex -18.4476 -23.4907 1.6
      vertex -18.2037 -23.3753 1.6
    endloop
  endfacet
  facet normal -0.0489209 -0.998803 0
    outer loop
      vertex -19.7695 -23.6868 4.6
      vertex -19.5 -23.7 16.1
      vertex -19.7695 -23.6868 16.1
    endloop
  endfacet
  facet normal -0.0489209 -0.998803 -0
    outer loop
      vertex -19.5 -23.7 16.1
      vertex -19.7695 -23.6868 4.6
      vertex -19.5 -23.7 4.6
    endloop
  endfacet
  facet normal 0.243059 -0.970012 0
    outer loop
      vertex -18.9635 -23.6472 1.6
      vertex -18.7017 -23.5816 16.1
      vertex -18.9635 -23.6472 16.1
    endloop
  endfacet
  facet normal 0.243059 -0.970012 0
    outer loop
      vertex -18.7017 -23.5816 16.1
      vertex -18.9635 -23.6472 1.6
      vertex -18.7017 -23.5816 1.6
    endloop
  endfacet
  facet normal 0.14671 0.98918 -0
    outer loop
      vertex -18.9635 -18.2528 1.6
      vertex -19.2305 -18.2132 7.98996
      vertex -18.9635 -18.2528 7.98996
    endloop
  endfacet
  facet normal 0.14671 0.98918 0
    outer loop
      vertex -19.2305 -18.2132 7.98996
      vertex -18.9635 -18.2528 1.6
      vertex -19.2305 -18.2132 1.6
    endloop
  endfacet
  facet normal -0.857656 -0.514223 0
    outer loop
      vertex -21.7865 -22.4778 4.6
      vertex -21.9253 -22.2463 7.98996
      vertex -21.9253 -22.2463 4.6
    endloop
  endfacet
  facet normal -0.857656 -0.514223 0
    outer loop
      vertex -21.9253 -22.2463 7.98996
      vertex -21.7865 -22.4778 4.6
      vertex -21.7865 -22.4778 7.98996
    endloop
  endfacet
  facet normal -0.903926 -0.427688 0
    outer loop
      vertex -21.9253 -22.2463 4.6
      vertex -22.0407 -22.0024 7.98996
      vertex -22.0407 -22.0024 4.6
    endloop
  endfacet
  facet normal -0.903926 -0.427688 0
    outer loop
      vertex -22.0407 -22.0024 7.98996
      vertex -21.9253 -22.2463 4.6
      vertex -21.9253 -22.2463 7.98996
    endloop
  endfacet
  facet normal -0.671805 0.740728 0
    outer loop
      vertex -21.2446 -18.8242 1.6
      vertex -21.4445 -19.0055 7.98996
      vertex -21.2446 -18.8242 7.98996
    endloop
  endfacet
  facet normal -0.671805 0.740728 0
    outer loop
      vertex -21.4445 -19.0055 7.98996
      vertex -21.2446 -18.8242 1.6
      vertex -21.4445 -19.0055 1.6
    endloop
  endfacet
  facet normal 0.0489209 -0.998803 0
    outer loop
      vertex -19.5 -23.7 4.6
      vertex -19.2305 -23.6868 16.1
      vertex -19.5 -23.7 16.1
    endloop
  endfacet
  facet normal 0.0489209 -0.998803 0
    outer loop
      vertex -19.2305 -23.6868 16.1
      vertex -19.5 -23.7 4.6
      vertex -19.2305 -23.6868 4.6
    endloop
  endfacet
  facet normal -0.970012 0.243059 0
    outer loop
      vertex -22.1972 -20.4135 1.6
      vertex -22.1316 -20.1517 7.98996
      vertex -22.1316 -20.1517 1.6
    endloop
  endfacet
  facet normal -0.970012 0.243059 0
    outer loop
      vertex -22.1316 -20.1517 7.98996
      vertex -22.1972 -20.4135 1.6
      vertex -22.1972 -20.4135 7.98996
    endloop
  endfacet
  facet normal -0.803367 0.595485 0
    outer loop
      vertex -21.7865 -19.4222 1.6
      vertex -21.6258 -19.2054 7.98996
      vertex -21.6258 -19.2054 1.6
    endloop
  endfacet
  facet normal -0.803367 0.595485 0
    outer loop
      vertex -21.6258 -19.2054 7.98996
      vertex -21.7865 -19.4222 1.6
      vertex -21.7865 -19.4222 7.98996
    endloop
  endfacet
  facet normal 0.903926 0.427688 0
    outer loop
      vertex -16.9593 -19.8976 16.1
      vertex -17.0747 -19.6537 1.6
      vertex -17.0747 -19.6537 16.1
    endloop
  endfacet
  facet normal 0.903926 0.427688 0
    outer loop
      vertex -17.0747 -19.6537 1.6
      vertex -16.9593 -19.8976 16.1
      vertex -16.9593 -19.8976 1.6
    endloop
  endfacet
  facet normal -0.595485 0.803367 0
    outer loop
      vertex -21.0278 -18.6635 1.6
      vertex -21.2446 -18.8242 7.98996
      vertex -21.0278 -18.6635 7.98996
    endloop
  endfacet
  facet normal -0.595485 0.803367 0
    outer loop
      vertex -21.2446 -18.8242 7.98996
      vertex -21.0278 -18.6635 1.6
      vertex -21.2446 -18.8242 1.6
    endloop
  endfacet
  facet normal 0.595485 0.803367 -0
    outer loop
      vertex -17.7554 -18.8242 1.6
      vertex -17.9722 -18.6635 7.98996
      vertex -17.7554 -18.8242 7.98996
    endloop
  endfacet
  facet normal 0.595485 0.803367 0
    outer loop
      vertex -17.9722 -18.6635 7.98996
      vertex -17.7554 -18.8242 1.6
      vertex -17.9722 -18.6635 1.6
    endloop
  endfacet
  facet normal 0.740728 -0.671805 0
    outer loop
      vertex -17.5555 -22.8945 16.1
      vertex -17.3742 -22.6946 1.6
      vertex -17.3742 -22.6946 16.1
    endloop
  endfacet
  facet normal 0.740728 -0.671805 0
    outer loop
      vertex -17.3742 -22.6946 1.6
      vertex -17.5555 -22.8945 16.1
      vertex -17.5555 -22.8945 1.6
    endloop
  endfacet
  facet normal -0.0489209 0.998803 0
    outer loop
      vertex -19.5 -18.2 1.6
      vertex -19.7695 -18.2132 7.98996
      vertex -19.5 -18.2 7.98996
    endloop
  endfacet
  facet normal -0.0489209 0.998803 0
    outer loop
      vertex -19.7695 -18.2132 7.98996
      vertex -19.5 -18.2 1.6
      vertex -19.7695 -18.2132 1.6
    endloop
  endfacet
  facet normal 0.803367 0.595485 0
    outer loop
      vertex -17.2135 -19.4222 16.1
      vertex -17.3742 -19.2054 1.6
      vertex -17.3742 -19.2054 16.1
    endloop
  endfacet
  facet normal 0.803367 0.595485 0
    outer loop
      vertex -17.3742 -19.2054 1.6
      vertex -17.2135 -19.4222 16.1
      vertex -17.2135 -19.4222 1.6
    endloop
  endfacet
  facet normal 0.98918 -0.14671 0
    outer loop
      vertex -16.8028 -21.4865 16.1
      vertex -16.7632 -21.2195 1.6
      vertex -16.7632 -21.2195 16.1
    endloop
  endfacet
  facet normal 0.98918 -0.14671 0
    outer loop
      vertex -16.7632 -21.2195 1.6
      vertex -16.8028 -21.4865 16.1
      vertex -16.8028 -21.4865 1.6
    endloop
  endfacet
  facet normal -0.14671 0.98918 0
    outer loop
      vertex -19.7695 -18.2132 1.6
      vertex -20.0365 -18.2528 7.98996
      vertex -19.7695 -18.2132 7.98996
    endloop
  endfacet
  facet normal -0.14671 0.98918 0
    outer loop
      vertex -20.0365 -18.2528 7.98996
      vertex -19.7695 -18.2132 1.6
      vertex -20.0365 -18.2528 1.6
    endloop
  endfacet
  facet normal -0.97 -0.243107 -0
    outer loop
      vertex -22.1371 -21.7263 4.6
      vertex -22.1972 -21.4865 1.6
      vertex -22.1371 -21.7263 1.6
    endloop
  endfacet
  facet normal -0.97 -0.243107 0
    outer loop
      vertex -22.1972 -21.4865 1.6
      vertex -22.1371 -21.7263 4.6
      vertex -22.1972 -21.4865 7.98996
    endloop
  endfacet
  facet normal -0.970143 -0.242536 -0
    outer loop
      vertex -22.1316 -21.7483 7.98996
      vertex -22.1371 -21.7263 4.6
      vertex -22.1316 -21.7483 4.6
    endloop
  endfacet
  facet normal -0.970012 -0.243059 -3.60684e-06
    outer loop
      vertex -22.1371 -21.7263 4.6
      vertex -22.1316 -21.7483 7.98996
      vertex -22.1972 -21.4865 7.98996
    endloop
  endfacet
  facet normal 0.243059 0.970012 -0
    outer loop
      vertex -18.7017 -18.3184 1.6
      vertex -18.9635 -18.2528 7.98996
      vertex -18.7017 -18.3184 7.98996
    endloop
  endfacet
  facet normal 0.243059 0.970012 0
    outer loop
      vertex -18.9635 -18.2528 7.98996
      vertex -18.7017 -18.3184 1.6
      vertex -18.9635 -18.2528 1.6
    endloop
  endfacet
  facet normal 0 0 1
    outer loop
      vertex -17.7554 -18.8242 16.1
      vertex -21.6077 -18.0432 16.1
      vertex -21.6 -18.2 16.1
    endloop
  endfacet
  facet normal 0 0 1
    outer loop
      vertex -17.7554 -18.8242 16.1
      vertex -21.6307 -17.8879 16.1
      vertex -21.6077 -18.0432 16.1
    endloop
  endfacet
  facet normal 0 0 1
    outer loop
      vertex -17.7554 -18.8242 16.1
      vertex -21.6689 -17.7355 16.1
      vertex -21.6307 -17.8879 16.1
    endloop
  endfacet
  facet normal 0 0 1
    outer loop
      vertex -22.185 -16.9632 16.1
      vertex -21.4554 -16.0742 16.1
      vertex -21.6722 -15.9135 16.1
    endloop
  endfacet
  facet normal 0 0 1
    outer loop
      vertex -21.4554 -16.0742 16.1
      vertex -21.7218 -17.5877 16.1
      vertex -21.6689 -17.7355 16.1
    endloop
  endfacet
  facet normal 0 0 1
    outer loop
      vertex -21.4554 -16.0742 16.1
      vertex -21.7889 -17.4458 16.1
      vertex -21.7218 -17.5877 16.1
    endloop
  endfacet
  facet normal 0 0 1
    outer loop
      vertex -21.4554 -16.0742 16.1
      vertex -21.8696 -17.3111 16.1
      vertex -21.7889 -17.4458 16.1
    endloop
  endfacet
  facet normal 0 0 1
    outer loop
      vertex -22.3111 -16.8696 16.1
      vertex -21.6722 -15.9135 16.1
      vertex -21.9037 -15.7747 16.1
    endloop
  endfacet
  facet normal 0 0 1
    outer loop
      vertex -21.4554 -16.0742 16.1
      vertex -21.9632 -17.185 16.1
      vertex -21.8696 -17.3111 16.1
    endloop
  endfacet
  facet normal 0 0 1
    outer loop
      vertex -21.4554 -16.0742 16.1
      vertex -22.0686 -17.0686 16.1
      vertex -21.9632 -17.185 16.1
    endloop
  endfacet
  facet normal 0 0 1
    outer loop
      vertex -22.4458 -16.7889 16.1
      vertex -21.9037 -15.7747 16.1
      vertex -22.1476 -15.6593 16.1
    endloop
  endfacet
  facet normal 0 0 1
    outer loop
      vertex -21.4554 -16.0742 16.1
      vertex -22.185 -16.9632 16.1
      vertex -22.0686 -17.0686 16.1
    endloop
  endfacet
  facet normal 0 0 1
    outer loop
      vertex -21.6722 -15.9135 16.1
      vertex -22.3111 -16.8696 16.1
      vertex -22.185 -16.9632 16.1
    endloop
  endfacet
  facet normal 0 0 1
    outer loop
      vertex -22.5877 -16.7218 16.1
      vertex -22.1476 -15.6593 16.1
      vertex -22.4017 -15.5684 16.1
    endloop
  endfacet
  facet normal 0 0 1
    outer loop
      vertex -21.9037 -15.7747 16.1
      vertex -22.4458 -16.7889 16.1
      vertex -22.3111 -16.8696 16.1
    endloop
  endfacet
  facet normal 0 0 1
    outer loop
      vertex -22.1476 -15.6593 16.1
      vertex -22.5877 -16.7218 16.1
      vertex -22.4458 -16.7889 16.1
    endloop
  endfacet
  facet normal 0 0 1
    outer loop
      vertex -22.7355 -16.6689 16.1
      vertex -22.4017 -15.5684 16.1
      vertex -22.6635 -15.5028 16.1
    endloop
  endfacet
  facet normal 0 0 1
    outer loop
      vertex -22.4017 -15.5684 16.1
      vertex -22.7355 -16.6689 16.1
      vertex -22.5877 -16.7218 16.1
    endloop
  endfacet
  facet normal 0 0 1
    outer loop
      vertex -22.6635 -15.5028 16.1
      vertex -22.8879 -16.6307 16.1
      vertex -22.7355 -16.6689 16.1
    endloop
  endfacet
  facet normal 0 0 1
    outer loop
      vertex -22.9305 -15.4632 16.1
      vertex -22.8879 -16.6307 16.1
      vertex -22.6635 -15.5028 16.1
    endloop
  endfacet
  facet normal 0 0 1
    outer loop
      vertex -22.9305 -15.4632 16.1
      vertex -23.0432 -16.6077 16.1
      vertex -22.8879 -16.6307 16.1
    endloop
  endfacet
  facet normal 0 0 1
    outer loop
      vertex -23.2 -15.45 16.1
      vertex -23.0432 -16.6077 16.1
      vertex -22.9305 -15.4632 16.1
    endloop
  endfacet
  facet normal 0 0 1
    outer loop
      vertex -23.2 -15.45 16.1
      vertex -23.2 -16.6 16.1
      vertex -23.0432 -16.6077 16.1
    endloop
  endfacet
  facet normal 0 0 1
    outer loop
      vertex -23.2 -15.45 16.1
      vertex -23.3568 -16.6077 16.1
      vertex -23.2 -16.6 16.1
    endloop
  endfacet
  facet normal -0 0 1
    outer loop
      vertex -23.4695 -15.4632 16.1
      vertex -23.3568 -16.6077 16.1
      vertex -23.2 -15.45 16.1
    endloop
  endfacet
  facet normal 0 0 1
    outer loop
      vertex -23.4695 -15.4632 16.1
      vertex -23.5121 -16.6307 16.1
      vertex -23.3568 -16.6077 16.1
    endloop
  endfacet
  facet normal -0 0 1
    outer loop
      vertex -23.7365 -15.5028 16.1
      vertex -23.5121 -16.6307 16.1
      vertex -23.4695 -15.4632 16.1
    endloop
  endfacet
  facet normal 0 0 1
    outer loop
      vertex -23.5121 -16.6307 16.1
      vertex -23.7365 -15.5028 16.1
      vertex -23.6645 -16.6689 16.1
    endloop
  endfacet
  facet normal -0 0 1
    outer loop
      vertex -23.9983 -15.5684 16.1
      vertex -23.6645 -16.6689 16.1
      vertex -23.7365 -15.5028 16.1
    endloop
  endfacet
  facet normal 0 0 1
    outer loop
      vertex -23.6645 -16.6689 16.1
      vertex -23.9983 -15.5684 16.1
      vertex -23.8123 -16.7218 16.1
    endloop
  endfacet
  facet normal -0 0 1
    outer loop
      vertex -24.2524 -15.6593 16.1
      vertex -23.8123 -16.7218 16.1
      vertex -23.9983 -15.5684 16.1
    endloop
  endfacet
  facet normal 0 0 1
    outer loop
      vertex -23.8123 -16.7218 16.1
      vertex -24.2524 -15.6593 16.1
      vertex -23.9542 -16.7889 16.1
    endloop
  endfacet
  facet normal -0 0 1
    outer loop
      vertex -24.4963 -15.7747 16.1
      vertex -23.9542 -16.7889 16.1
      vertex -24.2524 -15.6593 16.1
    endloop
  endfacet
  facet normal 0 0 1
    outer loop
      vertex -23.9542 -16.7889 16.1
      vertex -24.4963 -15.7747 16.1
      vertex -24.0889 -16.8696 16.1
    endloop
  endfacet
  facet normal -0 0 1
    outer loop
      vertex -24.7278 -15.9135 16.1
      vertex -24.0889 -16.8696 16.1
      vertex -24.4963 -15.7747 16.1
    endloop
  endfacet
  facet normal 0 0 1
    outer loop
      vertex -24.0889 -16.8696 16.1
      vertex -24.7278 -15.9135 16.1
      vertex -24.215 -16.9632 16.1
    endloop
  endfacet
  facet normal -0 0 1
    outer loop
      vertex -24.9446 -16.0742 16.1
      vertex -24.215 -16.9632 16.1
      vertex -24.7278 -15.9135 16.1
    endloop
  endfacet
  facet normal 0 0 1
    outer loop
      vertex -24.215 -16.9632 16.1
      vertex -24.9446 -16.0742 16.1
      vertex -24.3314 -17.0686 16.1
    endloop
  endfacet
  facet normal -0 0 1
    outer loop
      vertex -25.1445 -16.2555 16.1
      vertex -24.3314 -17.0686 16.1
      vertex -24.9446 -16.0742 16.1
    endloop
  endfacet
  facet normal 0 0 1
    outer loop
      vertex -24.3314 -17.0686 16.1
      vertex -25.1445 -16.2555 16.1
      vertex -24.4368 -17.185 16.1
    endloop
  endfacet
  facet normal -0 0 1
    outer loop
      vertex -25.3258 -16.4554 16.1
      vertex -24.4368 -17.185 16.1
      vertex -25.1445 -16.2555 16.1
    endloop
  endfacet
  facet normal 0 0 1
    outer loop
      vertex -24.4368 -17.185 16.1
      vertex -25.3258 -16.4554 16.1
      vertex -24.5303 -17.3111 16.1
    endloop
  endfacet
  facet normal -0 0 1
    outer loop
      vertex -25.4865 -16.6722 16.1
      vertex -24.5303 -17.3111 16.1
      vertex -25.3258 -16.4554 16.1
    endloop
  endfacet
  facet normal 0 0 1
    outer loop
      vertex -24.5303 -17.3111 16.1
      vertex -25.4865 -16.6722 16.1
      vertex -24.6111 -17.4458 16.1
    endloop
  endfacet
  facet normal -0 0 1
    outer loop
      vertex -25.6253 -16.9037 16.1
      vertex -24.6111 -17.4458 16.1
      vertex -25.4865 -16.6722 16.1
    endloop
  endfacet
  facet normal 0 0 1
    outer loop
      vertex -24.6111 -17.4458 16.1
      vertex -25.6253 -16.9037 16.1
      vertex -24.6782 -17.5877 16.1
    endloop
  endfacet
  facet normal 0 0 1
    outer loop
      vertex -16.7632 -20.6805 16.1
      vertex -16.7632 -21.2195 16.1
      vertex -16.75 -20.95 16.1
    endloop
  endfacet
  facet normal 0 0 1
    outer loop
      vertex -16.8028 -20.4135 16.1
      vertex -16.7632 -21.2195 16.1
      vertex -16.7632 -20.6805 16.1
    endloop
  endfacet
  facet normal 0 0 1
    outer loop
      vertex -16.8028 -20.4135 16.1
      vertex -16.8028 -21.4865 16.1
      vertex -16.7632 -21.2195 16.1
    endloop
  endfacet
  facet normal 0 0 1
    outer loop
      vertex -16.8684 -20.1517 16.1
      vertex -16.8028 -21.4865 16.1
      vertex -16.8028 -20.4135 16.1
    endloop
  endfacet
  facet normal 0 0 1
    outer loop
      vertex -16.8684 -20.1517 16.1
      vertex -16.8684 -21.7483 16.1
      vertex -16.8028 -21.4865 16.1
    endloop
  endfacet
  facet normal 0 0 1
    outer loop
      vertex -16.9593 -19.8976 16.1
      vertex -16.8684 -21.7483 16.1
      vertex -16.8684 -20.1517 16.1
    endloop
  endfacet
  facet normal 0 0 1
    outer loop
      vertex -16.9593 -19.8976 16.1
      vertex -16.9593 -22.0024 16.1
      vertex -16.8684 -21.7483 16.1
    endloop
  endfacet
  facet normal 0 0 1
    outer loop
      vertex -17.0747 -19.6537 16.1
      vertex -16.9593 -22.0024 16.1
      vertex -16.9593 -19.8976 16.1
    endloop
  endfacet
  facet normal 0 0 1
    outer loop
      vertex -17.0747 -19.6537 16.1
      vertex -17.0747 -22.2463 16.1
      vertex -16.9593 -22.0024 16.1
    endloop
  endfacet
  facet normal 0 0 1
    outer loop
      vertex -17.2135 -19.4222 16.1
      vertex -17.0747 -22.2463 16.1
      vertex -17.0747 -19.6537 16.1
    endloop
  endfacet
  facet normal 0 0 1
    outer loop
      vertex -17.2135 -19.4222 16.1
      vertex -17.2135 -22.4778 16.1
      vertex -17.0747 -22.2463 16.1
    endloop
  endfacet
  facet normal 0 0 1
    outer loop
      vertex -17.3742 -19.2054 16.1
      vertex -17.2135 -22.4778 16.1
      vertex -17.2135 -19.4222 16.1
    endloop
  endfacet
  facet normal 0 0 1
    outer loop
      vertex -17.3742 -19.2054 16.1
      vertex -17.3742 -22.6946 16.1
      vertex -17.2135 -22.4778 16.1
    endloop
  endfacet
  facet normal 0 0 1
    outer loop
      vertex -17.5555 -19.0055 16.1
      vertex -17.3742 -22.6946 16.1
      vertex -17.3742 -19.2054 16.1
    endloop
  endfacet
  facet normal 0 0 1
    outer loop
      vertex -17.5555 -19.0055 16.1
      vertex -17.5555 -22.8945 16.1
      vertex -17.3742 -22.6946 16.1
    endloop
  endfacet
  facet normal 0 0 1
    outer loop
      vertex -17.7554 -18.8242 16.1
      vertex -17.5555 -22.8945 16.1
      vertex -17.5555 -19.0055 16.1
    endloop
  endfacet
  facet normal 0 0 1
    outer loop
      vertex -17.7554 -18.8242 16.1
      vertex -17.7554 -23.0758 16.1
      vertex -17.5555 -22.8945 16.1
    endloop
  endfacet
  facet normal 0 0 1
    outer loop
      vertex -17.7554 -18.8242 16.1
      vertex -17.9722 -23.2365 16.1
      vertex -17.7554 -23.0758 16.1
    endloop
  endfacet
  facet normal 0 0 1
    outer loop
      vertex -17.7554 -18.8242 16.1
      vertex -18.2037 -23.3753 16.1
      vertex -17.9722 -23.2365 16.1
    endloop
  endfacet
  facet normal 0 0 1
    outer loop
      vertex -17.7554 -18.8242 16.1
      vertex -18.4476 -23.4907 16.1
      vertex -18.2037 -23.3753 16.1
    endloop
  endfacet
  facet normal 0 0 1
    outer loop
      vertex -17.7554 -18.8242 16.1
      vertex -18.7017 -23.5816 16.1
      vertex -18.4476 -23.4907 16.1
    endloop
  endfacet
  facet normal 0 0 1
    outer loop
      vertex -17.7554 -18.8242 16.1
      vertex -18.9635 -23.6472 16.1
      vertex -18.7017 -23.5816 16.1
    endloop
  endfacet
  facet normal 0 0 1
    outer loop
      vertex -17.7554 -18.8242 16.1
      vertex -19.2305 -23.6868 16.1
      vertex -18.9635 -23.6472 16.1
    endloop
  endfacet
  facet normal 0 0 1
    outer loop
      vertex -17.7554 -18.8242 16.1
      vertex -19.5 -23.7 16.1
      vertex -19.2305 -23.6868 16.1
    endloop
  endfacet
  facet normal 0 0 1
    outer loop
      vertex -17.7554 -18.8242 16.1
      vertex -19.7695 -23.6868 16.1
      vertex -19.5 -23.7 16.1
    endloop
  endfacet
  facet normal 0 0 1
    outer loop
      vertex -17.7554 -18.8242 16.1
      vertex -20.0365 -23.6472 16.1
      vertex -19.7695 -23.6868 16.1
    endloop
  endfacet
  facet normal 0 0 1
    outer loop
      vertex -17.7554 -18.8242 16.1
      vertex -20.2983 -23.5816 16.1
      vertex -20.0365 -23.6472 16.1
    endloop
  endfacet
  facet normal 0 0 1
    outer loop
      vertex -17.7554 -18.8242 16.1
      vertex -20.5524 -23.4907 16.1
      vertex -20.2983 -23.5816 16.1
    endloop
  endfacet
  facet normal 0 0 1
    outer loop
      vertex -17.7554 -18.8242 16.1
      vertex -20.7963 -23.3753 16.1
      vertex -20.5524 -23.4907 16.1
    endloop
  endfacet
  facet normal 0 0 1
    outer loop
      vertex -17.7554 -18.8242 16.1
      vertex -21.0278 -23.2365 16.1
      vertex -20.7963 -23.3753 16.1
    endloop
  endfacet
  facet normal 0 0 1
    outer loop
      vertex -17.7554 -18.8242 16.1
      vertex -21.2446 -23.0758 16.1
      vertex -21.0278 -23.2365 16.1
    endloop
  endfacet
  facet normal -0 0 1
    outer loop
      vertex -21.6689 -17.7355 16.1
      vertex -17.7554 -18.8242 16.1
      vertex -21.4554 -16.0742 16.1
    endloop
  endfacet
  facet normal -0 0 1
    outer loop
      vertex -21.6077 -18.3568 16.1
      vertex -17.7554 -18.8242 16.1
      vertex -21.6 -18.2 16.1
    endloop
  endfacet
  facet normal -0 0 1
    outer loop
      vertex -21.6307 -18.5121 16.1
      vertex -17.7554 -18.8242 16.1
      vertex -21.6077 -18.3568 16.1
    endloop
  endfacet
  facet normal -0 0 1
    outer loop
      vertex -21.6689 -18.6645 16.1
      vertex -17.7554 -18.8242 16.1
      vertex -21.6307 -18.5121 16.1
    endloop
  endfacet
  facet normal -0 0 1
    outer loop
      vertex -21.7218 -18.8123 16.1
      vertex -17.7554 -18.8242 16.1
      vertex -21.6689 -18.6645 16.1
    endloop
  endfacet
  facet normal 0 0 1
    outer loop
      vertex -21.7889 -18.9542 16.1
      vertex -17.7554 -18.8242 16.1
      vertex -21.7218 -18.8123 16.1
    endloop
  endfacet
  facet normal 0 0 1
    outer loop
      vertex -21.8696 -19.0889 16.1
      vertex -17.7554 -18.8242 16.1
      vertex -21.7889 -18.9542 16.1
    endloop
  endfacet
  facet normal 0 0 1
    outer loop
      vertex -17.7554 -18.8242 16.1
      vertex -21.8696 -19.0889 16.1
      vertex -21.2446 -23.0758 16.1
    endloop
  endfacet
  facet normal -0 0 1
    outer loop
      vertex -21.9632 -19.215 16.1
      vertex -21.2446 -23.0758 16.1
      vertex -21.8696 -19.0889 16.1
    endloop
  endfacet
  facet normal -0 0 1
    outer loop
      vertex -22.0686 -19.3314 16.1
      vertex -21.2446 -23.0758 16.1
      vertex -21.9632 -19.215 16.1
    endloop
  endfacet
  facet normal -0 0 1
    outer loop
      vertex -22.185 -19.4368 16.1
      vertex -21.2446 -23.0758 16.1
      vertex -22.0686 -19.3314 16.1
    endloop
  endfacet
  facet normal -0 0 1
    outer loop
      vertex -22.3111 -19.5303 16.1
      vertex -21.2446 -23.0758 16.1
      vertex -22.185 -19.4368 16.1
    endloop
  endfacet
  facet normal -0 0 1
    outer loop
      vertex -22.4458 -19.6111 16.1
      vertex -21.2446 -23.0758 16.1
      vertex -22.3111 -19.5303 16.1
    endloop
  endfacet
  facet normal -0 0 1
    outer loop
      vertex -22.5877 -19.6782 16.1
      vertex -21.2446 -23.0758 16.1
      vertex -22.4458 -19.6111 16.1
    endloop
  endfacet
  facet normal -0 0 1
    outer loop
      vertex -22.7355 -19.7311 16.1
      vertex -21.2446 -23.0758 16.1
      vertex -22.5877 -19.6782 16.1
    endloop
  endfacet
  facet normal -0 0 1
    outer loop
      vertex -22.8879 -19.7693 16.1
      vertex -21.2446 -23.0758 16.1
      vertex -22.7355 -19.7311 16.1
    endloop
  endfacet
  facet normal -0 0 1
    outer loop
      vertex -23.0432 -19.7923 16.1
      vertex -21.2446 -23.0758 16.1
      vertex -22.8879 -19.7693 16.1
    endloop
  endfacet
  facet normal -0 0 1
    outer loop
      vertex -23.2 -19.8 16.1
      vertex -21.2446 -23.0758 16.1
      vertex -23.0432 -19.7923 16.1
    endloop
  endfacet
  facet normal 0 0 1
    outer loop
      vertex -23.3568 -19.7923 16.1
      vertex -21.2446 -23.0758 16.1
      vertex -23.2 -19.8 16.1
    endloop
  endfacet
  facet normal 0 0 1
    outer loop
      vertex -24.9446 -20.3258 16.1
      vertex -23.3568 -19.7923 16.1
      vertex -23.5121 -19.7693 16.1
    endloop
  endfacet
  facet normal 0 0 1
    outer loop
      vertex -24.9446 -20.3258 16.1
      vertex -23.5121 -19.7693 16.1
      vertex -23.6645 -19.7311 16.1
    endloop
  endfacet
  facet normal 0 0 1
    outer loop
      vertex -24.9446 -20.3258 16.1
      vertex -23.6645 -19.7311 16.1
      vertex -23.8123 -19.6782 16.1
    endloop
  endfacet
  facet normal 0 0 1
    outer loop
      vertex -24.9446 -20.3258 16.1
      vertex -23.8123 -19.6782 16.1
      vertex -23.9542 -19.6111 16.1
    endloop
  endfacet
  facet normal 0 0 1
    outer loop
      vertex -24.9446 -20.3258 16.1
      vertex -23.9542 -19.6111 16.1
      vertex -24.0889 -19.5303 16.1
    endloop
  endfacet
  facet normal 0 0 1
    outer loop
      vertex -24.9446 -20.3258 16.1
      vertex -24.0889 -19.5303 16.1
      vertex -24.215 -19.4368 16.1
    endloop
  endfacet
  facet normal 0 0 1
    outer loop
      vertex -24.9446 -20.3258 16.1
      vertex -24.215 -19.4368 16.1
      vertex -24.3314 -19.3314 16.1
    endloop
  endfacet
  facet normal 0 0 1
    outer loop
      vertex -25.1445 -20.1445 16.1
      vertex -24.3314 -19.3314 16.1
      vertex -24.4368 -19.215 16.1
    endloop
  endfacet
  facet normal -0 0 1
    outer loop
      vertex -25.7407 -17.1476 16.1
      vertex -24.6782 -17.5877 16.1
      vertex -25.6253 -16.9037 16.1
    endloop
  endfacet
  facet normal 0 0 1
    outer loop
      vertex -23.3568 -19.7923 16.1
      vertex -24.9446 -20.3258 16.1
      vertex -21.2446 -23.0758 16.1
    endloop
  endfacet
  facet normal 0 0 1
    outer loop
      vertex -25.3258 -19.9446 16.1
      vertex -24.4368 -19.215 16.1
      vertex -24.5303 -19.0889 16.1
    endloop
  endfacet
  facet normal 0 0 1
    outer loop
      vertex -25.4865 -19.7278 16.1
      vertex -24.5303 -19.0889 16.1
      vertex -24.6111 -18.9542 16.1
    endloop
  endfacet
  facet normal 0 0 1
    outer loop
      vertex -25.6253 -19.4963 16.1
      vertex -24.6111 -18.9542 16.1
      vertex -24.6782 -18.8123 16.1
    endloop
  endfacet
  facet normal 0 0 1
    outer loop
      vertex -25.7407 -19.2524 16.1
      vertex -24.6782 -18.8123 16.1
      vertex -24.7311 -18.6645 16.1
    endloop
  endfacet
  facet normal 0 0 1
    outer loop
      vertex -25.8316 -18.9983 16.1
      vertex -24.7311 -18.6645 16.1
      vertex -24.7693 -18.5121 16.1
    endloop
  endfacet
  facet normal 0 0 1
    outer loop
      vertex -25.8972 -18.7365 16.1
      vertex -24.7693 -18.5121 16.1
      vertex -24.7923 -18.3568 16.1
    endloop
  endfacet
  facet normal 0 0 1
    outer loop
      vertex -24.6782 -17.5877 16.1
      vertex -25.7407 -17.1476 16.1
      vertex -24.7311 -17.7355 16.1
    endloop
  endfacet
  facet normal -0 0 1
    outer loop
      vertex -25.8316 -17.4017 16.1
      vertex -24.7311 -17.7355 16.1
      vertex -25.7407 -17.1476 16.1
    endloop
  endfacet
  facet normal 0 0 1
    outer loop
      vertex -24.3314 -19.3314 16.1
      vertex -25.1445 -20.1445 16.1
      vertex -24.9446 -20.3258 16.1
    endloop
  endfacet
  facet normal 0 0 1
    outer loop
      vertex -24.7311 -17.7355 16.1
      vertex -25.8316 -17.4017 16.1
      vertex -24.7693 -17.8879 16.1
    endloop
  endfacet
  facet normal 0 0 1
    outer loop
      vertex -24.4368 -19.215 16.1
      vertex -25.3258 -19.9446 16.1
      vertex -25.1445 -20.1445 16.1
    endloop
  endfacet
  facet normal -0 0 1
    outer loop
      vertex -25.8972 -17.6635 16.1
      vertex -24.7693 -17.8879 16.1
      vertex -25.8316 -17.4017 16.1
    endloop
  endfacet
  facet normal 0 0 1
    outer loop
      vertex -24.5303 -19.0889 16.1
      vertex -25.4865 -19.7278 16.1
      vertex -25.3258 -19.9446 16.1
    endloop
  endfacet
  facet normal 0 0 1
    outer loop
      vertex -24.7693 -17.8879 16.1
      vertex -25.8972 -17.6635 16.1
      vertex -24.7923 -18.0432 16.1
    endloop
  endfacet
  facet normal 0 0 1
    outer loop
      vertex -24.6111 -18.9542 16.1
      vertex -25.6253 -19.4963 16.1
      vertex -25.4865 -19.7278 16.1
    endloop
  endfacet
  facet normal -0 0 1
    outer loop
      vertex -25.9368 -17.9305 16.1
      vertex -24.7923 -18.0432 16.1
      vertex -25.8972 -17.6635 16.1
    endloop
  endfacet
  facet normal 0 0 1
    outer loop
      vertex -24.6782 -18.8123 16.1
      vertex -25.7407 -19.2524 16.1
      vertex -25.6253 -19.4963 16.1
    endloop
  endfacet
  facet normal 0 0 1
    outer loop
      vertex -24.7923 -18.0432 16.1
      vertex -25.9368 -17.9305 16.1
      vertex -24.8 -18.2 16.1
    endloop
  endfacet
  facet normal 0 0 1
    outer loop
      vertex -24.7311 -18.6645 16.1
      vertex -25.8316 -18.9983 16.1
      vertex -25.7407 -19.2524 16.1
    endloop
  endfacet
  facet normal 0 0 1
    outer loop
      vertex -25.95 -18.2 16.1
      vertex -24.8 -18.2 16.1
      vertex -25.9368 -17.9305 16.1
    endloop
  endfacet
  facet normal 0 0 1
    outer loop
      vertex -24.7693 -18.5121 16.1
      vertex -25.8972 -18.7365 16.1
      vertex -25.8316 -18.9983 16.1
    endloop
  endfacet
  facet normal 0 0 1
    outer loop
      vertex -24.8 -18.2 16.1
      vertex -25.95 -18.2 16.1
      vertex -24.7923 -18.3568 16.1
    endloop
  endfacet
  facet normal 0 0 1
    outer loop
      vertex -24.7923 -18.3568 16.1
      vertex -25.9368 -18.4695 16.1
      vertex -25.8972 -18.7365 16.1
    endloop
  endfacet
  facet normal 0 0 1
    outer loop
      vertex -24.7923 -18.3568 16.1
      vertex -25.95 -18.2 16.1
      vertex -25.9368 -18.4695 16.1
    endloop
  endfacet
  facet normal -0.427688 0.903926 0
    outer loop
      vertex -20.5524 -18.4093 1.6
      vertex -20.7963 -18.5247 7.98996
      vertex -20.5524 -18.4093 7.98996
    endloop
  endfacet
  facet normal -0.427688 0.903926 0
    outer loop
      vertex -20.7963 -18.5247 7.98996
      vertex -20.5524 -18.4093 1.6
      vertex -20.7963 -18.5247 1.6
    endloop
  endfacet
  facet normal 0.857656 -0.514223 0
    outer loop
      vertex -17.2135 -22.4778 16.1
      vertex -17.0747 -22.2463 1.6
      vertex -17.0747 -22.2463 16.1
    endloop
  endfacet
  facet normal 0.857656 -0.514223 0
    outer loop
      vertex -17.0747 -22.2463 1.6
      vertex -17.2135 -22.4778 16.1
      vertex -17.2135 -22.4778 1.6
    endloop
  endfacet
  facet normal -0.941566 -0.336829 0
    outer loop
      vertex -22.0407 -22.0024 4.6
      vertex -22.1316 -21.7483 7.98996
      vertex -22.1316 -21.7483 4.6
    endloop
  endfacet
  facet normal -0.941566 -0.336829 0
    outer loop
      vertex -22.1316 -21.7483 7.98996
      vertex -22.0407 -22.0024 4.6
      vertex -22.0407 -22.0024 7.98996
    endloop
  endfacet
  facet normal 0.147189 -0.989108 0
    outer loop
      vertex -19.1969 -23.6818 4.6
      vertex -19.2305 -23.6868 16.1
      vertex -19.2305 -23.6868 4.6
    endloop
  endfacet
  facet normal 0.14671 -0.98918 -1.43037e-06
    outer loop
      vertex -19.2305 -23.6868 16.1
      vertex -19.1969 -23.6818 4.6
      vertex -18.9635 -23.6472 16.1
    endloop
  endfacet
  facet normal 0.146641 -0.98919 0
    outer loop
      vertex -18.9635 -23.6472 1.6
      vertex -19.1969 -23.6818 4.6
      vertex -19.1969 -23.6818 1.6
    endloop
  endfacet
  facet normal 0.146641 -0.98919 0
    outer loop
      vertex -19.1969 -23.6818 4.6
      vertex -18.9635 -23.6472 1.6
      vertex -18.9635 -23.6472 16.1
    endloop
  endfacet
  facet normal -0.514223 0.857656 0
    outer loop
      vertex -20.7963 -18.5247 1.6
      vertex -21.0278 -18.6635 7.98996
      vertex -20.7963 -18.5247 7.98996
    endloop
  endfacet
  facet normal -0.514223 0.857656 0
    outer loop
      vertex -21.0278 -18.6635 7.98996
      vertex -20.7963 -18.5247 1.6
      vertex -21.0278 -18.6635 1.6
    endloop
  endfacet
  facet normal 0.941566 0.336829 0
    outer loop
      vertex -16.8684 -20.1517 16.1
      vertex -16.9593 -19.8976 1.6
      vertex -16.9593 -19.8976 16.1
    endloop
  endfacet
  facet normal 0.941566 0.336829 0
    outer loop
      vertex -16.9593 -19.8976 1.6
      vertex -16.8684 -20.1517 16.1
      vertex -16.8684 -20.1517 1.6
    endloop
  endfacet
  facet normal -0.998803 0.0489209 0
    outer loop
      vertex -22.25 -20.95 1.6
      vertex -22.2368 -20.6805 7.98996
      vertex -22.2368 -20.6805 1.6
    endloop
  endfacet
  facet normal -0.998803 0.0489209 0
    outer loop
      vertex -22.2368 -20.6805 7.98996
      vertex -22.25 -20.95 1.6
      vertex -22.25 -20.95 7.98996
    endloop
  endfacet
  facet normal -0.740728 -0.671805 0
    outer loop
      vertex -21.4445 -22.8945 4.6
      vertex -21.6258 -22.6946 7.98996
      vertex -21.6258 -22.6946 4.6
    endloop
  endfacet
  facet normal -0.740728 -0.671805 0
    outer loop
      vertex -21.6258 -22.6946 7.98996
      vertex -21.4445 -22.8945 4.6
      vertex -21.4445 -22.8945 7.98996
    endloop
  endfacet
  facet normal -0.671805 -0.740728 0
    outer loop
      vertex -21.4445 -22.8945 4.6
      vertex -21.2446 -23.0758 7.98996
      vertex -21.4445 -22.8945 7.98996
    endloop
  endfacet
  facet normal -0.671805 -0.740728 -0
    outer loop
      vertex -21.2446 -23.0758 7.98996
      vertex -21.4445 -22.8945 4.6
      vertex -21.2446 -23.0758 4.6
    endloop
  endfacet
  facet normal 0.336829 0.941566 -0
    outer loop
      vertex -18.4476 -18.4093 1.6
      vertex -18.7017 -18.3184 7.98996
      vertex -18.4476 -18.4093 7.98996
    endloop
  endfacet
  facet normal 0.336829 0.941566 0
    outer loop
      vertex -18.7017 -18.3184 7.98996
      vertex -18.4476 -18.4093 1.6
      vertex -18.7017 -18.3184 1.6
    endloop
  endfacet
  facet normal -0.336829 0.941566 0
    outer loop
      vertex -20.2983 -18.3184 1.6
      vertex -20.5524 -18.4093 7.98996
      vertex -20.2983 -18.3184 7.98996
    endloop
  endfacet
  facet normal -0.336829 0.941566 0
    outer loop
      vertex -20.5524 -18.4093 7.98996
      vertex -20.2983 -18.3184 1.6
      vertex -20.5524 -18.4093 1.6
    endloop
  endfacet
  facet normal -0.903926 0.427688 0
    outer loop
      vertex -22.0407 -19.8976 1.6
      vertex -21.9253 -19.6537 7.98996
      vertex -21.9253 -19.6537 1.6
    endloop
  endfacet
  facet normal -0.903926 0.427688 0
    outer loop
      vertex -21.9253 -19.6537 7.98996
      vertex -22.0407 -19.8976 1.6
      vertex -22.0407 -19.8976 7.98996
    endloop
  endfacet
  facet normal 0.941566 -0.336829 0
    outer loop
      vertex -16.9593 -22.0024 16.1
      vertex -16.8684 -21.7483 1.6
      vertex -16.8684 -21.7483 16.1
    endloop
  endfacet
  facet normal 0.941566 -0.336829 0
    outer loop
      vertex -16.8684 -21.7483 1.6
      vertex -16.9593 -22.0024 16.1
      vertex -16.9593 -22.0024 1.6
    endloop
  endfacet
  facet normal 0.803367 -0.595485 0
    outer loop
      vertex -17.3742 -22.6946 16.1
      vertex -17.2135 -22.4778 1.6
      vertex -17.2135 -22.4778 16.1
    endloop
  endfacet
  facet normal 0.803367 -0.595485 0
    outer loop
      vertex -17.2135 -22.4778 1.6
      vertex -17.3742 -22.6946 16.1
      vertex -17.3742 -22.6946 1.6
    endloop
  endfacet
  facet normal 0.427688 0.903926 -0
    outer loop
      vertex -18.2037 -18.5247 1.6
      vertex -18.4476 -18.4093 7.98996
      vertex -18.2037 -18.5247 7.98996
    endloop
  endfacet
  facet normal 0.427688 0.903926 0
    outer loop
      vertex -18.4476 -18.4093 7.98996
      vertex -18.2037 -18.5247 1.6
      vertex -18.4476 -18.4093 1.6
    endloop
  endfacet
  facet normal 0.671805 0.740728 0
    outer loop
      vertex -17.5555 -19.0055 16.1
      vertex -17.7554 -18.8242 7.98996
      vertex -17.7554 -18.8242 16.1
    endloop
  endfacet
  facet normal 0.671805 0.740728 -0
    outer loop
      vertex -17.5555 -19.0055 1.6
      vertex -17.7554 -18.8242 7.98996
      vertex -17.5555 -19.0055 16.1
    endloop
  endfacet
  facet normal 0.671805 0.740728 0
    outer loop
      vertex -17.7554 -18.8242 7.98996
      vertex -17.5555 -19.0055 1.6
      vertex -17.7554 -18.8242 1.6
    endloop
  endfacet
  facet normal 0.857656 0.514223 0
    outer loop
      vertex -17.0747 -19.6537 16.1
      vertex -17.2135 -19.4222 1.6
      vertex -17.2135 -19.4222 16.1
    endloop
  endfacet
  facet normal 0.857656 0.514223 0
    outer loop
      vertex -17.2135 -19.4222 1.6
      vertex -17.0747 -19.6537 16.1
      vertex -17.0747 -19.6537 1.6
    endloop
  endfacet
  facet normal 0.998803 -0.0489209 0
    outer loop
      vertex -16.7632 -21.2195 16.1
      vertex -16.75 -20.95 1.6
      vertex -16.75 -20.95 16.1
    endloop
  endfacet
  facet normal 0.998803 -0.0489209 0
    outer loop
      vertex -16.75 -20.95 1.6
      vertex -16.7632 -21.2195 16.1
      vertex -16.7632 -21.2195 1.6
    endloop
  endfacet
  facet normal 0.0489209 0.998803 -0
    outer loop
      vertex -19.2305 -18.2132 1.6
      vertex -19.5 -18.2 7.98996
      vertex -19.2305 -18.2132 7.98996
    endloop
  endfacet
  facet normal 0.0489209 0.998803 0
    outer loop
      vertex -19.5 -18.2 7.98996
      vertex -19.2305 -18.2132 1.6
      vertex -19.5 -18.2 1.6
    endloop
  endfacet
  facet normal -0.740728 0.671805 0
    outer loop
      vertex -21.6258 -19.2054 1.6
      vertex -21.4445 -19.0055 7.98996
      vertex -21.4445 -19.0055 1.6
    endloop
  endfacet
  facet normal -0.740728 0.671805 0
    outer loop
      vertex -21.4445 -19.0055 7.98996
      vertex -21.6258 -19.2054 1.6
      vertex -21.6258 -19.2054 7.98996
    endloop
  endfacet
  facet normal 0.970012 -0.243059 0
    outer loop
      vertex -16.8684 -21.7483 16.1
      vertex -16.8028 -21.4865 1.6
      vertex -16.8028 -21.4865 16.1
    endloop
  endfacet
  facet normal 0.970012 -0.243059 0
    outer loop
      vertex -16.8028 -21.4865 1.6
      vertex -16.8684 -21.7483 16.1
      vertex -16.8684 -21.7483 1.6
    endloop
  endfacet
  facet normal -0.941566 0.336829 0
    outer loop
      vertex -22.1316 -20.1517 1.6
      vertex -22.0407 -19.8976 7.98996
      vertex -22.0407 -19.8976 1.6
    endloop
  endfacet
  facet normal -0.941566 0.336829 0
    outer loop
      vertex -22.0407 -19.8976 7.98996
      vertex -22.1316 -20.1517 1.6
      vertex -22.1316 -20.1517 7.98996
    endloop
  endfacet
  facet normal -0.243059 -0.970012 0
    outer loop
      vertex -20.2983 -23.5816 4.6
      vertex -20.0365 -23.6472 16.1
      vertex -20.2983 -23.5816 16.1
    endloop
  endfacet
  facet normal -0.243059 -0.970012 -0
    outer loop
      vertex -20.0365 -23.6472 16.1
      vertex -20.2983 -23.5816 4.6
      vertex -20.0365 -23.6472 4.6
    endloop
  endfacet
  facet normal 0.595485 -0.803367 0
    outer loop
      vertex -17.9722 -23.2365 1.6
      vertex -17.7554 -23.0758 16.1
      vertex -17.9722 -23.2365 16.1
    endloop
  endfacet
  facet normal 0.595485 -0.803367 0
    outer loop
      vertex -17.7554 -23.0758 16.1
      vertex -17.9722 -23.2365 1.6
      vertex -17.7554 -23.0758 1.6
    endloop
  endfacet
  facet normal -0.14671 -0.98918 0
    outer loop
      vertex -20.0365 -23.6472 4.6
      vertex -19.7695 -23.6868 16.1
      vertex -20.0365 -23.6472 16.1
    endloop
  endfacet
  facet normal -0.14671 -0.98918 -0
    outer loop
      vertex -19.7695 -23.6868 16.1
      vertex -20.0365 -23.6472 4.6
      vertex -19.7695 -23.6868 4.6
    endloop
  endfacet
  facet normal -0.98918 -0.14671 0
    outer loop
      vertex -22.1972 -21.4865 1.6
      vertex -22.2368 -21.2195 7.98996
      vertex -22.2368 -21.2195 1.6
    endloop
  endfacet
  facet normal -0.98918 -0.14671 0
    outer loop
      vertex -22.2368 -21.2195 7.98996
      vertex -22.1972 -21.4865 1.6
      vertex -22.1972 -21.4865 7.98996
    endloop
  endfacet
  facet normal -0.803367 -0.595485 0
    outer loop
      vertex -21.6258 -22.6946 4.6
      vertex -21.7865 -22.4778 7.98996
      vertex -21.7865 -22.4778 4.6
    endloop
  endfacet
  facet normal -0.803367 -0.595485 0
    outer loop
      vertex -21.7865 -22.4778 7.98996
      vertex -21.6258 -22.6946 4.6
      vertex -21.6258 -22.6946 7.98996
    endloop
  endfacet
  facet normal 0.336829 -0.941566 0
    outer loop
      vertex -18.7017 -23.5816 1.6
      vertex -18.4476 -23.4907 16.1
      vertex -18.7017 -23.5816 16.1
    endloop
  endfacet
  facet normal 0.336829 -0.941566 0
    outer loop
      vertex -18.4476 -23.4907 16.1
      vertex -18.7017 -23.5816 1.6
      vertex -18.4476 -23.4907 1.6
    endloop
  endfacet
  facet normal -0.998803 -0.0489209 0
    outer loop
      vertex -22.2368 -21.2195 1.6
      vertex -22.25 -20.95 7.98996
      vertex -22.25 -20.95 1.6
    endloop
  endfacet
  facet normal -0.998803 -0.0489209 0
    outer loop
      vertex -22.25 -20.95 7.98996
      vertex -22.2368 -21.2195 1.6
      vertex -22.2368 -21.2195 7.98996
    endloop
  endfacet
  facet normal 0.514223 -0.857656 0
    outer loop
      vertex -18.2037 -23.3753 1.6
      vertex -17.9722 -23.2365 16.1
      vertex -18.2037 -23.3753 16.1
    endloop
  endfacet
  facet normal 0.514223 -0.857656 0
    outer loop
      vertex -17.9722 -23.2365 16.1
      vertex -18.2037 -23.3753 1.6
      vertex -17.9722 -23.2365 1.6
    endloop
  endfacet
  facet normal 0.903926 -0.427688 0
    outer loop
      vertex -17.0747 -22.2463 16.1
      vertex -16.9593 -22.0024 1.6
      vertex -16.9593 -22.0024 16.1
    endloop
  endfacet
  facet normal 0.903926 -0.427688 0
    outer loop
      vertex -16.9593 -22.0024 1.6
      vertex -17.0747 -22.2463 16.1
      vertex -17.0747 -22.2463 1.6
    endloop
  endfacet
  facet normal -0.857656 0.514223 0
    outer loop
      vertex -21.9253 -19.6537 1.6
      vertex -21.7865 -19.4222 7.98996
      vertex -21.7865 -19.4222 1.6
    endloop
  endfacet
  facet normal -0.857656 0.514223 0
    outer loop
      vertex -21.7865 -19.4222 7.98996
      vertex -21.9253 -19.6537 1.6
      vertex -21.9253 -19.6537 7.98996
    endloop
  endfacet
  facet normal 0.740728 0.671805 0
    outer loop
      vertex -17.3742 -19.2054 16.1
      vertex -17.5555 -19.0055 1.6
      vertex -17.5555 -19.0055 16.1
    endloop
  endfacet
  facet normal 0.740728 0.671805 0
    outer loop
      vertex -17.5555 -19.0055 1.6
      vertex -17.3742 -19.2054 16.1
      vertex -17.3742 -19.2054 1.6
    endloop
  endfacet
  facet normal -0.427688 -0.903926 0
    outer loop
      vertex -20.7963 -23.3753 4.6
      vertex -20.5524 -23.4907 16.1
      vertex -20.7963 -23.3753 16.1
    endloop
  endfacet
  facet normal -0.427688 -0.903926 -0
    outer loop
      vertex -20.5524 -23.4907 16.1
      vertex -20.7963 -23.3753 4.6
      vertex -20.5524 -23.4907 4.6
    endloop
  endfacet
  facet normal -0.98918 0.14671 0
    outer loop
      vertex -22.2368 -20.6805 1.6
      vertex -22.1972 -20.4135 7.98996
      vertex -22.1972 -20.4135 1.6
    endloop
  endfacet
  facet normal -0.98918 0.14671 0
    outer loop
      vertex -22.1972 -20.4135 7.98996
      vertex -22.2368 -20.6805 1.6
      vertex -22.2368 -20.6805 7.98996
    endloop
  endfacet
  facet normal -0.514223 -0.857656 0
    outer loop
      vertex -21.0278 -23.2365 4.6
      vertex -20.7963 -23.3753 16.1
      vertex -21.0278 -23.2365 16.1
    endloop
  endfacet
  facet normal -0.514223 -0.857656 -0
    outer loop
      vertex -20.7963 -23.3753 16.1
      vertex -21.0278 -23.2365 4.6
      vertex -20.7963 -23.3753 4.6
    endloop
  endfacet
  facet normal -0.336829 -0.941566 0
    outer loop
      vertex -20.5524 -23.4907 4.6
      vertex -20.2983 -23.5816 16.1
      vertex -20.5524 -23.4907 16.1
    endloop
  endfacet
  facet normal -0.336829 -0.941566 -0
    outer loop
      vertex -20.2983 -23.5816 16.1
      vertex -20.5524 -23.4907 4.6
      vertex -20.2983 -23.5816 4.6
    endloop
  endfacet
  facet normal -0.595485 -0.803367 0
    outer loop
      vertex -21.2446 -23.0758 7.98996
      vertex -21.0278 -23.2365 16.1
      vertex -21.2446 -23.0758 16.1
    endloop
  endfacet
  facet normal -0.595485 -0.803367 0
    outer loop
      vertex -21.0278 -23.2365 4.6
      vertex -21.2446 -23.0758 7.98996
      vertex -21.2446 -23.0758 4.6
    endloop
  endfacet
  facet normal -0.595485 -0.803367 0
    outer loop
      vertex -21.2446 -23.0758 7.98996
      vertex -21.0278 -23.2365 4.6
      vertex -21.0278 -23.2365 16.1
    endloop
  endfacet
  facet normal 0.671805 -0.740728 0
    outer loop
      vertex -17.7554 -23.0758 1.6
      vertex -17.5555 -22.8945 16.1
      vertex -17.7554 -23.0758 16.1
    endloop
  endfacet
  facet normal 0.671805 -0.740728 0
    outer loop
      vertex -17.5555 -22.8945 16.1
      vertex -17.7554 -23.0758 1.6
      vertex -17.5555 -22.8945 1.6
    endloop
  endfacet
  facet normal -0.712592 0.178556 -0.678476
    outer loop
      vertex -25.4374 -17.7284 12.1
      vertex -25.8972 -17.6635 12.6
      vertex -25.8316 -17.4017 12.6
    endloop
  endfacet
  facet normal -0.712583 0.178604 -0.678474
    outer loop
      vertex -25.8972 -17.6635 12.6
      vertex -25.4374 -17.7284 12.1
      vertex -25.4959 -17.9618 12.1
    endloop
  endfacet
  facet normal -0.712675 0.178434 -0.678422
    outer loop
      vertex -22.1972 -20.4135 7.98996
      vertex -25.1753 -18.2 11.7006
      vertex -24.8683 -18.2 11.3781
    endloop
  endfacet
  facet normal 0.512659 0.853042 -0.0974637
    outer loop
      vertex -18.2037 -18.5247 7.98996
      vertex -18.6405 -18.2 8.5343
      vertex -18.635 -18.2 8.56323
    endloop
  endfacet
  facet normal 0.14671 0.98918 -0
    outer loop
      vertex -22.6635 -15.5028 12.6
      vertex -22.9305 -15.4632 16.1
      vertex -22.6635 -15.5028 16.1
    endloop
  endfacet
  facet normal 0.14671 0.98918 0
    outer loop
      vertex -22.9305 -15.4632 16.1
      vertex -22.6635 -15.5028 12.6
      vertex -22.9305 -15.4632 12.6
    endloop
  endfacet
  facet normal 0.0489209 0.998803 -0
    outer loop
      vertex -22.9305 -15.4632 12.6
      vertex -23.2 -15.45 16.1
      vertex -22.9305 -15.4632 16.1
    endloop
  endfacet
  facet normal 0.0489209 0.998803 0
    outer loop
      vertex -23.2 -15.45 16.1
      vertex -22.9305 -15.4632 12.6
      vertex -23.2 -15.45 12.6
    endloop
  endfacet
  facet normal 0.595783 0.803145 -0.000884279
    outer loop
      vertex -17.7554 -18.8242 7.98996
      vertex -18.5957 -18.2 8.76689
      vertex -18.5953 -18.2 9.03639
    endloop
  endfacet
  facet normal 0.595484 0.803366 -0.00138482
    outer loop
      vertex -18.5957 -18.2 8.76689
      vertex -17.7554 -18.8242 7.98996
      vertex -17.9722 -18.6635 7.98996
    endloop
  endfacet
  facet normal 0.22694 0.905686 -0.358094
    outer loop
      vertex -18.9635 -18.2528 7.98996
      vertex -18.861 -18.2 8.18846
      vertex -18.7017 -18.3184 7.98996
    endloop
  endfacet
  facet normal 0.226667 0.905798 -0.357983
    outer loop
      vertex -18.861 -18.2 8.18846
      vertex -18.9635 -18.2528 7.98996
      vertex -19.0346 -18.2 8.07854
    endloop
  endfacet
  facet normal -0.320696 0.677796 -0.661624
    outer loop
      vertex -20.7963 -18.5247 7.98996
      vertex -20.834 -18.2 8.34087
      vertex -20.5524 -18.4093 7.98996
    endloop
  endfacet
  facet normal -0.320563 0.677836 -0.661647
    outer loop
      vertex -20.834 -18.2 8.34087
      vertex -20.7963 -18.5247 7.98996
      vertex -21.188 -18.2 8.51238
    endloop
  endfacet
  facet normal -0.671805 -0.740728 0
    outer loop
      vertex -25.1445 -20.1445 12.6
      vertex -24.9446 -20.3258 16.1
      vertex -25.1445 -20.1445 16.1
    endloop
  endfacet
  facet normal -0.671805 -0.740728 -0
    outer loop
      vertex -24.9446 -20.3258 16.1
      vertex -25.1445 -20.1445 12.6
      vertex -24.9446 -20.3258 12.6
    endloop
  endfacet
  facet normal 0.419706 0.887056 -0.192298
    outer loop
      vertex -18.4476 -18.4093 7.98996
      vertex -18.6506 -18.2 8.51238
      vertex -18.2037 -18.5247 7.98996
    endloop
  endfacet
  facet normal 0.419413 0.887161 -0.192454
    outer loop
      vertex -18.6506 -18.2 8.51238
      vertex -18.4476 -18.4093 7.98996
      vertex -18.7293 -18.2 8.34087
    endloop
  endfacet
  facet normal -0.430169 0.58034 -0.691492
    outer loop
      vertex -21.2446 -18.8242 7.98996
      vertex -21.6514 -18.2 8.76689
      vertex -21.0278 -18.6635 7.98996
    endloop
  endfacet
  facet normal -0.430381 0.580192 -0.691484
    outer loop
      vertex -21.6514 -18.2 8.76689
      vertex -21.2446 -18.8242 7.98996
      vertex -22.0844 -18.2 9.03639
    endloop
  endfacet
  facet normal -0.998803 0.0489209 0
    outer loop
      vertex -25.95 -18.2 12.6
      vertex -25.9368 -17.9305 16.1
      vertex -25.9368 -17.9305 12.6
    endloop
  endfacet
  facet normal -0.998803 0.0489209 0
    outer loop
      vertex -25.9368 -17.9305 16.1
      vertex -25.95 -18.2 12.6
      vertex -25.95 -18.2 16.1
    endloop
  endfacet
  facet normal -0.998803 -0.0489209 0
    outer loop
      vertex -25.9368 -18.4695 12.6
      vertex -25.95 -18.2 16.1
      vertex -25.95 -18.2 12.6
    endloop
  endfacet
  facet normal -0.998803 -0.0489209 0
    outer loop
      vertex -25.95 -18.2 16.1
      vertex -25.9368 -18.4695 12.6
      vertex -25.9368 -18.4695 16.1
    endloop
  endfacet
  facet normal -0.740728 -0.671805 0
    outer loop
      vertex -25.1445 -20.1445 12.6
      vertex -25.3258 -19.9446 16.1
      vertex -25.3258 -19.9446 12.6
    endloop
  endfacet
  facet normal -0.740728 -0.671805 0
    outer loop
      vertex -25.3258 -19.9446 16.1
      vertex -25.1445 -20.1445 12.6
      vertex -25.1445 -20.1445 16.1
    endloop
  endfacet
  facet normal 0.595485 0.803367 -0
    outer loop
      vertex -21.4554 -16.0742 12.6
      vertex -21.6722 -15.9135 16.1
      vertex -21.4554 -16.0742 16.1
    endloop
  endfacet
  facet normal 0.595485 0.803367 0
    outer loop
      vertex -21.6722 -15.9135 16.1
      vertex -21.4554 -16.0742 12.6
      vertex -21.6722 -15.9135 12.6
    endloop
  endfacet
  facet normal 0.596524 0.802595 -2.16918e-06
    outer loop
      vertex -17.7554 -18.8242 16.1
      vertex -19.9407 -17.2 12.6
      vertex -21.4554 -16.0742 16.1
    endloop
  endfacet
  facet normal 0.596536 0.802586 -1.40166e-05
    outer loop
      vertex -17.7554 -18.8242 16.1
      vertex -18.5953 -18.2 12.1
      vertex -19.9407 -17.2 12.6
    endloop
  endfacet
  facet normal 0.596493 0.802618 -0
    outer loop
      vertex -17.7554 -18.8242 7.98996
      vertex -18.5953 -18.2 12.1
      vertex -17.7554 -18.8242 16.1
    endloop
  endfacet
  facet normal 0.596493 0.802618 0
    outer loop
      vertex -18.5953 -18.2 12.1
      vertex -17.7554 -18.8242 7.98996
      vertex -18.5953 -18.2 9.03639
    endloop
  endfacet
  facet normal 0.596527 0.802593 0
    outer loop
      vertex -21.4554 -16.0742 16.1
      vertex -19.9407 -17.2 12.6
      vertex -21.4554 -16.0742 12.6
    endloop
  endfacet
  facet normal 0.596539 0.802584 0
    outer loop
      vertex -19.9407 -17.2 12.6
      vertex -18.5953 -18.2 12.1
      vertex -19.9407 -17.2 12.1
    endloop
  endfacet
  facet normal -0.0489209 0.998803 0
    outer loop
      vertex -23.2 -15.45 12.6
      vertex -23.4695 -15.4632 16.1
      vertex -23.2 -15.45 16.1
    endloop
  endfacet
  facet normal -0.0489209 0.998803 0
    outer loop
      vertex -23.4695 -15.4632 16.1
      vertex -23.2 -15.45 12.6
      vertex -23.4695 -15.4632 12.6
    endloop
  endfacet
  facet normal 0.511534 0.853575 -0.0987099
    outer loop
      vertex -17.9722 -18.6635 7.98996
      vertex -18.635 -18.2 8.56323
      vertex -18.5957 -18.2 8.76689
    endloop
  endfacet
  facet normal 0.511727 0.853492 -0.09842
    outer loop
      vertex -18.635 -18.2 8.56323
      vertex -17.9722 -18.6635 7.98996
      vertex -18.2037 -18.5247 7.98996
    endloop
  endfacet
  facet normal 0.243059 0.970012 -0
    outer loop
      vertex -22.4017 -15.5684 12.6
      vertex -22.6635 -15.5028 16.1
      vertex -22.4017 -15.5684 16.1
    endloop
  endfacet
  facet normal 0.243059 0.970012 0
    outer loop
      vertex -22.6635 -15.5028 16.1
      vertex -22.4017 -15.5684 12.6
      vertex -22.6635 -15.5028 12.6
    endloop
  endfacet
  facet normal -0.243059 0.970012 0
    outer loop
      vertex -23.7365 -15.5028 12.6
      vertex -23.9983 -15.5684 16.1
      vertex -23.7365 -15.5028 16.1
    endloop
  endfacet
  facet normal -0.243059 0.970012 0
    outer loop
      vertex -23.9983 -15.5684 16.1
      vertex -23.7365 -15.5028 12.6
      vertex -23.9983 -15.5684 12.6
    endloop
  endfacet
  facet normal 0.418967 0.887243 -0.193046
    outer loop
      vertex -18.2037 -18.5247 7.98996
      vertex -18.6506 -18.2 8.51238
      vertex -18.6405 -18.2 8.5343
    endloop
  endfacet
  facet normal -0.823351 -0.29454 -0.485118
    outer loop
      vertex -22.0407 -22.0024 7.98996
      vertex -25.8316 -18.9983 12.6
      vertex -22.1316 -21.7483 7.98996
    endloop
  endfacet
  facet normal -0.525013 0.476163 -0.705429
    outer loop
      vertex -21.6258 -19.2054 7.98996
      vertex -22.5282 -18.2 9.34021
      vertex -21.4445 -19.0055 7.98996
    endloop
  endfacet
  facet normal -0.524998 0.476178 -0.70543
    outer loop
      vertex -22.5282 -18.2 9.34021
      vertex -21.6258 -19.2054 7.98996
      vertex -22.8251 -18.2 9.56117
    endloop
  endfacet
  facet normal -0.320919 0.677569 -0.661748
    outer loop
      vertex -20.7963 -18.5247 7.98996
      vertex -21.2332 -18.2 8.5343
      vertex -21.188 -18.2 8.51238
    endloop
  endfacet
  facet normal -0.903926 -0.427688 0
    outer loop
      vertex -25.6253 -19.4963 12.6
      vertex -25.7407 -19.2524 16.1
      vertex -25.7407 -19.2524 12.6
    endloop
  endfacet
  facet normal -0.903926 -0.427688 0
    outer loop
      vertex -25.7407 -19.2524 16.1
      vertex -25.6253 -19.4963 12.6
      vertex -25.6253 -19.4963 16.1
    endloop
  endfacet
  facet normal -0.14671 0.98918 0
    outer loop
      vertex -23.4695 -15.4632 12.6
      vertex -23.7365 -15.5028 16.1
      vertex -23.4695 -15.4632 16.1
    endloop
  endfacet
  facet normal -0.14671 0.98918 0
    outer loop
      vertex -23.7365 -15.5028 16.1
      vertex -23.4695 -15.4632 12.6
      vertex -23.7365 -15.5028 12.6
    endloop
  endfacet
  facet normal -0.47956 0.528759 -0.700311
    outer loop
      vertex -21.4445 -19.0055 7.98996
      vertex -22.1923 -18.2 9.11022
      vertex -21.2446 -18.8242 7.98996
    endloop
  endfacet
  facet normal -0.479501 0.528813 -0.700311
    outer loop
      vertex -22.1923 -18.2 9.11022
      vertex -21.4445 -19.0055 7.98996
      vertex -22.5282 -18.2 9.34021
    endloop
  endfacet
  facet normal -0.680387 0.243317 -0.691282
    outer loop
      vertex -25.8316 -17.4017 12.6
      vertex -25.3394 -17.4459 12.1
      vertex -25.4204 -17.6724 12.1
    endloop
  endfacet
  facet normal -0.68037 0.243391 -0.691272
    outer loop
      vertex -25.3394 -17.4459 12.1
      vertex -25.8316 -17.4017 12.6
      vertex -25.7407 -17.1476 12.6
    endloop
  endfacet
  facet normal -0.680258 0.24364 -0.691295
    outer loop
      vertex -22.0407 -19.8976 7.98996
      vertex -24.6191 -18.2 11.1255
      vertex -24.3247 -18.2 10.8358
    endloop
  endfacet
  facet normal -0.671805 0.740728 0
    outer loop
      vertex -24.9446 -16.0742 12.6
      vertex -25.1445 -16.2555 16.1
      vertex -24.9446 -16.0742 16.1
    endloop
  endfacet
  facet normal -0.671805 0.740728 0
    outer loop
      vertex -25.1445 -16.2555 16.1
      vertex -24.9446 -16.0742 12.6
      vertex -25.1445 -16.2555 12.6
    endloop
  endfacet
  facet normal -0.479126 0.529266 -0.700226
    outer loop
      vertex -21.2446 -18.8242 7.98996
      vertex -22.1923 -18.2 9.11022
      vertex -22.0844 -18.2 9.03639
    endloop
  endfacet
  facet normal -0.941566 -0.336829 0
    outer loop
      vertex -25.7407 -19.2524 12.6
      vertex -25.8316 -18.9983 16.1
      vertex -25.8316 -18.9983 12.6
    endloop
  endfacet
  facet normal -0.941566 -0.336829 0
    outer loop
      vertex -25.8316 -18.9983 16.1
      vertex -25.7407 -19.2524 12.6
      vertex -25.7407 -19.2524 16.1
    endloop
  endfacet
  facet normal -0.727203 -0.659539 -0.190219
    outer loop
      vertex -25.1445 -20.1445 12.6
      vertex -25.3258 -19.9446 12.6
      vertex -21.6258 -22.6946 7.98996
    endloop
  endfacet
  facet normal 0.427688 0.903926 -0
    outer loop
      vertex -21.9037 -15.7747 12.6
      vertex -22.1476 -15.6593 16.1
      vertex -21.9037 -15.7747 16.1
    endloop
  endfacet
  facet normal 0.427688 0.903926 0
    outer loop
      vertex -22.1476 -15.6593 16.1
      vertex -21.9037 -15.7747 12.6
      vertex -22.1476 -15.6593 12.6
    endloop
  endfacet
  facet normal 0.336829 0.941566 -0
    outer loop
      vertex -22.1476 -15.6593 12.6
      vertex -22.4017 -15.5684 16.1
      vertex -22.1476 -15.6593 16.1
    endloop
  endfacet
  facet normal 0.336829 0.941566 0
    outer loop
      vertex -22.4017 -15.5684 16.1
      vertex -22.1476 -15.6593 12.6
      vertex -22.4017 -15.5684 12.6
    endloop
  endfacet
  facet normal 0.514223 0.857656 -0
    outer loop
      vertex -21.6722 -15.9135 12.6
      vertex -21.9037 -15.7747 16.1
      vertex -21.6722 -15.9135 16.1
    endloop
  endfacet
  facet normal 0.514223 0.857656 0
    outer loop
      vertex -21.9037 -15.7747 16.1
      vertex -21.6722 -15.9135 12.6
      vertex -21.9037 -15.7747 12.6
    endloop
  endfacet
  facet normal -0.668646 -0.737244 -0.0968689
    outer loop
      vertex -21.2446 -23.0758 7.98996
      vertex -25.1445 -20.1445 12.6
      vertex -21.4445 -22.8945 7.98996
    endloop
  endfacet
  facet normal -0.857656 0.514223 0
    outer loop
      vertex -25.6253 -16.9037 12.6
      vertex -25.4865 -16.6722 16.1
      vertex -25.4865 -16.6722 12.6
    endloop
  endfacet
  facet normal -0.857656 0.514223 0
    outer loop
      vertex -25.4865 -16.6722 16.1
      vertex -25.6253 -16.9037 12.6
      vertex -25.6253 -16.9037 16.1
    endloop
  endfacet
  facet normal -0.668646 -0.737244 -0.0968689
    outer loop
      vertex -24.9446 -20.3258 12.6
      vertex -25.1445 -20.1445 12.6
      vertex -21.2446 -23.0758 7.98996
    endloop
  endfacet
  facet normal -0.903926 0.427688 0
    outer loop
      vertex -25.7407 -17.1476 12.6
      vertex -25.6253 -16.9037 16.1
      vertex -25.6253 -16.9037 12.6
    endloop
  endfacet
  facet normal -0.903926 0.427688 0
    outer loop
      vertex -25.6253 -16.9037 16.1
      vertex -25.7407 -17.1476 12.6
      vertex -25.7407 -17.1476 16.1
    endloop
  endfacet
  facet normal -0.514223 0.857656 0
    outer loop
      vertex -24.4963 -15.7747 12.6
      vertex -24.7278 -15.9135 16.1
      vertex -24.4963 -15.7747 16.1
    endloop
  endfacet
  facet normal -0.514223 0.857656 0
    outer loop
      vertex -24.7278 -15.9135 16.1
      vertex -24.4963 -15.7747 12.6
      vertex -24.7278 -15.9135 12.6
    endloop
  endfacet
  facet normal -0.819409 -0.205322 -0.535175
    outer loop
      vertex -22.1316 -21.7483 7.98996
      vertex -25.8316 -18.9983 12.6
      vertex -22.1972 -21.4865 7.98996
    endloop
  endfacet
  facet normal -0.819409 -0.205322 -0.535175
    outer loop
      vertex -25.8316 -18.9983 12.6
      vertex -25.8972 -18.7365 12.6
      vertex -22.1972 -21.4865 7.98996
    endloop
  endfacet
  facet normal -0.823351 -0.29454 -0.485118
    outer loop
      vertex -25.7407 -19.2524 12.6
      vertex -25.8316 -18.9983 12.6
      vertex -22.0407 -22.0024 7.98996
    endloop
  endfacet
  facet normal -0.192276 0.767346 -0.611726
    outer loop
      vertex -20.2983 -18.3184 7.98996
      vertex -20.1076 -18.2 8.07854
      vertex -20.0365 -18.2528 7.98996
    endloop
  endfacet
  facet normal -0.192161 0.767264 -0.611866
    outer loop
      vertex -20.1076 -18.2 8.07854
      vertex -20.2983 -18.3184 7.98996
      vertex -20.4576 -18.2 8.18846
    endloop
  endfacet
  facet normal 0.0427764 0.873351 -0.48521
    outer loop
      vertex -19.2305 -18.2132 7.98996
      vertex -19.5 -18.2 7.98996
      vertex -19.2483 -18.2 8.01215
    endloop
  endfacet
  facet normal -0.98918 -0.14671 0
    outer loop
      vertex -25.8972 -18.7365 12.6
      vertex -25.9368 -18.4695 16.1
      vertex -25.9368 -18.4695 12.6
    endloop
  endfacet
  facet normal -0.98918 -0.14671 0
    outer loop
      vertex -25.9368 -18.4695 16.1
      vertex -25.8972 -18.7365 12.6
      vertex -25.8972 -18.7365 16.1
    endloop
  endfacet
  facet normal -0.803367 0.595485 0
    outer loop
      vertex -25.4865 -16.6722 12.6
      vertex -25.3258 -16.4554 16.1
      vertex -25.3258 -16.4554 12.6
    endloop
  endfacet
  facet normal -0.803367 0.595485 0
    outer loop
      vertex -25.3258 -16.4554 16.1
      vertex -25.4865 -16.6722 12.6
      vertex -25.4865 -16.6722 16.1
    endloop
  endfacet
  facet normal -0.970012 -0.243059 0
    outer loop
      vertex -25.8316 -18.9983 12.6
      vertex -25.8972 -18.7365 16.1
      vertex -25.8972 -18.7365 12.6
    endloop
  endfacet
  facet normal -0.970012 -0.243059 0
    outer loop
      vertex -25.8972 -18.7365 16.1
      vertex -25.8316 -18.9983 12.6
      vertex -25.8316 -18.9983 16.1
    endloop
  endfacet
  facet normal -0.857656 -0.514223 0
    outer loop
      vertex -25.4865 -19.7278 12.6
      vertex -25.6253 -19.4963 16.1
      vertex -25.6253 -19.4963 12.6
    endloop
  endfacet
  facet normal -0.857656 -0.514223 0
    outer loop
      vertex -25.6253 -19.4963 16.1
      vertex -25.4865 -19.7278 12.6
      vertex -25.4865 -19.7278 16.1
    endloop
  endfacet
  facet normal -0.801295 -0.480431 -0.356528
    outer loop
      vertex -21.9253 -22.2463 7.98996
      vertex -25.4865 -19.7278 12.6
      vertex -25.6253 -19.4963 12.6
    endloop
  endfacet
  facet normal -0.801295 -0.480431 -0.356528
    outer loop
      vertex -25.4865 -19.7278 12.6
      vertex -21.9253 -22.2463 7.98996
      vertex -21.7865 -22.4778 7.98996
    endloop
  endfacet
  facet normal -0.817961 -0.387014 -0.425629
    outer loop
      vertex -22.0407 -22.0024 7.98996
      vertex -25.6253 -19.4963 12.6
      vertex -25.7407 -19.2524 12.6
    endloop
  endfacet
  facet normal -0.817961 -0.387014 -0.425629
    outer loop
      vertex -25.6253 -19.4963 12.6
      vertex -22.0407 -22.0024 7.98996
      vertex -21.9253 -22.2463 7.98996
    endloop
  endfacet
  facet normal -0.568074 0.421077 -0.707097
    outer loop
      vertex -21.7865 -19.4222 7.98996
      vertex -22.9785 -18.2 9.67542
      vertex -21.6258 -19.2054 7.98996
    endloop
  endfacet
  facet normal -0.56797 0.421196 -0.70711
    outer loop
      vertex -22.9785 -18.2 9.67542
      vertex -21.7865 -19.4222 7.98996
      vertex -23.4309 -18.2 10.0388
    endloop
  endfacet
  facet normal -0.568001 0.421154 -0.70711
    outer loop
      vertex -25.4865 -16.6722 12.6
      vertex -25.2 -16.5489 12.4433
      vertex -25.2 -16.8852 12.243
    endloop
  endfacet
  facet normal -0.567991 0.421016 -0.7072
    outer loop
      vertex -25.2 -16.5489 12.4433
      vertex -25.4865 -16.6722 12.6
      vertex -25.3258 -16.4554 12.6
    endloop
  endfacet
  facet normal -0.645445 0.305264 -0.700154
    outer loop
      vertex -25.7407 -17.1476 12.6
      vertex -25.224 -17.2019 12.1
      vertex -25.3394 -17.4459 12.1
    endloop
  endfacet
  facet normal -0.645414 0.305374 -0.700134
    outer loop
      vertex -25.224 -17.2019 12.1
      vertex -25.7407 -17.1476 12.6
      vertex -25.6253 -16.9037 12.6
    endloop
  endfacet
  facet normal -0.645394 0.305365 -0.700157
    outer loop
      vertex -22.0407 -19.8976 7.98996
      vertex -23.8811 -18.2 10.4268
      vertex -21.9253 -19.6537 7.98996
    endloop
  endfacet
  facet normal -0.645515 0.305185 -0.700123
    outer loop
      vertex -23.8811 -18.2 10.4268
      vertex -22.0407 -19.8976 7.98996
      vertex -24.3247 -18.2 10.8358
    endloop
  endfacet
  facet normal -0.607836 0.364701 -0.705357
    outer loop
      vertex -25.6253 -16.9037 12.6
      vertex -25.2 -17.1619 12.1
      vertex -25.224 -17.2019 12.1
    endloop
  endfacet
  facet normal -0.607938 0.364532 -0.705356
    outer loop
      vertex -25.2 -17.1619 12.1
      vertex -25.6253 -16.9037 12.6
      vertex -25.2 -16.8852 12.243
    endloop
  endfacet
  facet normal -0.607944 0.364504 -0.705365
    outer loop
      vertex -25.2 -16.8852 12.243
      vertex -25.6253 -16.9037 12.6
      vertex -25.4865 -16.6722 12.6
    endloop
  endfacet
  facet normal -0.60794 0.364502 -0.70537
    outer loop
      vertex -21.9253 -19.6537 7.98996
      vertex -23.4309 -18.2 10.0388
      vertex -21.7865 -19.4222 7.98996
    endloop
  endfacet
  facet normal -0.607919 0.364529 -0.705374
    outer loop
      vertex -23.4309 -18.2 10.0388
      vertex -21.9253 -19.6537 7.98996
      vertex -23.8811 -18.2 10.4268
    endloop
  endfacet
  facet normal -0.258932 0.723813 -0.63957
    outer loop
      vertex -20.5524 -18.4093 7.98996
      vertex -20.4744 -18.2 8.19525
      vertex -20.2983 -18.3184 7.98996
    endloop
  endfacet
  facet normal -0.258985 0.723812 -0.639549
    outer loop
      vertex -20.4744 -18.2 8.19525
      vertex -20.5524 -18.4093 7.98996
      vertex -20.834 -18.2 8.34087
    endloop
  endfacet
  facet normal -0.742069 0.11006 -0.661226
    outer loop
      vertex -22.2368 -20.6805 7.98996
      vertex -25.1753 -18.2 11.7006
      vertex -22.1972 -20.4135 7.98996
    endloop
  endfacet
  facet normal -0.742059 0.110058 -0.661238
    outer loop
      vertex -25.4959 -17.9618 12.1
      vertex -25.9368 -17.9305 12.6
      vertex -25.8972 -17.6635 12.6
    endloop
  endfacet
  facet normal -0.742069 0.109971 -0.661241
    outer loop
      vertex -25.5312 -18.2 12.1
      vertex -25.9368 -17.9305 12.6
      vertex -25.4959 -17.9618 12.1
    endloop
  endfacet
  facet normal -0.741716 0.110939 -0.661476
    outer loop
      vertex -25.5312 -18.2 12.1
      vertex -22.2368 -20.6805 7.98996
      vertex -25.9368 -17.9305 12.6
    endloop
  endfacet
  facet normal -0.742056 0.11009 -0.661236
    outer loop
      vertex -25.1753 -18.2 11.7006
      vertex -22.2368 -20.6805 7.98996
      vertex -25.5312 -18.2 12.1
    endloop
  endfacet
  facet normal -0.427688 0.903926 0
    outer loop
      vertex -24.2524 -15.6593 12.6
      vertex -24.4963 -15.7747 16.1
      vertex -24.2524 -15.6593 16.1
    endloop
  endfacet
  facet normal -0.427688 0.903926 0
    outer loop
      vertex -24.4963 -15.7747 16.1
      vertex -24.2524 -15.6593 12.6
      vertex -24.4963 -15.7747 12.6
    endloop
  endfacet
  facet normal -0.377619 0.629818 -0.678773
    outer loop
      vertex -21.0278 -18.6635 7.98996
      vertex -21.2332 -18.2 8.5343
      vertex -20.7963 -18.5247 7.98996
    endloop
  endfacet
  facet normal -0.377517 0.629871 -0.678781
    outer loop
      vertex -21.2332 -18.2 8.5343
      vertex -21.0278 -18.6635 7.98996
      vertex -21.6514 -18.2 8.76689
    endloop
  endfacet
  facet normal -0.712773 0.178193 -0.678382
    outer loop
      vertex -25.4374 -17.7284 12.1
      vertex -25.8316 -17.4017 12.6
      vertex -25.4303 -17.7 12.1
    endloop
  endfacet
  facet normal -0.712619 0.178563 -0.678446
    outer loop
      vertex -22.1972 -20.4135 7.98996
      vertex -24.7575 -18.2 11.2618
      vertex -22.1316 -20.1517 7.98996
    endloop
  endfacet
  facet normal -0.712302 0.179181 -0.678616
    outer loop
      vertex -24.7575 -18.2 11.2618
      vertex -22.1972 -20.4135 7.98996
      vertex -24.8683 -18.2 11.3781
    endloop
  endfacet
  facet normal -0.807932 -0.119828 -0.576963
    outer loop
      vertex -22.2368 -21.2195 7.98996
      vertex -25.8972 -18.7365 12.6
      vertex -25.9368 -18.4695 12.6
    endloop
  endfacet
  facet normal -0.807932 -0.119828 -0.576963
    outer loop
      vertex -25.8972 -18.7365 12.6
      vertex -22.2368 -21.2195 7.98996
      vertex -22.1972 -21.4865 7.98996
    endloop
  endfacet
  facet normal -0.98918 0.14671 0
    outer loop
      vertex -25.9368 -17.9305 12.6
      vertex -25.8972 -17.6635 16.1
      vertex -25.8972 -17.6635 12.6
    endloop
  endfacet
  facet normal -0.98918 0.14671 0
    outer loop
      vertex -25.8972 -17.6635 16.1
      vertex -25.9368 -17.9305 12.6
      vertex -25.9368 -17.9305 16.1
    endloop
  endfacet
  facet normal -0.768251 0.0376286 -0.639042
    outer loop
      vertex -22.2368 -20.6805 7.98996
      vertex -25.95 -18.2 12.6
      vertex -25.9368 -17.9305 12.6
    endloop
  endfacet
  facet normal -0.768251 0.0376286 -0.639042
    outer loop
      vertex -25.95 -18.2 12.6
      vertex -22.2368 -20.6805 7.98996
      vertex -22.25 -20.95 7.98996
    endloop
  endfacet
  facet normal -0.2584 0.724205 -0.63934
    outer loop
      vertex -20.2983 -18.3184 7.98996
      vertex -20.4744 -18.2 8.19525
      vertex -20.4576 -18.2 8.18846
    endloop
  endfacet
  facet normal -0.336829 0.941566 0
    outer loop
      vertex -23.9983 -15.5684 12.6
      vertex -24.2524 -15.6593 16.1
      vertex -23.9983 -15.5684 16.1
    endloop
  endfacet
  facet normal -0.336829 0.941566 0
    outer loop
      vertex -24.2524 -15.6593 16.1
      vertex -23.9983 -15.5684 12.6
      vertex -24.2524 -15.6593 12.6
    endloop
  endfacet
  facet normal -0.790443 -0.0387156 -0.611311
    outer loop
      vertex -22.25 -20.95 7.98996
      vertex -25.9368 -18.4695 12.6
      vertex -25.95 -18.2 12.6
    endloop
  endfacet
  facet normal -0.790443 -0.0387156 -0.611311
    outer loop
      vertex -25.9368 -18.4695 12.6
      vertex -22.25 -20.95 7.98996
      vertex -22.2368 -21.2195 7.98996
    endloop
  endfacet
  facet normal -0.595485 0.803367 0
    outer loop
      vertex -24.7278 -15.9135 12.6
      vertex -24.9446 -16.0742 16.1
      vertex -24.7278 -15.9135 16.1
    endloop
  endfacet
  facet normal -0.595485 0.803367 0
    outer loop
      vertex -24.9446 -16.0742 16.1
      vertex -24.7278 -15.9135 12.6
      vertex -24.9446 -16.0742 12.6
    endloop
  endfacet
  facet normal -0.740214 0.672371 0
    outer loop
      vertex -25.2 -16.3166 12.6
      vertex -25.1445 -16.2555 16.1
      vertex -25.1445 -16.2555 12.6
    endloop
  endfacet
  facet normal -0.740954 0.671556 0
    outer loop
      vertex -25.3258 -16.4554 16.1
      vertex -25.2 -16.3166 12.6
      vertex -25.3258 -16.4554 12.6
    endloop
  endfacet
  facet normal -0.740728 0.671805 1.80193e-05
    outer loop
      vertex -25.2 -16.3166 12.6
      vertex -25.3258 -16.4554 16.1
      vertex -25.1445 -16.2555 16.1
    endloop
  endfacet
  facet normal -0.525403 0.475714 -0.705442
    outer loop
      vertex -21.6258 -19.2054 7.98996
      vertex -22.9785 -18.2 9.67542
      vertex -22.8251 -18.2 9.56117
    endloop
  endfacet
  facet normal -0.525101 0.47592 -0.705528
    outer loop
      vertex -25.2 -16.5489 12.4433
      vertex -25.3258 -16.4554 12.6
      vertex -25.2 -16.3166 12.6
    endloop
  endfacet
  facet normal -0.803367 -0.595485 0
    outer loop
      vertex -25.3258 -19.9446 12.6
      vertex -25.4865 -19.7278 16.1
      vertex -25.4865 -19.7278 12.6
    endloop
  endfacet
  facet normal -0.803367 -0.595485 0
    outer loop
      vertex -25.4865 -19.7278 16.1
      vertex -25.3258 -19.9446 12.6
      vertex -25.3258 -19.9446 16.1
    endloop
  endfacet
  facet normal -0.596524 -0.802595 0
    outer loop
      vertex -24.9446 -20.3258 12.6
      vertex -21.2446 -23.0758 16.1
      vertex -24.9446 -20.3258 16.1
    endloop
  endfacet
  facet normal -0.596524 -0.802595 -0
    outer loop
      vertex -21.2446 -23.0758 16.1
      vertex -24.9446 -20.3258 12.6
      vertex -21.2446 -23.0758 7.98996
    endloop
  endfacet
  facet normal -0.119807 0.807789 -0.577168
    outer loop
      vertex -20.0365 -18.2528 7.98996
      vertex -19.7874 -18.2 8.01215
      vertex -19.7695 -18.2132 7.98996
    endloop
  endfacet
  facet normal -0.119734 0.807577 -0.57748
    outer loop
      vertex -19.7874 -18.2 8.01215
      vertex -20.0365 -18.2528 7.98996
      vertex -20.1076 -18.2 8.07854
    endloop
  endfacet
  facet normal -0.680078 0.243941 -0.691366
    outer loop
      vertex -25.4303 -17.7 12.1
      vertex -25.8316 -17.4017 12.6
      vertex -25.4204 -17.6724 12.1
    endloop
  endfacet
  facet normal -0.68038 0.243394 -0.691261
    outer loop
      vertex -22.1316 -20.1517 7.98996
      vertex -24.6191 -18.2 11.1255
      vertex -22.0407 -19.8976 7.98996
    endloop
  endfacet
  facet normal -0.680674 0.242858 -0.691161
    outer loop
      vertex -24.6191 -18.2 11.1255
      vertex -22.1316 -20.1517 7.98996
      vertex -24.7575 -18.2 11.2618
    endloop
  endfacet
  facet normal -0.941566 0.336829 0
    outer loop
      vertex -25.8316 -17.4017 12.6
      vertex -25.7407 -17.1476 16.1
      vertex -25.7407 -17.1476 12.6
    endloop
  endfacet
  facet normal -0.941566 0.336829 0
    outer loop
      vertex -25.7407 -17.1476 16.1
      vertex -25.8316 -17.4017 12.6
      vertex -25.8316 -17.4017 16.1
    endloop
  endfacet
  facet normal -0.727203 -0.659539 -0.190219
    outer loop
      vertex -21.4445 -22.8945 7.98996
      vertex -25.1445 -20.1445 12.6
      vertex -21.6258 -22.6946 7.98996
    endloop
  endfacet
  facet normal -0.771668 -0.571988 -0.278133
    outer loop
      vertex -21.7865 -22.4778 7.98996
      vertex -25.3258 -19.9446 12.6
      vertex -25.4865 -19.7278 12.6
    endloop
  endfacet
  facet normal -0.771668 -0.571988 -0.278133
    outer loop
      vertex -25.3258 -19.9446 12.6
      vertex -21.7865 -22.4778 7.98996
      vertex -21.6258 -22.6946 7.98996
    endloop
  endfacet
  facet normal 0.323397 0.904016 -0.279587
    outer loop
      vertex -18.7017 -18.3184 7.98996
      vertex -18.7293 -18.2 8.34087
      vertex -18.4476 -18.4093 7.98996
    endloop
  endfacet
  facet normal 0.323525 0.903978 -0.279564
    outer loop
      vertex -18.7293 -18.2 8.34087
      vertex -18.7017 -18.3184 7.98996
      vertex -18.861 -18.2 8.18846
    endloop
  endfacet
  facet normal -0.0413241 0.843701 -0.535221
    outer loop
      vertex -19.7695 -18.2132 7.98996
      vertex -19.7874 -18.2 8.01215
      vertex -19.5 -18.2 7.98996
    endloop
  endfacet
  facet normal 0.132681 0.894588 -0.426741
    outer loop
      vertex -19.2305 -18.2132 7.98996
      vertex -19.0346 -18.2 8.07854
      vertex -18.9635 -18.2528 7.98996
    endloop
  endfacet
  facet normal 0.132392 0.894913 -0.42615
    outer loop
      vertex -19.0346 -18.2 8.07854
      vertex -19.2305 -18.2132 7.98996
      vertex -19.2483 -18.2 8.01215
    endloop
  endfacet
  facet normal -0.970012 0.243059 0
    outer loop
      vertex -25.8972 -17.6635 12.6
      vertex -25.8316 -17.4017 16.1
      vertex -25.8316 -17.4017 12.6
    endloop
  endfacet
  facet normal -0.970012 0.243059 0
    outer loop
      vertex -25.8316 -17.4017 16.1
      vertex -25.8972 -17.6635 12.6
      vertex -25.8972 -17.6635 16.1
    endloop
  endfacet
  facet normal -1 0 0
    outer loop
      vertex 25.2 -17.2 12.6
      vertex 25.2 -16.5278 12.565
      vertex 25.2 -16.8673 12.4121
    endloop
  endfacet
  facet normal -1 0 0
    outer loop
      vertex 25.2 -17.2 12.6
      vertex 25.2 -16.8673 12.4121
      vertex 25.2 -16.8819 12.4055
    endloop
  endfacet
  facet normal -1 0 0
    outer loop
      vertex 25.2 -17.2 12.6
      vertex 25.2 -16.8819 12.4055
      vertex 25.2 -16.8968 12.4
    endloop
  endfacet
  facet normal -1 0 0
    outer loop
      vertex 25.2 -17.2 12.6
      vertex 25.2 -16.8968 12.4
      vertex 25.2 -17.2 12.2882
    endloop
  endfacet
  facet normal -1 0 0
    outer loop
      vertex 25.2 -16.5278 12.565
      vertex 25.2 -17.2 12.6
      vertex 25.2 -16.4615 12.6
    endloop
  endfacet
  facet normal 0 0 -1
    outer loop
      vertex 25.2 -17.2 12.6
      vertex 25.0865 -16.2722 12.6
      vertex 25.2 -16.4615 12.6
    endloop
  endfacet
  facet normal 0 0 -1
    outer loop
      vertex 25.2 -17.2 12.6
      vertex 24.9258 -16.0554 12.6
      vertex 25.0865 -16.2722 12.6
    endloop
  endfacet
  facet normal 0 0 -1
    outer loop
      vertex 25.2 -17.2 12.6
      vertex 24.7445 -15.8555 12.6
      vertex 24.9258 -16.0554 12.6
    endloop
  endfacet
  facet normal 0 0 -1
    outer loop
      vertex 25.2 -17.2 12.6
      vertex 24.5446 -15.6742 12.6
      vertex 24.7445 -15.8555 12.6
    endloop
  endfacet
  facet normal 0 0 -1
    outer loop
      vertex 25.2 -17.2 12.6
      vertex 24.3278 -15.5135 12.6
      vertex 24.5446 -15.6742 12.6
    endloop
  endfacet
  facet normal 0 0 -1
    outer loop
      vertex 25.2 -17.2 12.6
      vertex 24.0963 -15.3747 12.6
      vertex 24.3278 -15.5135 12.6
    endloop
  endfacet
  facet normal 0 0 -1
    outer loop
      vertex 25.2 -17.2 12.6
      vertex 23.8524 -15.2593 12.6
      vertex 24.0963 -15.3747 12.6
    endloop
  endfacet
  facet normal 0 0 -1
    outer loop
      vertex 25.2 -17.2 12.6
      vertex 23.5983 -15.1684 12.6
      vertex 23.8524 -15.2593 12.6
    endloop
  endfacet
  facet normal 0 0 -1
    outer loop
      vertex 25.2 -17.2 12.6
      vertex 23.3365 -15.1028 12.6
      vertex 23.5983 -15.1684 12.6
    endloop
  endfacet
  facet normal 0 0 -1
    outer loop
      vertex 25.2 -17.2 12.6
      vertex 23.0695 -15.0632 12.6
      vertex 23.3365 -15.1028 12.6
    endloop
  endfacet
  facet normal 0 0 -1
    outer loop
      vertex 25.2 -17.2 12.6
      vertex 22.8 -15.05 12.6
      vertex 23.0695 -15.0632 12.6
    endloop
  endfacet
  facet normal 0 0 -1
    outer loop
      vertex 25.2 -17.2 12.6
      vertex 22.5305 -15.0632 12.6
      vertex 22.8 -15.05 12.6
    endloop
  endfacet
  facet normal 0 0 -1
    outer loop
      vertex 25.2 -17.2 12.6
      vertex 22.2635 -15.1028 12.6
      vertex 22.5305 -15.0632 12.6
    endloop
  endfacet
  facet normal 0 0 -1
    outer loop
      vertex 25.2 -17.2 12.6
      vertex 22.0017 -15.1684 12.6
      vertex 22.2635 -15.1028 12.6
    endloop
  endfacet
  facet normal 0 0 -1
    outer loop
      vertex 25.2 -17.2 12.6
      vertex 21.7476 -15.2593 12.6
      vertex 22.0017 -15.1684 12.6
    endloop
  endfacet
  facet normal 0 0 -1
    outer loop
      vertex 25.2 -17.2 12.6
      vertex 21.5037 -15.3747 12.6
      vertex 21.7476 -15.2593 12.6
    endloop
  endfacet
  facet normal 0 0 -1
    outer loop
      vertex 25.2 -17.2 12.6
      vertex 21.2722 -15.5135 12.6
      vertex 21.5037 -15.3747 12.6
    endloop
  endfacet
  facet normal 0 0 -1
    outer loop
      vertex 25.2 -17.2 12.6
      vertex 21.0554 -15.6742 12.6
      vertex 21.2722 -15.5135 12.6
    endloop
  endfacet
  facet normal 0 0 -1
    outer loop
      vertex 25.2 -17.2 12.6
      vertex 20.8555 -15.8555 12.6
      vertex 21.0554 -15.6742 12.6
    endloop
  endfacet
  facet normal 0 -0 -1
    outer loop
      vertex 20.8555 -15.8555 12.6
      vertex 25.2 -17.2 12.6
      vertex 19.4469 -17.2 12.6
    endloop
  endfacet
  facet normal 0 0 -1
    outer loop
      vertex -25.2 -17.2 12.6
      vertex -21.4554 -16.0742 12.6
      vertex -19.9407 -17.2 12.6
    endloop
  endfacet
  facet normal -0 0 -1
    outer loop
      vertex -21.4554 -16.0742 12.6
      vertex -25.2 -17.2 12.6
      vertex -21.6722 -15.9135 12.6
    endloop
  endfacet
  facet normal -0 0 -1
    outer loop
      vertex -21.6722 -15.9135 12.6
      vertex -25.2 -17.2 12.6
      vertex -21.9037 -15.7747 12.6
    endloop
  endfacet
  facet normal -0 0 -1
    outer loop
      vertex -21.9037 -15.7747 12.6
      vertex -25.2 -17.2 12.6
      vertex -22.1476 -15.6593 12.6
    endloop
  endfacet
  facet normal -0 0 -1
    outer loop
      vertex -22.1476 -15.6593 12.6
      vertex -25.2 -17.2 12.6
      vertex -22.4017 -15.5684 12.6
    endloop
  endfacet
  facet normal -0 0 -1
    outer loop
      vertex -22.4017 -15.5684 12.6
      vertex -25.2 -17.2 12.6
      vertex -22.6635 -15.5028 12.6
    endloop
  endfacet
  facet normal -0 0 -1
    outer loop
      vertex -22.6635 -15.5028 12.6
      vertex -25.2 -17.2 12.6
      vertex -22.9305 -15.4632 12.6
    endloop
  endfacet
  facet normal -0 0 -1
    outer loop
      vertex -22.9305 -15.4632 12.6
      vertex -25.2 -17.2 12.6
      vertex -23.2 -15.45 12.6
    endloop
  endfacet
  facet normal 0 0 -1
    outer loop
      vertex -23.2 -15.45 12.6
      vertex -25.2 -17.2 12.6
      vertex -23.4695 -15.4632 12.6
    endloop
  endfacet
  facet normal 0 0 -1
    outer loop
      vertex -23.4695 -15.4632 12.6
      vertex -25.2 -17.2 12.6
      vertex -23.7365 -15.5028 12.6
    endloop
  endfacet
  facet normal 0 0 -1
    outer loop
      vertex -23.7365 -15.5028 12.6
      vertex -25.2 -17.2 12.6
      vertex -23.9983 -15.5684 12.6
    endloop
  endfacet
  facet normal 0 0 -1
    outer loop
      vertex -23.9983 -15.5684 12.6
      vertex -25.2 -17.2 12.6
      vertex -24.2524 -15.6593 12.6
    endloop
  endfacet
  facet normal 0 0 -1
    outer loop
      vertex -24.2524 -15.6593 12.6
      vertex -25.2 -17.2 12.6
      vertex -24.4963 -15.7747 12.6
    endloop
  endfacet
  facet normal 0 0 -1
    outer loop
      vertex -24.4963 -15.7747 12.6
      vertex -25.2 -17.2 12.6
      vertex -24.7278 -15.9135 12.6
    endloop
  endfacet
  facet normal 0 0 -1
    outer loop
      vertex -24.7278 -15.9135 12.6
      vertex -25.2 -17.2 12.6
      vertex -24.9446 -16.0742 12.6
    endloop
  endfacet
  facet normal 0 0 -1
    outer loop
      vertex -24.9446 -16.0742 12.6
      vertex -25.2 -17.2 12.6
      vertex -25.1445 -16.2555 12.6
    endloop
  endfacet
  facet normal 0 0 -1
    outer loop
      vertex -25.1445 -16.2555 12.6
      vertex -25.2 -17.2 12.6
      vertex -25.2 -16.3166 12.6
    endloop
  endfacet
  facet normal 0 0 -1
    outer loop
      vertex -25.2 17.2 12.6
      vertex -20.5135 14.6722 12.6
      vertex -20.6742 14.4554 12.6
    endloop
  endfacet
  facet normal 0 0 -1
    outer loop
      vertex -25.2 17.2 12.6
      vertex -20.6742 14.4554 12.6
      vertex -20.8555 14.2555 12.6
    endloop
  endfacet
  facet normal 0 0 -1
    outer loop
      vertex -25.2 17.2 12.6
      vertex -20.8555 14.2555 12.6
      vertex -21.0554 14.0742 12.6
    endloop
  endfacet
  facet normal 0 0 -1
    outer loop
      vertex -25.2 17.2 12.6
      vertex -21.0554 14.0742 12.6
      vertex -21.2722 13.9135 12.6
    endloop
  endfacet
  facet normal 0 0 -1
    outer loop
      vertex -25.2 17.2 12.6
      vertex -21.2722 13.9135 12.6
      vertex -21.5037 13.7747 12.6
    endloop
  endfacet
  facet normal 0 0 -1
    outer loop
      vertex -25.2 17.2 12.6
      vertex -21.5037 13.7747 12.6
      vertex -21.7476 13.6593 12.6
    endloop
  endfacet
  facet normal 0 0 -1
    outer loop
      vertex -25.2 17.2 12.6
      vertex -21.7476 13.6593 12.6
      vertex -22.0017 13.5684 12.6
    endloop
  endfacet
  facet normal 0 0 -1
    outer loop
      vertex -25.2 17.2 12.6
      vertex -22.0017 13.5684 12.6
      vertex -22.2635 13.5028 12.6
    endloop
  endfacet
  facet normal 0 0 -1
    outer loop
      vertex -25.2 17.2 12.6
      vertex -22.2635 13.5028 12.6
      vertex -22.5305 13.4632 12.6
    endloop
  endfacet
  facet normal 0 0 -1
    outer loop
      vertex -25.2 17.2 12.6
      vertex -22.5305 13.4632 12.6
      vertex -22.8 13.45 12.6
    endloop
  endfacet
  facet normal 0 0 -1
    outer loop
      vertex -25.2 17.2 12.6
      vertex -22.8 13.45 12.6
      vertex -23.0695 13.4632 12.6
    endloop
  endfacet
  facet normal 0 0 -1
    outer loop
      vertex -25.2 17.2 12.6
      vertex -23.0695 13.4632 12.6
      vertex -23.3365 13.5028 12.6
    endloop
  endfacet
  facet normal 0 0 -1
    outer loop
      vertex -25.2 17.2 12.6
      vertex -23.3365 13.5028 12.6
      vertex -23.5983 13.5684 12.6
    endloop
  endfacet
  facet normal 0 0 -1
    outer loop
      vertex -25.2 17.2 12.6
      vertex -23.5983 13.5684 12.6
      vertex -23.8524 13.6593 12.6
    endloop
  endfacet
  facet normal 0 0 -1
    outer loop
      vertex -25.2 17.2 12.6
      vertex -23.8524 13.6593 12.6
      vertex -24.0963 13.7747 12.6
    endloop
  endfacet
  facet normal 0 0 -1
    outer loop
      vertex -25.2 17.2 12.6
      vertex -24.0963 13.7747 12.6
      vertex -24.3278 13.9135 12.6
    endloop
  endfacet
  facet normal 0 0 -1
    outer loop
      vertex -25.2 17.2 12.6
      vertex -24.3278 13.9135 12.6
      vertex -24.5446 14.0742 12.6
    endloop
  endfacet
  facet normal 0 0 -1
    outer loop
      vertex -25.2 17.2 12.6
      vertex -24.5446 14.0742 12.6
      vertex -24.7445 14.2555 12.6
    endloop
  endfacet
  facet normal 0 0 -1
    outer loop
      vertex -25.2 17.2 12.6
      vertex -24.7445 14.2555 12.6
      vertex -24.9258 14.4554 12.6
    endloop
  endfacet
  facet normal 0 0 -1
    outer loop
      vertex -25.2 17.2 12.6
      vertex -24.9258 14.4554 12.6
      vertex -25.0865 14.6722 12.6
    endloop
  endfacet
  facet normal 0 0 -1
    outer loop
      vertex -25.2 17.2 12.6
      vertex -25.0865 14.6722 12.6
      vertex -25.2 14.8615 12.6
    endloop
  endfacet
  facet normal 0 0 -1
    outer loop
      vertex -20.5135 14.6722 12.6
      vertex -25.2 17.2 12.6
      vertex -18.7573 17.2 12.6
    endloop
  endfacet
  facet normal 1 0 0
    outer loop
      vertex -25.2 17.2 12.6
      vertex -25.2 17.1946 12.1
      vertex -25.2 17.2 12.1037
    endloop
  endfacet
  facet normal 1 0 0
    outer loop
      vertex -25.2 17.2 12.6
      vertex -25.2 16.0267 12.1
      vertex -25.2 17.1946 12.1
    endloop
  endfacet
  facet normal 1 0 0
    outer loop
      vertex -25.2 17.2 12.6
      vertex -25.2 15.7351 12.1941
      vertex -25.2 16.0267 12.1
    endloop
  endfacet
  facet normal 1 0 0
    outer loop
      vertex -25.2 17.2 12.6
      vertex -25.2 15.3501 12.3535
      vertex -25.2 15.7351 12.1941
    endloop
  endfacet
  facet normal 1 0 0
    outer loop
      vertex -25.2 17.2 12.6
      vertex -25.2 15.3332 12.3618
      vertex -25.2 15.3501 12.3535
    endloop
  endfacet
  facet normal 1 0 0
    outer loop
      vertex -25.2 17.2 12.6
      vertex -25.2 14.9401 12.5557
      vertex -25.2 15.3332 12.3618
    endloop
  endfacet
  facet normal 1 0 -0
    outer loop
      vertex -25.2 14.9401 12.5557
      vertex -25.2 17.2 12.6
      vertex -25.2 14.8615 12.6
    endloop
  endfacet
  facet normal 1 -0 0
    outer loop
      vertex -25.2 -17.2 12.6
      vertex -25.2 -16.5489 12.4433
      vertex -25.2 -16.3166 12.6
    endloop
  endfacet
  facet normal 1 0 0
    outer loop
      vertex -25.2 -16.5489 12.4433
      vertex -25.2 -17.2 12.6
      vertex -25.2 -16.8852 12.243
    endloop
  endfacet
  facet normal 1 0 0
    outer loop
      vertex -25.2 -16.8852 12.243
      vertex -25.2 -17.2 12.6
      vertex -25.2 -17.1619 12.1
    endloop
  endfacet
  facet normal 1 0 0
    outer loop
      vertex -25.2 -17.1619 12.1
      vertex -25.2 -17.2 12.6
      vertex -25.2 -17.2 12.1
    endloop
  endfacet
  facet normal 0 -1 0
    outer loop
      vertex -25.1986 17.2 12.1
      vertex -25.2 17.2 12.6
      vertex -25.2 17.2 12.1037
    endloop
  endfacet
  facet normal 0 -1 0
    outer loop
      vertex -25.2 17.2 12.6
      vertex -25.1986 17.2 12.1
      vertex -18.7573 17.2 12.6
    endloop
  endfacet
  facet normal 0 -1 -0
    outer loop
      vertex -18.7573 17.2 12.6
      vertex -25.1986 17.2 12.1
      vertex -18.7573 17.2 12.1
    endloop
  endfacet
  facet normal 0 1 -0
    outer loop
      vertex -19.9407 -17.2 12.1
      vertex -25.2 -17.2 12.6
      vertex -19.9407 -17.2 12.6
    endloop
  endfacet
  facet normal 0 1 0
    outer loop
      vertex -25.2 -17.2 12.6
      vertex -19.9407 -17.2 12.1
      vertex -25.2 -17.2 12.1
    endloop
  endfacet
  facet normal 0 1 0
    outer loop
      vertex 25.0173 -17.2 12.1
      vertex 25.2 -17.2 12.6
      vertex 25.2 -17.2 12.2882
    endloop
  endfacet
  facet normal 0 1 0
    outer loop
      vertex 25.2 -17.2 12.6
      vertex 25.0173 -17.2 12.1
      vertex 19.4469 -17.2 12.6
    endloop
  endfacet
  facet normal 0 1 0
    outer loop
      vertex 19.4469 -17.2 12.6
      vertex 25.0173 -17.2 12.1
      vertex 19.4469 -17.2 12.1
    endloop
  endfacet
  facet normal -0.049048 -0.998796 0
    outer loop
      vertex -22.8 17.8 13.2
      vertex -22.6432 17.7923 16.1
      vertex -22.8 17.8 16.1
    endloop
  endfacet
  facet normal -0.049048 -0.998796 -0
    outer loop
      vertex -22.6432 17.7923 16.1
      vertex -22.8 17.8 13.2
      vertex -22.6432 17.7923 13.2
    endloop
  endfacet
  facet normal 0.998796 0.049048 0
    outer loop
      vertex -24.3923 16.0432 16.1
      vertex -24.4 16.2 13.2
      vertex -24.4 16.2 16.1
    endloop
  endfacet
  facet normal 0.998796 0.049048 0
    outer loop
      vertex -24.4 16.2 13.2
      vertex -24.3923 16.0432 16.1
      vertex -24.3923 16.0432 13.2
    endloop
  endfacet
  facet normal -0.998796 0.049048 0
    outer loop
      vertex -21.2077 16.0432 13.2
      vertex -21.2 16.2 16.1
      vertex -21.2 16.2 13.2
    endloop
  endfacet
  facet normal -0.998796 0.049048 0
    outer loop
      vertex -21.2 16.2 16.1
      vertex -21.2077 16.0432 13.2
      vertex -21.2077 16.0432 16.1
    endloop
  endfacet
  facet normal 0.904023 -0.427484 0
    outer loop
      vertex -24.2782 16.8123 16.1
      vertex -24.2111 16.9542 13.2
      vertex -24.2111 16.9542 16.1
    endloop
  endfacet
  facet normal 0.904023 -0.427484 0
    outer loop
      vertex -24.2111 16.9542 13.2
      vertex -24.2782 16.8123 16.1
      vertex -24.2782 16.8123 13.2
    endloop
  endfacet
  facet normal 0.671213 -0.741264 0
    outer loop
      vertex -23.9314 17.3314 13.2
      vertex -23.815 17.4368 16.1
      vertex -23.9314 17.3314 16.1
    endloop
  endfacet
  facet normal 0.671213 -0.741264 0
    outer loop
      vertex -23.815 17.4368 16.1
      vertex -23.9314 17.3314 13.2
      vertex -23.815 17.4368 13.2
    endloop
  endfacet
  facet normal -0.741264 0.671213 0
    outer loop
      vertex -21.6686 15.0686 13.2
      vertex -21.5632 15.185 16.1
      vertex -21.5632 15.185 13.2
    endloop
  endfacet
  facet normal -0.741264 0.671213 0
    outer loop
      vertex -21.5632 15.185 16.1
      vertex -21.6686 15.0686 13.2
      vertex -21.6686 15.0686 16.1
    endloop
  endfacet
  facet normal 0.146502 0.98921 -0
    outer loop
      vertex -22.9568 14.6077 13.2
      vertex -23.1121 14.6307 16.1
      vertex -22.9568 14.6077 16.1
    endloop
  endfacet
  facet normal 0.146502 0.98921 0
    outer loop
      vertex -23.1121 14.6307 16.1
      vertex -22.9568 14.6077 13.2
      vertex -23.1121 14.6307 13.2
    endloop
  endfacet
  facet normal 0.336982 0.941511 -0
    outer loop
      vertex -23.2645 14.6689 13.2
      vertex -23.4123 14.7218 16.1
      vertex -23.2645 14.6689 16.1
    endloop
  endfacet
  facet normal 0.336982 0.941511 0
    outer loop
      vertex -23.4123 14.7218 16.1
      vertex -23.2645 14.6689 13.2
      vertex -23.4123 14.7218 13.2
    endloop
  endfacet
  facet normal 0.969993 0.243135 0
    outer loop
      vertex -24.3311 15.7355 16.1
      vertex -24.3693 15.8879 13.2
      vertex -24.3693 15.8879 16.1
    endloop
  endfacet
  facet normal 0.969993 0.243135 0
    outer loop
      vertex -24.3693 15.8879 13.2
      vertex -24.3311 15.7355 16.1
      vertex -24.3311 15.7355 13.2
    endloop
  endfacet
  facet normal -0.596019 0.80297 0
    outer loop
      vertex -21.785 14.9632 13.2
      vertex -21.9111 14.8696 16.1
      vertex -21.785 14.9632 16.1
    endloop
  endfacet
  facet normal -0.596019 0.80297 0
    outer loop
      vertex -21.9111 14.8696 16.1
      vertex -21.785 14.9632 13.2
      vertex -21.9111 14.8696 13.2
    endloop
  endfacet
  facet normal -0.513934 0.85783 0
    outer loop
      vertex -21.9111 14.8696 13.2
      vertex -22.0458 14.7889 16.1
      vertex -21.9111 14.8696 16.1
    endloop
  endfacet
  facet normal -0.513934 0.85783 0
    outer loop
      vertex -22.0458 14.7889 16.1
      vertex -21.9111 14.8696 13.2
      vertex -22.0458 14.7889 13.2
    endloop
  endfacet
  facet normal 0.049048 -0.998796 0
    outer loop
      vertex -22.9568 17.7923 13.2
      vertex -22.8 17.8 16.1
      vertex -22.9568 17.7923 16.1
    endloop
  endfacet
  facet normal 0.049048 -0.998796 0
    outer loop
      vertex -22.8 17.8 16.1
      vertex -22.9568 17.7923 13.2
      vertex -22.8 17.8 13.2
    endloop
  endfacet
  facet normal 0.941511 -0.336982 0
    outer loop
      vertex -24.3311 16.6645 16.1
      vertex -24.2782 16.8123 13.2
      vertex -24.2782 16.8123 16.1
    endloop
  endfacet
  facet normal 0.941511 -0.336982 0
    outer loop
      vertex -24.2782 16.8123 13.2
      vertex -24.3311 16.6645 16.1
      vertex -24.3311 16.6645 13.2
    endloop
  endfacet
  facet normal 0.741264 -0.671213 0
    outer loop
      vertex -24.0368 17.215 16.1
      vertex -23.9314 17.3314 13.2
      vertex -23.9314 17.3314 16.1
    endloop
  endfacet
  facet normal 0.741264 -0.671213 0
    outer loop
      vertex -23.9314 17.3314 13.2
      vertex -24.0368 17.215 16.1
      vertex -24.0368 17.215 13.2
    endloop
  endfacet
  facet normal -0.80297 0.596019 0
    outer loop
      vertex -21.5632 15.185 13.2
      vertex -21.4696 15.3111 16.1
      vertex -21.4696 15.3111 13.2
    endloop
  endfacet
  facet normal -0.80297 0.596019 0
    outer loop
      vertex -21.4696 15.3111 16.1
      vertex -21.5632 15.185 13.2
      vertex -21.5632 15.185 16.1
    endloop
  endfacet
  facet normal -0.427484 -0.904023 0
    outer loop
      vertex -22.1877 17.6782 13.2
      vertex -22.0458 17.6111 16.1
      vertex -22.1877 17.6782 16.1
    endloop
  endfacet
  facet normal -0.427484 -0.904023 -0
    outer loop
      vertex -22.0458 17.6111 16.1
      vertex -22.1877 17.6782 13.2
      vertex -22.0458 17.6111 13.2
    endloop
  endfacet
  facet normal -0.741264 -0.671213 0
    outer loop
      vertex -21.5632 17.215 13.2
      vertex -21.6686 17.3314 16.1
      vertex -21.6686 17.3314 13.2
    endloop
  endfacet
  facet normal -0.741264 -0.671213 0
    outer loop
      vertex -21.6686 17.3314 16.1
      vertex -21.5632 17.215 13.2
      vertex -21.5632 17.215 16.1
    endloop
  endfacet
  facet normal -0.85783 0.513934 0
    outer loop
      vertex -21.4696 15.3111 13.2
      vertex -21.3889 15.4458 16.1
      vertex -21.3889 15.4458 13.2
    endloop
  endfacet
  facet normal -0.85783 0.513934 0
    outer loop
      vertex -21.3889 15.4458 16.1
      vertex -21.4696 15.3111 13.2
      vertex -21.4696 15.3111 16.1
    endloop
  endfacet
  facet normal -0.98921 -0.146502 0
    outer loop
      vertex -21.2077 16.3568 13.2
      vertex -21.2307 16.5121 16.1
      vertex -21.2307 16.5121 13.2
    endloop
  endfacet
  facet normal -0.98921 -0.146502 0
    outer loop
      vertex -21.2307 16.5121 16.1
      vertex -21.2077 16.3568 13.2
      vertex -21.2077 16.3568 16.1
    endloop
  endfacet
  facet normal -0.998796 -0.049048 0
    outer loop
      vertex -21.2 16.2 13.2
      vertex -21.2077 16.3568 16.1
      vertex -21.2077 16.3568 13.2
    endloop
  endfacet
  facet normal -0.998796 -0.049048 0
    outer loop
      vertex -21.2077 16.3568 16.1
      vertex -21.2 16.2 13.2
      vertex -21.2 16.2 16.1
    endloop
  endfacet
  facet normal -0.243135 0.969993 0
    outer loop
      vertex -22.3355 14.6689 13.2
      vertex -22.4879 14.6307 16.1
      vertex -22.3355 14.6689 16.1
    endloop
  endfacet
  facet normal -0.243135 0.969993 0
    outer loop
      vertex -22.4879 14.6307 16.1
      vertex -22.3355 14.6689 13.2
      vertex -22.4879 14.6307 13.2
    endloop
  endfacet
  facet normal -0.336982 -0.941511 0
    outer loop
      vertex -22.3355 17.7311 13.2
      vertex -22.1877 17.6782 16.1
      vertex -22.3355 17.7311 16.1
    endloop
  endfacet
  facet normal -0.336982 -0.941511 -0
    outer loop
      vertex -22.1877 17.6782 16.1
      vertex -22.3355 17.7311 13.2
      vertex -22.1877 17.6782 13.2
    endloop
  endfacet
  facet normal 0.941511 0.336982 0
    outer loop
      vertex -24.2782 15.5877 16.1
      vertex -24.3311 15.7355 13.2
      vertex -24.3311 15.7355 16.1
    endloop
  endfacet
  facet normal 0.941511 0.336982 0
    outer loop
      vertex -24.3311 15.7355 13.2
      vertex -24.2782 15.5877 16.1
      vertex -24.2782 15.5877 13.2
    endloop
  endfacet
  facet normal 0.049048 0.998796 -0
    outer loop
      vertex -22.8 14.6 13.2
      vertex -22.9568 14.6077 16.1
      vertex -22.8 14.6 16.1
    endloop
  endfacet
  facet normal 0.049048 0.998796 0
    outer loop
      vertex -22.9568 14.6077 16.1
      vertex -22.8 14.6 13.2
      vertex -22.9568 14.6077 13.2
    endloop
  endfacet
  facet normal 0.741264 0.671213 0
    outer loop
      vertex -23.9314 15.0686 16.1
      vertex -24.0368 15.185 13.2
      vertex -24.0368 15.185 16.1
    endloop
  endfacet
  facet normal 0.741264 0.671213 0
    outer loop
      vertex -24.0368 15.185 13.2
      vertex -23.9314 15.0686 16.1
      vertex -23.9314 15.0686 13.2
    endloop
  endfacet
  facet normal 0.336982 -0.941511 0
    outer loop
      vertex -23.4123 17.6782 13.2
      vertex -23.2645 17.7311 16.1
      vertex -23.4123 17.6782 16.1
    endloop
  endfacet
  facet normal 0.336982 -0.941511 0
    outer loop
      vertex -23.2645 17.7311 16.1
      vertex -23.4123 17.6782 13.2
      vertex -23.2645 17.7311 13.2
    endloop
  endfacet
  facet normal 0.146502 -0.98921 0
    outer loop
      vertex -23.1121 17.7693 13.2
      vertex -22.9568 17.7923 16.1
      vertex -23.1121 17.7693 16.1
    endloop
  endfacet
  facet normal 0.146502 -0.98921 0
    outer loop
      vertex -22.9568 17.7923 16.1
      vertex -23.1121 17.7693 13.2
      vertex -22.9568 17.7923 13.2
    endloop
  endfacet
  facet normal -0.80297 -0.596019 0
    outer loop
      vertex -21.4696 17.0889 13.2
      vertex -21.5632 17.215 16.1
      vertex -21.5632 17.215 13.2
    endloop
  endfacet
  facet normal -0.80297 -0.596019 0
    outer loop
      vertex -21.5632 17.215 16.1
      vertex -21.4696 17.0889 13.2
      vertex -21.4696 17.0889 16.1
    endloop
  endfacet
  facet normal 0.98921 -0.146502 0
    outer loop
      vertex -24.3923 16.3568 16.1
      vertex -24.3693 16.5121 13.2
      vertex -24.3693 16.5121 16.1
    endloop
  endfacet
  facet normal 0.98921 -0.146502 0
    outer loop
      vertex -24.3693 16.5121 13.2
      vertex -24.3923 16.3568 16.1
      vertex -24.3923 16.3568 13.2
    endloop
  endfacet
  facet normal -0.049048 0.998796 0
    outer loop
      vertex -22.6432 14.6077 13.2
      vertex -22.8 14.6 16.1
      vertex -22.6432 14.6077 16.1
    endloop
  endfacet
  facet normal -0.049048 0.998796 0
    outer loop
      vertex -22.8 14.6 16.1
      vertex -22.6432 14.6077 13.2
      vertex -22.8 14.6 13.2
    endloop
  endfacet
  facet normal -0.969993 -0.243135 0
    outer loop
      vertex -21.2307 16.5121 13.2
      vertex -21.2689 16.6645 16.1
      vertex -21.2689 16.6645 13.2
    endloop
  endfacet
  facet normal -0.969993 -0.243135 0
    outer loop
      vertex -21.2689 16.6645 16.1
      vertex -21.2307 16.5121 13.2
      vertex -21.2307 16.5121 16.1
    endloop
  endfacet
  facet normal 0 0 1
    outer loop
      vertex -21.2077 16.3568 13.2
      vertex -21.2077 16.0432 13.2
      vertex -21.2 16.2 13.2
    endloop
  endfacet
  facet normal 0 0 1
    outer loop
      vertex -21.2307 16.5121 13.2
      vertex -21.2077 16.0432 13.2
      vertex -21.2077 16.3568 13.2
    endloop
  endfacet
  facet normal 0 0 1
    outer loop
      vertex -21.2307 16.5121 13.2
      vertex -21.2307 15.8879 13.2
      vertex -21.2077 16.0432 13.2
    endloop
  endfacet
  facet normal 0 0 1
    outer loop
      vertex -21.2689 16.6645 13.2
      vertex -21.2307 15.8879 13.2
      vertex -21.2307 16.5121 13.2
    endloop
  endfacet
  facet normal 0 0 1
    outer loop
      vertex -21.2689 16.6645 13.2
      vertex -21.2689 15.7355 13.2
      vertex -21.2307 15.8879 13.2
    endloop
  endfacet
  facet normal 0 0 1
    outer loop
      vertex -21.3218 16.8123 13.2
      vertex -21.2689 15.7355 13.2
      vertex -21.2689 16.6645 13.2
    endloop
  endfacet
  facet normal 0 0 1
    outer loop
      vertex -21.3218 16.8123 13.2
      vertex -21.3218 15.5877 13.2
      vertex -21.2689 15.7355 13.2
    endloop
  endfacet
  facet normal 0 0 1
    outer loop
      vertex -21.3889 16.9542 13.2
      vertex -21.3218 15.5877 13.2
      vertex -21.3218 16.8123 13.2
    endloop
  endfacet
  facet normal 0 0 1
    outer loop
      vertex -21.3889 16.9542 13.2
      vertex -21.3889 15.4458 13.2
      vertex -21.3218 15.5877 13.2
    endloop
  endfacet
  facet normal 0 0 1
    outer loop
      vertex -21.4696 17.0889 13.2
      vertex -21.3889 15.4458 13.2
      vertex -21.3889 16.9542 13.2
    endloop
  endfacet
  facet normal 0 0 1
    outer loop
      vertex -21.4696 17.0889 13.2
      vertex -21.4696 15.3111 13.2
      vertex -21.3889 15.4458 13.2
    endloop
  endfacet
  facet normal 0 0 1
    outer loop
      vertex -21.5632 17.215 13.2
      vertex -21.4696 15.3111 13.2
      vertex -21.4696 17.0889 13.2
    endloop
  endfacet
  facet normal 0 0 1
    outer loop
      vertex -21.5632 17.215 13.2
      vertex -21.5632 15.185 13.2
      vertex -21.4696 15.3111 13.2
    endloop
  endfacet
  facet normal 0 0 1
    outer loop
      vertex -21.6686 17.3314 13.2
      vertex -21.5632 15.185 13.2
      vertex -21.5632 17.215 13.2
    endloop
  endfacet
  facet normal 0 0 1
    outer loop
      vertex -21.6686 17.3314 13.2
      vertex -21.6686 15.0686 13.2
      vertex -21.5632 15.185 13.2
    endloop
  endfacet
  facet normal 0 0 1
    outer loop
      vertex -21.785 17.4368 13.2
      vertex -21.6686 15.0686 13.2
      vertex -21.6686 17.3314 13.2
    endloop
  endfacet
  facet normal 0 0 1
    outer loop
      vertex -21.785 17.4368 13.2
      vertex -21.785 14.9632 13.2
      vertex -21.6686 15.0686 13.2
    endloop
  endfacet
  facet normal 0 0 1
    outer loop
      vertex -21.9111 17.5303 13.2
      vertex -21.785 14.9632 13.2
      vertex -21.785 17.4368 13.2
    endloop
  endfacet
  facet normal 0 0 1
    outer loop
      vertex -21.9111 17.5303 13.2
      vertex -21.9111 14.8696 13.2
      vertex -21.785 14.9632 13.2
    endloop
  endfacet
  facet normal 0 0 1
    outer loop
      vertex -22.0458 17.6111 13.2
      vertex -21.9111 14.8696 13.2
      vertex -21.9111 17.5303 13.2
    endloop
  endfacet
  facet normal 0 0 1
    outer loop
      vertex -22.0458 17.6111 13.2
      vertex -22.0458 14.7889 13.2
      vertex -21.9111 14.8696 13.2
    endloop
  endfacet
  facet normal 0 0 1
    outer loop
      vertex -22.1877 17.6782 13.2
      vertex -22.0458 14.7889 13.2
      vertex -22.0458 17.6111 13.2
    endloop
  endfacet
  facet normal 0 0 1
    outer loop
      vertex -22.1877 17.6782 13.2
      vertex -22.1877 14.7218 13.2
      vertex -22.0458 14.7889 13.2
    endloop
  endfacet
  facet normal 0 0 1
    outer loop
      vertex -22.3355 17.7311 13.2
      vertex -22.1877 14.7218 13.2
      vertex -22.1877 17.6782 13.2
    endloop
  endfacet
  facet normal 0 0 1
    outer loop
      vertex -22.3355 17.7311 13.2
      vertex -22.3355 14.6689 13.2
      vertex -22.1877 14.7218 13.2
    endloop
  endfacet
  facet normal 0 0 1
    outer loop
      vertex -22.4879 17.7693 13.2
      vertex -22.3355 14.6689 13.2
      vertex -22.3355 17.7311 13.2
    endloop
  endfacet
  facet normal 0 0 1
    outer loop
      vertex -22.4879 17.7693 13.2
      vertex -22.4879 14.6307 13.2
      vertex -22.3355 14.6689 13.2
    endloop
  endfacet
  facet normal 0 0 1
    outer loop
      vertex -22.6432 17.7923 13.2
      vertex -22.4879 14.6307 13.2
      vertex -22.4879 17.7693 13.2
    endloop
  endfacet
  facet normal 0 0 1
    outer loop
      vertex -22.6432 17.7923 13.2
      vertex -22.6432 14.6077 13.2
      vertex -22.4879 14.6307 13.2
    endloop
  endfacet
  facet normal 0 0 1
    outer loop
      vertex -22.8 17.8 13.2
      vertex -22.6432 14.6077 13.2
      vertex -22.6432 17.7923 13.2
    endloop
  endfacet
  facet normal 0 0 1
    outer loop
      vertex -22.8 17.8 13.2
      vertex -22.8 14.6 13.2
      vertex -22.6432 14.6077 13.2
    endloop
  endfacet
  facet normal -0 0 1
    outer loop
      vertex -22.9568 17.7923 13.2
      vertex -22.8 14.6 13.2
      vertex -22.8 17.8 13.2
    endloop
  endfacet
  facet normal 0 0 1
    outer loop
      vertex -22.9568 17.7923 13.2
      vertex -22.9568 14.6077 13.2
      vertex -22.8 14.6 13.2
    endloop
  endfacet
  facet normal -0 0 1
    outer loop
      vertex -23.1121 17.7693 13.2
      vertex -22.9568 14.6077 13.2
      vertex -22.9568 17.7923 13.2
    endloop
  endfacet
  facet normal 0 0 1
    outer loop
      vertex -23.1121 17.7693 13.2
      vertex -23.1121 14.6307 13.2
      vertex -22.9568 14.6077 13.2
    endloop
  endfacet
  facet normal -0 0 1
    outer loop
      vertex -23.2645 17.7311 13.2
      vertex -23.1121 14.6307 13.2
      vertex -23.1121 17.7693 13.2
    endloop
  endfacet
  facet normal 0 0 1
    outer loop
      vertex -23.2645 17.7311 13.2
      vertex -23.2645 14.6689 13.2
      vertex -23.1121 14.6307 13.2
    endloop
  endfacet
  facet normal -0 0 1
    outer loop
      vertex -23.4123 17.6782 13.2
      vertex -23.2645 14.6689 13.2
      vertex -23.2645 17.7311 13.2
    endloop
  endfacet
  facet normal 0 0 1
    outer loop
      vertex -23.4123 17.6782 13.2
      vertex -23.4123 14.7218 13.2
      vertex -23.2645 14.6689 13.2
    endloop
  endfacet
  facet normal -0 0 1
    outer loop
      vertex -23.5542 17.6111 13.2
      vertex -23.4123 14.7218 13.2
      vertex -23.4123 17.6782 13.2
    endloop
  endfacet
  facet normal 0 0 1
    outer loop
      vertex -23.5542 17.6111 13.2
      vertex -23.5542 14.7889 13.2
      vertex -23.4123 14.7218 13.2
    endloop
  endfacet
  facet normal -0 0 1
    outer loop
      vertex -23.6889 17.5303 13.2
      vertex -23.5542 14.7889 13.2
      vertex -23.5542 17.6111 13.2
    endloop
  endfacet
  facet normal 0 0 1
    outer loop
      vertex -23.6889 17.5303 13.2
      vertex -23.6889 14.8696 13.2
      vertex -23.5542 14.7889 13.2
    endloop
  endfacet
  facet normal -0 0 1
    outer loop
      vertex -23.815 17.4368 13.2
      vertex -23.6889 14.8696 13.2
      vertex -23.6889 17.5303 13.2
    endloop
  endfacet
  facet normal 0 0 1
    outer loop
      vertex -23.815 17.4368 13.2
      vertex -23.815 14.9632 13.2
      vertex -23.6889 14.8696 13.2
    endloop
  endfacet
  facet normal -0 0 1
    outer loop
      vertex -23.9314 17.3314 13.2
      vertex -23.815 14.9632 13.2
      vertex -23.815 17.4368 13.2
    endloop
  endfacet
  facet normal 0 0 1
    outer loop
      vertex -23.9314 17.3314 13.2
      vertex -23.9314 15.0686 13.2
      vertex -23.815 14.9632 13.2
    endloop
  endfacet
  facet normal -0 0 1
    outer loop
      vertex -24.0368 17.215 13.2
      vertex -23.9314 15.0686 13.2
      vertex -23.9314 17.3314 13.2
    endloop
  endfacet
  facet normal 0 0 1
    outer loop
      vertex -24.0368 17.215 13.2
      vertex -24.0368 15.185 13.2
      vertex -23.9314 15.0686 13.2
    endloop
  endfacet
  facet normal -0 0 1
    outer loop
      vertex -24.1304 17.0889 13.2
      vertex -24.0368 15.185 13.2
      vertex -24.0368 17.215 13.2
    endloop
  endfacet
  facet normal 0 0 1
    outer loop
      vertex -24.1304 17.0889 13.2
      vertex -24.1304 15.3111 13.2
      vertex -24.0368 15.185 13.2
    endloop
  endfacet
  facet normal -0 0 1
    outer loop
      vertex -24.2111 16.9542 13.2
      vertex -24.1304 15.3111 13.2
      vertex -24.1304 17.0889 13.2
    endloop
  endfacet
  facet normal 0 0 1
    outer loop
      vertex -24.2111 16.9542 13.2
      vertex -24.2111 15.4458 13.2
      vertex -24.1304 15.3111 13.2
    endloop
  endfacet
  facet normal -0 0 1
    outer loop
      vertex -24.2782 16.8123 13.2
      vertex -24.2111 15.4458 13.2
      vertex -24.2111 16.9542 13.2
    endloop
  endfacet
  facet normal 0 0 1
    outer loop
      vertex -24.2782 16.8123 13.2
      vertex -24.2782 15.5877 13.2
      vertex -24.2111 15.4458 13.2
    endloop
  endfacet
  facet normal -0 0 1
    outer loop
      vertex -24.3311 16.6645 13.2
      vertex -24.2782 15.5877 13.2
      vertex -24.2782 16.8123 13.2
    endloop
  endfacet
  facet normal 0 0 1
    outer loop
      vertex -24.3311 16.6645 13.2
      vertex -24.3311 15.7355 13.2
      vertex -24.2782 15.5877 13.2
    endloop
  endfacet
  facet normal -0 0 1
    outer loop
      vertex -24.3693 16.5121 13.2
      vertex -24.3311 15.7355 13.2
      vertex -24.3311 16.6645 13.2
    endloop
  endfacet
  facet normal 0 0 1
    outer loop
      vertex -24.3693 16.5121 13.2
      vertex -24.3693 15.8879 13.2
      vertex -24.3311 15.7355 13.2
    endloop
  endfacet
  facet normal -0 0 1
    outer loop
      vertex -24.3923 16.3568 13.2
      vertex -24.3693 15.8879 13.2
      vertex -24.3693 16.5121 13.2
    endloop
  endfacet
  facet normal 0 0 1
    outer loop
      vertex -24.3923 16.3568 13.2
      vertex -24.3923 16.0432 13.2
      vertex -24.3693 15.8879 13.2
    endloop
  endfacet
  facet normal 0 -0 1
    outer loop
      vertex -24.3923 16.0432 13.2
      vertex -24.3923 16.3568 13.2
      vertex -24.4 16.2 13.2
    endloop
  endfacet
  facet normal -0.146502 -0.98921 0
    outer loop
      vertex -22.6432 17.7923 13.2
      vertex -22.4879 17.7693 16.1
      vertex -22.6432 17.7923 16.1
    endloop
  endfacet
  facet normal -0.146502 -0.98921 -0
    outer loop
      vertex -22.4879 17.7693 16.1
      vertex -22.6432 17.7923 13.2
      vertex -22.4879 17.7693 13.2
    endloop
  endfacet
  facet normal -0.941511 -0.336982 0
    outer loop
      vertex -21.2689 16.6645 13.2
      vertex -21.3218 16.8123 16.1
      vertex -21.3218 16.8123 13.2
    endloop
  endfacet
  facet normal -0.941511 -0.336982 0
    outer loop
      vertex -21.3218 16.8123 16.1
      vertex -21.2689 16.6645 13.2
      vertex -21.2689 16.6645 16.1
    endloop
  endfacet
  facet normal 0.98921 0.146502 0
    outer loop
      vertex -24.3693 15.8879 16.1
      vertex -24.3923 16.0432 13.2
      vertex -24.3923 16.0432 16.1
    endloop
  endfacet
  facet normal 0.98921 0.146502 0
    outer loop
      vertex -24.3923 16.0432 13.2
      vertex -24.3693 15.8879 16.1
      vertex -24.3693 15.8879 13.2
    endloop
  endfacet
  facet normal -0.904023 -0.427484 0
    outer loop
      vertex -21.3218 16.8123 13.2
      vertex -21.3889 16.9542 16.1
      vertex -21.3889 16.9542 13.2
    endloop
  endfacet
  facet normal -0.904023 -0.427484 0
    outer loop
      vertex -21.3889 16.9542 16.1
      vertex -21.3218 16.8123 13.2
      vertex -21.3218 16.8123 16.1
    endloop
  endfacet
  facet normal 0.904023 0.427484 0
    outer loop
      vertex -24.2111 15.4458 16.1
      vertex -24.2782 15.5877 13.2
      vertex -24.2782 15.5877 16.1
    endloop
  endfacet
  facet normal 0.904023 0.427484 0
    outer loop
      vertex -24.2782 15.5877 13.2
      vertex -24.2111 15.4458 16.1
      vertex -24.2111 15.4458 13.2
    endloop
  endfacet
  facet normal -0.85783 -0.513934 0
    outer loop
      vertex -21.3889 16.9542 13.2
      vertex -21.4696 17.0889 16.1
      vertex -21.4696 17.0889 13.2
    endloop
  endfacet
  facet normal -0.85783 -0.513934 0
    outer loop
      vertex -21.4696 17.0889 16.1
      vertex -21.3889 16.9542 13.2
      vertex -21.3889 16.9542 16.1
    endloop
  endfacet
  facet normal -0.595608 -0.803275 0
    outer loop
      vertex -21.9111 17.5303 13.2
      vertex -21.785 17.4368 16.1
      vertex -21.9111 17.5303 16.1
    endloop
  endfacet
  facet normal -0.595608 -0.803275 -0
    outer loop
      vertex -21.785 17.4368 16.1
      vertex -21.9111 17.5303 13.2
      vertex -21.785 17.4368 13.2
    endloop
  endfacet
  facet normal 0.243135 -0.969993 0
    outer loop
      vertex -23.2645 17.7311 13.2
      vertex -23.1121 17.7693 16.1
      vertex -23.2645 17.7311 16.1
    endloop
  endfacet
  facet normal 0.243135 -0.969993 0
    outer loop
      vertex -23.1121 17.7693 16.1
      vertex -23.2645 17.7311 13.2
      vertex -23.1121 17.7693 13.2
    endloop
  endfacet
  facet normal 0.85783 0.513934 0
    outer loop
      vertex -24.1304 15.3111 16.1
      vertex -24.2111 15.4458 13.2
      vertex -24.2111 15.4458 16.1
    endloop
  endfacet
  facet normal 0.85783 0.513934 0
    outer loop
      vertex -24.2111 15.4458 13.2
      vertex -24.1304 15.3111 16.1
      vertex -24.1304 15.3111 13.2
    endloop
  endfacet
  facet normal -0.146502 0.98921 0
    outer loop
      vertex -22.4879 14.6307 13.2
      vertex -22.6432 14.6077 16.1
      vertex -22.4879 14.6307 16.1
    endloop
  endfacet
  facet normal -0.146502 0.98921 0
    outer loop
      vertex -22.6432 14.6077 16.1
      vertex -22.4879 14.6307 13.2
      vertex -22.6432 14.6077 13.2
    endloop
  endfacet
  facet normal 0.998796 -0.049048 0
    outer loop
      vertex -24.4 16.2 16.1
      vertex -24.3923 16.3568 13.2
      vertex -24.3923 16.3568 16.1
    endloop
  endfacet
  facet normal 0.998796 -0.049048 0
    outer loop
      vertex -24.3923 16.3568 13.2
      vertex -24.4 16.2 16.1
      vertex -24.4 16.2 13.2
    endloop
  endfacet
  facet normal 0.969993 -0.243135 0
    outer loop
      vertex -24.3693 16.5121 16.1
      vertex -24.3311 16.6645 13.2
      vertex -24.3311 16.6645 16.1
    endloop
  endfacet
  facet normal 0.969993 -0.243135 0
    outer loop
      vertex -24.3311 16.6645 13.2
      vertex -24.3693 16.5121 16.1
      vertex -24.3693 16.5121 13.2
    endloop
  endfacet
  facet normal -0.514402 -0.857549 0
    outer loop
      vertex -22.0458 17.6111 13.2
      vertex -21.9111 17.5303 16.1
      vertex -22.0458 17.6111 16.1
    endloop
  endfacet
  facet normal -0.514402 -0.857549 -0
    outer loop
      vertex -21.9111 17.5303 16.1
      vertex -22.0458 17.6111 13.2
      vertex -21.9111 17.5303 13.2
    endloop
  endfacet
  facet normal 0.513934 0.85783 -0
    outer loop
      vertex -23.5542 14.7889 13.2
      vertex -23.6889 14.8696 16.1
      vertex -23.5542 14.7889 16.1
    endloop
  endfacet
  facet normal 0.513934 0.85783 0
    outer loop
      vertex -23.6889 14.8696 16.1
      vertex -23.5542 14.7889 13.2
      vertex -23.6889 14.8696 13.2
    endloop
  endfacet
  facet normal -0.941511 0.336982 0
    outer loop
      vertex -21.3218 15.5877 13.2
      vertex -21.2689 15.7355 16.1
      vertex -21.2689 15.7355 13.2
    endloop
  endfacet
  facet normal -0.941511 0.336982 0
    outer loop
      vertex -21.2689 15.7355 16.1
      vertex -21.3218 15.5877 13.2
      vertex -21.3218 15.5877 16.1
    endloop
  endfacet
  facet normal -0.904023 0.427484 0
    outer loop
      vertex -21.3889 15.4458 13.2
      vertex -21.3218 15.5877 16.1
      vertex -21.3218 15.5877 13.2
    endloop
  endfacet
  facet normal -0.904023 0.427484 0
    outer loop
      vertex -21.3218 15.5877 16.1
      vertex -21.3889 15.4458 13.2
      vertex -21.3889 15.4458 16.1
    endloop
  endfacet
  facet normal 0.427484 0.904023 -0
    outer loop
      vertex -23.4123 14.7218 13.2
      vertex -23.5542 14.7889 16.1
      vertex -23.4123 14.7218 16.1
    endloop
  endfacet
  facet normal 0.427484 0.904023 0
    outer loop
      vertex -23.5542 14.7889 16.1
      vertex -23.4123 14.7218 13.2
      vertex -23.5542 14.7889 13.2
    endloop
  endfacet
  facet normal 0.671213 0.741264 -0
    outer loop
      vertex -23.815 14.9632 13.2
      vertex -23.9314 15.0686 16.1
      vertex -23.815 14.9632 16.1
    endloop
  endfacet
  facet normal 0.671213 0.741264 0
    outer loop
      vertex -23.9314 15.0686 16.1
      vertex -23.815 14.9632 13.2
      vertex -23.9314 15.0686 13.2
    endloop
  endfacet
  facet normal 0.595608 -0.803275 0
    outer loop
      vertex -23.815 17.4368 13.2
      vertex -23.6889 17.5303 16.1
      vertex -23.815 17.4368 16.1
    endloop
  endfacet
  facet normal 0.595608 -0.803275 0
    outer loop
      vertex -23.6889 17.5303 16.1
      vertex -23.815 17.4368 13.2
      vertex -23.6889 17.5303 13.2
    endloop
  endfacet
  facet normal 0.80297 0.596019 0
    outer loop
      vertex -24.0368 15.185 16.1
      vertex -24.1304 15.3111 13.2
      vertex -24.1304 15.3111 16.1
    endloop
  endfacet
  facet normal 0.80297 0.596019 0
    outer loop
      vertex -24.1304 15.3111 13.2
      vertex -24.0368 15.185 16.1
      vertex -24.0368 15.185 13.2
    endloop
  endfacet
  facet normal 0.80297 -0.596019 0
    outer loop
      vertex -24.1304 17.0889 16.1
      vertex -24.0368 17.215 13.2
      vertex -24.0368 17.215 16.1
    endloop
  endfacet
  facet normal 0.80297 -0.596019 0
    outer loop
      vertex -24.0368 17.215 13.2
      vertex -24.1304 17.0889 16.1
      vertex -24.1304 17.0889 13.2
    endloop
  endfacet
  facet normal -0.98921 0.146502 0
    outer loop
      vertex -21.2307 15.8879 13.2
      vertex -21.2077 16.0432 16.1
      vertex -21.2077 16.0432 13.2
    endloop
  endfacet
  facet normal -0.98921 0.146502 0
    outer loop
      vertex -21.2077 16.0432 16.1
      vertex -21.2307 15.8879 13.2
      vertex -21.2307 15.8879 16.1
    endloop
  endfacet
  facet normal 0.514402 -0.857549 0
    outer loop
      vertex -23.6889 17.5303 13.2
      vertex -23.5542 17.6111 16.1
      vertex -23.6889 17.5303 16.1
    endloop
  endfacet
  facet normal 0.514402 -0.857549 0
    outer loop
      vertex -23.5542 17.6111 16.1
      vertex -23.6889 17.5303 13.2
      vertex -23.5542 17.6111 13.2
    endloop
  endfacet
  facet normal 0.243135 0.969993 -0
    outer loop
      vertex -23.1121 14.6307 13.2
      vertex -23.2645 14.6689 16.1
      vertex -23.1121 14.6307 16.1
    endloop
  endfacet
  facet normal 0.243135 0.969993 0
    outer loop
      vertex -23.2645 14.6689 16.1
      vertex -23.1121 14.6307 13.2
      vertex -23.2645 14.6689 13.2
    endloop
  endfacet
  facet normal 0.427484 -0.904023 0
    outer loop
      vertex -23.5542 17.6111 13.2
      vertex -23.4123 17.6782 16.1
      vertex -23.5542 17.6111 16.1
    endloop
  endfacet
  facet normal 0.427484 -0.904023 0
    outer loop
      vertex -23.4123 17.6782 16.1
      vertex -23.5542 17.6111 13.2
      vertex -23.4123 17.6782 13.2
    endloop
  endfacet
  facet normal -0.671213 0.741264 0
    outer loop
      vertex -21.6686 15.0686 13.2
      vertex -21.785 14.9632 16.1
      vertex -21.6686 15.0686 16.1
    endloop
  endfacet
  facet normal -0.671213 0.741264 0
    outer loop
      vertex -21.785 14.9632 16.1
      vertex -21.6686 15.0686 13.2
      vertex -21.785 14.9632 13.2
    endloop
  endfacet
  facet normal -0.671213 -0.741264 0
    outer loop
      vertex -21.785 17.4368 13.2
      vertex -21.6686 17.3314 16.1
      vertex -21.785 17.4368 16.1
    endloop
  endfacet
  facet normal -0.671213 -0.741264 -0
    outer loop
      vertex -21.6686 17.3314 16.1
      vertex -21.785 17.4368 13.2
      vertex -21.6686 17.3314 13.2
    endloop
  endfacet
  facet normal -0.243135 -0.969993 0
    outer loop
      vertex -22.4879 17.7693 13.2
      vertex -22.3355 17.7311 16.1
      vertex -22.4879 17.7693 16.1
    endloop
  endfacet
  facet normal -0.243135 -0.969993 -0
    outer loop
      vertex -22.3355 17.7311 16.1
      vertex -22.4879 17.7693 13.2
      vertex -22.3355 17.7311 13.2
    endloop
  endfacet
  facet normal -0.336982 0.941511 0
    outer loop
      vertex -22.1877 14.7218 13.2
      vertex -22.3355 14.6689 16.1
      vertex -22.1877 14.7218 16.1
    endloop
  endfacet
  facet normal -0.336982 0.941511 0
    outer loop
      vertex -22.3355 14.6689 16.1
      vertex -22.1877 14.7218 13.2
      vertex -22.3355 14.6689 13.2
    endloop
  endfacet
  facet normal -0.427484 0.904023 0
    outer loop
      vertex -22.0458 14.7889 13.2
      vertex -22.1877 14.7218 16.1
      vertex -22.0458 14.7889 16.1
    endloop
  endfacet
  facet normal -0.427484 0.904023 0
    outer loop
      vertex -22.1877 14.7218 16.1
      vertex -22.0458 14.7889 13.2
      vertex -22.1877 14.7218 13.2
    endloop
  endfacet
  facet normal 0.596019 0.80297 -0
    outer loop
      vertex -23.6889 14.8696 13.2
      vertex -23.815 14.9632 16.1
      vertex -23.6889 14.8696 16.1
    endloop
  endfacet
  facet normal 0.596019 0.80297 0
    outer loop
      vertex -23.815 14.9632 16.1
      vertex -23.6889 14.8696 13.2
      vertex -23.815 14.9632 13.2
    endloop
  endfacet
  facet normal -0.969993 0.243135 0
    outer loop
      vertex -21.2689 15.7355 13.2
      vertex -21.2307 15.8879 16.1
      vertex -21.2307 15.8879 13.2
    endloop
  endfacet
  facet normal -0.969993 0.243135 0
    outer loop
      vertex -21.2307 15.8879 16.1
      vertex -21.2689 15.7355 13.2
      vertex -21.2689 15.7355 16.1
    endloop
  endfacet
  facet normal 0.85783 -0.513934 0
    outer loop
      vertex -24.2111 16.9542 16.1
      vertex -24.1304 17.0889 13.2
      vertex -24.1304 17.0889 16.1
    endloop
  endfacet
  facet normal 0.85783 -0.513934 0
    outer loop
      vertex -24.1304 17.0889 13.2
      vertex -24.2111 16.9542 16.1
      vertex -24.2111 16.9542 13.2
    endloop
  endfacet
  facet normal -0.998796 -0.049048 0
    outer loop
      vertex 24.4 -17.8 13.2
      vertex 24.3923 -17.6432 16.1
      vertex 24.3923 -17.6432 13.2
    endloop
  endfacet
  facet normal -0.998796 -0.049048 0
    outer loop
      vertex 24.3923 -17.6432 16.1
      vertex 24.4 -17.8 13.2
      vertex 24.4 -17.8 16.1
    endloop
  endfacet
  facet normal -0.741264 -0.671213 0
    outer loop
      vertex 24.0368 -16.785 13.2
      vertex 23.9314 -16.6686 16.1
      vertex 23.9314 -16.6686 13.2
    endloop
  endfacet
  facet normal -0.741264 -0.671213 0
    outer loop
      vertex 23.9314 -16.6686 16.1
      vertex 24.0368 -16.785 13.2
      vertex 24.0368 -16.785 16.1
    endloop
  endfacet
  facet normal 0.969993 -0.243135 0
    outer loop
      vertex 21.2307 -17.4879 16.1
      vertex 21.2689 -17.3355 13.2
      vertex 21.2689 -17.3355 16.1
    endloop
  endfacet
  facet normal 0.969993 -0.243135 0
    outer loop
      vertex 21.2689 -17.3355 13.2
      vertex 21.2307 -17.4879 16.1
      vertex 21.2307 -17.4879 13.2
    endloop
  endfacet
  facet normal 0.146502 -0.98921 0
    outer loop
      vertex 22.4879 -16.2307 13.2
      vertex 22.6432 -16.2077 16.1
      vertex 22.4879 -16.2307 16.1
    endloop
  endfacet
  facet normal 0.146502 -0.98921 0
    outer loop
      vertex 22.6432 -16.2077 16.1
      vertex 22.4879 -16.2307 13.2
      vertex 22.6432 -16.2077 13.2
    endloop
  endfacet
  facet normal 0.904023 0.427484 0
    outer loop
      vertex 21.3889 -18.5542 16.1
      vertex 21.3218 -18.4123 13.2
      vertex 21.3218 -18.4123 16.1
    endloop
  endfacet
  facet normal 0.904023 0.427484 0
    outer loop
      vertex 21.3218 -18.4123 13.2
      vertex 21.3889 -18.5542 16.1
      vertex 21.3889 -18.5542 13.2
    endloop
  endfacet
  facet normal -0.969993 -0.243135 0
    outer loop
      vertex 24.3693 -17.4879 13.2
      vertex 24.3311 -17.3355 16.1
      vertex 24.3311 -17.3355 13.2
    endloop
  endfacet
  facet normal -0.969993 -0.243135 0
    outer loop
      vertex 24.3311 -17.3355 16.1
      vertex 24.3693 -17.4879 13.2
      vertex 24.3693 -17.4879 16.1
    endloop
  endfacet
  facet normal -0.146502 0.98921 0
    outer loop
      vertex 23.1121 -19.3693 13.2
      vertex 22.9568 -19.3923 16.1
      vertex 23.1121 -19.3693 16.1
    endloop
  endfacet
  facet normal -0.146502 0.98921 0
    outer loop
      vertex 22.9568 -19.3923 16.1
      vertex 23.1121 -19.3693 13.2
      vertex 22.9568 -19.3923 13.2
    endloop
  endfacet
  facet normal 0.904023 -0.427484 0
    outer loop
      vertex 21.3218 -17.1877 16.1
      vertex 21.3889 -17.0458 13.2
      vertex 21.3889 -17.0458 16.1
    endloop
  endfacet
  facet normal 0.904023 -0.427484 0
    outer loop
      vertex 21.3889 -17.0458 13.2
      vertex 21.3218 -17.1877 16.1
      vertex 21.3218 -17.1877 13.2
    endloop
  endfacet
  facet normal -0.998796 0.049048 0
    outer loop
      vertex 24.3923 -17.9568 13.2
      vertex 24.4 -17.8 16.1
      vertex 24.4 -17.8 13.2
    endloop
  endfacet
  facet normal -0.998796 0.049048 0
    outer loop
      vertex 24.4 -17.8 16.1
      vertex 24.3923 -17.9568 13.2
      vertex 24.3923 -17.9568 16.1
    endloop
  endfacet
  facet normal -0.80297 0.596019 0
    outer loop
      vertex 24.0368 -18.815 13.2
      vertex 24.1304 -18.6889 16.1
      vertex 24.1304 -18.6889 13.2
    endloop
  endfacet
  facet normal -0.80297 0.596019 0
    outer loop
      vertex 24.1304 -18.6889 16.1
      vertex 24.0368 -18.815 13.2
      vertex 24.0368 -18.815 16.1
    endloop
  endfacet
  facet normal -0.941511 0.336982 0
    outer loop
      vertex 24.2782 -18.4123 13.2
      vertex 24.3311 -18.2645 16.1
      vertex 24.3311 -18.2645 13.2
    endloop
  endfacet
  facet normal -0.941511 0.336982 0
    outer loop
      vertex 24.3311 -18.2645 16.1
      vertex 24.2782 -18.4123 13.2
      vertex 24.2782 -18.4123 16.1
    endloop
  endfacet
  facet normal -0.904023 0.427484 0
    outer loop
      vertex 24.2111 -18.5542 13.2
      vertex 24.2782 -18.4123 16.1
      vertex 24.2782 -18.4123 13.2
    endloop
  endfacet
  facet normal -0.904023 0.427484 0
    outer loop
      vertex 24.2782 -18.4123 16.1
      vertex 24.2111 -18.5542 13.2
      vertex 24.2111 -18.5542 16.1
    endloop
  endfacet
  facet normal -0.80297 -0.596019 0
    outer loop
      vertex 24.1304 -16.9111 13.2
      vertex 24.0368 -16.785 16.1
      vertex 24.0368 -16.785 13.2
    endloop
  endfacet
  facet normal -0.80297 -0.596019 0
    outer loop
      vertex 24.0368 -16.785 16.1
      vertex 24.1304 -16.9111 13.2
      vertex 24.1304 -16.9111 16.1
    endloop
  endfacet
  facet normal 0.049048 -0.998796 0
    outer loop
      vertex 22.6432 -16.2077 13.2
      vertex 22.8 -16.2 16.1
      vertex 22.6432 -16.2077 16.1
    endloop
  endfacet
  facet normal 0.049048 -0.998796 0
    outer loop
      vertex 22.8 -16.2 16.1
      vertex 22.6432 -16.2077 13.2
      vertex 22.8 -16.2 13.2
    endloop
  endfacet
  facet normal 0.427484 -0.904023 0
    outer loop
      vertex 22.0458 -16.3889 13.2
      vertex 22.1877 -16.3218 16.1
      vertex 22.0458 -16.3889 16.1
    endloop
  endfacet
  facet normal 0.427484 -0.904023 0
    outer loop
      vertex 22.1877 -16.3218 16.1
      vertex 22.0458 -16.3889 13.2
      vertex 22.1877 -16.3218 13.2
    endloop
  endfacet
  facet normal -0.513934 0.85783 0
    outer loop
      vertex 23.6889 -19.1304 13.2
      vertex 23.5542 -19.2111 16.1
      vertex 23.6889 -19.1304 16.1
    endloop
  endfacet
  facet normal -0.513934 0.85783 0
    outer loop
      vertex 23.5542 -19.2111 16.1
      vertex 23.6889 -19.1304 13.2
      vertex 23.5542 -19.2111 13.2
    endloop
  endfacet
  facet normal 0.513934 0.85783 -0
    outer loop
      vertex 22.0458 -19.2111 13.2
      vertex 21.9111 -19.1304 16.1
      vertex 22.0458 -19.2111 16.1
    endloop
  endfacet
  facet normal 0.513934 0.85783 0
    outer loop
      vertex 21.9111 -19.1304 16.1
      vertex 22.0458 -19.2111 13.2
      vertex 21.9111 -19.1304 13.2
    endloop
  endfacet
  facet normal -0.243135 -0.969993 0
    outer loop
      vertex 23.1121 -16.2307 13.2
      vertex 23.2645 -16.2689 16.1
      vertex 23.1121 -16.2307 16.1
    endloop
  endfacet
  facet normal -0.243135 -0.969993 -0
    outer loop
      vertex 23.2645 -16.2689 16.1
      vertex 23.1121 -16.2307 13.2
      vertex 23.2645 -16.2689 13.2
    endloop
  endfacet
  facet normal -0.336982 0.941511 0
    outer loop
      vertex 23.4123 -19.2782 13.2
      vertex 23.2645 -19.3311 16.1
      vertex 23.4123 -19.2782 16.1
    endloop
  endfacet
  facet normal -0.336982 0.941511 0
    outer loop
      vertex 23.2645 -19.3311 16.1
      vertex 23.4123 -19.2782 13.2
      vertex 23.2645 -19.3311 13.2
    endloop
  endfacet
  facet normal -0.969993 0.243135 0
    outer loop
      vertex 24.3311 -18.2645 13.2
      vertex 24.3693 -18.1121 16.1
      vertex 24.3693 -18.1121 13.2
    endloop
  endfacet
  facet normal -0.969993 0.243135 0
    outer loop
      vertex 24.3693 -18.1121 16.1
      vertex 24.3311 -18.2645 13.2
      vertex 24.3311 -18.2645 16.1
    endloop
  endfacet
  facet normal 0.969993 0.243135 0
    outer loop
      vertex 21.2689 -18.2645 16.1
      vertex 21.2307 -18.1121 13.2
      vertex 21.2307 -18.1121 16.1
    endloop
  endfacet
  facet normal 0.969993 0.243135 0
    outer loop
      vertex 21.2307 -18.1121 13.2
      vertex 21.2689 -18.2645 16.1
      vertex 21.2689 -18.2645 13.2
    endloop
  endfacet
  facet normal -0.904023 -0.427484 0
    outer loop
      vertex 24.2782 -17.1877 13.2
      vertex 24.2111 -17.0458 16.1
      vertex 24.2111 -17.0458 13.2
    endloop
  endfacet
  facet normal -0.904023 -0.427484 0
    outer loop
      vertex 24.2111 -17.0458 16.1
      vertex 24.2782 -17.1877 13.2
      vertex 24.2782 -17.1877 16.1
    endloop
  endfacet
  facet normal 0.941511 0.336982 0
    outer loop
      vertex 21.3218 -18.4123 16.1
      vertex 21.2689 -18.2645 13.2
      vertex 21.2689 -18.2645 16.1
    endloop
  endfacet
  facet normal 0.941511 0.336982 0
    outer loop
      vertex 21.2689 -18.2645 13.2
      vertex 21.3218 -18.4123 16.1
      vertex 21.3218 -18.4123 13.2
    endloop
  endfacet
  facet normal -0.243135 0.969993 0
    outer loop
      vertex 23.2645 -19.3311 13.2
      vertex 23.1121 -19.3693 16.1
      vertex 23.2645 -19.3311 16.1
    endloop
  endfacet
  facet normal -0.243135 0.969993 0
    outer loop
      vertex 23.1121 -19.3693 16.1
      vertex 23.2645 -19.3311 13.2
      vertex 23.1121 -19.3693 13.2
    endloop
  endfacet
  facet normal -0.98921 -0.146502 0
    outer loop
      vertex 24.3923 -17.6432 13.2
      vertex 24.3693 -17.4879 16.1
      vertex 24.3693 -17.4879 13.2
    endloop
  endfacet
  facet normal -0.98921 -0.146502 0
    outer loop
      vertex 24.3693 -17.4879 16.1
      vertex 24.3923 -17.6432 13.2
      vertex 24.3923 -17.6432 16.1
    endloop
  endfacet
  facet normal -0.85783 -0.513934 0
    outer loop
      vertex 24.2111 -17.0458 13.2
      vertex 24.1304 -16.9111 16.1
      vertex 24.1304 -16.9111 13.2
    endloop
  endfacet
  facet normal -0.85783 -0.513934 0
    outer loop
      vertex 24.1304 -16.9111 16.1
      vertex 24.2111 -17.0458 13.2
      vertex 24.2111 -17.0458 16.1
    endloop
  endfacet
  facet normal -0.336982 -0.941511 0
    outer loop
      vertex 23.2645 -16.2689 13.2
      vertex 23.4123 -16.3218 16.1
      vertex 23.2645 -16.2689 16.1
    endloop
  endfacet
  facet normal -0.336982 -0.941511 -0
    outer loop
      vertex 23.4123 -16.3218 16.1
      vertex 23.2645 -16.2689 13.2
      vertex 23.4123 -16.3218 13.2
    endloop
  endfacet
  facet normal 0.671213 0.741264 -0
    outer loop
      vertex 21.785 -19.0368 13.2
      vertex 21.6686 -18.9314 16.1
      vertex 21.785 -19.0368 16.1
    endloop
  endfacet
  facet normal 0.671213 0.741264 0
    outer loop
      vertex 21.6686 -18.9314 16.1
      vertex 21.785 -19.0368 13.2
      vertex 21.6686 -18.9314 13.2
    endloop
  endfacet
  facet normal 0.98921 -0.146502 0
    outer loop
      vertex 21.2077 -17.6432 16.1
      vertex 21.2307 -17.4879 13.2
      vertex 21.2307 -17.4879 16.1
    endloop
  endfacet
  facet normal 0.98921 -0.146502 0
    outer loop
      vertex 21.2307 -17.4879 13.2
      vertex 21.2077 -17.6432 16.1
      vertex 21.2077 -17.6432 13.2
    endloop
  endfacet
  facet normal 0.998796 -0.049048 0
    outer loop
      vertex 21.2 -17.8 16.1
      vertex 21.2077 -17.6432 13.2
      vertex 21.2077 -17.6432 16.1
    endloop
  endfacet
  facet normal 0.998796 -0.049048 0
    outer loop
      vertex 21.2077 -17.6432 13.2
      vertex 21.2 -17.8 16.1
      vertex 21.2 -17.8 13.2
    endloop
  endfacet
  facet normal -0.146502 -0.98921 0
    outer loop
      vertex 22.9568 -16.2077 13.2
      vertex 23.1121 -16.2307 16.1
      vertex 22.9568 -16.2077 16.1
    endloop
  endfacet
  facet normal -0.146502 -0.98921 -0
    outer loop
      vertex 23.1121 -16.2307 16.1
      vertex 22.9568 -16.2077 13.2
      vertex 23.1121 -16.2307 13.2
    endloop
  endfacet
  facet normal 0.98921 0.146502 0
    outer loop
      vertex 21.2307 -18.1121 16.1
      vertex 21.2077 -17.9568 13.2
      vertex 21.2077 -17.9568 16.1
    endloop
  endfacet
  facet normal 0.98921 0.146502 0
    outer loop
      vertex 21.2077 -17.9568 13.2
      vertex 21.2307 -18.1121 16.1
      vertex 21.2307 -18.1121 13.2
    endloop
  endfacet
  facet normal -0.049048 0.998796 0
    outer loop
      vertex 22.9568 -19.3923 13.2
      vertex 22.8 -19.4 16.1
      vertex 22.9568 -19.3923 16.1
    endloop
  endfacet
  facet normal -0.049048 0.998796 0
    outer loop
      vertex 22.8 -19.4 16.1
      vertex 22.9568 -19.3923 13.2
      vertex 22.8 -19.4 13.2
    endloop
  endfacet
  facet normal 0.427484 0.904023 -0
    outer loop
      vertex 22.1877 -19.2782 13.2
      vertex 22.0458 -19.2111 16.1
      vertex 22.1877 -19.2782 16.1
    endloop
  endfacet
  facet normal 0.427484 0.904023 0
    outer loop
      vertex 22.0458 -19.2111 16.1
      vertex 22.1877 -19.2782 13.2
      vertex 22.0458 -19.2111 13.2
    endloop
  endfacet
  facet normal -0.427484 -0.904023 0
    outer loop
      vertex 23.4123 -16.3218 13.2
      vertex 23.5542 -16.3889 16.1
      vertex 23.4123 -16.3218 16.1
    endloop
  endfacet
  facet normal -0.427484 -0.904023 -0
    outer loop
      vertex 23.5542 -16.3889 16.1
      vertex 23.4123 -16.3218 13.2
      vertex 23.5542 -16.3889 13.2
    endloop
  endfacet
  facet normal 0.741264 -0.671213 0
    outer loop
      vertex 21.5632 -16.785 16.1
      vertex 21.6686 -16.6686 13.2
      vertex 21.6686 -16.6686 16.1
    endloop
  endfacet
  facet normal 0.741264 -0.671213 0
    outer loop
      vertex 21.6686 -16.6686 13.2
      vertex 21.5632 -16.785 16.1
      vertex 21.5632 -16.785 13.2
    endloop
  endfacet
  facet normal 0.243135 0.969993 -0
    outer loop
      vertex 22.4879 -19.3693 13.2
      vertex 22.3355 -19.3311 16.1
      vertex 22.4879 -19.3693 16.1
    endloop
  endfacet
  facet normal 0.243135 0.969993 0
    outer loop
      vertex 22.3355 -19.3311 16.1
      vertex 22.4879 -19.3693 13.2
      vertex 22.3355 -19.3311 13.2
    endloop
  endfacet
  facet normal -0.941511 -0.336982 0
    outer loop
      vertex 24.3311 -17.3355 13.2
      vertex 24.2782 -17.1877 16.1
      vertex 24.2782 -17.1877 13.2
    endloop
  endfacet
  facet normal -0.941511 -0.336982 0
    outer loop
      vertex 24.2782 -17.1877 16.1
      vertex 24.3311 -17.3355 13.2
      vertex 24.3311 -17.3355 16.1
    endloop
  endfacet
  facet normal -0.671213 0.741264 0
    outer loop
      vertex 23.9314 -18.9314 13.2
      vertex 23.815 -19.0368 16.1
      vertex 23.9314 -18.9314 16.1
    endloop
  endfacet
  facet normal -0.671213 0.741264 0
    outer loop
      vertex 23.815 -19.0368 16.1
      vertex 23.9314 -18.9314 13.2
      vertex 23.815 -19.0368 13.2
    endloop
  endfacet
  facet normal 0.998796 0.049048 0
    outer loop
      vertex 21.2077 -17.9568 16.1
      vertex 21.2 -17.8 13.2
      vertex 21.2 -17.8 16.1
    endloop
  endfacet
  facet normal 0.998796 0.049048 0
    outer loop
      vertex 21.2 -17.8 13.2
      vertex 21.2077 -17.9568 16.1
      vertex 21.2077 -17.9568 13.2
    endloop
  endfacet
  facet normal 0.513934 -0.85783 0
    outer loop
      vertex 21.9111 -16.4696 13.2
      vertex 22.0458 -16.3889 16.1
      vertex 21.9111 -16.4696 16.1
    endloop
  endfacet
  facet normal 0.513934 -0.85783 0
    outer loop
      vertex 22.0458 -16.3889 16.1
      vertex 21.9111 -16.4696 13.2
      vertex 22.0458 -16.3889 13.2
    endloop
  endfacet
  facet normal 0.596019 -0.80297 0
    outer loop
      vertex 21.785 -16.5632 13.2
      vertex 21.9111 -16.4696 16.1
      vertex 21.785 -16.5632 16.1
    endloop
  endfacet
  facet normal 0.596019 -0.80297 0
    outer loop
      vertex 21.9111 -16.4696 16.1
      vertex 21.785 -16.5632 13.2
      vertex 21.9111 -16.4696 13.2
    endloop
  endfacet
  facet normal -0.671213 -0.741264 0
    outer loop
      vertex 23.815 -16.5632 13.2
      vertex 23.9314 -16.6686 16.1
      vertex 23.815 -16.5632 16.1
    endloop
  endfacet
  facet normal -0.671213 -0.741264 -0
    outer loop
      vertex 23.9314 -16.6686 16.1
      vertex 23.815 -16.5632 13.2
      vertex 23.9314 -16.6686 13.2
    endloop
  endfacet
  facet normal 0.336982 0.941511 -0
    outer loop
      vertex 22.3355 -19.3311 13.2
      vertex 22.1877 -19.2782 16.1
      vertex 22.3355 -19.3311 16.1
    endloop
  endfacet
  facet normal 0.336982 0.941511 0
    outer loop
      vertex 22.1877 -19.2782 16.1
      vertex 22.3355 -19.3311 13.2
      vertex 22.1877 -19.2782 13.2
    endloop
  endfacet
  facet normal -0.596019 -0.80297 0
    outer loop
      vertex 23.6889 -16.4696 13.2
      vertex 23.815 -16.5632 16.1
      vertex 23.6889 -16.4696 16.1
    endloop
  endfacet
  facet normal -0.596019 -0.80297 -0
    outer loop
      vertex 23.815 -16.5632 16.1
      vertex 23.6889 -16.4696 13.2
      vertex 23.815 -16.5632 13.2
    endloop
  endfacet
  facet normal 0.671213 -0.741264 0
    outer loop
      vertex 21.6686 -16.6686 13.2
      vertex 21.785 -16.5632 16.1
      vertex 21.6686 -16.6686 16.1
    endloop
  endfacet
  facet normal 0.671213 -0.741264 0
    outer loop
      vertex 21.785 -16.5632 16.1
      vertex 21.6686 -16.6686 13.2
      vertex 21.785 -16.5632 13.2
    endloop
  endfacet
  facet normal -0.513934 -0.85783 0
    outer loop
      vertex 23.5542 -16.3889 13.2
      vertex 23.6889 -16.4696 16.1
      vertex 23.5542 -16.3889 16.1
    endloop
  endfacet
  facet normal -0.513934 -0.85783 -0
    outer loop
      vertex 23.6889 -16.4696 16.1
      vertex 23.5542 -16.3889 13.2
      vertex 23.6889 -16.4696 13.2
    endloop
  endfacet
  facet normal 0.146502 0.98921 -0
    outer loop
      vertex 22.6432 -19.3923 13.2
      vertex 22.4879 -19.3693 16.1
      vertex 22.6432 -19.3923 16.1
    endloop
  endfacet
  facet normal 0.146502 0.98921 0
    outer loop
      vertex 22.4879 -19.3693 16.1
      vertex 22.6432 -19.3923 13.2
      vertex 22.4879 -19.3693 13.2
    endloop
  endfacet
  facet normal 0.336982 -0.941511 0
    outer loop
      vertex 22.1877 -16.3218 13.2
      vertex 22.3355 -16.2689 16.1
      vertex 22.1877 -16.3218 16.1
    endloop
  endfacet
  facet normal 0.336982 -0.941511 0
    outer loop
      vertex 22.3355 -16.2689 16.1
      vertex 22.1877 -16.3218 13.2
      vertex 22.3355 -16.2689 13.2
    endloop
  endfacet
  facet normal 0.243135 -0.969993 0
    outer loop
      vertex 22.3355 -16.2689 13.2
      vertex 22.4879 -16.2307 16.1
      vertex 22.3355 -16.2689 16.1
    endloop
  endfacet
  facet normal 0.243135 -0.969993 0
    outer loop
      vertex 22.4879 -16.2307 16.1
      vertex 22.3355 -16.2689 13.2
      vertex 22.4879 -16.2307 13.2
    endloop
  endfacet
  facet normal -0.85783 0.513934 0
    outer loop
      vertex 24.1304 -18.6889 13.2
      vertex 24.2111 -18.5542 16.1
      vertex 24.2111 -18.5542 13.2
    endloop
  endfacet
  facet normal -0.85783 0.513934 0
    outer loop
      vertex 24.2111 -18.5542 16.1
      vertex 24.1304 -18.6889 13.2
      vertex 24.1304 -18.6889 16.1
    endloop
  endfacet
  facet normal -0.98921 0.146502 0
    outer loop
      vertex 24.3693 -18.1121 13.2
      vertex 24.3923 -17.9568 16.1
      vertex 24.3923 -17.9568 13.2
    endloop
  endfacet
  facet normal -0.98921 0.146502 0
    outer loop
      vertex 24.3923 -17.9568 16.1
      vertex 24.3693 -18.1121 13.2
      vertex 24.3693 -18.1121 16.1
    endloop
  endfacet
  facet normal -0.049048 -0.998796 0
    outer loop
      vertex 22.8 -16.2 13.2
      vertex 22.9568 -16.2077 16.1
      vertex 22.8 -16.2 16.1
    endloop
  endfacet
  facet normal -0.049048 -0.998796 -0
    outer loop
      vertex 22.9568 -16.2077 16.1
      vertex 22.8 -16.2 13.2
      vertex 22.9568 -16.2077 13.2
    endloop
  endfacet
  facet normal -0.427484 0.904023 0
    outer loop
      vertex 23.5542 -19.2111 13.2
      vertex 23.4123 -19.2782 16.1
      vertex 23.5542 -19.2111 16.1
    endloop
  endfacet
  facet normal -0.427484 0.904023 0
    outer loop
      vertex 23.4123 -19.2782 16.1
      vertex 23.5542 -19.2111 13.2
      vertex 23.4123 -19.2782 13.2
    endloop
  endfacet
  facet normal 0.741264 0.671213 0
    outer loop
      vertex 21.6686 -18.9314 16.1
      vertex 21.5632 -18.815 13.2
      vertex 21.5632 -18.815 16.1
    endloop
  endfacet
  facet normal 0.741264 0.671213 0
    outer loop
      vertex 21.5632 -18.815 13.2
      vertex 21.6686 -18.9314 16.1
      vertex 21.6686 -18.9314 13.2
    endloop
  endfacet
  facet normal 0.85783 0.513934 0
    outer loop
      vertex 21.4696 -18.6889 16.1
      vertex 21.3889 -18.5542 13.2
      vertex 21.3889 -18.5542 16.1
    endloop
  endfacet
  facet normal 0.85783 0.513934 0
    outer loop
      vertex 21.3889 -18.5542 13.2
      vertex 21.4696 -18.6889 16.1
      vertex 21.4696 -18.6889 13.2
    endloop
  endfacet
  facet normal 0.80297 0.596019 0
    outer loop
      vertex 21.5632 -18.815 16.1
      vertex 21.4696 -18.6889 13.2
      vertex 21.4696 -18.6889 16.1
    endloop
  endfacet
  facet normal 0.80297 0.596019 0
    outer loop
      vertex 21.4696 -18.6889 13.2
      vertex 21.5632 -18.815 16.1
      vertex 21.5632 -18.815 13.2
    endloop
  endfacet
  facet normal -0.741264 0.671213 0
    outer loop
      vertex 23.9314 -18.9314 13.2
      vertex 24.0368 -18.815 16.1
      vertex 24.0368 -18.815 13.2
    endloop
  endfacet
  facet normal -0.741264 0.671213 0
    outer loop
      vertex 24.0368 -18.815 16.1
      vertex 23.9314 -18.9314 13.2
      vertex 23.9314 -18.9314 16.1
    endloop
  endfacet
  facet normal 0.85783 -0.513934 0
    outer loop
      vertex 21.3889 -17.0458 16.1
      vertex 21.4696 -16.9111 13.2
      vertex 21.4696 -16.9111 16.1
    endloop
  endfacet
  facet normal 0.85783 -0.513934 0
    outer loop
      vertex 21.4696 -16.9111 13.2
      vertex 21.3889 -17.0458 16.1
      vertex 21.3889 -17.0458 13.2
    endloop
  endfacet
  facet normal 0.941511 -0.336982 0
    outer loop
      vertex 21.2689 -17.3355 16.1
      vertex 21.3218 -17.1877 13.2
      vertex 21.3218 -17.1877 16.1
    endloop
  endfacet
  facet normal 0.941511 -0.336982 0
    outer loop
      vertex 21.3218 -17.1877 13.2
      vertex 21.2689 -17.3355 16.1
      vertex 21.2689 -17.3355 13.2
    endloop
  endfacet
  facet normal -0.596019 0.80297 0
    outer loop
      vertex 23.815 -19.0368 13.2
      vertex 23.6889 -19.1304 16.1
      vertex 23.815 -19.0368 16.1
    endloop
  endfacet
  facet normal -0.596019 0.80297 0
    outer loop
      vertex 23.6889 -19.1304 16.1
      vertex 23.815 -19.0368 13.2
      vertex 23.6889 -19.1304 13.2
    endloop
  endfacet
  facet normal 0.049048 0.998796 -0
    outer loop
      vertex 22.8 -19.4 13.2
      vertex 22.6432 -19.3923 16.1
      vertex 22.8 -19.4 16.1
    endloop
  endfacet
  facet normal 0.049048 0.998796 0
    outer loop
      vertex 22.6432 -19.3923 16.1
      vertex 22.8 -19.4 13.2
      vertex 22.6432 -19.3923 13.2
    endloop
  endfacet
  facet normal 0.596019 0.80297 -0
    outer loop
      vertex 21.9111 -19.1304 13.2
      vertex 21.785 -19.0368 16.1
      vertex 21.9111 -19.1304 16.1
    endloop
  endfacet
  facet normal 0.596019 0.80297 0
    outer loop
      vertex 21.785 -19.0368 16.1
      vertex 21.9111 -19.1304 13.2
      vertex 21.785 -19.0368 13.2
    endloop
  endfacet
  facet normal 0 0 1
    outer loop
      vertex 24.3923 -17.6432 13.2
      vertex 24.3923 -17.9568 13.2
      vertex 24.4 -17.8 13.2
    endloop
  endfacet
  facet normal 0 0 1
    outer loop
      vertex 24.3693 -17.4879 13.2
      vertex 24.3923 -17.9568 13.2
      vertex 24.3923 -17.6432 13.2
    endloop
  endfacet
  facet normal 0 0 1
    outer loop
      vertex 24.3693 -17.4879 13.2
      vertex 24.3693 -18.1121 13.2
      vertex 24.3923 -17.9568 13.2
    endloop
  endfacet
  facet normal 0 0 1
    outer loop
      vertex 24.3311 -17.3355 13.2
      vertex 24.3693 -18.1121 13.2
      vertex 24.3693 -17.4879 13.2
    endloop
  endfacet
  facet normal 0 0 1
    outer loop
      vertex 24.3311 -17.3355 13.2
      vertex 24.3311 -18.2645 13.2
      vertex 24.3693 -18.1121 13.2
    endloop
  endfacet
  facet normal 0 0 1
    outer loop
      vertex 24.2782 -17.1877 13.2
      vertex 24.3311 -18.2645 13.2
      vertex 24.3311 -17.3355 13.2
    endloop
  endfacet
  facet normal 0 0 1
    outer loop
      vertex 24.2782 -17.1877 13.2
      vertex 24.2782 -18.4123 13.2
      vertex 24.3311 -18.2645 13.2
    endloop
  endfacet
  facet normal 0 0 1
    outer loop
      vertex 24.2111 -17.0458 13.2
      vertex 24.2782 -18.4123 13.2
      vertex 24.2782 -17.1877 13.2
    endloop
  endfacet
  facet normal 0 0 1
    outer loop
      vertex 24.2111 -17.0458 13.2
      vertex 24.2111 -18.5542 13.2
      vertex 24.2782 -18.4123 13.2
    endloop
  endfacet
  facet normal 0 0 1
    outer loop
      vertex 24.1304 -16.9111 13.2
      vertex 24.2111 -18.5542 13.2
      vertex 24.2111 -17.0458 13.2
    endloop
  endfacet
  facet normal 0 0 1
    outer loop
      vertex 24.1304 -16.9111 13.2
      vertex 24.1304 -18.6889 13.2
      vertex 24.2111 -18.5542 13.2
    endloop
  endfacet
  facet normal 0 0 1
    outer loop
      vertex 24.0368 -16.785 13.2
      vertex 24.1304 -18.6889 13.2
      vertex 24.1304 -16.9111 13.2
    endloop
  endfacet
  facet normal 0 0 1
    outer loop
      vertex 24.0368 -16.785 13.2
      vertex 24.0368 -18.815 13.2
      vertex 24.1304 -18.6889 13.2
    endloop
  endfacet
  facet normal 0 0 1
    outer loop
      vertex 23.9314 -16.6686 13.2
      vertex 24.0368 -18.815 13.2
      vertex 24.0368 -16.785 13.2
    endloop
  endfacet
  facet normal 0 0 1
    outer loop
      vertex 23.9314 -16.6686 13.2
      vertex 23.9314 -18.9314 13.2
      vertex 24.0368 -18.815 13.2
    endloop
  endfacet
  facet normal 0 0 1
    outer loop
      vertex 23.815 -16.5632 13.2
      vertex 23.9314 -18.9314 13.2
      vertex 23.9314 -16.6686 13.2
    endloop
  endfacet
  facet normal 0 0 1
    outer loop
      vertex 23.815 -16.5632 13.2
      vertex 23.815 -19.0368 13.2
      vertex 23.9314 -18.9314 13.2
    endloop
  endfacet
  facet normal 0 0 1
    outer loop
      vertex 23.6889 -16.4696 13.2
      vertex 23.815 -19.0368 13.2
      vertex 23.815 -16.5632 13.2
    endloop
  endfacet
  facet normal 0 0 1
    outer loop
      vertex 23.6889 -16.4696 13.2
      vertex 23.6889 -19.1304 13.2
      vertex 23.815 -19.0368 13.2
    endloop
  endfacet
  facet normal 0 0 1
    outer loop
      vertex 23.5542 -16.3889 13.2
      vertex 23.6889 -19.1304 13.2
      vertex 23.6889 -16.4696 13.2
    endloop
  endfacet
  facet normal 0 0 1
    outer loop
      vertex 23.5542 -16.3889 13.2
      vertex 23.5542 -19.2111 13.2
      vertex 23.6889 -19.1304 13.2
    endloop
  endfacet
  facet normal 0 0 1
    outer loop
      vertex 23.4123 -16.3218 13.2
      vertex 23.5542 -19.2111 13.2
      vertex 23.5542 -16.3889 13.2
    endloop
  endfacet
  facet normal 0 0 1
    outer loop
      vertex 23.4123 -16.3218 13.2
      vertex 23.4123 -19.2782 13.2
      vertex 23.5542 -19.2111 13.2
    endloop
  endfacet
  facet normal 0 0 1
    outer loop
      vertex 23.2645 -16.2689 13.2
      vertex 23.4123 -19.2782 13.2
      vertex 23.4123 -16.3218 13.2
    endloop
  endfacet
  facet normal 0 0 1
    outer loop
      vertex 23.2645 -16.2689 13.2
      vertex 23.2645 -19.3311 13.2
      vertex 23.4123 -19.2782 13.2
    endloop
  endfacet
  facet normal 0 0 1
    outer loop
      vertex 23.1121 -16.2307 13.2
      vertex 23.2645 -19.3311 13.2
      vertex 23.2645 -16.2689 13.2
    endloop
  endfacet
  facet normal 0 0 1
    outer loop
      vertex 23.1121 -16.2307 13.2
      vertex 23.1121 -19.3693 13.2
      vertex 23.2645 -19.3311 13.2
    endloop
  endfacet
  facet normal 0 0 1
    outer loop
      vertex 22.9568 -16.2077 13.2
      vertex 23.1121 -19.3693 13.2
      vertex 23.1121 -16.2307 13.2
    endloop
  endfacet
  facet normal 0 0 1
    outer loop
      vertex 22.9568 -16.2077 13.2
      vertex 22.9568 -19.3923 13.2
      vertex 23.1121 -19.3693 13.2
    endloop
  endfacet
  facet normal 0 0 1
    outer loop
      vertex 22.8 -16.2 13.2
      vertex 22.9568 -19.3923 13.2
      vertex 22.9568 -16.2077 13.2
    endloop
  endfacet
  facet normal 0 0 1
    outer loop
      vertex 22.8 -16.2 13.2
      vertex 22.8 -19.4 13.2
      vertex 22.9568 -19.3923 13.2
    endloop
  endfacet
  facet normal -0 0 1
    outer loop
      vertex 22.6432 -16.2077 13.2
      vertex 22.8 -19.4 13.2
      vertex 22.8 -16.2 13.2
    endloop
  endfacet
  facet normal 0 0 1
    outer loop
      vertex 22.6432 -16.2077 13.2
      vertex 22.6432 -19.3923 13.2
      vertex 22.8 -19.4 13.2
    endloop
  endfacet
  facet normal -0 0 1
    outer loop
      vertex 22.4879 -16.2307 13.2
      vertex 22.6432 -19.3923 13.2
      vertex 22.6432 -16.2077 13.2
    endloop
  endfacet
  facet normal 0 0 1
    outer loop
      vertex 22.4879 -16.2307 13.2
      vertex 22.4879 -19.3693 13.2
      vertex 22.6432 -19.3923 13.2
    endloop
  endfacet
  facet normal -0 0 1
    outer loop
      vertex 22.3355 -16.2689 13.2
      vertex 22.4879 -19.3693 13.2
      vertex 22.4879 -16.2307 13.2
    endloop
  endfacet
  facet normal 0 0 1
    outer loop
      vertex 22.3355 -16.2689 13.2
      vertex 22.3355 -19.3311 13.2
      vertex 22.4879 -19.3693 13.2
    endloop
  endfacet
  facet normal -0 0 1
    outer loop
      vertex 22.1877 -16.3218 13.2
      vertex 22.3355 -19.3311 13.2
      vertex 22.3355 -16.2689 13.2
    endloop
  endfacet
  facet normal 0 0 1
    outer loop
      vertex 22.1877 -16.3218 13.2
      vertex 22.1877 -19.2782 13.2
      vertex 22.3355 -19.3311 13.2
    endloop
  endfacet
  facet normal -0 0 1
    outer loop
      vertex 22.0458 -16.3889 13.2
      vertex 22.1877 -19.2782 13.2
      vertex 22.1877 -16.3218 13.2
    endloop
  endfacet
  facet normal 0 0 1
    outer loop
      vertex 22.0458 -16.3889 13.2
      vertex 22.0458 -19.2111 13.2
      vertex 22.1877 -19.2782 13.2
    endloop
  endfacet
  facet normal -0 0 1
    outer loop
      vertex 21.9111 -16.4696 13.2
      vertex 22.0458 -19.2111 13.2
      vertex 22.0458 -16.3889 13.2
    endloop
  endfacet
  facet normal 0 0 1
    outer loop
      vertex 21.9111 -16.4696 13.2
      vertex 21.9111 -19.1304 13.2
      vertex 22.0458 -19.2111 13.2
    endloop
  endfacet
  facet normal -0 0 1
    outer loop
      vertex 21.785 -16.5632 13.2
      vertex 21.9111 -19.1304 13.2
      vertex 21.9111 -16.4696 13.2
    endloop
  endfacet
  facet normal 0 0 1
    outer loop
      vertex 21.785 -16.5632 13.2
      vertex 21.785 -19.0368 13.2
      vertex 21.9111 -19.1304 13.2
    endloop
  endfacet
  facet normal -0 0 1
    outer loop
      vertex 21.6686 -16.6686 13.2
      vertex 21.785 -19.0368 13.2
      vertex 21.785 -16.5632 13.2
    endloop
  endfacet
  facet normal 0 0 1
    outer loop
      vertex 21.6686 -16.6686 13.2
      vertex 21.6686 -18.9314 13.2
      vertex 21.785 -19.0368 13.2
    endloop
  endfacet
  facet normal -0 0 1
    outer loop
      vertex 21.5632 -16.785 13.2
      vertex 21.6686 -18.9314 13.2
      vertex 21.6686 -16.6686 13.2
    endloop
  endfacet
  facet normal 0 0 1
    outer loop
      vertex 21.5632 -16.785 13.2
      vertex 21.5632 -18.815 13.2
      vertex 21.6686 -18.9314 13.2
    endloop
  endfacet
  facet normal -0 0 1
    outer loop
      vertex 21.4696 -16.9111 13.2
      vertex 21.5632 -18.815 13.2
      vertex 21.5632 -16.785 13.2
    endloop
  endfacet
  facet normal 0 0 1
    outer loop
      vertex 21.4696 -16.9111 13.2
      vertex 21.4696 -18.6889 13.2
      vertex 21.5632 -18.815 13.2
    endloop
  endfacet
  facet normal -0 0 1
    outer loop
      vertex 21.3889 -17.0458 13.2
      vertex 21.4696 -18.6889 13.2
      vertex 21.4696 -16.9111 13.2
    endloop
  endfacet
  facet normal 0 0 1
    outer loop
      vertex 21.3889 -17.0458 13.2
      vertex 21.3889 -18.5542 13.2
      vertex 21.4696 -18.6889 13.2
    endloop
  endfacet
  facet normal -0 0 1
    outer loop
      vertex 21.3218 -17.1877 13.2
      vertex 21.3889 -18.5542 13.2
      vertex 21.3889 -17.0458 13.2
    endloop
  endfacet
  facet normal 0 0 1
    outer loop
      vertex 21.3218 -17.1877 13.2
      vertex 21.3218 -18.4123 13.2
      vertex 21.3889 -18.5542 13.2
    endloop
  endfacet
  facet normal -0 0 1
    outer loop
      vertex 21.2689 -17.3355 13.2
      vertex 21.3218 -18.4123 13.2
      vertex 21.3218 -17.1877 13.2
    endloop
  endfacet
  facet normal 0 0 1
    outer loop
      vertex 21.2689 -17.3355 13.2
      vertex 21.2689 -18.2645 13.2
      vertex 21.3218 -18.4123 13.2
    endloop
  endfacet
  facet normal -0 0 1
    outer loop
      vertex 21.2307 -17.4879 13.2
      vertex 21.2689 -18.2645 13.2
      vertex 21.2689 -17.3355 13.2
    endloop
  endfacet
  facet normal 0 0 1
    outer loop
      vertex 21.2307 -17.4879 13.2
      vertex 21.2307 -18.1121 13.2
      vertex 21.2689 -18.2645 13.2
    endloop
  endfacet
  facet normal -0 0 1
    outer loop
      vertex 21.2077 -17.6432 13.2
      vertex 21.2307 -18.1121 13.2
      vertex 21.2307 -17.4879 13.2
    endloop
  endfacet
  facet normal 0 0 1
    outer loop
      vertex 21.2077 -17.6432 13.2
      vertex 21.2077 -17.9568 13.2
      vertex 21.2307 -18.1121 13.2
    endloop
  endfacet
  facet normal 0 -0 1
    outer loop
      vertex 21.2077 -17.9568 13.2
      vertex 21.2077 -17.6432 13.2
      vertex 21.2 -17.8 13.2
    endloop
  endfacet
  facet normal 0.80297 -0.596019 0
    outer loop
      vertex 21.4696 -16.9111 16.1
      vertex 21.5632 -16.785 13.2
      vertex 21.5632 -16.785 16.1
    endloop
  endfacet
  facet normal 0.80297 -0.596019 0
    outer loop
      vertex 21.5632 -16.785 13.2
      vertex 21.4696 -16.9111 16.1
      vertex 21.4696 -16.9111 13.2
    endloop
  endfacet
  facet normal 0.336982 0.941511 -0
    outer loop
      vertex -23.6645 -19.7311 13.2
      vertex -23.8123 -19.6782 16.1
      vertex -23.6645 -19.7311 16.1
    endloop
  endfacet
  facet normal 0.336982 0.941511 0
    outer loop
      vertex -23.8123 -19.6782 16.1
      vertex -23.6645 -19.7311 13.2
      vertex -23.8123 -19.6782 13.2
    endloop
  endfacet
  facet normal -0.98921 -0.146502 0
    outer loop
      vertex -21.6077 -18.0432 13.2
      vertex -21.6307 -17.8879 16.1
      vertex -21.6307 -17.8879 13.2
    endloop
  endfacet
  facet normal -0.98921 -0.146502 0
    outer loop
      vertex -21.6307 -17.8879 16.1
      vertex -21.6077 -18.0432 13.2
      vertex -21.6077 -18.0432 16.1
    endloop
  endfacet
  facet normal -0.998796 -0.049048 0
    outer loop
      vertex -21.6 -18.2 13.2
      vertex -21.6077 -18.0432 16.1
      vertex -21.6077 -18.0432 13.2
    endloop
  endfacet
  facet normal -0.998796 -0.049048 0
    outer loop
      vertex -21.6077 -18.0432 16.1
      vertex -21.6 -18.2 13.2
      vertex -21.6 -18.2 16.1
    endloop
  endfacet
  facet normal -0.969993 -0.243135 0
    outer loop
      vertex -21.6307 -17.8879 13.2
      vertex -21.6689 -17.7355 16.1
      vertex -21.6689 -17.7355 13.2
    endloop
  endfacet
  facet normal -0.969993 -0.243135 0
    outer loop
      vertex -21.6689 -17.7355 16.1
      vertex -21.6307 -17.8879 13.2
      vertex -21.6307 -17.8879 16.1
    endloop
  endfacet
  facet normal 0.98921 -0.146502 0
    outer loop
      vertex -24.7923 -18.0432 16.1
      vertex -24.7693 -17.8879 13.2
      vertex -24.7693 -17.8879 16.1
    endloop
  endfacet
  facet normal 0.98921 -0.146502 0
    outer loop
      vertex -24.7693 -17.8879 13.2
      vertex -24.7923 -18.0432 16.1
      vertex -24.7923 -18.0432 13.2
    endloop
  endfacet
  facet normal 0.243135 0.969993 -0
    outer loop
      vertex -23.5121 -19.7693 13.2
      vertex -23.6645 -19.7311 16.1
      vertex -23.5121 -19.7693 16.1
    endloop
  endfacet
  facet normal 0.243135 0.969993 0
    outer loop
      vertex -23.6645 -19.7311 16.1
      vertex -23.5121 -19.7693 13.2
      vertex -23.6645 -19.7311 13.2
    endloop
  endfacet
  facet normal -0.336982 -0.941511 0
    outer loop
      vertex -22.7355 -16.6689 13.2
      vertex -22.5877 -16.7218 16.1
      vertex -22.7355 -16.6689 16.1
    endloop
  endfacet
  facet normal -0.336982 -0.941511 -0
    outer loop
      vertex -22.5877 -16.7218 16.1
      vertex -22.7355 -16.6689 13.2
      vertex -22.5877 -16.7218 13.2
    endloop
  endfacet
  facet normal 0.513934 -0.85783 0
    outer loop
      vertex -24.0889 -16.8696 13.2
      vertex -23.9542 -16.7889 16.1
      vertex -24.0889 -16.8696 16.1
    endloop
  endfacet
  facet normal 0.513934 -0.85783 0
    outer loop
      vertex -23.9542 -16.7889 16.1
      vertex -24.0889 -16.8696 13.2
      vertex -23.9542 -16.7889 13.2
    endloop
  endfacet
  facet normal 0.904023 0.427484 0
    outer loop
      vertex -24.6111 -18.9542 16.1
      vertex -24.6782 -18.8123 13.2
      vertex -24.6782 -18.8123 16.1
    endloop
  endfacet
  facet normal 0.904023 0.427484 0
    outer loop
      vertex -24.6782 -18.8123 13.2
      vertex -24.6111 -18.9542 16.1
      vertex -24.6111 -18.9542 13.2
    endloop
  endfacet
  facet normal 0.243135 -0.969993 0
    outer loop
      vertex -23.6645 -16.6689 13.2
      vertex -23.5121 -16.6307 16.1
      vertex -23.6645 -16.6689 16.1
    endloop
  endfacet
  facet normal 0.243135 -0.969993 0
    outer loop
      vertex -23.5121 -16.6307 16.1
      vertex -23.6645 -16.6689 13.2
      vertex -23.5121 -16.6307 13.2
    endloop
  endfacet
  facet normal 0.857549 0.514402 0
    outer loop
      vertex -24.5303 -19.0889 16.1
      vertex -24.6111 -18.9542 13.2
      vertex -24.6111 -18.9542 16.1
    endloop
  endfacet
  facet normal 0.857549 0.514402 0
    outer loop
      vertex -24.6111 -18.9542 13.2
      vertex -24.5303 -19.0889 16.1
      vertex -24.5303 -19.0889 13.2
    endloop
  endfacet
  facet normal -0.243135 0.969993 0
    outer loop
      vertex -22.7355 -19.7311 13.2
      vertex -22.8879 -19.7693 16.1
      vertex -22.7355 -19.7311 16.1
    endloop
  endfacet
  facet normal -0.243135 0.969993 0
    outer loop
      vertex -22.8879 -19.7693 16.1
      vertex -22.7355 -19.7311 13.2
      vertex -22.8879 -19.7693 13.2
    endloop
  endfacet
  facet normal 0.595608 0.803275 -0
    outer loop
      vertex -24.0889 -19.5303 13.2
      vertex -24.215 -19.4368 16.1
      vertex -24.0889 -19.5303 16.1
    endloop
  endfacet
  facet normal 0.595608 0.803275 0
    outer loop
      vertex -24.215 -19.4368 16.1
      vertex -24.0889 -19.5303 13.2
      vertex -24.215 -19.4368 13.2
    endloop
  endfacet
  facet normal -0.514402 0.857549 0
    outer loop
      vertex -22.3111 -19.5303 13.2
      vertex -22.4458 -19.6111 16.1
      vertex -22.3111 -19.5303 16.1
    endloop
  endfacet
  facet normal -0.514402 0.857549 0
    outer loop
      vertex -22.4458 -19.6111 16.1
      vertex -22.3111 -19.5303 13.2
      vertex -22.4458 -19.6111 13.2
    endloop
  endfacet
  facet normal -0.80297 0.596019 0
    outer loop
      vertex -21.9632 -19.215 13.2
      vertex -21.8696 -19.0889 16.1
      vertex -21.8696 -19.0889 13.2
    endloop
  endfacet
  facet normal -0.80297 0.596019 0
    outer loop
      vertex -21.8696 -19.0889 16.1
      vertex -21.9632 -19.215 13.2
      vertex -21.9632 -19.215 16.1
    endloop
  endfacet
  facet normal -0.146502 -0.98921 0
    outer loop
      vertex -23.0432 -16.6077 13.2
      vertex -22.8879 -16.6307 16.1
      vertex -23.0432 -16.6077 16.1
    endloop
  endfacet
  facet normal -0.146502 -0.98921 -0
    outer loop
      vertex -22.8879 -16.6307 16.1
      vertex -23.0432 -16.6077 13.2
      vertex -22.8879 -16.6307 13.2
    endloop
  endfacet
  facet normal 0.596019 -0.80297 0
    outer loop
      vertex -24.215 -16.9632 13.2
      vertex -24.0889 -16.8696 16.1
      vertex -24.215 -16.9632 16.1
    endloop
  endfacet
  facet normal 0.596019 -0.80297 0
    outer loop
      vertex -24.0889 -16.8696 16.1
      vertex -24.215 -16.9632 13.2
      vertex -24.0889 -16.8696 13.2
    endloop
  endfacet
  facet normal -0.427484 0.904023 0
    outer loop
      vertex -22.4458 -19.6111 13.2
      vertex -22.5877 -19.6782 16.1
      vertex -22.4458 -19.6111 16.1
    endloop
  endfacet
  facet normal -0.427484 0.904023 0
    outer loop
      vertex -22.5877 -19.6782 16.1
      vertex -22.4458 -19.6111 13.2
      vertex -22.5877 -19.6782 13.2
    endloop
  endfacet
  facet normal 0.803275 -0.595608 0
    outer loop
      vertex -24.5303 -17.3111 16.1
      vertex -24.4368 -17.185 13.2
      vertex -24.4368 -17.185 16.1
    endloop
  endfacet
  facet normal 0.803275 -0.595608 0
    outer loop
      vertex -24.4368 -17.185 13.2
      vertex -24.5303 -17.3111 16.1
      vertex -24.5303 -17.3111 13.2
    endloop
  endfacet
  facet normal -0.98921 0.146502 0
    outer loop
      vertex -21.6307 -18.5121 13.2
      vertex -21.6077 -18.3568 16.1
      vertex -21.6077 -18.3568 13.2
    endloop
  endfacet
  facet normal -0.98921 0.146502 0
    outer loop
      vertex -21.6077 -18.3568 16.1
      vertex -21.6307 -18.5121 13.2
      vertex -21.6307 -18.5121 16.1
    endloop
  endfacet
  facet normal 0.941511 -0.336982 0
    outer loop
      vertex -24.7311 -17.7355 16.1
      vertex -24.6782 -17.5877 13.2
      vertex -24.6782 -17.5877 16.1
    endloop
  endfacet
  facet normal 0.941511 -0.336982 0
    outer loop
      vertex -24.6782 -17.5877 13.2
      vertex -24.7311 -17.7355 16.1
      vertex -24.7311 -17.7355 13.2
    endloop
  endfacet
  facet normal -0.427484 -0.904023 0
    outer loop
      vertex -22.5877 -16.7218 13.2
      vertex -22.4458 -16.7889 16.1
      vertex -22.5877 -16.7218 16.1
    endloop
  endfacet
  facet normal -0.427484 -0.904023 -0
    outer loop
      vertex -22.4458 -16.7889 16.1
      vertex -22.5877 -16.7218 13.2
      vertex -22.4458 -16.7889 13.2
    endloop
  endfacet
  facet normal 0.941511 0.336982 0
    outer loop
      vertex -24.6782 -18.8123 16.1
      vertex -24.7311 -18.6645 13.2
      vertex -24.7311 -18.6645 16.1
    endloop
  endfacet
  facet normal 0.941511 0.336982 0
    outer loop
      vertex -24.7311 -18.6645 13.2
      vertex -24.6782 -18.8123 16.1
      vertex -24.6782 -18.8123 13.2
    endloop
  endfacet
  facet normal -0.969993 0.243135 0
    outer loop
      vertex -21.6689 -18.6645 13.2
      vertex -21.6307 -18.5121 16.1
      vertex -21.6307 -18.5121 13.2
    endloop
  endfacet
  facet normal -0.969993 0.243135 0
    outer loop
      vertex -21.6307 -18.5121 16.1
      vertex -21.6689 -18.6645 13.2
      vertex -21.6689 -18.6645 16.1
    endloop
  endfacet
  facet normal 0.049048 -0.998796 0
    outer loop
      vertex -23.3568 -16.6077 13.2
      vertex -23.2 -16.6 16.1
      vertex -23.3568 -16.6077 16.1
    endloop
  endfacet
  facet normal 0.049048 -0.998796 0
    outer loop
      vertex -23.2 -16.6 16.1
      vertex -23.3568 -16.6077 13.2
      vertex -23.2 -16.6 13.2
    endloop
  endfacet
  facet normal -0.671213 -0.741264 0
    outer loop
      vertex -22.185 -16.9632 13.2
      vertex -22.0686 -17.0686 16.1
      vertex -22.185 -16.9632 16.1
    endloop
  endfacet
  facet normal -0.671213 -0.741264 -0
    outer loop
      vertex -22.0686 -17.0686 16.1
      vertex -22.185 -16.9632 13.2
      vertex -22.0686 -17.0686 13.2
    endloop
  endfacet
  facet normal 0.427484 -0.904023 0
    outer loop
      vertex -23.9542 -16.7889 13.2
      vertex -23.8123 -16.7218 16.1
      vertex -23.9542 -16.7889 16.1
    endloop
  endfacet
  facet normal 0.427484 -0.904023 0
    outer loop
      vertex -23.8123 -16.7218 16.1
      vertex -23.9542 -16.7889 13.2
      vertex -23.8123 -16.7218 13.2
    endloop
  endfacet
  facet normal 0.671213 -0.741264 0
    outer loop
      vertex -24.3314 -17.0686 13.2
      vertex -24.215 -16.9632 16.1
      vertex -24.3314 -17.0686 16.1
    endloop
  endfacet
  facet normal 0.671213 -0.741264 0
    outer loop
      vertex -24.215 -16.9632 16.1
      vertex -24.3314 -17.0686 13.2
      vertex -24.215 -16.9632 13.2
    endloop
  endfacet
  facet normal -0.336982 0.941511 0
    outer loop
      vertex -22.5877 -19.6782 13.2
      vertex -22.7355 -19.7311 16.1
      vertex -22.5877 -19.6782 16.1
    endloop
  endfacet
  facet normal -0.336982 0.941511 0
    outer loop
      vertex -22.7355 -19.7311 16.1
      vertex -22.5877 -19.6782 13.2
      vertex -22.7355 -19.7311 13.2
    endloop
  endfacet
  facet normal 0.336982 -0.941511 0
    outer loop
      vertex -23.8123 -16.7218 13.2
      vertex -23.6645 -16.6689 16.1
      vertex -23.8123 -16.7218 16.1
    endloop
  endfacet
  facet normal 0.336982 -0.941511 0
    outer loop
      vertex -23.6645 -16.6689 16.1
      vertex -23.8123 -16.7218 13.2
      vertex -23.6645 -16.6689 13.2
    endloop
  endfacet
  facet normal -0.80297 -0.596019 0
    outer loop
      vertex -21.8696 -17.3111 13.2
      vertex -21.9632 -17.185 16.1
      vertex -21.9632 -17.185 13.2
    endloop
  endfacet
  facet normal -0.80297 -0.596019 0
    outer loop
      vertex -21.9632 -17.185 16.1
      vertex -21.8696 -17.3111 13.2
      vertex -21.8696 -17.3111 16.1
    endloop
  endfacet
  facet normal 0.857549 -0.514402 0
    outer loop
      vertex -24.6111 -17.4458 16.1
      vertex -24.5303 -17.3111 13.2
      vertex -24.5303 -17.3111 16.1
    endloop
  endfacet
  facet normal 0.857549 -0.514402 0
    outer loop
      vertex -24.5303 -17.3111 13.2
      vertex -24.6111 -17.4458 16.1
      vertex -24.6111 -17.4458 13.2
    endloop
  endfacet
  facet normal -0.998796 0.049048 0
    outer loop
      vertex -21.6077 -18.3568 13.2
      vertex -21.6 -18.2 16.1
      vertex -21.6 -18.2 13.2
    endloop
  endfacet
  facet normal -0.998796 0.049048 0
    outer loop
      vertex -21.6 -18.2 16.1
      vertex -21.6077 -18.3568 13.2
      vertex -21.6077 -18.3568 16.1
    endloop
  endfacet
  facet normal -0.904023 0.427484 0
    outer loop
      vertex -21.7889 -18.9542 13.2
      vertex -21.7218 -18.8123 16.1
      vertex -21.7218 -18.8123 13.2
    endloop
  endfacet
  facet normal -0.904023 0.427484 0
    outer loop
      vertex -21.7218 -18.8123 16.1
      vertex -21.7889 -18.9542 13.2
      vertex -21.7889 -18.9542 16.1
    endloop
  endfacet
  facet normal -0.85783 -0.513934 0
    outer loop
      vertex -21.7889 -17.4458 13.2
      vertex -21.8696 -17.3111 16.1
      vertex -21.8696 -17.3111 13.2
    endloop
  endfacet
  facet normal -0.85783 -0.513934 0
    outer loop
      vertex -21.8696 -17.3111 16.1
      vertex -21.7889 -17.4458 13.2
      vertex -21.7889 -17.4458 16.1
    endloop
  endfacet
  facet normal 0.671213 0.741264 -0
    outer loop
      vertex -24.215 -19.4368 13.2
      vertex -24.3314 -19.3314 16.1
      vertex -24.215 -19.4368 16.1
    endloop
  endfacet
  facet normal 0.671213 0.741264 0
    outer loop
      vertex -24.3314 -19.3314 16.1
      vertex -24.215 -19.4368 13.2
      vertex -24.3314 -19.3314 13.2
    endloop
  endfacet
  facet normal -0.596019 -0.80297 0
    outer loop
      vertex -22.3111 -16.8696 13.2
      vertex -22.185 -16.9632 16.1
      vertex -22.3111 -16.8696 16.1
    endloop
  endfacet
  facet normal -0.596019 -0.80297 -0
    outer loop
      vertex -22.185 -16.9632 16.1
      vertex -22.3111 -16.8696 13.2
      vertex -22.185 -16.9632 13.2
    endloop
  endfacet
  facet normal 0.514402 0.857549 -0
    outer loop
      vertex -23.9542 -19.6111 13.2
      vertex -24.0889 -19.5303 16.1
      vertex -23.9542 -19.6111 16.1
    endloop
  endfacet
  facet normal 0.514402 0.857549 0
    outer loop
      vertex -24.0889 -19.5303 16.1
      vertex -23.9542 -19.6111 13.2
      vertex -24.0889 -19.5303 13.2
    endloop
  endfacet
  facet normal -0.513934 -0.85783 0
    outer loop
      vertex -22.4458 -16.7889 13.2
      vertex -22.3111 -16.8696 16.1
      vertex -22.4458 -16.7889 16.1
    endloop
  endfacet
  facet normal -0.513934 -0.85783 -0
    outer loop
      vertex -22.3111 -16.8696 16.1
      vertex -22.4458 -16.7889 13.2
      vertex -22.3111 -16.8696 13.2
    endloop
  endfacet
  facet normal -0.146502 0.98921 0
    outer loop
      vertex -22.8879 -19.7693 13.2
      vertex -23.0432 -19.7923 16.1
      vertex -22.8879 -19.7693 16.1
    endloop
  endfacet
  facet normal -0.146502 0.98921 0
    outer loop
      vertex -23.0432 -19.7923 16.1
      vertex -22.8879 -19.7693 13.2
      vertex -23.0432 -19.7923 13.2
    endloop
  endfacet
  facet normal -0.941511 -0.336982 0
    outer loop
      vertex -21.6689 -17.7355 13.2
      vertex -21.7218 -17.5877 16.1
      vertex -21.7218 -17.5877 13.2
    endloop
  endfacet
  facet normal -0.941511 -0.336982 0
    outer loop
      vertex -21.7218 -17.5877 16.1
      vertex -21.6689 -17.7355 13.2
      vertex -21.6689 -17.7355 16.1
    endloop
  endfacet
  facet normal -0.85783 0.513934 0
    outer loop
      vertex -21.8696 -19.0889 13.2
      vertex -21.7889 -18.9542 16.1
      vertex -21.7889 -18.9542 13.2
    endloop
  endfacet
  facet normal -0.85783 0.513934 0
    outer loop
      vertex -21.7889 -18.9542 16.1
      vertex -21.8696 -19.0889 13.2
      vertex -21.8696 -19.0889 16.1
    endloop
  endfacet
  facet normal 0.998796 0.049048 0
    outer loop
      vertex -24.7923 -18.3568 16.1
      vertex -24.8 -18.2 13.2
      vertex -24.8 -18.2 16.1
    endloop
  endfacet
  facet normal 0.998796 0.049048 0
    outer loop
      vertex -24.8 -18.2 13.2
      vertex -24.7923 -18.3568 16.1
      vertex -24.7923 -18.3568 13.2
    endloop
  endfacet
  facet normal -0.941511 0.336982 0
    outer loop
      vertex -21.7218 -18.8123 13.2
      vertex -21.6689 -18.6645 16.1
      vertex -21.6689 -18.6645 13.2
    endloop
  endfacet
  facet normal -0.941511 0.336982 0
    outer loop
      vertex -21.6689 -18.6645 16.1
      vertex -21.7218 -18.8123 13.2
      vertex -21.7218 -18.8123 16.1
    endloop
  endfacet
  facet normal -0.741264 -0.671213 0
    outer loop
      vertex -21.9632 -17.185 13.2
      vertex -22.0686 -17.0686 16.1
      vertex -22.0686 -17.0686 13.2
    endloop
  endfacet
  facet normal -0.741264 -0.671213 0
    outer loop
      vertex -22.0686 -17.0686 16.1
      vertex -21.9632 -17.185 13.2
      vertex -21.9632 -17.185 16.1
    endloop
  endfacet
  facet normal -0.049048 -0.998796 0
    outer loop
      vertex -23.2 -16.6 13.2
      vertex -23.0432 -16.6077 16.1
      vertex -23.2 -16.6 16.1
    endloop
  endfacet
  facet normal -0.049048 -0.998796 -0
    outer loop
      vertex -23.0432 -16.6077 16.1
      vertex -23.2 -16.6 13.2
      vertex -23.0432 -16.6077 13.2
    endloop
  endfacet
  facet normal -0.904023 -0.427484 0
    outer loop
      vertex -21.7218 -17.5877 13.2
      vertex -21.7889 -17.4458 16.1
      vertex -21.7889 -17.4458 13.2
    endloop
  endfacet
  facet normal -0.904023 -0.427484 0
    outer loop
      vertex -21.7889 -17.4458 16.1
      vertex -21.7218 -17.5877 13.2
      vertex -21.7218 -17.5877 16.1
    endloop
  endfacet
  facet normal 0.146502 0.98921 -0
    outer loop
      vertex -23.3568 -19.7923 13.2
      vertex -23.5121 -19.7693 16.1
      vertex -23.3568 -19.7923 16.1
    endloop
  endfacet
  facet normal 0.146502 0.98921 0
    outer loop
      vertex -23.5121 -19.7693 16.1
      vertex -23.3568 -19.7923 13.2
      vertex -23.5121 -19.7693 13.2
    endloop
  endfacet
  facet normal -0.671213 0.741264 0
    outer loop
      vertex -22.0686 -19.3314 13.2
      vertex -22.185 -19.4368 16.1
      vertex -22.0686 -19.3314 16.1
    endloop
  endfacet
  facet normal -0.671213 0.741264 0
    outer loop
      vertex -22.185 -19.4368 16.1
      vertex -22.0686 -19.3314 13.2
      vertex -22.185 -19.4368 13.2
    endloop
  endfacet
  facet normal 0.049048 0.998796 -0
    outer loop
      vertex -23.2 -19.8 13.2
      vertex -23.3568 -19.7923 16.1
      vertex -23.2 -19.8 16.1
    endloop
  endfacet
  facet normal 0.049048 0.998796 0
    outer loop
      vertex -23.3568 -19.7923 16.1
      vertex -23.2 -19.8 13.2
      vertex -23.3568 -19.7923 13.2
    endloop
  endfacet
  facet normal 0.741264 -0.671213 0
    outer loop
      vertex -24.4368 -17.185 16.1
      vertex -24.3314 -17.0686 13.2
      vertex -24.3314 -17.0686 16.1
    endloop
  endfacet
  facet normal 0.741264 -0.671213 0
    outer loop
      vertex -24.3314 -17.0686 13.2
      vertex -24.4368 -17.185 16.1
      vertex -24.4368 -17.185 13.2
    endloop
  endfacet
  facet normal 0.146502 -0.98921 0
    outer loop
      vertex -23.5121 -16.6307 13.2
      vertex -23.3568 -16.6077 16.1
      vertex -23.5121 -16.6307 16.1
    endloop
  endfacet
  facet normal 0.146502 -0.98921 0
    outer loop
      vertex -23.3568 -16.6077 16.1
      vertex -23.5121 -16.6307 13.2
      vertex -23.3568 -16.6077 13.2
    endloop
  endfacet
  facet normal 0.904023 -0.427484 0
    outer loop
      vertex -24.6782 -17.5877 16.1
      vertex -24.6111 -17.4458 13.2
      vertex -24.6111 -17.4458 16.1
    endloop
  endfacet
  facet normal 0.904023 -0.427484 0
    outer loop
      vertex -24.6111 -17.4458 13.2
      vertex -24.6782 -17.5877 16.1
      vertex -24.6782 -17.5877 13.2
    endloop
  endfacet
  facet normal 0.969993 -0.243135 0
    outer loop
      vertex -24.7693 -17.8879 16.1
      vertex -24.7311 -17.7355 13.2
      vertex -24.7311 -17.7355 16.1
    endloop
  endfacet
  facet normal 0.969993 -0.243135 0
    outer loop
      vertex -24.7311 -17.7355 13.2
      vertex -24.7693 -17.8879 16.1
      vertex -24.7693 -17.8879 13.2
    endloop
  endfacet
  facet normal -0.243135 -0.969993 0
    outer loop
      vertex -22.8879 -16.6307 13.2
      vertex -22.7355 -16.6689 16.1
      vertex -22.8879 -16.6307 16.1
    endloop
  endfacet
  facet normal -0.243135 -0.969993 -0
    outer loop
      vertex -22.7355 -16.6689 16.1
      vertex -22.8879 -16.6307 13.2
      vertex -22.7355 -16.6689 13.2
    endloop
  endfacet
  facet normal 0.969993 0.243135 0
    outer loop
      vertex -24.7311 -18.6645 16.1
      vertex -24.7693 -18.5121 13.2
      vertex -24.7693 -18.5121 16.1
    endloop
  endfacet
  facet normal 0.969993 0.243135 0
    outer loop
      vertex -24.7693 -18.5121 13.2
      vertex -24.7311 -18.6645 16.1
      vertex -24.7311 -18.6645 13.2
    endloop
  endfacet
  facet normal 0.427484 0.904023 -0
    outer loop
      vertex -23.8123 -19.6782 13.2
      vertex -23.9542 -19.6111 16.1
      vertex -23.8123 -19.6782 16.1
    endloop
  endfacet
  facet normal 0.427484 0.904023 0
    outer loop
      vertex -23.9542 -19.6111 16.1
      vertex -23.8123 -19.6782 13.2
      vertex -23.9542 -19.6111 13.2
    endloop
  endfacet
  facet normal 0.741264 0.671213 0
    outer loop
      vertex -24.3314 -19.3314 16.1
      vertex -24.4368 -19.215 13.2
      vertex -24.4368 -19.215 16.1
    endloop
  endfacet
  facet normal 0.741264 0.671213 0
    outer loop
      vertex -24.4368 -19.215 13.2
      vertex -24.3314 -19.3314 16.1
      vertex -24.3314 -19.3314 13.2
    endloop
  endfacet
  facet normal -0.049048 0.998796 0
    outer loop
      vertex -23.0432 -19.7923 13.2
      vertex -23.2 -19.8 16.1
      vertex -23.0432 -19.7923 16.1
    endloop
  endfacet
  facet normal -0.049048 0.998796 0
    outer loop
      vertex -23.2 -19.8 16.1
      vertex -23.0432 -19.7923 13.2
      vertex -23.2 -19.8 13.2
    endloop
  endfacet
  facet normal 0.98921 0.146502 0
    outer loop
      vertex -24.7693 -18.5121 16.1
      vertex -24.7923 -18.3568 13.2
      vertex -24.7923 -18.3568 16.1
    endloop
  endfacet
  facet normal 0.98921 0.146502 0
    outer loop
      vertex -24.7923 -18.3568 13.2
      vertex -24.7693 -18.5121 16.1
      vertex -24.7693 -18.5121 13.2
    endloop
  endfacet
  facet normal -0.595608 0.803275 0
    outer loop
      vertex -22.185 -19.4368 13.2
      vertex -22.3111 -19.5303 16.1
      vertex -22.185 -19.4368 16.1
    endloop
  endfacet
  facet normal -0.595608 0.803275 0
    outer loop
      vertex -22.3111 -19.5303 16.1
      vertex -22.185 -19.4368 13.2
      vertex -22.3111 -19.5303 13.2
    endloop
  endfacet
  facet normal 0 0 1
    outer loop
      vertex -21.6077 -18.0432 13.2
      vertex -21.6077 -18.3568 13.2
      vertex -21.6 -18.2 13.2
    endloop
  endfacet
  facet normal 0 0 1
    outer loop
      vertex -21.6307 -17.8879 13.2
      vertex -21.6077 -18.3568 13.2
      vertex -21.6077 -18.0432 13.2
    endloop
  endfacet
  facet normal 0 0 1
    outer loop
      vertex -21.6307 -17.8879 13.2
      vertex -21.6307 -18.5121 13.2
      vertex -21.6077 -18.3568 13.2
    endloop
  endfacet
  facet normal 0 0 1
    outer loop
      vertex -21.6689 -17.7355 13.2
      vertex -21.6307 -18.5121 13.2
      vertex -21.6307 -17.8879 13.2
    endloop
  endfacet
  facet normal 0 0 1
    outer loop
      vertex -21.6689 -17.7355 13.2
      vertex -21.6689 -18.6645 13.2
      vertex -21.6307 -18.5121 13.2
    endloop
  endfacet
  facet normal 0 0 1
    outer loop
      vertex -21.7218 -17.5877 13.2
      vertex -21.6689 -18.6645 13.2
      vertex -21.6689 -17.7355 13.2
    endloop
  endfacet
  facet normal 0 0 1
    outer loop
      vertex -21.7218 -17.5877 13.2
      vertex -21.7218 -18.8123 13.2
      vertex -21.6689 -18.6645 13.2
    endloop
  endfacet
  facet normal 0 0 1
    outer loop
      vertex -21.7889 -17.4458 13.2
      vertex -21.7218 -18.8123 13.2
      vertex -21.7218 -17.5877 13.2
    endloop
  endfacet
  facet normal 0 0 1
    outer loop
      vertex -21.7889 -17.4458 13.2
      vertex -21.7889 -18.9542 13.2
      vertex -21.7218 -18.8123 13.2
    endloop
  endfacet
  facet normal 0 0 1
    outer loop
      vertex -21.8696 -17.3111 13.2
      vertex -21.7889 -18.9542 13.2
      vertex -21.7889 -17.4458 13.2
    endloop
  endfacet
  facet normal 0 0 1
    outer loop
      vertex -21.8696 -17.3111 13.2
      vertex -21.8696 -19.0889 13.2
      vertex -21.7889 -18.9542 13.2
    endloop
  endfacet
  facet normal 0 0 1
    outer loop
      vertex -21.9632 -17.185 13.2
      vertex -21.8696 -19.0889 13.2
      vertex -21.8696 -17.3111 13.2
    endloop
  endfacet
  facet normal 0 0 1
    outer loop
      vertex -21.9632 -17.185 13.2
      vertex -21.9632 -19.215 13.2
      vertex -21.8696 -19.0889 13.2
    endloop
  endfacet
  facet normal 0 0 1
    outer loop
      vertex -22.0686 -17.0686 13.2
      vertex -21.9632 -19.215 13.2
      vertex -21.9632 -17.185 13.2
    endloop
  endfacet
  facet normal 0 0 1
    outer loop
      vertex -22.0686 -17.0686 13.2
      vertex -22.0686 -19.3314 13.2
      vertex -21.9632 -19.215 13.2
    endloop
  endfacet
  facet normal 0 0 1
    outer loop
      vertex -22.185 -16.9632 13.2
      vertex -22.0686 -19.3314 13.2
      vertex -22.0686 -17.0686 13.2
    endloop
  endfacet
  facet normal 0 0 1
    outer loop
      vertex -22.185 -16.9632 13.2
      vertex -22.185 -19.4368 13.2
      vertex -22.0686 -19.3314 13.2
    endloop
  endfacet
  facet normal 0 0 1
    outer loop
      vertex -22.3111 -16.8696 13.2
      vertex -22.185 -19.4368 13.2
      vertex -22.185 -16.9632 13.2
    endloop
  endfacet
  facet normal 0 0 1
    outer loop
      vertex -22.3111 -16.8696 13.2
      vertex -22.3111 -19.5303 13.2
      vertex -22.185 -19.4368 13.2
    endloop
  endfacet
  facet normal 0 0 1
    outer loop
      vertex -22.4458 -16.7889 13.2
      vertex -22.3111 -19.5303 13.2
      vertex -22.3111 -16.8696 13.2
    endloop
  endfacet
  facet normal 0 0 1
    outer loop
      vertex -22.4458 -16.7889 13.2
      vertex -22.4458 -19.6111 13.2
      vertex -22.3111 -19.5303 13.2
    endloop
  endfacet
  facet normal 0 0 1
    outer loop
      vertex -22.5877 -16.7218 13.2
      vertex -22.4458 -19.6111 13.2
      vertex -22.4458 -16.7889 13.2
    endloop
  endfacet
  facet normal 0 0 1
    outer loop
      vertex -22.5877 -16.7218 13.2
      vertex -22.5877 -19.6782 13.2
      vertex -22.4458 -19.6111 13.2
    endloop
  endfacet
  facet normal 0 0 1
    outer loop
      vertex -22.7355 -16.6689 13.2
      vertex -22.5877 -19.6782 13.2
      vertex -22.5877 -16.7218 13.2
    endloop
  endfacet
  facet normal 0 0 1
    outer loop
      vertex -22.7355 -16.6689 13.2
      vertex -22.7355 -19.7311 13.2
      vertex -22.5877 -19.6782 13.2
    endloop
  endfacet
  facet normal 0 0 1
    outer loop
      vertex -22.8879 -16.6307 13.2
      vertex -22.7355 -19.7311 13.2
      vertex -22.7355 -16.6689 13.2
    endloop
  endfacet
  facet normal 0 0 1
    outer loop
      vertex -22.8879 -16.6307 13.2
      vertex -22.8879 -19.7693 13.2
      vertex -22.7355 -19.7311 13.2
    endloop
  endfacet
  facet normal 0 0 1
    outer loop
      vertex -23.0432 -16.6077 13.2
      vertex -22.8879 -19.7693 13.2
      vertex -22.8879 -16.6307 13.2
    endloop
  endfacet
  facet normal 0 0 1
    outer loop
      vertex -23.0432 -16.6077 13.2
      vertex -23.0432 -19.7923 13.2
      vertex -22.8879 -19.7693 13.2
    endloop
  endfacet
  facet normal 0 0 1
    outer loop
      vertex -23.2 -16.6 13.2
      vertex -23.0432 -19.7923 13.2
      vertex -23.0432 -16.6077 13.2
    endloop
  endfacet
  facet normal 0 0 1
    outer loop
      vertex -23.2 -16.6 13.2
      vertex -23.2 -19.8 13.2
      vertex -23.0432 -19.7923 13.2
    endloop
  endfacet
  facet normal -0 0 1
    outer loop
      vertex -23.3568 -16.6077 13.2
      vertex -23.2 -19.8 13.2
      vertex -23.2 -16.6 13.2
    endloop
  endfacet
  facet normal 0 0 1
    outer loop
      vertex -23.3568 -16.6077 13.2
      vertex -23.3568 -19.7923 13.2
      vertex -23.2 -19.8 13.2
    endloop
  endfacet
  facet normal -0 0 1
    outer loop
      vertex -23.5121 -16.6307 13.2
      vertex -23.3568 -19.7923 13.2
      vertex -23.3568 -16.6077 13.2
    endloop
  endfacet
  facet normal 0 0 1
    outer loop
      vertex -23.5121 -16.6307 13.2
      vertex -23.5121 -19.7693 13.2
      vertex -23.3568 -19.7923 13.2
    endloop
  endfacet
  facet normal -0 0 1
    outer loop
      vertex -23.6645 -16.6689 13.2
      vertex -23.5121 -19.7693 13.2
      vertex -23.5121 -16.6307 13.2
    endloop
  endfacet
  facet normal 0 0 1
    outer loop
      vertex -23.6645 -16.6689 13.2
      vertex -23.6645 -19.7311 13.2
      vertex -23.5121 -19.7693 13.2
    endloop
  endfacet
  facet normal -0 0 1
    outer loop
      vertex -23.8123 -16.7218 13.2
      vertex -23.6645 -19.7311 13.2
      vertex -23.6645 -16.6689 13.2
    endloop
  endfacet
  facet normal 0 0 1
    outer loop
      vertex -23.8123 -16.7218 13.2
      vertex -23.8123 -19.6782 13.2
      vertex -23.6645 -19.7311 13.2
    endloop
  endfacet
  facet normal -0 0 1
    outer loop
      vertex -23.9542 -16.7889 13.2
      vertex -23.8123 -19.6782 13.2
      vertex -23.8123 -16.7218 13.2
    endloop
  endfacet
  facet normal 0 0 1
    outer loop
      vertex -23.9542 -16.7889 13.2
      vertex -23.9542 -19.6111 13.2
      vertex -23.8123 -19.6782 13.2
    endloop
  endfacet
  facet normal -0 0 1
    outer loop
      vertex -24.0889 -16.8696 13.2
      vertex -23.9542 -19.6111 13.2
      vertex -23.9542 -16.7889 13.2
    endloop
  endfacet
  facet normal 0 0 1
    outer loop
      vertex -24.0889 -16.8696 13.2
      vertex -24.0889 -19.5303 13.2
      vertex -23.9542 -19.6111 13.2
    endloop
  endfacet
  facet normal -0 0 1
    outer loop
      vertex -24.215 -16.9632 13.2
      vertex -24.0889 -19.5303 13.2
      vertex -24.0889 -16.8696 13.2
    endloop
  endfacet
  facet normal 0 0 1
    outer loop
      vertex -24.215 -16.9632 13.2
      vertex -24.215 -19.4368 13.2
      vertex -24.0889 -19.5303 13.2
    endloop
  endfacet
  facet normal -0 0 1
    outer loop
      vertex -24.3314 -17.0686 13.2
      vertex -24.215 -19.4368 13.2
      vertex -24.215 -16.9632 13.2
    endloop
  endfacet
  facet normal 0 0 1
    outer loop
      vertex -24.3314 -17.0686 13.2
      vertex -24.3314 -19.3314 13.2
      vertex -24.215 -19.4368 13.2
    endloop
  endfacet
  facet normal -0 0 1
    outer loop
      vertex -24.4368 -17.185 13.2
      vertex -24.3314 -19.3314 13.2
      vertex -24.3314 -17.0686 13.2
    endloop
  endfacet
  facet normal 0 0 1
    outer loop
      vertex -24.4368 -17.185 13.2
      vertex -24.4368 -19.215 13.2
      vertex -24.3314 -19.3314 13.2
    endloop
  endfacet
  facet normal -0 0 1
    outer loop
      vertex -24.5303 -17.3111 13.2
      vertex -24.4368 -19.215 13.2
      vertex -24.4368 -17.185 13.2
    endloop
  endfacet
  facet normal 0 0 1
    outer loop
      vertex -24.5303 -17.3111 13.2
      vertex -24.5303 -19.0889 13.2
      vertex -24.4368 -19.215 13.2
    endloop
  endfacet
  facet normal -0 0 1
    outer loop
      vertex -24.6111 -17.4458 13.2
      vertex -24.5303 -19.0889 13.2
      vertex -24.5303 -17.3111 13.2
    endloop
  endfacet
  facet normal 0 0 1
    outer loop
      vertex -24.6111 -17.4458 13.2
      vertex -24.6111 -18.9542 13.2
      vertex -24.5303 -19.0889 13.2
    endloop
  endfacet
  facet normal -0 0 1
    outer loop
      vertex -24.6782 -17.5877 13.2
      vertex -24.6111 -18.9542 13.2
      vertex -24.6111 -17.4458 13.2
    endloop
  endfacet
  facet normal 0 0 1
    outer loop
      vertex -24.6782 -17.5877 13.2
      vertex -24.6782 -18.8123 13.2
      vertex -24.6111 -18.9542 13.2
    endloop
  endfacet
  facet normal -0 0 1
    outer loop
      vertex -24.7311 -17.7355 13.2
      vertex -24.6782 -18.8123 13.2
      vertex -24.6782 -17.5877 13.2
    endloop
  endfacet
  facet normal 0 0 1
    outer loop
      vertex -24.7311 -17.7355 13.2
      vertex -24.7311 -18.6645 13.2
      vertex -24.6782 -18.8123 13.2
    endloop
  endfacet
  facet normal -0 0 1
    outer loop
      vertex -24.7693 -17.8879 13.2
      vertex -24.7311 -18.6645 13.2
      vertex -24.7311 -17.7355 13.2
    endloop
  endfacet
  facet normal 0 0 1
    outer loop
      vertex -24.7693 -17.8879 13.2
      vertex -24.7693 -18.5121 13.2
      vertex -24.7311 -18.6645 13.2
    endloop
  endfacet
  facet normal -0 0 1
    outer loop
      vertex -24.7923 -18.0432 13.2
      vertex -24.7693 -18.5121 13.2
      vertex -24.7693 -17.8879 13.2
    endloop
  endfacet
  facet normal 0 0 1
    outer loop
      vertex -24.7923 -18.0432 13.2
      vertex -24.7923 -18.3568 13.2
      vertex -24.7693 -18.5121 13.2
    endloop
  endfacet
  facet normal 0 -0 1
    outer loop
      vertex -24.7923 -18.3568 13.2
      vertex -24.7923 -18.0432 13.2
      vertex -24.8 -18.2 13.2
    endloop
  endfacet
  facet normal 0.803275 0.595608 0
    outer loop
      vertex -24.4368 -19.215 16.1
      vertex -24.5303 -19.0889 13.2
      vertex -24.5303 -19.0889 16.1
    endloop
  endfacet
  facet normal 0.803275 0.595608 0
    outer loop
      vertex -24.5303 -19.0889 13.2
      vertex -24.4368 -19.215 16.1
      vertex -24.4368 -19.215 13.2
    endloop
  endfacet
  facet normal 0.998796 -0.049048 0
    outer loop
      vertex -24.8 -18.2 16.1
      vertex -24.7923 -18.0432 13.2
      vertex -24.7923 -18.0432 16.1
    endloop
  endfacet
  facet normal 0.998796 -0.049048 0
    outer loop
      vertex -24.7923 -18.0432 13.2
      vertex -24.8 -18.2 16.1
      vertex -24.8 -18.2 13.2
    endloop
  endfacet
  facet normal -0.741264 0.671213 0
    outer loop
      vertex -22.0686 -19.3314 13.2
      vertex -21.9632 -19.215 16.1
      vertex -21.9632 -19.215 13.2
    endloop
  endfacet
  facet normal -0.741264 0.671213 0
    outer loop
      vertex -21.9632 -19.215 16.1
      vertex -22.0686 -19.3314 13.2
      vertex -22.0686 -19.3314 16.1
    endloop
  endfacet
  facet normal 0.989176 -0.146737 0
    outer loop
      vertex -32.488 0.245043 1.6
      vertex -32.452 0.487725 0
      vertex -32.452 0.487725 1.6
    endloop
  endfacet
  facet normal 0.989176 -0.146737 0
    outer loop
      vertex -32.452 0.487725 0
      vertex -32.488 0.245043 1.6
      vertex -32.488 0.245043 0
    endloop
  endfacet
  facet normal -0.989176 -0.146737 0
    outer loop
      vertex -27.512 0.245043 0
      vertex -27.548 0.487725 1.6
      vertex -27.548 0.487725 0
    endloop
  endfacet
  facet normal -0.989176 -0.146737 0
    outer loop
      vertex -27.548 0.487725 1.6
      vertex -27.512 0.245043 0
      vertex -27.512 0.245043 1.6
    endloop
  endfacet
  facet normal -0.998803 -0.0489124 0
    outer loop
      vertex -27.5 0 0
      vertex -27.512 0.245043 1.6
      vertex -27.512 0.245043 0
    endloop
  endfacet
  facet normal -0.998803 -0.0489124 0
    outer loop
      vertex -27.512 0.245043 1.6
      vertex -27.5 0 0
      vertex -27.5 0 1.6
    endloop
  endfacet
  facet normal -0.970043 -0.242933 0
    outer loop
      vertex -27.548 0.487725 0
      vertex -27.6076 0.725711 1.6
      vertex -27.6076 0.725711 0
    endloop
  endfacet
  facet normal -0.970043 -0.242933 0
    outer loop
      vertex -27.6076 0.725711 1.6
      vertex -27.548 0.487725 0
      vertex -27.548 0.487725 1.6
    endloop
  endfacet
  facet normal -0.741083 -0.671414 0
    outer loop
      vertex -28.0675 1.58598 0
      vertex -28.2322 1.76777 1.6
      vertex -28.2322 1.76777 0
    endloop
  endfacet
  facet normal -0.741083 -0.671414 0
    outer loop
      vertex -28.2322 1.76777 1.6
      vertex -28.0675 1.58598 0
      vertex -28.0675 1.58598 1.6
    endloop
  endfacet
  facet normal 0.857788 -0.514004 0
    outer loop
      vertex -32.2048 1.17849 1.6
      vertex -32.0787 1.38893 0
      vertex -32.0787 1.38893 1.6
    endloop
  endfacet
  facet normal 0.857788 -0.514004 0
    outer loop
      vertex -32.0787 1.38893 0
      vertex -32.2048 1.17849 1.6
      vertex -32.2048 1.17849 0
    endloop
  endfacet
  facet normal -0.146726 -0.989177 0
    outer loop
      vertex -29.755 2.48796 0
      vertex -29.5123 2.45196 1.6
      vertex -29.755 2.48796 1.6
    endloop
  endfacet
  facet normal -0.146726 -0.989177 -0
    outer loop
      vertex -29.5123 2.45196 1.6
      vertex -29.755 2.48796 0
      vertex -29.5123 2.45196 0
    endloop
  endfacet
  facet normal 0.998803 0.0489124 0
    outer loop
      vertex -32.488 -0.245043 1.6
      vertex -32.5 0 0
      vertex -32.5 0 1.6
    endloop
  endfacet
  facet normal 0.998803 0.0489124 0
    outer loop
      vertex -32.5 0 0
      vertex -32.488 -0.245043 1.6
      vertex -32.488 -0.245043 0
    endloop
  endfacet
  facet normal 0.514166 0.857691 -0
    outer loop
      vertex -31.1785 -2.2048 0
      vertex -31.3889 -2.07867 1.6
      vertex -31.1785 -2.2048 1.6
    endloop
  endfacet
  facet normal 0.514166 0.857691 0
    outer loop
      vertex -31.3889 -2.07867 1.6
      vertex -31.1785 -2.2048 0
      vertex -31.3889 -2.07867 0
    endloop
  endfacet
  facet normal 0.146726 0.989177 -0
    outer loop
      vertex -30.245 -2.48796 0
      vertex -30.4877 -2.45196 1.6
      vertex -30.245 -2.48796 1.6
    endloop
  endfacet
  facet normal 0.146726 0.989177 0
    outer loop
      vertex -30.4877 -2.45196 1.6
      vertex -30.245 -2.48796 0
      vertex -30.4877 -2.45196 0
    endloop
  endfacet
  facet normal 0.595596 -0.803284 0
    outer loop
      vertex -31.586 1.93253 0
      vertex -31.3889 2.07867 1.6
      vertex -31.586 1.93253 1.6
    endloop
  endfacet
  facet normal 0.595596 -0.803284 0
    outer loop
      vertex -31.3889 2.07867 1.6
      vertex -31.586 1.93253 0
      vertex -31.3889 2.07867 0
    endloop
  endfacet
  facet normal -0.970043 0.242933 0
    outer loop
      vertex -27.6076 -0.725711 0
      vertex -27.548 -0.487725 1.6
      vertex -27.548 -0.487725 0
    endloop
  endfacet
  facet normal -0.970043 0.242933 0
    outer loop
      vertex -27.548 -0.487725 1.6
      vertex -27.6076 -0.725711 0
      vertex -27.6076 -0.725711 1.6
    endloop
  endfacet
  facet normal 0.969947 -0.243316 0
    outer loop
      vertex -32.452 0.487725 1.6
      vertex -32.3923 0.725711 0
      vertex -32.3923 0.725711 1.6
    endloop
  endfacet
  facet normal 0.969947 -0.243316 0
    outer loop
      vertex -32.3923 0.725711 0
      vertex -32.452 0.487725 1.6
      vertex -32.452 0.487725 0
    endloop
  endfacet
  facet normal -0.336879 -0.941548 0
    outer loop
      vertex -29.2743 2.39235 0
      vertex -29.0433 2.3097 1.6
      vertex -29.2743 2.39235 1.6
    endloop
  endfacet
  facet normal -0.336879 -0.941548 -0
    outer loop
      vertex -29.0433 2.3097 1.6
      vertex -29.2743 2.39235 0
      vertex -29.0433 2.3097 0
    endloop
  endfacet
  facet normal -0.989176 0.146737 0
    outer loop
      vertex -27.548 -0.487725 0
      vertex -27.512 -0.245043 1.6
      vertex -27.512 -0.245043 0
    endloop
  endfacet
  facet normal -0.989176 0.146737 0
    outer loop
      vertex -27.512 -0.245043 1.6
      vertex -27.548 -0.487725 0
      vertex -27.548 -0.487725 1.6
    endloop
  endfacet
  facet normal -0.242958 -0.970037 0
    outer loop
      vertex -29.5123 2.45196 0
      vertex -29.2743 2.39235 1.6
      vertex -29.5123 2.45196 1.6
    endloop
  endfacet
  facet normal -0.242958 -0.970037 -0
    outer loop
      vertex -29.2743 2.39235 1.6
      vertex -29.5123 2.45196 0
      vertex -29.2743 2.39235 0
    endloop
  endfacet
  facet normal -0.514166 0.857691 0
    outer loop
      vertex -28.6111 -2.07867 0
      vertex -28.8215 -2.2048 1.6
      vertex -28.6111 -2.07867 1.6
    endloop
  endfacet
  facet normal -0.514166 0.857691 0
    outer loop
      vertex -28.8215 -2.2048 1.6
      vertex -28.6111 -2.07867 0
      vertex -28.8215 -2.2048 0
    endloop
  endfacet
  facet normal -0.903982 -0.427572 0
    outer loop
      vertex -27.6903 0.956708 0
      vertex -27.7952 1.17849 1.6
      vertex -27.7952 1.17849 0
    endloop
  endfacet
  facet normal -0.903982 -0.427572 0
    outer loop
      vertex -27.7952 1.17849 1.6
      vertex -27.6903 0.956708 0
      vertex -27.6903 0.956708 1.6
    endloop
  endfacet
  facet normal 0.941611 -0.336702 0
    outer loop
      vertex -32.3923 0.725711 1.6
      vertex -32.3097 0.956708 0
      vertex -32.3097 0.956708 1.6
    endloop
  endfacet
  facet normal 0.941611 -0.336702 0
    outer loop
      vertex -32.3097 0.956708 0
      vertex -32.3923 0.725711 1.6
      vertex -32.3923 0.725711 0
    endloop
  endfacet
  facet normal 0.242958 -0.970037 0
    outer loop
      vertex -30.7257 2.39235 0
      vertex -30.4877 2.45196 1.6
      vertex -30.7257 2.39235 1.6
    endloop
  endfacet
  facet normal 0.242958 -0.970037 0
    outer loop
      vertex -30.4877 2.45196 1.6
      vertex -30.7257 2.39235 0
      vertex -30.4877 2.45196 0
    endloop
  endfacet
  facet normal -0.803095 0.595851 0
    outer loop
      vertex -28.0675 -1.58598 0
      vertex -27.9213 -1.38893 1.6
      vertex -27.9213 -1.38893 0
    endloop
  endfacet
  facet normal -0.803095 0.595851 0
    outer loop
      vertex -27.9213 -1.38893 1.6
      vertex -28.0675 -1.58598 0
      vertex -28.0675 -1.58598 1.6
    endloop
  endfacet
  facet normal -0.998803 0.0489124 0
    outer loop
      vertex -27.512 -0.245043 0
      vertex -27.5 0 1.6
      vertex -27.5 0 0
    endloop
  endfacet
  facet normal -0.998803 0.0489124 0
    outer loop
      vertex -27.5 0 1.6
      vertex -27.512 -0.245043 0
      vertex -27.512 -0.245043 1.6
    endloop
  endfacet
  facet normal 0.671528 -0.740979 0
    outer loop
      vertex -31.7678 1.76777 0
      vertex -31.586 1.93253 1.6
      vertex -31.7678 1.76777 1.6
    endloop
  endfacet
  facet normal 0.671528 -0.740979 0
    outer loop
      vertex -31.586 1.93253 1.6
      vertex -31.7678 1.76777 0
      vertex -31.586 1.93253 0
    endloop
  endfacet
  facet normal 0.969947 0.243316 0
    outer loop
      vertex -32.3923 -0.725711 1.6
      vertex -32.452 -0.487725 0
      vertex -32.452 -0.487725 1.6
    endloop
  endfacet
  facet normal 0.969947 0.243316 0
    outer loop
      vertex -32.452 -0.487725 0
      vertex -32.3923 -0.725711 1.6
      vertex -32.3923 -0.725711 0
    endloop
  endfacet
  facet normal -0.903982 0.427572 0
    outer loop
      vertex -27.7952 -1.17849 0
      vertex -27.6903 -0.956708 1.6
      vertex -27.6903 -0.956708 0
    endloop
  endfacet
  facet normal -0.903982 0.427572 0
    outer loop
      vertex -27.6903 -0.956708 1.6
      vertex -27.7952 -1.17849 0
      vertex -27.7952 -1.17849 1.6
    endloop
  endfacet
  facet normal -0.0490836 0.998795 0
    outer loop
      vertex -29.755 -2.48796 0
      vertex -30 -2.5 1.6
      vertex -29.755 -2.48796 1.6
    endloop
  endfacet
  facet normal -0.0490836 0.998795 0
    outer loop
      vertex -30 -2.5 1.6
      vertex -29.755 -2.48796 0
      vertex -30 -2.5 0
    endloop
  endfacet
  facet normal -0.857788 -0.514004 0
    outer loop
      vertex -27.7952 1.17849 0
      vertex -27.9213 1.38893 1.6
      vertex -27.9213 1.38893 0
    endloop
  endfacet
  facet normal -0.857788 -0.514004 0
    outer loop
      vertex -27.9213 1.38893 1.6
      vertex -27.7952 1.17849 0
      vertex -27.7952 1.17849 1.6
    endloop
  endfacet
  facet normal -0.595596 -0.803284 0
    outer loop
      vertex -28.6111 2.07867 0
      vertex -28.414 1.93253 1.6
      vertex -28.6111 2.07867 1.6
    endloop
  endfacet
  facet normal -0.595596 -0.803284 -0
    outer loop
      vertex -28.414 1.93253 1.6
      vertex -28.6111 2.07867 0
      vertex -28.414 1.93253 0
    endloop
  endfacet
  facet normal 0.941611 0.336702 0
    outer loop
      vertex -32.3097 -0.956708 1.6
      vertex -32.3923 -0.725711 0
      vertex -32.3923 -0.725711 1.6
    endloop
  endfacet
  facet normal 0.941611 0.336702 0
    outer loop
      vertex -32.3923 -0.725711 0
      vertex -32.3097 -0.956708 1.6
      vertex -32.3097 -0.956708 0
    endloop
  endfacet
  facet normal 0.336879 0.941548 -0
    outer loop
      vertex -30.7257 -2.39235 0
      vertex -30.9567 -2.3097 1.6
      vertex -30.7257 -2.39235 1.6
    endloop
  endfacet
  facet normal 0.336879 0.941548 0
    outer loop
      vertex -30.9567 -2.3097 1.6
      vertex -30.7257 -2.39235 0
      vertex -30.9567 -2.3097 0
    endloop
  endfacet
  facet normal 0.514166 -0.857691 0
    outer loop
      vertex -31.3889 2.07867 0
      vertex -31.1785 2.2048 1.6
      vertex -31.3889 2.07867 1.6
    endloop
  endfacet
  facet normal 0.514166 -0.857691 0
    outer loop
      vertex -31.1785 2.2048 1.6
      vertex -31.3889 2.07867 0
      vertex -31.1785 2.2048 0
    endloop
  endfacet
  facet normal 0.671528 0.740979 -0
    outer loop
      vertex -31.586 -1.93253 0
      vertex -31.7678 -1.76777 1.6
      vertex -31.586 -1.93253 1.6
    endloop
  endfacet
  facet normal 0.671528 0.740979 0
    outer loop
      vertex -31.7678 -1.76777 1.6
      vertex -31.586 -1.93253 0
      vertex -31.7678 -1.76777 0
    endloop
  endfacet
  facet normal -0.803095 -0.595851 0
    outer loop
      vertex -27.9213 1.38893 0
      vertex -28.0675 1.58598 1.6
      vertex -28.0675 1.58598 0
    endloop
  endfacet
  facet normal -0.803095 -0.595851 0
    outer loop
      vertex -28.0675 1.58598 1.6
      vertex -27.9213 1.38893 0
      vertex -27.9213 1.38893 1.6
    endloop
  endfacet
  facet normal -0.427543 0.903995 0
    outer loop
      vertex -28.8215 -2.2048 0
      vertex -29.0433 -2.3097 1.6
      vertex -28.8215 -2.2048 1.6
    endloop
  endfacet
  facet normal -0.427543 0.903995 0
    outer loop
      vertex -29.0433 -2.3097 1.6
      vertex -28.8215 -2.2048 0
      vertex -29.0433 -2.3097 0
    endloop
  endfacet
  facet normal -0.0490836 -0.998795 0
    outer loop
      vertex -30 2.5 0
      vertex -29.755 2.48796 1.6
      vertex -30 2.5 1.6
    endloop
  endfacet
  facet normal -0.0490836 -0.998795 -0
    outer loop
      vertex -29.755 2.48796 1.6
      vertex -30 2.5 0
      vertex -29.755 2.48796 0
    endloop
  endfacet
  facet normal 0.741083 -0.671414 0
    outer loop
      vertex -31.9325 1.58598 1.6
      vertex -31.7678 1.76777 0
      vertex -31.7678 1.76777 1.6
    endloop
  endfacet
  facet normal 0.741083 -0.671414 0
    outer loop
      vertex -31.7678 1.76777 0
      vertex -31.9325 1.58598 1.6
      vertex -31.9325 1.58598 0
    endloop
  endfacet
  facet normal -0.671528 -0.740979 0
    outer loop
      vertex -28.414 1.93253 0
      vertex -28.2322 1.76777 1.6
      vertex -28.414 1.93253 1.6
    endloop
  endfacet
  facet normal -0.671528 -0.740979 -0
    outer loop
      vertex -28.2322 1.76777 1.6
      vertex -28.414 1.93253 0
      vertex -28.2322 1.76777 0
    endloop
  endfacet
  facet normal -0.514166 -0.857691 0
    outer loop
      vertex -28.8215 2.2048 0
      vertex -28.6111 2.07867 1.6
      vertex -28.8215 2.2048 1.6
    endloop
  endfacet
  facet normal -0.514166 -0.857691 -0
    outer loop
      vertex -28.6111 2.07867 1.6
      vertex -28.8215 2.2048 0
      vertex -28.6111 2.07867 0
    endloop
  endfacet
  facet normal -0.146726 0.989177 0
    outer loop
      vertex -29.5123 -2.45196 0
      vertex -29.755 -2.48796 1.6
      vertex -29.5123 -2.45196 1.6
    endloop
  endfacet
  facet normal -0.146726 0.989177 0
    outer loop
      vertex -29.755 -2.48796 1.6
      vertex -29.5123 -2.45196 0
      vertex -29.755 -2.48796 0
    endloop
  endfacet
  facet normal 0.242958 0.970037 -0
    outer loop
      vertex -30.4877 -2.45196 0
      vertex -30.7257 -2.39235 1.6
      vertex -30.4877 -2.45196 1.6
    endloop
  endfacet
  facet normal 0.242958 0.970037 0
    outer loop
      vertex -30.7257 -2.39235 1.6
      vertex -30.4877 -2.45196 0
      vertex -30.7257 -2.39235 0
    endloop
  endfacet
  facet normal -0.857788 0.514004 0
    outer loop
      vertex -27.9213 -1.38893 0
      vertex -27.7952 -1.17849 1.6
      vertex -27.7952 -1.17849 0
    endloop
  endfacet
  facet normal -0.857788 0.514004 0
    outer loop
      vertex -27.7952 -1.17849 1.6
      vertex -27.9213 -1.38893 0
      vertex -27.9213 -1.38893 1.6
    endloop
  endfacet
  facet normal -0.941482 0.337063 0
    outer loop
      vertex -27.6903 -0.956708 0
      vertex -27.6076 -0.725711 1.6
      vertex -27.6076 -0.725711 0
    endloop
  endfacet
  facet normal -0.941482 0.337063 0
    outer loop
      vertex -27.6076 -0.725711 1.6
      vertex -27.6903 -0.956708 0
      vertex -27.6903 -0.956708 1.6
    endloop
  endfacet
  facet normal 0.336879 -0.941548 0
    outer loop
      vertex -30.9567 2.3097 0
      vertex -30.7257 2.39235 1.6
      vertex -30.9567 2.3097 1.6
    endloop
  endfacet
  facet normal 0.336879 -0.941548 0
    outer loop
      vertex -30.7257 2.39235 1.6
      vertex -30.9567 2.3097 0
      vertex -30.7257 2.39235 0
    endloop
  endfacet
  facet normal -0.427543 -0.903995 0
    outer loop
      vertex -29.0433 2.3097 0
      vertex -28.8215 2.2048 1.6
      vertex -29.0433 2.3097 1.6
    endloop
  endfacet
  facet normal -0.427543 -0.903995 -0
    outer loop
      vertex -28.8215 2.2048 1.6
      vertex -29.0433 2.3097 0
      vertex -28.8215 2.2048 0
    endloop
  endfacet
  facet normal 0.803095 -0.595851 0
    outer loop
      vertex -32.0787 1.38893 1.6
      vertex -31.9325 1.58598 0
      vertex -31.9325 1.58598 1.6
    endloop
  endfacet
  facet normal 0.803095 -0.595851 0
    outer loop
      vertex -31.9325 1.58598 0
      vertex -32.0787 1.38893 1.6
      vertex -32.0787 1.38893 0
    endloop
  endfacet
  facet normal -0.741083 0.671414 0
    outer loop
      vertex -28.2322 -1.76777 0
      vertex -28.0675 -1.58598 1.6
      vertex -28.0675 -1.58598 0
    endloop
  endfacet
  facet normal -0.741083 0.671414 0
    outer loop
      vertex -28.0675 -1.58598 1.6
      vertex -28.2322 -1.76777 0
      vertex -28.2322 -1.76777 1.6
    endloop
  endfacet
  facet normal -0.941482 -0.337063 0
    outer loop
      vertex -27.6076 0.725711 0
      vertex -27.6903 0.956708 1.6
      vertex -27.6903 0.956708 0
    endloop
  endfacet
  facet normal -0.941482 -0.337063 0
    outer loop
      vertex -27.6903 0.956708 1.6
      vertex -27.6076 0.725711 0
      vertex -27.6076 0.725711 1.6
    endloop
  endfacet
  facet normal 0.857788 0.514004 0
    outer loop
      vertex -32.0787 -1.38893 1.6
      vertex -32.2048 -1.17849 0
      vertex -32.2048 -1.17849 1.6
    endloop
  endfacet
  facet normal 0.857788 0.514004 0
    outer loop
      vertex -32.2048 -1.17849 0
      vertex -32.0787 -1.38893 1.6
      vertex -32.0787 -1.38893 0
    endloop
  endfacet
  facet normal 0.427543 -0.903995 0
    outer loop
      vertex -31.1785 2.2048 0
      vertex -30.9567 2.3097 1.6
      vertex -31.1785 2.2048 1.6
    endloop
  endfacet
  facet normal 0.427543 -0.903995 0
    outer loop
      vertex -30.9567 2.3097 1.6
      vertex -31.1785 2.2048 0
      vertex -30.9567 2.3097 0
    endloop
  endfacet
  facet normal 0.803095 0.595851 0
    outer loop
      vertex -31.9325 -1.58598 1.6
      vertex -32.0787 -1.38893 0
      vertex -32.0787 -1.38893 1.6
    endloop
  endfacet
  facet normal 0.803095 0.595851 0
    outer loop
      vertex -32.0787 -1.38893 0
      vertex -31.9325 -1.58598 1.6
      vertex -31.9325 -1.58598 0
    endloop
  endfacet
  facet normal 0.903982 -0.427572 0
    outer loop
      vertex -32.3097 0.956708 1.6
      vertex -32.2048 1.17849 0
      vertex -32.2048 1.17849 1.6
    endloop
  endfacet
  facet normal 0.903982 -0.427572 0
    outer loop
      vertex -32.2048 1.17849 0
      vertex -32.3097 0.956708 1.6
      vertex -32.3097 0.956708 0
    endloop
  endfacet
  facet normal 0.0490836 -0.998795 0
    outer loop
      vertex -30.245 2.48796 0
      vertex -30 2.5 1.6
      vertex -30.245 2.48796 1.6
    endloop
  endfacet
  facet normal 0.0490836 -0.998795 0
    outer loop
      vertex -30 2.5 1.6
      vertex -30.245 2.48796 0
      vertex -30 2.5 0
    endloop
  endfacet
  facet normal 0.427543 0.903995 -0
    outer loop
      vertex -30.9567 -2.3097 0
      vertex -31.1785 -2.2048 1.6
      vertex -30.9567 -2.3097 1.6
    endloop
  endfacet
  facet normal 0.427543 0.903995 0
    outer loop
      vertex -31.1785 -2.2048 1.6
      vertex -30.9567 -2.3097 0
      vertex -31.1785 -2.2048 0
    endloop
  endfacet
  facet normal -0.595596 0.803284 0
    outer loop
      vertex -28.414 -1.93253 0
      vertex -28.6111 -2.07867 1.6
      vertex -28.414 -1.93253 1.6
    endloop
  endfacet
  facet normal -0.595596 0.803284 0
    outer loop
      vertex -28.6111 -2.07867 1.6
      vertex -28.414 -1.93253 0
      vertex -28.6111 -2.07867 0
    endloop
  endfacet
  facet normal 0.146726 -0.989177 0
    outer loop
      vertex -30.4877 2.45196 0
      vertex -30.245 2.48796 1.6
      vertex -30.4877 2.45196 1.6
    endloop
  endfacet
  facet normal 0.146726 -0.989177 0
    outer loop
      vertex -30.245 2.48796 1.6
      vertex -30.4877 2.45196 0
      vertex -30.245 2.48796 0
    endloop
  endfacet
  facet normal 0.989176 0.146737 0
    outer loop
      vertex -32.452 -0.487725 1.6
      vertex -32.488 -0.245043 0
      vertex -32.488 -0.245043 1.6
    endloop
  endfacet
  facet normal 0.989176 0.146737 0
    outer loop
      vertex -32.488 -0.245043 0
      vertex -32.452 -0.487725 1.6
      vertex -32.452 -0.487725 0
    endloop
  endfacet
  facet normal -0.336879 0.941548 0
    outer loop
      vertex -29.0433 -2.3097 0
      vertex -29.2743 -2.39235 1.6
      vertex -29.0433 -2.3097 1.6
    endloop
  endfacet
  facet normal -0.336879 0.941548 0
    outer loop
      vertex -29.2743 -2.39235 1.6
      vertex -29.0433 -2.3097 0
      vertex -29.2743 -2.39235 0
    endloop
  endfacet
  facet normal -0.242958 0.970037 0
    outer loop
      vertex -29.2743 -2.39235 0
      vertex -29.5123 -2.45196 1.6
      vertex -29.2743 -2.39235 1.6
    endloop
  endfacet
  facet normal -0.242958 0.970037 0
    outer loop
      vertex -29.5123 -2.45196 1.6
      vertex -29.2743 -2.39235 0
      vertex -29.5123 -2.45196 0
    endloop
  endfacet
  facet normal 0.903982 0.427572 0
    outer loop
      vertex -32.2048 -1.17849 1.6
      vertex -32.3097 -0.956708 0
      vertex -32.3097 -0.956708 1.6
    endloop
  endfacet
  facet normal 0.903982 0.427572 0
    outer loop
      vertex -32.3097 -0.956708 0
      vertex -32.2048 -1.17849 1.6
      vertex -32.2048 -1.17849 0
    endloop
  endfacet
  facet normal 0.741083 0.671414 0
    outer loop
      vertex -31.7678 -1.76777 1.6
      vertex -31.9325 -1.58598 0
      vertex -31.9325 -1.58598 1.6
    endloop
  endfacet
  facet normal 0.741083 0.671414 0
    outer loop
      vertex -31.9325 -1.58598 0
      vertex -31.7678 -1.76777 1.6
      vertex -31.7678 -1.76777 0
    endloop
  endfacet
  facet normal 0.595596 0.803284 -0
    outer loop
      vertex -31.3889 -2.07867 0
      vertex -31.586 -1.93253 1.6
      vertex -31.3889 -2.07867 1.6
    endloop
  endfacet
  facet normal 0.595596 0.803284 0
    outer loop
      vertex -31.586 -1.93253 1.6
      vertex -31.3889 -2.07867 0
      vertex -31.586 -1.93253 0
    endloop
  endfacet
  facet normal 0.0490836 0.998795 -0
    outer loop
      vertex -30 -2.5 0
      vertex -30.245 -2.48796 1.6
      vertex -30 -2.5 1.6
    endloop
  endfacet
  facet normal 0.0490836 0.998795 0
    outer loop
      vertex -30.245 -2.48796 1.6
      vertex -30 -2.5 0
      vertex -30.245 -2.48796 0
    endloop
  endfacet
  facet normal 0.998803 -0.0489124 0
    outer loop
      vertex -32.5 0 1.6
      vertex -32.488 0.245043 0
      vertex -32.488 0.245043 1.6
    endloop
  endfacet
  facet normal 0.998803 -0.0489124 0
    outer loop
      vertex -32.488 0.245043 0
      vertex -32.5 0 1.6
      vertex -32.5 0 0
    endloop
  endfacet
  facet normal -0.671528 0.740979 0
    outer loop
      vertex -28.2322 -1.76777 0
      vertex -28.414 -1.93253 1.6
      vertex -28.2322 -1.76777 1.6
    endloop
  endfacet
  facet normal -0.671528 0.740979 0
    outer loop
      vertex -28.414 -1.93253 1.6
      vertex -28.2322 -1.76777 0
      vertex -28.414 -1.93253 0
    endloop
  endfacet
  facet normal -0.336879 0.941548 0
    outer loop
      vertex 30.9567 -2.3097 0
      vertex 30.7257 -2.39235 1.6
      vertex 30.9567 -2.3097 1.6
    endloop
  endfacet
  facet normal -0.336879 0.941548 0
    outer loop
      vertex 30.7257 -2.39235 1.6
      vertex 30.9567 -2.3097 0
      vertex 30.7257 -2.39235 0
    endloop
  endfacet
  facet normal -0.989176 -0.146737 0
    outer loop
      vertex 32.488 0.245043 0
      vertex 32.452 0.487725 1.6
      vertex 32.452 0.487725 0
    endloop
  endfacet
  facet normal -0.989176 -0.146737 0
    outer loop
      vertex 32.452 0.487725 1.6
      vertex 32.488 0.245043 0
      vertex 32.488 0.245043 1.6
    endloop
  endfacet
  facet normal -0.998803 -0.0489124 0
    outer loop
      vertex 32.5 0 0
      vertex 32.488 0.245043 1.6
      vertex 32.488 0.245043 0
    endloop
  endfacet
  facet normal -0.998803 -0.0489124 0
    outer loop
      vertex 32.488 0.245043 1.6
      vertex 32.5 0 0
      vertex 32.5 0 1.6
    endloop
  endfacet
  facet normal -0.969947 -0.243316 0
    outer loop
      vertex 32.452 0.487725 0
      vertex 32.3923 0.725711 1.6
      vertex 32.3923 0.725711 0
    endloop
  endfacet
  facet normal -0.969947 -0.243316 0
    outer loop
      vertex 32.3923 0.725711 1.6
      vertex 32.452 0.487725 0
      vertex 32.452 0.487725 1.6
    endloop
  endfacet
  facet normal 0.146726 0.989177 -0
    outer loop
      vertex 29.755 -2.48796 0
      vertex 29.5123 -2.45196 1.6
      vertex 29.755 -2.48796 1.6
    endloop
  endfacet
  facet normal 0.146726 0.989177 0
    outer loop
      vertex 29.5123 -2.45196 1.6
      vertex 29.755 -2.48796 0
      vertex 29.5123 -2.45196 0
    endloop
  endfacet
  facet normal -0.803095 -0.595851 0
    outer loop
      vertex 32.0787 1.38893 0
      vertex 31.9325 1.58598 1.6
      vertex 31.9325 1.58598 0
    endloop
  endfacet
  facet normal -0.803095 -0.595851 0
    outer loop
      vertex 31.9325 1.58598 1.6
      vertex 32.0787 1.38893 0
      vertex 32.0787 1.38893 1.6
    endloop
  endfacet
  facet normal 0.941482 0.337063 0
    outer loop
      vertex 27.6903 -0.956708 1.6
      vertex 27.6076 -0.725711 0
      vertex 27.6076 -0.725711 1.6
    endloop
  endfacet
  facet normal 0.941482 0.337063 0
    outer loop
      vertex 27.6076 -0.725711 0
      vertex 27.6903 -0.956708 1.6
      vertex 27.6903 -0.956708 0
    endloop
  endfacet
  facet normal 0.998803 -0.0489124 0
    outer loop
      vertex 27.5 0 1.6
      vertex 27.512 0.245043 0
      vertex 27.512 0.245043 1.6
    endloop
  endfacet
  facet normal 0.998803 -0.0489124 0
    outer loop
      vertex 27.512 0.245043 0
      vertex 27.5 0 1.6
      vertex 27.5 0 0
    endloop
  endfacet
  facet normal -0.998803 0.0489124 0
    outer loop
      vertex 32.488 -0.245043 0
      vertex 32.5 0 1.6
      vertex 32.5 0 0
    endloop
  endfacet
  facet normal -0.998803 0.0489124 0
    outer loop
      vertex 32.5 0 1.6
      vertex 32.488 -0.245043 0
      vertex 32.488 -0.245043 1.6
    endloop
  endfacet
  facet normal 0.803095 0.595851 0
    outer loop
      vertex 28.0675 -1.58598 1.6
      vertex 27.9213 -1.38893 0
      vertex 27.9213 -1.38893 1.6
    endloop
  endfacet
  facet normal 0.803095 0.595851 0
    outer loop
      vertex 27.9213 -1.38893 0
      vertex 28.0675 -1.58598 1.6
      vertex 28.0675 -1.58598 0
    endloop
  endfacet
  facet normal -0.514166 0.857691 0
    outer loop
      vertex 31.3889 -2.07867 0
      vertex 31.1785 -2.2048 1.6
      vertex 31.3889 -2.07867 1.6
    endloop
  endfacet
  facet normal -0.514166 0.857691 0
    outer loop
      vertex 31.1785 -2.2048 1.6
      vertex 31.3889 -2.07867 0
      vertex 31.1785 -2.2048 0
    endloop
  endfacet
  facet normal -0.427543 0.903995 0
    outer loop
      vertex 31.1785 -2.2048 0
      vertex 30.9567 -2.3097 1.6
      vertex 31.1785 -2.2048 1.6
    endloop
  endfacet
  facet normal -0.427543 0.903995 0
    outer loop
      vertex 30.9567 -2.3097 1.6
      vertex 31.1785 -2.2048 0
      vertex 30.9567 -2.3097 0
    endloop
  endfacet
  facet normal -0.803095 0.595851 0
    outer loop
      vertex 31.9325 -1.58598 0
      vertex 32.0787 -1.38893 1.6
      vertex 32.0787 -1.38893 0
    endloop
  endfacet
  facet normal -0.803095 0.595851 0
    outer loop
      vertex 32.0787 -1.38893 1.6
      vertex 31.9325 -1.58598 0
      vertex 31.9325 -1.58598 1.6
    endloop
  endfacet
  facet normal 0.242958 -0.970037 0
    outer loop
      vertex 29.2743 2.39235 0
      vertex 29.5123 2.45196 1.6
      vertex 29.2743 2.39235 1.6
    endloop
  endfacet
  facet normal 0.242958 -0.970037 0
    outer loop
      vertex 29.5123 2.45196 1.6
      vertex 29.2743 2.39235 0
      vertex 29.5123 2.45196 0
    endloop
  endfacet
  facet normal 0.970043 -0.242933 0
    outer loop
      vertex 27.548 0.487725 1.6
      vertex 27.6076 0.725711 0
      vertex 27.6076 0.725711 1.6
    endloop
  endfacet
  facet normal 0.970043 -0.242933 0
    outer loop
      vertex 27.6076 0.725711 0
      vertex 27.548 0.487725 1.6
      vertex 27.548 0.487725 0
    endloop
  endfacet
  facet normal 0.595596 -0.803284 0
    outer loop
      vertex 28.414 1.93253 0
      vertex 28.6111 2.07867 1.6
      vertex 28.414 1.93253 1.6
    endloop
  endfacet
  facet normal 0.595596 -0.803284 0
    outer loop
      vertex 28.6111 2.07867 1.6
      vertex 28.414 1.93253 0
      vertex 28.6111 2.07867 0
    endloop
  endfacet
  facet normal 0.741083 0.671414 0
    outer loop
      vertex 28.2322 -1.76777 1.6
      vertex 28.0675 -1.58598 0
      vertex 28.0675 -1.58598 1.6
    endloop
  endfacet
  facet normal 0.741083 0.671414 0
    outer loop
      vertex 28.0675 -1.58598 0
      vertex 28.2322 -1.76777 1.6
      vertex 28.2322 -1.76777 0
    endloop
  endfacet
  facet normal -0.0490836 -0.998795 0
    outer loop
      vertex 30 2.5 0
      vertex 30.245 2.48796 1.6
      vertex 30 2.5 1.6
    endloop
  endfacet
  facet normal -0.0490836 -0.998795 -0
    outer loop
      vertex 30.245 2.48796 1.6
      vertex 30 2.5 0
      vertex 30.245 2.48796 0
    endloop
  endfacet
  facet normal -0.242958 0.970037 0
    outer loop
      vertex 30.7257 -2.39235 0
      vertex 30.4877 -2.45196 1.6
      vertex 30.7257 -2.39235 1.6
    endloop
  endfacet
  facet normal -0.242958 0.970037 0
    outer loop
      vertex 30.4877 -2.45196 1.6
      vertex 30.7257 -2.39235 0
      vertex 30.4877 -2.45196 0
    endloop
  endfacet
  facet normal 0.941482 -0.337063 0
    outer loop
      vertex 27.6076 0.725711 1.6
      vertex 27.6903 0.956708 0
      vertex 27.6903 0.956708 1.6
    endloop
  endfacet
  facet normal 0.941482 -0.337063 0
    outer loop
      vertex 27.6903 0.956708 0
      vertex 27.6076 0.725711 1.6
      vertex 27.6076 0.725711 0
    endloop
  endfacet
  facet normal 0.242958 0.970037 -0
    outer loop
      vertex 29.5123 -2.45196 0
      vertex 29.2743 -2.39235 1.6
      vertex 29.5123 -2.45196 1.6
    endloop
  endfacet
  facet normal 0.242958 0.970037 0
    outer loop
      vertex 29.2743 -2.39235 1.6
      vertex 29.5123 -2.45196 0
      vertex 29.2743 -2.39235 0
    endloop
  endfacet
  facet normal -0.242958 -0.970037 0
    outer loop
      vertex 30.4877 2.45196 0
      vertex 30.7257 2.39235 1.6
      vertex 30.4877 2.45196 1.6
    endloop
  endfacet
  facet normal -0.242958 -0.970037 -0
    outer loop
      vertex 30.7257 2.39235 1.6
      vertex 30.4877 2.45196 0
      vertex 30.7257 2.39235 0
    endloop
  endfacet
  facet normal -0.514166 -0.857691 0
    outer loop
      vertex 31.1785 2.2048 0
      vertex 31.3889 2.07867 1.6
      vertex 31.1785 2.2048 1.6
    endloop
  endfacet
  facet normal -0.514166 -0.857691 -0
    outer loop
      vertex 31.3889 2.07867 1.6
      vertex 31.1785 2.2048 0
      vertex 31.3889 2.07867 0
    endloop
  endfacet
  facet normal -0.741083 -0.671414 0
    outer loop
      vertex 31.9325 1.58598 0
      vertex 31.7678 1.76777 1.6
      vertex 31.7678 1.76777 0
    endloop
  endfacet
  facet normal -0.741083 -0.671414 0
    outer loop
      vertex 31.7678 1.76777 1.6
      vertex 31.9325 1.58598 0
      vertex 31.9325 1.58598 1.6
    endloop
  endfacet
  facet normal 0.989176 -0.146737 0
    outer loop
      vertex 27.512 0.245043 1.6
      vertex 27.548 0.487725 0
      vertex 27.548 0.487725 1.6
    endloop
  endfacet
  facet normal 0.989176 -0.146737 0
    outer loop
      vertex 27.548 0.487725 0
      vertex 27.512 0.245043 1.6
      vertex 27.512 0.245043 0
    endloop
  endfacet
  facet normal -0.903982 0.427572 0
    outer loop
      vertex 32.2048 -1.17849 0
      vertex 32.3097 -0.956708 1.6
      vertex 32.3097 -0.956708 0
    endloop
  endfacet
  facet normal -0.903982 0.427572 0
    outer loop
      vertex 32.3097 -0.956708 1.6
      vertex 32.2048 -1.17849 0
      vertex 32.2048 -1.17849 1.6
    endloop
  endfacet
  facet normal 0.671528 -0.740979 0
    outer loop
      vertex 28.2322 1.76777 0
      vertex 28.414 1.93253 1.6
      vertex 28.2322 1.76777 1.6
    endloop
  endfacet
  facet normal 0.671528 -0.740979 0
    outer loop
      vertex 28.414 1.93253 1.6
      vertex 28.2322 1.76777 0
      vertex 28.414 1.93253 0
    endloop
  endfacet
  facet normal -0.903982 -0.427572 0
    outer loop
      vertex 32.3097 0.956708 0
      vertex 32.2048 1.17849 1.6
      vertex 32.2048 1.17849 0
    endloop
  endfacet
  facet normal -0.903982 -0.427572 0
    outer loop
      vertex 32.2048 1.17849 1.6
      vertex 32.3097 0.956708 0
      vertex 32.3097 0.956708 1.6
    endloop
  endfacet
  facet normal -0.671528 0.740979 0
    outer loop
      vertex 31.7678 -1.76777 0
      vertex 31.586 -1.93253 1.6
      vertex 31.7678 -1.76777 1.6
    endloop
  endfacet
  facet normal -0.671528 0.740979 0
    outer loop
      vertex 31.586 -1.93253 1.6
      vertex 31.7678 -1.76777 0
      vertex 31.586 -1.93253 0
    endloop
  endfacet
  facet normal -0.595596 -0.803284 0
    outer loop
      vertex 31.3889 2.07867 0
      vertex 31.586 1.93253 1.6
      vertex 31.3889 2.07867 1.6
    endloop
  endfacet
  facet normal -0.595596 -0.803284 -0
    outer loop
      vertex 31.586 1.93253 1.6
      vertex 31.3889 2.07867 0
      vertex 31.586 1.93253 0
    endloop
  endfacet
  facet normal -0.941611 -0.336702 0
    outer loop
      vertex 32.3923 0.725711 0
      vertex 32.3097 0.956708 1.6
      vertex 32.3097 0.956708 0
    endloop
  endfacet
  facet normal -0.941611 -0.336702 0
    outer loop
      vertex 32.3097 0.956708 1.6
      vertex 32.3923 0.725711 0
      vertex 32.3923 0.725711 1.6
    endloop
  endfacet
  facet normal -0.0490836 0.998795 0
    outer loop
      vertex 30.245 -2.48796 0
      vertex 30 -2.5 1.6
      vertex 30.245 -2.48796 1.6
    endloop
  endfacet
  facet normal -0.0490836 0.998795 0
    outer loop
      vertex 30 -2.5 1.6
      vertex 30.245 -2.48796 0
      vertex 30 -2.5 0
    endloop
  endfacet
  facet normal 0.514166 0.857691 -0
    outer loop
      vertex 28.8215 -2.2048 0
      vertex 28.6111 -2.07867 1.6
      vertex 28.8215 -2.2048 1.6
    endloop
  endfacet
  facet normal 0.514166 0.857691 0
    outer loop
      vertex 28.6111 -2.07867 1.6
      vertex 28.8215 -2.2048 0
      vertex 28.6111 -2.07867 0
    endloop
  endfacet
  facet normal -0.427543 -0.903995 0
    outer loop
      vertex 30.9567 2.3097 0
      vertex 31.1785 2.2048 1.6
      vertex 30.9567 2.3097 1.6
    endloop
  endfacet
  facet normal -0.427543 -0.903995 -0
    outer loop
      vertex 31.1785 2.2048 1.6
      vertex 30.9567 2.3097 0
      vertex 31.1785 2.2048 0
    endloop
  endfacet
  facet normal -0.857788 0.514004 0
    outer loop
      vertex 32.0787 -1.38893 0
      vertex 32.2048 -1.17849 1.6
      vertex 32.2048 -1.17849 0
    endloop
  endfacet
  facet normal -0.857788 0.514004 0
    outer loop
      vertex 32.2048 -1.17849 1.6
      vertex 32.0787 -1.38893 0
      vertex 32.0787 -1.38893 1.6
    endloop
  endfacet
  facet normal -0.969947 0.243316 0
    outer loop
      vertex 32.3923 -0.725711 0
      vertex 32.452 -0.487725 1.6
      vertex 32.452 -0.487725 0
    endloop
  endfacet
  facet normal -0.969947 0.243316 0
    outer loop
      vertex 32.452 -0.487725 1.6
      vertex 32.3923 -0.725711 0
      vertex 32.3923 -0.725711 1.6
    endloop
  endfacet
  facet normal 0.336879 -0.941548 0
    outer loop
      vertex 29.0433 2.3097 0
      vertex 29.2743 2.39235 1.6
      vertex 29.0433 2.3097 1.6
    endloop
  endfacet
  facet normal 0.336879 -0.941548 0
    outer loop
      vertex 29.2743 2.39235 1.6
      vertex 29.0433 2.3097 0
      vertex 29.2743 2.39235 0
    endloop
  endfacet
  facet normal 0.903982 0.427572 0
    outer loop
      vertex 27.7952 -1.17849 1.6
      vertex 27.6903 -0.956708 0
      vertex 27.6903 -0.956708 1.6
    endloop
  endfacet
  facet normal 0.903982 0.427572 0
    outer loop
      vertex 27.6903 -0.956708 0
      vertex 27.7952 -1.17849 1.6
      vertex 27.7952 -1.17849 0
    endloop
  endfacet
  facet normal -0.336879 -0.941548 0
    outer loop
      vertex 30.7257 2.39235 0
      vertex 30.9567 2.3097 1.6
      vertex 30.7257 2.39235 1.6
    endloop
  endfacet
  facet normal -0.336879 -0.941548 -0
    outer loop
      vertex 30.9567 2.3097 1.6
      vertex 30.7257 2.39235 0
      vertex 30.9567 2.3097 0
    endloop
  endfacet
  facet normal 0.514166 -0.857691 0
    outer loop
      vertex 28.6111 2.07867 0
      vertex 28.8215 2.2048 1.6
      vertex 28.6111 2.07867 1.6
    endloop
  endfacet
  facet normal 0.514166 -0.857691 0
    outer loop
      vertex 28.8215 2.2048 1.6
      vertex 28.6111 2.07867 0
      vertex 28.8215 2.2048 0
    endloop
  endfacet
  facet normal 0.146726 -0.989177 0
    outer loop
      vertex 29.5123 2.45196 0
      vertex 29.755 2.48796 1.6
      vertex 29.5123 2.45196 1.6
    endloop
  endfacet
  facet normal 0.146726 -0.989177 0
    outer loop
      vertex 29.755 2.48796 1.6
      vertex 29.5123 2.45196 0
      vertex 29.755 2.48796 0
    endloop
  endfacet
  facet normal 0.0490836 -0.998795 0
    outer loop
      vertex 29.755 2.48796 0
      vertex 30 2.5 1.6
      vertex 29.755 2.48796 1.6
    endloop
  endfacet
  facet normal 0.0490836 -0.998795 0
    outer loop
      vertex 30 2.5 1.6
      vertex 29.755 2.48796 0
      vertex 30 2.5 0
    endloop
  endfacet
  facet normal 0.427543 -0.903995 0
    outer loop
      vertex 28.8215 2.2048 0
      vertex 29.0433 2.3097 1.6
      vertex 28.8215 2.2048 1.6
    endloop
  endfacet
  facet normal 0.427543 -0.903995 0
    outer loop
      vertex 29.0433 2.3097 1.6
      vertex 28.8215 2.2048 0
      vertex 29.0433 2.3097 0
    endloop
  endfacet
  facet normal -0.989176 0.146737 0
    outer loop
      vertex 32.452 -0.487725 0
      vertex 32.488 -0.245043 1.6
      vertex 32.488 -0.245043 0
    endloop
  endfacet
  facet normal -0.989176 0.146737 0
    outer loop
      vertex 32.488 -0.245043 1.6
      vertex 32.452 -0.487725 0
      vertex 32.452 -0.487725 1.6
    endloop
  endfacet
  facet normal -0.741083 0.671414 0
    outer loop
      vertex 31.7678 -1.76777 0
      vertex 31.9325 -1.58598 1.6
      vertex 31.9325 -1.58598 0
    endloop
  endfacet
  facet normal -0.741083 0.671414 0
    outer loop
      vertex 31.9325 -1.58598 1.6
      vertex 31.7678 -1.76777 0
      vertex 31.7678 -1.76777 1.6
    endloop
  endfacet
  facet normal -0.857788 -0.514004 0
    outer loop
      vertex 32.2048 1.17849 0
      vertex 32.0787 1.38893 1.6
      vertex 32.0787 1.38893 0
    endloop
  endfacet
  facet normal -0.857788 -0.514004 0
    outer loop
      vertex 32.0787 1.38893 1.6
      vertex 32.2048 1.17849 0
      vertex 32.2048 1.17849 1.6
    endloop
  endfacet
  facet normal -0.941611 0.336702 0
    outer loop
      vertex 32.3097 -0.956708 0
      vertex 32.3923 -0.725711 1.6
      vertex 32.3923 -0.725711 0
    endloop
  endfacet
  facet normal -0.941611 0.336702 0
    outer loop
      vertex 32.3923 -0.725711 1.6
      vertex 32.3097 -0.956708 0
      vertex 32.3097 -0.956708 1.6
    endloop
  endfacet
  facet normal 0.989176 0.146737 0
    outer loop
      vertex 27.548 -0.487725 1.6
      vertex 27.512 -0.245043 0
      vertex 27.512 -0.245043 1.6
    endloop
  endfacet
  facet normal 0.989176 0.146737 0
    outer loop
      vertex 27.512 -0.245043 0
      vertex 27.548 -0.487725 1.6
      vertex 27.548 -0.487725 0
    endloop
  endfacet
  facet normal 0.427543 0.903995 -0
    outer loop
      vertex 29.0433 -2.3097 0
      vertex 28.8215 -2.2048 1.6
      vertex 29.0433 -2.3097 1.6
    endloop
  endfacet
  facet normal 0.427543 0.903995 0
    outer loop
      vertex 28.8215 -2.2048 1.6
      vertex 29.0433 -2.3097 0
      vertex 28.8215 -2.2048 0
    endloop
  endfacet
  facet normal 0.741083 -0.671414 0
    outer loop
      vertex 28.0675 1.58598 1.6
      vertex 28.2322 1.76777 0
      vertex 28.2322 1.76777 1.6
    endloop
  endfacet
  facet normal 0.741083 -0.671414 0
    outer loop
      vertex 28.2322 1.76777 0
      vertex 28.0675 1.58598 1.6
      vertex 28.0675 1.58598 0
    endloop
  endfacet
  facet normal -0.146726 0.989177 0
    outer loop
      vertex 30.4877 -2.45196 0
      vertex 30.245 -2.48796 1.6
      vertex 30.4877 -2.45196 1.6
    endloop
  endfacet
  facet normal -0.146726 0.989177 0
    outer loop
      vertex 30.245 -2.48796 1.6
      vertex 30.4877 -2.45196 0
      vertex 30.245 -2.48796 0
    endloop
  endfacet
  facet normal 0.857788 0.514004 0
    outer loop
      vertex 27.9213 -1.38893 1.6
      vertex 27.7952 -1.17849 0
      vertex 27.7952 -1.17849 1.6
    endloop
  endfacet
  facet normal 0.857788 0.514004 0
    outer loop
      vertex 27.7952 -1.17849 0
      vertex 27.9213 -1.38893 1.6
      vertex 27.9213 -1.38893 0
    endloop
  endfacet
  facet normal 0.803095 -0.595851 0
    outer loop
      vertex 27.9213 1.38893 1.6
      vertex 28.0675 1.58598 0
      vertex 28.0675 1.58598 1.6
    endloop
  endfacet
  facet normal 0.803095 -0.595851 0
    outer loop
      vertex 28.0675 1.58598 0
      vertex 27.9213 1.38893 1.6
      vertex 27.9213 1.38893 0
    endloop
  endfacet
  facet normal 0.970043 0.242933 0
    outer loop
      vertex 27.6076 -0.725711 1.6
      vertex 27.548 -0.487725 0
      vertex 27.548 -0.487725 1.6
    endloop
  endfacet
  facet normal 0.970043 0.242933 0
    outer loop
      vertex 27.548 -0.487725 0
      vertex 27.6076 -0.725711 1.6
      vertex 27.6076 -0.725711 0
    endloop
  endfacet
  facet normal -0.595596 0.803284 0
    outer loop
      vertex 31.586 -1.93253 0
      vertex 31.3889 -2.07867 1.6
      vertex 31.586 -1.93253 1.6
    endloop
  endfacet
  facet normal -0.595596 0.803284 0
    outer loop
      vertex 31.3889 -2.07867 1.6
      vertex 31.586 -1.93253 0
      vertex 31.3889 -2.07867 0
    endloop
  endfacet
  facet normal -0.671528 -0.740979 0
    outer loop
      vertex 31.586 1.93253 0
      vertex 31.7678 1.76777 1.6
      vertex 31.586 1.93253 1.6
    endloop
  endfacet
  facet normal -0.671528 -0.740979 -0
    outer loop
      vertex 31.7678 1.76777 1.6
      vertex 31.586 1.93253 0
      vertex 31.7678 1.76777 0
    endloop
  endfacet
  facet normal 0.336879 0.941548 -0
    outer loop
      vertex 29.2743 -2.39235 0
      vertex 29.0433 -2.3097 1.6
      vertex 29.2743 -2.39235 1.6
    endloop
  endfacet
  facet normal 0.336879 0.941548 0
    outer loop
      vertex 29.0433 -2.3097 1.6
      vertex 29.2743 -2.39235 0
      vertex 29.0433 -2.3097 0
    endloop
  endfacet
  facet normal 0.903982 -0.427572 0
    outer loop
      vertex 27.6903 0.956708 1.6
      vertex 27.7952 1.17849 0
      vertex 27.7952 1.17849 1.6
    endloop
  endfacet
  facet normal 0.903982 -0.427572 0
    outer loop
      vertex 27.7952 1.17849 0
      vertex 27.6903 0.956708 1.6
      vertex 27.6903 0.956708 0
    endloop
  endfacet
  facet normal 0.0490836 0.998795 -0
    outer loop
      vertex 30 -2.5 0
      vertex 29.755 -2.48796 1.6
      vertex 30 -2.5 1.6
    endloop
  endfacet
  facet normal 0.0490836 0.998795 0
    outer loop
      vertex 29.755 -2.48796 1.6
      vertex 30 -2.5 0
      vertex 29.755 -2.48796 0
    endloop
  endfacet
  facet normal 0.998803 0.0489124 0
    outer loop
      vertex 27.512 -0.245043 1.6
      vertex 27.5 0 0
      vertex 27.5 0 1.6
    endloop
  endfacet
  facet normal 0.998803 0.0489124 0
    outer loop
      vertex 27.5 0 0
      vertex 27.512 -0.245043 1.6
      vertex 27.512 -0.245043 0
    endloop
  endfacet
  facet normal 0.671528 0.740979 -0
    outer loop
      vertex 28.414 -1.93253 0
      vertex 28.2322 -1.76777 1.6
      vertex 28.414 -1.93253 1.6
    endloop
  endfacet
  facet normal 0.671528 0.740979 0
    outer loop
      vertex 28.2322 -1.76777 1.6
      vertex 28.414 -1.93253 0
      vertex 28.2322 -1.76777 0
    endloop
  endfacet
  facet normal 0.857788 -0.514004 0
    outer loop
      vertex 27.7952 1.17849 1.6
      vertex 27.9213 1.38893 0
      vertex 27.9213 1.38893 1.6
    endloop
  endfacet
  facet normal 0.857788 -0.514004 0
    outer loop
      vertex 27.9213 1.38893 0
      vertex 27.7952 1.17849 1.6
      vertex 27.7952 1.17849 0
    endloop
  endfacet
  facet normal -0.146726 -0.989177 0
    outer loop
      vertex 30.245 2.48796 0
      vertex 30.4877 2.45196 1.6
      vertex 30.245 2.48796 1.6
    endloop
  endfacet
  facet normal -0.146726 -0.989177 -0
    outer loop
      vertex 30.4877 2.45196 1.6
      vertex 30.245 2.48796 0
      vertex 30.4877 2.45196 0
    endloop
  endfacet
  facet normal 0.595596 0.803284 -0
    outer loop
      vertex 28.6111 -2.07867 0
      vertex 28.414 -1.93253 1.6
      vertex 28.6111 -2.07867 1.6
    endloop
  endfacet
  facet normal 0.595596 0.803284 0
    outer loop
      vertex 28.414 -1.93253 1.6
      vertex 28.6111 -2.07867 0
      vertex 28.414 -1.93253 0
    endloop
  endfacet
endsolid OpenSCAD_Model
