solid OpenSCAD_Model
  facet normal -0.376304 -0.926496 0
    outer loop
      vertex -16.6874 -26.8104 0
      vertex -13.547 -28.0859 2
      vertex -16.6874 -26.8104 2
    endloop
  endfacet
  facet normal -0.376304 -0.926496 -0
    outer loop
      vertex -13.547 -28.0859 2
      vertex -16.6874 -26.8104 0
      vertex -13.547 -28.0859 0
    endloop
  endfacet
  facet normal 0.614212 -0.789141 0
    outer loop
      vertex 22.4575 -23.4995 0
      vertex 25.0316 -21.496 2
      vertex 22.4575 -23.4995 2
    endloop
  endfacet
  facet normal 0.614212 -0.789141 0
    outer loop
      vertex 25.0316 -21.496 2
      vertex 22.4575 -23.4995 0
      vertex 25.0316 -21.496 0
    endloop
  endfacet
  facet normal 0.998367 -0.0571267 0
    outer loop
      vertex 35.2295 -2.97972 2
      vertex 35.4 0 0
      vertex 35.4 0 2
    endloop
  endfacet
  facet normal 0.998367 -0.0571267 0
    outer loop
      vertex 35.4 0 0
      vertex 35.2295 -2.97972 2
      vertex 35.2295 -2.97972 0
    endloop
  endfacet
  facet normal -0.998367 -0.0571267 0
    outer loop
      vertex -35.2295 -2.97972 0
      vertex -35.4 0 2
      vertex -35.4 0 0
    endloop
  endfacet
  facet normal -0.998367 -0.0571267 0
    outer loop
      vertex -35.4 0 2
      vertex -35.2295 -2.97972 0
      vertex -35.2295 -2.97972 2
    endloop
  endfacet
  facet normal 0.53721 0.843449 -0
    outer loop
      vertex 22.4575 23.4995 0
      vertex 19.6672 25.2767 2
      vertex 22.4575 23.4995 2
    endloop
  endfacet
  facet normal 0.53721 0.843449 0
    outer loop
      vertex 19.6672 25.2767 2
      vertex 22.4575 23.4995 0
      vertex 19.6672 25.2767 0
    endloop
  endfacet
  facet normal 0.98541 -0.170199 0
    outer loop
      vertex 34.7198 -5.93075 2
      vertex 35.2295 -2.97972 0
      vertex 35.2295 -2.97972 2
    endloop
  endfacet
  facet normal 0.98541 -0.170199 0
    outer loop
      vertex 35.2295 -2.97972 0
      vertex 34.7198 -5.93075 2
      vertex 34.7198 -5.93075 0
    endloop
  endfacet
  facet normal 0.376304 -0.926496 0
    outer loop
      vertex 13.547 -28.0859 0
      vertex 16.6874 -26.8104 2
      vertex 13.547 -28.0859 2
    endloop
  endfacet
  facet normal 0.376304 -0.926496 0
    outer loop
      vertex 16.6874 -26.8104 2
      vertex 13.547 -28.0859 0
      vertex 16.6874 -26.8104 0
    endloop
  endfacet
  facet normal -0.875941 -0.482419 0
    outer loop
      vertex -31.22 -14.3305 0
      vertex -32.7053 -11.6336 2
      vertex -32.7053 -11.6336 0
    endloop
  endfacet
  facet normal -0.875941 -0.482419 0
    outer loop
      vertex -32.7053 -11.6336 2
      vertex -31.22 -14.3305 0
      vertex -31.22 -14.3305 2
    endloop
  endfacet
  facet normal -0.457639 0.889138 0
    outer loop
      vertex -16.6874 26.8104 0
      vertex -19.6672 25.2767 2
      vertex -16.6874 26.8104 2
    endloop
  endfacet
  facet normal -0.457639 0.889138 0
    outer loop
      vertex -19.6672 25.2767 2
      vertex -16.6874 26.8104 0
      vertex -19.6672 25.2767 0
    endloop
  endfacet
  facet normal -0.53721 -0.843449 0
    outer loop
      vertex -22.4575 -23.4995 0
      vertex -19.6672 -25.2767 2
      vertex -22.4575 -23.4995 2
    endloop
  endfacet
  facet normal -0.53721 -0.843449 -0
    outer loop
      vertex -19.6672 -25.2767 2
      vertex -22.4575 -23.4995 0
      vertex -19.6672 -25.2767 0
    endloop
  endfacet
  facet normal 0.042155 0.999111 -0
    outer loop
      vertex 3.46981 30.2536 0
      vertex 0 30.4 2
      vertex 3.46981 30.2536 2
    endloop
  endfacet
  facet normal 0.042155 0.999111 0
    outer loop
      vertex 0 30.4 2
      vertex 3.46981 30.2536 0
      vertex 0 30.4 0
    endloop
  endfacet
  facet normal -0.126351 -0.991986 0
    outer loop
      vertex -6.9062 -29.8159 0
      vertex -3.46981 -30.2536 2
      vertex -6.9062 -29.8159 2
    endloop
  endfacet
  facet normal -0.126351 -0.991986 -0
    outer loop
      vertex -3.46981 -30.2536 2
      vertex -6.9062 -29.8159 0
      vertex -3.46981 -30.2536 0
    endloop
  endfacet
  facet normal 0.875941 -0.482419 0
    outer loop
      vertex 31.22 -14.3305 2
      vertex 32.7053 -11.6336 0
      vertex 32.7053 -11.6336 2
    endloop
  endfacet
  facet normal 0.875941 -0.482419 0
    outer loop
      vertex 32.7053 -11.6336 0
      vertex 31.22 -14.3305 2
      vertex 31.22 -14.3305 0
    endloop
  endfacet
  facet normal -0.042155 0.999111 0
    outer loop
      vertex 0 30.4 0
      vertex -3.46981 30.2536 2
      vertex 0 30.4 2
    endloop
  endfacet
  facet normal -0.042155 0.999111 0
    outer loop
      vertex -3.46981 30.2536 2
      vertex 0 30.4 0
      vertex -3.46981 30.2536 0
    endloop
  endfacet
  facet normal -0.998367 0.0571267 0
    outer loop
      vertex -35.4 0 0
      vertex -35.2295 2.97972 2
      vertex -35.2295 2.97972 0
    endloop
  endfacet
  facet normal -0.998367 0.0571267 0
    outer loop
      vertex -35.2295 2.97972 2
      vertex -35.4 0 0
      vertex -35.4 0 2
    endloop
  endfacet
  facet normal -0.923076 0.384617 0
    outer loop
      vertex -33.8757 8.82465 0
      vertex -32.7053 11.6336 2
      vertex -32.7053 11.6336 0
    endloop
  endfacet
  facet normal -0.923076 0.384617 0
    outer loop
      vertex -32.7053 11.6336 2
      vertex -33.8757 8.82465 0
      vertex -33.8757 8.82465 2
    endloop
  endfacet
  facet normal -0.923076 -0.384617 0
    outer loop
      vertex -32.7053 -11.6336 0
      vertex -33.8757 -8.82465 2
      vertex -33.8757 -8.82465 0
    endloop
  endfacet
  facet normal -0.923076 -0.384617 0
    outer loop
      vertex -33.8757 -8.82465 2
      vertex -32.7053 -11.6336 0
      vertex -32.7053 -11.6336 2
    endloop
  endfacet
  facet normal 0.293731 0.955888 -0
    outer loop
      vertex 13.547 28.0859 0
      vertex 10.2761 29.091 2
      vertex 13.547 28.0859 2
    endloop
  endfacet
  facet normal 0.293731 0.955888 0
    outer loop
      vertex 10.2761 29.091 2
      vertex 13.547 28.0859 0
      vertex 10.2761 29.091 0
    endloop
  endfacet
  facet normal -0.820008 0.572352 0
    outer loop
      vertex -31.22 14.3305 0
      vertex -29.434 16.8893 2
      vertex -29.434 16.8893 0
    endloop
  endfacet
  facet normal -0.820008 0.572352 0
    outer loop
      vertex -29.434 16.8893 2
      vertex -31.22 14.3305 0
      vertex -31.22 14.3305 2
    endloop
  endfacet
  facet normal -0.687776 -0.725923 0
    outer loop
      vertex -27.3646 -19.2856 0
      vertex -25.0316 -21.496 2
      vertex -27.3646 -19.2856 2
    endloop
  endfacet
  facet normal -0.687776 -0.725923 -0
    outer loop
      vertex -25.0316 -21.496 2
      vertex -27.3646 -19.2856 0
      vertex -25.0316 -21.496 0
    endloop
  endfacet
  facet normal -0.126351 0.991986 0
    outer loop
      vertex -3.46981 30.2536 0
      vertex -6.9062 29.8159 2
      vertex -3.46981 30.2536 2
    endloop
  endfacet
  facet normal -0.126351 0.991986 0
    outer loop
      vertex -6.9062 29.8159 2
      vertex -3.46981 30.2536 0
      vertex -6.9062 29.8159 0
    endloop
  endfacet
  facet normal 0.959996 -0.280014 0
    outer loop
      vertex 33.8757 -8.82465 2
      vertex 34.7198 -5.93075 0
      vertex 34.7198 -5.93075 2
    endloop
  endfacet
  facet normal 0.959996 -0.280014 0
    outer loop
      vertex 34.7198 -5.93075 0
      vertex 33.8757 -8.82465 2
      vertex 33.8757 -8.82465 0
    endloop
  endfacet
  facet normal -0.959996 0.280014 0
    outer loop
      vertex -34.7198 5.93075 0
      vertex -33.8757 8.82465 2
      vertex -33.8757 8.82465 0
    endloop
  endfacet
  facet normal -0.959996 0.280014 0
    outer loop
      vertex -33.8757 8.82465 2
      vertex -34.7198 5.93075 0
      vertex -34.7198 5.93075 2
    endloop
  endfacet
  facet normal 0.923076 -0.384617 0
    outer loop
      vertex 32.7053 -11.6336 2
      vertex 33.8757 -8.82465 0
      vertex 33.8757 -8.82465 2
    endloop
  endfacet
  facet normal 0.923076 -0.384617 0
    outer loop
      vertex 33.8757 -8.82465 0
      vertex 32.7053 -11.6336 2
      vertex 32.7053 -11.6336 0
    endloop
  endfacet
  facet normal 0.293731 -0.955888 0
    outer loop
      vertex 10.2761 -29.091 0
      vertex 13.547 -28.0859 2
      vertex 10.2761 -29.091 2
    endloop
  endfacet
  facet normal 0.293731 -0.955888 0
    outer loop
      vertex 13.547 -28.0859 2
      vertex 10.2761 -29.091 0
      vertex 13.547 -28.0859 0
    endloop
  endfacet
  facet normal 0.98541 0.170199 0
    outer loop
      vertex 35.2295 2.97972 2
      vertex 34.7198 5.93075 0
      vertex 34.7198 5.93075 2
    endloop
  endfacet
  facet normal 0.98541 0.170199 0
    outer loop
      vertex 34.7198 5.93075 0
      vertex 35.2295 2.97972 2
      vertex 35.2295 2.97972 0
    endloop
  endfacet
  facet normal 0.126351 0.991986 -0
    outer loop
      vertex 6.9062 29.8159 0
      vertex 3.46981 30.2536 2
      vertex 6.9062 29.8159 2
    endloop
  endfacet
  facet normal 0.126351 0.991986 0
    outer loop
      vertex 3.46981 30.2536 2
      vertex 6.9062 29.8159 0
      vertex 3.46981 30.2536 0
    endloop
  endfacet
  facet normal -0.2103 -0.977637 0
    outer loop
      vertex -10.2761 -29.091 0
      vertex -6.9062 -29.8159 2
      vertex -10.2761 -29.091 2
    endloop
  endfacet
  facet normal -0.2103 -0.977637 -0
    outer loop
      vertex -6.9062 -29.8159 2
      vertex -10.2761 -29.091 0
      vertex -6.9062 -29.8159 0
    endloop
  endfacet
  facet normal -0.98541 -0.170199 0
    outer loop
      vertex -34.7198 -5.93075 0
      vertex -35.2295 -2.97972 2
      vertex -35.2295 -2.97972 0
    endloop
  endfacet
  facet normal -0.98541 -0.170199 0
    outer loop
      vertex -35.2295 -2.97972 2
      vertex -34.7198 -5.93075 0
      vertex -34.7198 -5.93075 2
    endloop
  endfacet
  facet normal -0.457639 -0.889138 0
    outer loop
      vertex -19.6672 -25.2767 0
      vertex -16.6874 -26.8104 2
      vertex -19.6672 -25.2767 2
    endloop
  endfacet
  facet normal -0.457639 -0.889138 -0
    outer loop
      vertex -16.6874 -26.8104 2
      vertex -19.6672 -25.2767 0
      vertex -16.6874 -26.8104 0
    endloop
  endfacet
  facet normal 0.126351 -0.991986 0
    outer loop
      vertex 3.46981 -30.2536 0
      vertex 6.9062 -29.8159 2
      vertex 3.46981 -30.2536 2
    endloop
  endfacet
  facet normal 0.126351 -0.991986 0
    outer loop
      vertex 6.9062 -29.8159 2
      vertex 3.46981 -30.2536 0
      vertex 6.9062 -29.8159 0
    endloop
  endfacet
  facet normal -0.687776 0.725923 0
    outer loop
      vertex -25.0316 21.496 0
      vertex -27.3646 19.2856 2
      vertex -25.0316 21.496 2
    endloop
  endfacet
  facet normal -0.687776 0.725923 0
    outer loop
      vertex -27.3646 19.2856 2
      vertex -25.0316 21.496 0
      vertex -27.3646 19.2856 0
    endloop
  endfacet
  facet normal 0.2103 -0.977637 0
    outer loop
      vertex 6.9062 -29.8159 0
      vertex 10.2761 -29.091 2
      vertex 6.9062 -29.8159 2
    endloop
  endfacet
  facet normal 0.2103 -0.977637 0
    outer loop
      vertex 10.2761 -29.091 2
      vertex 6.9062 -29.8159 0
      vertex 10.2761 -29.091 0
    endloop
  endfacet
  facet normal 0.875941 0.482419 0
    outer loop
      vertex 32.7053 11.6336 2
      vertex 31.22 14.3305 0
      vertex 31.22 14.3305 2
    endloop
  endfacet
  facet normal 0.875941 0.482419 0
    outer loop
      vertex 31.22 14.3305 0
      vertex 32.7053 11.6336 2
      vertex 32.7053 11.6336 0
    endloop
  endfacet
  facet normal 0.457639 0.889138 -0
    outer loop
      vertex 19.6672 25.2767 0
      vertex 16.6874 26.8104 2
      vertex 19.6672 25.2767 2
    endloop
  endfacet
  facet normal 0.457639 0.889138 0
    outer loop
      vertex 16.6874 26.8104 2
      vertex 19.6672 25.2767 0
      vertex 16.6874 26.8104 0
    endloop
  endfacet
  facet normal 0.998367 0.0571267 0
    outer loop
      vertex 35.4 0 2
      vertex 35.2295 2.97972 0
      vertex 35.2295 2.97972 2
    endloop
  endfacet
  facet normal 0.998367 0.0571267 0
    outer loop
      vertex 35.2295 2.97972 0
      vertex 35.4 0 2
      vertex 35.4 0 0
    endloop
  endfacet
  facet normal 0.2103 0.977637 -0
    outer loop
      vertex 10.2761 29.091 0
      vertex 6.9062 29.8159 2
      vertex 10.2761 29.091 2
    endloop
  endfacet
  facet normal 0.2103 0.977637 0
    outer loop
      vertex 6.9062 29.8159 2
      vertex 10.2761 29.091 0
      vertex 6.9062 29.8159 0
    endloop
  endfacet
  facet normal 0.959996 0.280014 0
    outer loop
      vertex 34.7198 5.93075 2
      vertex 33.8757 8.82465 0
      vertex 33.8757 8.82465 2
    endloop
  endfacet
  facet normal 0.959996 0.280014 0
    outer loop
      vertex 33.8757 8.82465 0
      vertex 34.7198 5.93075 2
      vertex 34.7198 5.93075 0
    endloop
  endfacet
  facet normal -0.959996 -0.280014 0
    outer loop
      vertex -33.8757 -8.82465 0
      vertex -34.7198 -5.93075 2
      vertex -34.7198 -5.93075 0
    endloop
  endfacet
  facet normal -0.959996 -0.280014 0
    outer loop
      vertex -34.7198 -5.93075 2
      vertex -33.8757 -8.82465 0
      vertex -33.8757 -8.82465 2
    endloop
  endfacet
  facet normal 0.756844 -0.653596 0
    outer loop
      vertex 27.3646 -19.2856 2
      vertex 29.434 -16.8893 0
      vertex 29.434 -16.8893 2
    endloop
  endfacet
  facet normal 0.756844 -0.653596 0
    outer loop
      vertex 29.434 -16.8893 0
      vertex 27.3646 -19.2856 2
      vertex 27.3646 -19.2856 0
    endloop
  endfacet
  facet normal -0.98541 0.170199 0
    outer loop
      vertex -35.2295 2.97972 0
      vertex -34.7198 5.93075 2
      vertex -34.7198 5.93075 0
    endloop
  endfacet
  facet normal -0.98541 0.170199 0
    outer loop
      vertex -34.7198 5.93075 2
      vertex -35.2295 2.97972 0
      vertex -35.2295 2.97972 2
    endloop
  endfacet
  facet normal 0.820008 -0.572352 0
    outer loop
      vertex 29.434 -16.8893 2
      vertex 31.22 -14.3305 0
      vertex 31.22 -14.3305 2
    endloop
  endfacet
  facet normal 0.820008 -0.572352 0
    outer loop
      vertex 31.22 -14.3305 0
      vertex 29.434 -16.8893 2
      vertex 29.434 -16.8893 0
    endloop
  endfacet
  facet normal 0.614212 0.789141 -0
    outer loop
      vertex 25.0316 21.496 0
      vertex 22.4575 23.4995 2
      vertex 25.0316 21.496 2
    endloop
  endfacet
  facet normal 0.614212 0.789141 0
    outer loop
      vertex 22.4575 23.4995 2
      vertex 25.0316 21.496 0
      vertex 22.4575 23.4995 0
    endloop
  endfacet
  facet normal 0 0 -1
    outer loop
      vertex -12.7513 15.5375 0
      vertex -16.9627 18.3085 0
      vertex -16.9555 18.4555 0
    endloop
  endfacet
  facet normal 0 0 -1
    outer loop
      vertex -15.5375 12.7513 0
      vertex -16.9843 18.1629 0
      vertex -16.9627 18.3085 0
    endloop
  endfacet
  facet normal 0 0 -1
    outer loop
      vertex -15.5375 12.7513 0
      vertex -17.0201 18.0201 0
      vertex -16.9843 18.1629 0
    endloop
  endfacet
  facet normal 0 0 -1
    outer loop
      vertex -15.5375 12.7513 0
      vertex -17.0697 17.8815 0
      vertex -17.0201 18.0201 0
    endloop
  endfacet
  facet normal 0 0 -1
    outer loop
      vertex -15.5375 12.7513 0
      vertex -17.1326 17.7484 0
      vertex -17.0697 17.8815 0
    endloop
  endfacet
  facet normal 0 0 -1
    outer loop
      vertex -15.5375 12.7513 0
      vertex -17.2083 17.6221 0
      vertex -17.1326 17.7484 0
    endloop
  endfacet
  facet normal 0 0 -1
    outer loop
      vertex -15.5375 12.7513 0
      vertex -17.296 17.5039 0
      vertex -17.2083 17.6221 0
    endloop
  endfacet
  facet normal 0 0 -1
    outer loop
      vertex -15.5375 12.7513 0
      vertex -17.3948 17.3948 0
      vertex -17.296 17.5039 0
    endloop
  endfacet
  facet normal 0 0 -1
    outer loop
      vertex -15.5375 12.7513 0
      vertex -17.5039 17.296 0
      vertex -17.3948 17.3948 0
    endloop
  endfacet
  facet normal 0 0 -1
    outer loop
      vertex -15.5375 12.7513 0
      vertex -17.6221 17.2083 0
      vertex -17.5039 17.296 0
    endloop
  endfacet
  facet normal 0 0 -1
    outer loop
      vertex -19.1626 17.1326 0
      vertex -16.7125 11.167 0
      vertex -17.7266 9.47507 0
    endloop
  endfacet
  facet normal 0 0 -1
    outer loop
      vertex -15.5375 12.7513 0
      vertex -17.7484 17.1326 0
      vertex -17.6221 17.2083 0
    endloop
  endfacet
  facet normal 0 0 -1
    outer loop
      vertex -15.5375 12.7513 0
      vertex -17.8815 17.0697 0
      vertex -17.7484 17.1326 0
    endloop
  endfacet
  facet normal 0 0 -1
    outer loop
      vertex -15.5375 12.7513 0
      vertex -18.0201 17.0201 0
      vertex -17.8815 17.0697 0
    endloop
  endfacet
  facet normal 0 0 -1
    outer loop
      vertex -15.5375 12.7513 0
      vertex -18.1629 16.9843 0
      vertex -18.0201 17.0201 0
    endloop
  endfacet
  facet normal 0 0 -1
    outer loop
      vertex -15.5375 12.7513 0
      vertex -18.3085 16.9627 0
      vertex -18.1629 16.9843 0
    endloop
  endfacet
  facet normal 0 0 -1
    outer loop
      vertex -15.5375 12.7513 0
      vertex -18.4555 16.9555 0
      vertex -18.3085 16.9627 0
    endloop
  endfacet
  facet normal 0 0 -1
    outer loop
      vertex -29.434 16.8893 0
      vertex -17.7266 9.47507 0
      vertex -18.57 7.69194 0
    endloop
  endfacet
  facet normal 0 0 -1
    outer loop
      vertex -16.7125 11.167 0
      vertex -18.6025 16.9627 0
      vertex -18.4555 16.9555 0
    endloop
  endfacet
  facet normal 0 0 -1
    outer loop
      vertex -16.7125 11.167 0
      vertex -18.7481 16.9843 0
      vertex -18.6025 16.9627 0
    endloop
  endfacet
  facet normal 0 0 -1
    outer loop
      vertex -16.7125 11.167 0
      vertex -18.8909 17.0201 0
      vertex -18.7481 16.9843 0
    endloop
  endfacet
  facet normal 0 0 -1
    outer loop
      vertex -16.7125 11.167 0
      vertex -19.0295 17.0697 0
      vertex -18.8909 17.0201 0
    endloop
  endfacet
  facet normal 0 0 -1
    outer loop
      vertex -16.7125 11.167 0
      vertex -19.1626 17.1326 0
      vertex -19.0295 17.0697 0
    endloop
  endfacet
  facet normal 0 0 -1
    outer loop
      vertex -26.1 2 0
      vertex -18.57 7.69194 0
      vertex -19.2345 5.83472 0
    endloop
  endfacet
  facet normal 0 0 -1
    outer loop
      vertex -17.7266 9.47507 0
      vertex -19.2888 17.2083 0
      vertex -19.1626 17.1326 0
    endloop
  endfacet
  facet normal 0 0 -1
    outer loop
      vertex -17.7266 9.47507 0
      vertex -19.4071 17.296 0
      vertex -19.2888 17.2083 0
    endloop
  endfacet
  facet normal 0 0 -1
    outer loop
      vertex -17.7266 9.47507 0
      vertex -29.434 16.8893 0
      vertex -19.4071 17.296 0
    endloop
  endfacet
  facet normal -0 0 -1
    outer loop
      vertex -19.4071 17.296 0
      vertex -29.434 16.8893 0
      vertex -19.5161 17.3948 0
    endloop
  endfacet
  facet normal -0 0 -1
    outer loop
      vertex -19.5161 17.3948 0
      vertex -29.434 16.8893 0
      vertex -19.615 17.5039 0
    endloop
  endfacet
  facet normal 0 0 -1
    outer loop
      vertex -22.1 2 0
      vertex -19.2345 5.83472 0
      vertex -19.7138 3.92132 0
    endloop
  endfacet
  facet normal 0 0 -1
    outer loop
      vertex -18.57 7.69194 0
      vertex -31.22 14.3305 0
      vertex -29.434 16.8893 0
    endloop
  endfacet
  facet normal -0 0 -1
    outer loop
      vertex -19.615 17.5039 0
      vertex -29.434 16.8893 0
      vertex -19.7027 17.6221 0
    endloop
  endfacet
  facet normal 0 -0 -1
    outer loop
      vertex -27.3646 19.2856 0
      vertex -19.7027 17.6221 0
      vertex -29.434 16.8893 0
    endloop
  endfacet
  facet normal 0 0 -1
    outer loop
      vertex -19.7027 17.6221 0
      vertex -27.3646 19.2856 0
      vertex -19.7784 17.7484 0
    endloop
  endfacet
  facet normal 0 0 -1
    outer loop
      vertex -19.8413 17.8815 0
      vertex -27.3646 19.2856 0
      vertex -19.8909 18.0201 0
    endloop
  endfacet
  facet normal 0 0 -1
    outer loop
      vertex -19.8909 18.0201 0
      vertex -27.3646 19.2856 0
      vertex -19.9267 18.1629 0
    endloop
  endfacet
  facet normal 0 0 -1
    outer loop
      vertex -22.1 2 0
      vertex -19.7138 3.92132 0
      vertex -20.0032 1.97014 0
    endloop
  endfacet
  facet normal 0 0 -1
    outer loop
      vertex -17.0697 -17.8815 0
      vertex -12.7513 -15.5375 0
      vertex -17.0201 -18.0201 0
    endloop
  endfacet
  facet normal 0 0 -1
    outer loop
      vertex -17.1326 -17.7484 0
      vertex -12.7513 -15.5375 0
      vertex -17.0697 -17.8815 0
    endloop
  endfacet
  facet normal -0 0 -1
    outer loop
      vertex -12.7513 -15.5375 0
      vertex -17.1326 -17.7484 0
      vertex -14.2128 -14.2128 0
    endloop
  endfacet
  facet normal 0 0 -1
    outer loop
      vertex -17.2083 -17.6221 0
      vertex -14.2128 -14.2128 0
      vertex -17.1326 -17.7484 0
    endloop
  endfacet
  facet normal 0 0 -1
    outer loop
      vertex -17.296 -17.5039 0
      vertex -14.2128 -14.2128 0
      vertex -17.2083 -17.6221 0
    endloop
  endfacet
  facet normal 0 0 -1
    outer loop
      vertex -17.3948 -17.3948 0
      vertex -14.2128 -14.2128 0
      vertex -17.296 -17.5039 0
    endloop
  endfacet
  facet normal 0 0 -1
    outer loop
      vertex -17.5039 -17.296 0
      vertex -14.2128 -14.2128 0
      vertex -17.3948 -17.3948 0
    endloop
  endfacet
  facet normal 0 0 -1
    outer loop
      vertex -17.6221 -17.2083 0
      vertex -14.2128 -14.2128 0
      vertex -17.5039 -17.296 0
    endloop
  endfacet
  facet normal 0 0 -1
    outer loop
      vertex -17.7484 -17.1326 0
      vertex -14.2128 -14.2128 0
      vertex -17.6221 -17.2083 0
    endloop
  endfacet
  facet normal -0 0 -1
    outer loop
      vertex -14.2128 -14.2128 0
      vertex -17.7484 -17.1326 0
      vertex -15.5375 -12.7513 0
    endloop
  endfacet
  facet normal 0 0 -1
    outer loop
      vertex -17.8815 -17.0697 0
      vertex -15.5375 -12.7513 0
      vertex -17.7484 -17.1326 0
    endloop
  endfacet
  facet normal 0 0 -1
    outer loop
      vertex -18.0201 -17.0201 0
      vertex -15.5375 -12.7513 0
      vertex -17.8815 -17.0697 0
    endloop
  endfacet
  facet normal 0 0 -1
    outer loop
      vertex -18.1629 -16.9843 0
      vertex -15.5375 -12.7513 0
      vertex -18.0201 -17.0201 0
    endloop
  endfacet
  facet normal 0 0 -1
    outer loop
      vertex -18.3085 -16.9627 0
      vertex -15.5375 -12.7513 0
      vertex -18.1629 -16.9843 0
    endloop
  endfacet
  facet normal 0 0 -1
    outer loop
      vertex -18.4555 -16.9555 0
      vertex -15.5375 -12.7513 0
      vertex -18.3085 -16.9627 0
    endloop
  endfacet
  facet normal -0 0 -1
    outer loop
      vertex -15.5375 -12.7513 0
      vertex -18.4555 -16.9555 0
      vertex -16.7125 -11.167 0
    endloop
  endfacet
  facet normal 0 0 -1
    outer loop
      vertex -18.6025 -16.9627 0
      vertex -16.7125 -11.167 0
      vertex -18.4555 -16.9555 0
    endloop
  endfacet
  facet normal 0 0 -1
    outer loop
      vertex -18.7481 -16.9843 0
      vertex -16.7125 -11.167 0
      vertex -18.6025 -16.9627 0
    endloop
  endfacet
  facet normal 0 0 -1
    outer loop
      vertex -18.8909 -17.0201 0
      vertex -16.7125 -11.167 0
      vertex -18.7481 -16.9843 0
    endloop
  endfacet
  facet normal 0 0 -1
    outer loop
      vertex -19.0295 -17.0697 0
      vertex -16.7125 -11.167 0
      vertex -18.8909 -17.0201 0
    endloop
  endfacet
  facet normal 0 0 -1
    outer loop
      vertex -19.1626 -17.1326 0
      vertex -16.7125 -11.167 0
      vertex -19.0295 -17.0697 0
    endloop
  endfacet
  facet normal -0 0 -1
    outer loop
      vertex -16.7125 -11.167 0
      vertex -19.1626 -17.1326 0
      vertex -17.7266 -9.47507 0
    endloop
  endfacet
  facet normal 0 0 -1
    outer loop
      vertex -19.2888 -17.2083 0
      vertex -17.7266 -9.47507 0
      vertex -19.1626 -17.1326 0
    endloop
  endfacet
  facet normal 0 0 -1
    outer loop
      vertex -19.4071 -17.296 0
      vertex -17.7266 -9.47507 0
      vertex -19.2888 -17.2083 0
    endloop
  endfacet
  facet normal 0 0 -1
    outer loop
      vertex -29.434 -16.8893 0
      vertex -17.7266 -9.47507 0
      vertex -19.4071 -17.296 0
    endloop
  endfacet
  facet normal -0 0 -1
    outer loop
      vertex -17.7266 -9.47507 0
      vertex -29.434 -16.8893 0
      vertex -18.57 -7.69194 0
    endloop
  endfacet
  facet normal 0 0 -1
    outer loop
      vertex -29.434 -16.8893 0
      vertex -19.4071 -17.296 0
      vertex -19.5161 -17.3948 0
    endloop
  endfacet
  facet normal 0 0 -1
    outer loop
      vertex -29.434 -16.8893 0
      vertex -19.5161 -17.3948 0
      vertex -19.615 -17.5039 0
    endloop
  endfacet
  facet normal 0 0 -1
    outer loop
      vertex -29.434 -16.8893 0
      vertex -19.615 -17.5039 0
      vertex -19.7027 -17.6221 0
    endloop
  endfacet
  facet normal 0 0 -1
    outer loop
      vertex -31.22 -14.3305 0
      vertex -18.57 -7.69194 0
      vertex -29.434 -16.8893 0
    endloop
  endfacet
  facet normal 0 0 -1
    outer loop
      vertex -27.3646 -19.2856 0
      vertex -19.7027 -17.6221 0
      vertex -19.7784 -17.7484 0
    endloop
  endfacet
  facet normal 0 0 -1
    outer loop
      vertex -27.3646 -19.2856 0
      vertex -19.7784 -17.7484 0
      vertex -19.8413 -17.8815 0
    endloop
  endfacet
  facet normal 0 0 -1
    outer loop
      vertex -27.3646 -19.2856 0
      vertex -19.8413 -17.8815 0
      vertex -19.8909 -18.0201 0
    endloop
  endfacet
  facet normal 0 0 -1
    outer loop
      vertex -27.3646 -19.2856 0
      vertex -19.8909 -18.0201 0
      vertex -19.9267 -18.1629 0
    endloop
  endfacet
  facet normal 0 0 -1
    outer loop
      vertex -27.3646 -19.2856 0
      vertex -19.9267 -18.1629 0
      vertex -19.9483 -18.3085 0
    endloop
  endfacet
  facet normal 0 0 -1
    outer loop
      vertex -25.0316 -21.496 0
      vertex -19.9483 -18.3085 0
      vertex -19.9555 -18.4555 0
    endloop
  endfacet
  facet normal 0 0 -1
    outer loop
      vertex -32.7053 -11.6336 0
      vertex -18.57 -7.69194 0
      vertex -31.22 -14.3305 0
    endloop
  endfacet
  facet normal 0 0 -1
    outer loop
      vertex 25.0316 21.496 0
      vertex 19.9483 18.3085 0
      vertex 19.9555 18.4555 0
    endloop
  endfacet
  facet normal 0 0 -1
    outer loop
      vertex 31.22 14.3305 0
      vertex 19.9267 18.1629 0
      vertex 19.9483 18.3085 0
    endloop
  endfacet
  facet normal 0 0 -1
    outer loop
      vertex 18.57 7.69194 0
      vertex 32.7053 11.6336 0
      vertex 19.2345 5.83472 0
    endloop
  endfacet
  facet normal 0 0 -1
    outer loop
      vertex 31.22 14.3305 0
      vertex 19.8909 18.0201 0
      vertex 19.9267 18.1629 0
    endloop
  endfacet
  facet normal -0 0 -1
    outer loop
      vertex 32.7053 11.6336 0
      vertex 18.57 7.69194 0
      vertex 31.22 14.3305 0
    endloop
  endfacet
  facet normal 0 0 -1
    outer loop
      vertex 31.22 14.3305 0
      vertex 19.8413 17.8815 0
      vertex 19.8909 18.0201 0
    endloop
  endfacet
  facet normal 0 0 -1
    outer loop
      vertex 31.22 14.3305 0
      vertex 19.7784 17.7484 0
      vertex 19.8413 17.8815 0
    endloop
  endfacet
  facet normal 0 0 -1
    outer loop
      vertex 17.7266 9.47507 0
      vertex 31.22 14.3305 0
      vertex 18.57 7.69194 0
    endloop
  endfacet
  facet normal 0 0 -1
    outer loop
      vertex 31.22 14.3305 0
      vertex 19.7027 17.6221 0
      vertex 19.7784 17.7484 0
    endloop
  endfacet
  facet normal 0 0 -1
    outer loop
      vertex 31.22 14.3305 0
      vertex 19.615 17.5039 0
      vertex 19.7027 17.6221 0
    endloop
  endfacet
  facet normal 0 0 -1
    outer loop
      vertex 31.22 14.3305 0
      vertex 19.5161 17.3948 0
      vertex 19.615 17.5039 0
    endloop
  endfacet
  facet normal -0 0 -1
    outer loop
      vertex 31.22 14.3305 0
      vertex 17.7266 9.47507 0
      vertex 19.5161 17.3948 0
    endloop
  endfacet
  facet normal 0 0 -1
    outer loop
      vertex 19.5161 17.3948 0
      vertex 17.7266 9.47507 0
      vertex 19.4071 17.296 0
    endloop
  endfacet
  facet normal 0 0 -1
    outer loop
      vertex 19.4071 17.296 0
      vertex 17.7266 9.47507 0
      vertex 19.2888 17.2083 0
    endloop
  endfacet
  facet normal 0 0 -1
    outer loop
      vertex 19.2888 17.2083 0
      vertex 17.7266 9.47507 0
      vertex 19.1626 17.1326 0
    endloop
  endfacet
  facet normal 0 0 -1
    outer loop
      vertex 16.7125 11.167 0
      vertex 19.1626 17.1326 0
      vertex 17.7266 9.47507 0
    endloop
  endfacet
  facet normal 0 0 -1
    outer loop
      vertex 19.1626 17.1326 0
      vertex 16.7125 11.167 0
      vertex 19.0295 17.0697 0
    endloop
  endfacet
  facet normal 0 0 -1
    outer loop
      vertex 19.0295 17.0697 0
      vertex 16.7125 11.167 0
      vertex 18.8909 17.0201 0
    endloop
  endfacet
  facet normal 0 0 -1
    outer loop
      vertex 18.8909 17.0201 0
      vertex 16.7125 11.167 0
      vertex 18.7481 16.9843 0
    endloop
  endfacet
  facet normal 0 0 -1
    outer loop
      vertex 18.7481 16.9843 0
      vertex 16.7125 11.167 0
      vertex 18.6025 16.9627 0
    endloop
  endfacet
  facet normal 0 0 -1
    outer loop
      vertex 18.6025 16.9627 0
      vertex 16.7125 11.167 0
      vertex 18.4555 16.9555 0
    endloop
  endfacet
  facet normal 0 0 -1
    outer loop
      vertex 15.5375 12.7513 0
      vertex 18.4555 16.9555 0
      vertex 16.7125 11.167 0
    endloop
  endfacet
  facet normal -0 0 -1
    outer loop
      vertex 18.4555 16.9555 0
      vertex 15.5375 12.7513 0
      vertex 18.3085 16.9627 0
    endloop
  endfacet
  facet normal -0 0 -1
    outer loop
      vertex 18.3085 16.9627 0
      vertex 15.5375 12.7513 0
      vertex 18.1629 16.9843 0
    endloop
  endfacet
  facet normal -0 0 -1
    outer loop
      vertex 18.1629 16.9843 0
      vertex 15.5375 12.7513 0
      vertex 18.0201 17.0201 0
    endloop
  endfacet
  facet normal -0 0 -1
    outer loop
      vertex 18.0201 17.0201 0
      vertex 15.5375 12.7513 0
      vertex 17.8815 17.0697 0
    endloop
  endfacet
  facet normal -0 0 -1
    outer loop
      vertex 17.8815 17.0697 0
      vertex 15.5375 12.7513 0
      vertex 17.7484 17.1326 0
    endloop
  endfacet
  facet normal 0 0 -1
    outer loop
      vertex 14.2128 14.2128 0
      vertex 17.7484 17.1326 0
      vertex 15.5375 12.7513 0
    endloop
  endfacet
  facet normal -0 0 -1
    outer loop
      vertex 17.7484 17.1326 0
      vertex 14.2128 14.2128 0
      vertex 17.6221 17.2083 0
    endloop
  endfacet
  facet normal -0 0 -1
    outer loop
      vertex 17.6221 17.2083 0
      vertex 14.2128 14.2128 0
      vertex 17.5039 17.296 0
    endloop
  endfacet
  facet normal -0 0 -1
    outer loop
      vertex 17.5039 17.296 0
      vertex 14.2128 14.2128 0
      vertex 17.3948 17.3948 0
    endloop
  endfacet
  facet normal -0 0 -1
    outer loop
      vertex 17.3948 17.3948 0
      vertex 14.2128 14.2128 0
      vertex 17.296 17.5039 0
    endloop
  endfacet
  facet normal -0 0 -1
    outer loop
      vertex 17.296 17.5039 0
      vertex 14.2128 14.2128 0
      vertex 17.2083 17.6221 0
    endloop
  endfacet
  facet normal -0 0 -1
    outer loop
      vertex 17.2083 17.6221 0
      vertex 14.2128 14.2128 0
      vertex 17.1326 17.7484 0
    endloop
  endfacet
  facet normal 0 0 -1
    outer loop
      vertex 12.7513 15.5375 0
      vertex 17.1326 17.7484 0
      vertex 14.2128 14.2128 0
    endloop
  endfacet
  facet normal -0 0 -1
    outer loop
      vertex 17.0697 17.8815 0
      vertex 12.7513 15.5375 0
      vertex 17.0201 18.0201 0
    endloop
  endfacet
  facet normal -0 0 -1
    outer loop
      vertex 17.1326 17.7484 0
      vertex 12.7513 15.5375 0
      vertex 17.0697 17.8815 0
    endloop
  endfacet
  facet normal 0 0 -1
    outer loop
      vertex 20.1 0 0
      vertex 35.4 0 0
      vertex 35.2295 -2.97972 0
    endloop
  endfacet
  facet normal 0 0 -1
    outer loop
      vertex 20.0032 -1.97014 0
      vertex 35.2295 -2.97972 0
      vertex 34.7198 -5.93075 0
    endloop
  endfacet
  facet normal 0 0 -1
    outer loop
      vertex 35.4 0 0
      vertex 20.1 0 0
      vertex 35.2295 2.97972 0
    endloop
  endfacet
  facet normal 0 0 -1
    outer loop
      vertex 19.7138 -3.92132 0
      vertex 34.7198 -5.93075 0
      vertex 33.8757 -8.82465 0
    endloop
  endfacet
  facet normal 0 0 -1
    outer loop
      vertex 20.0032 1.97014 0
      vertex 35.2295 2.97972 0
      vertex 20.1 0 0
    endloop
  endfacet
  facet normal 0 0 -1
    outer loop
      vertex 19.2345 -5.83472 0
      vertex 33.8757 -8.82465 0
      vertex 32.7053 -11.6336 0
    endloop
  endfacet
  facet normal -0 0 -1
    outer loop
      vertex 35.2295 2.97972 0
      vertex 20.0032 1.97014 0
      vertex 34.7198 5.93075 0
    endloop
  endfacet
  facet normal 0 0 -1
    outer loop
      vertex 18.57 -7.69194 0
      vertex 32.7053 -11.6336 0
      vertex 31.22 -14.3305 0
    endloop
  endfacet
  facet normal 0 0 -1
    outer loop
      vertex 19.7138 3.92132 0
      vertex 34.7198 5.93075 0
      vertex 20.0032 1.97014 0
    endloop
  endfacet
  facet normal 0 0 -1
    outer loop
      vertex 18.57 -7.69194 0
      vertex 31.22 -14.3305 0
      vertex 29.434 -16.8893 0
    endloop
  endfacet
  facet normal -0 0 -1
    outer loop
      vertex 34.7198 5.93075 0
      vertex 19.7138 3.92132 0
      vertex 33.8757 8.82465 0
    endloop
  endfacet
  facet normal 0 0 -1
    outer loop
      vertex 19.7027 -17.6221 0
      vertex 29.434 -16.8893 0
      vertex 27.3646 -19.2856 0
    endloop
  endfacet
  facet normal 0 0 -1
    outer loop
      vertex 19.2345 5.83472 0
      vertex 33.8757 8.82465 0
      vertex 19.7138 3.92132 0
    endloop
  endfacet
  facet normal 0 0 -1
    outer loop
      vertex 19.9483 -18.3085 0
      vertex 27.3646 -19.2856 0
      vertex 25.0316 -21.496 0
    endloop
  endfacet
  facet normal -0 0 -1
    outer loop
      vertex 33.8757 8.82465 0
      vertex 19.2345 5.83472 0
      vertex 32.7053 11.6336 0
    endloop
  endfacet
  facet normal 0 0 -1
    outer loop
      vertex 19.7784 -19.1626 0
      vertex 25.0316 -21.496 0
      vertex 22.4575 -23.4995 0
    endloop
  endfacet
  facet normal 0 0 -1
    outer loop
      vertex 19.9483 18.3085 0
      vertex 29.434 16.8893 0
      vertex 31.22 14.3305 0
    endloop
  endfacet
  facet normal 0 0 -1
    outer loop
      vertex 19.9483 18.3085 0
      vertex 27.3646 19.2856 0
      vertex 29.434 16.8893 0
    endloop
  endfacet
  facet normal 0 0 -1
    outer loop
      vertex 35.2295 -2.97972 0
      vertex 20.0032 -1.97014 0
      vertex 20.1 0 0
    endloop
  endfacet
  facet normal 0 0 -1
    outer loop
      vertex 25.0316 -21.496 0
      vertex 19.9555 -18.4555 0
      vertex 19.9483 -18.3085 0
    endloop
  endfacet
  facet normal 0 0 -1
    outer loop
      vertex 25.0316 -21.496 0
      vertex 19.9483 -18.6025 0
      vertex 19.9555 -18.4555 0
    endloop
  endfacet
  facet normal 0 0 -1
    outer loop
      vertex 25.0316 -21.496 0
      vertex 19.9267 -18.7481 0
      vertex 19.9483 -18.6025 0
    endloop
  endfacet
  facet normal 0 0 -1
    outer loop
      vertex 25.0316 -21.496 0
      vertex 19.8909 -18.8909 0
      vertex 19.9267 -18.7481 0
    endloop
  endfacet
  facet normal 0 0 -1
    outer loop
      vertex 25.0316 -21.496 0
      vertex 19.8413 -19.0295 0
      vertex 19.8909 -18.8909 0
    endloop
  endfacet
  facet normal 0 0 -1
    outer loop
      vertex 25.0316 -21.496 0
      vertex 19.7784 -19.1626 0
      vertex 19.8413 -19.0295 0
    endloop
  endfacet
  facet normal 0 0 -1
    outer loop
      vertex 22.4575 -23.4995 0
      vertex 19.7027 -19.2888 0
      vertex 19.7784 -19.1626 0
    endloop
  endfacet
  facet normal 0 0 -1
    outer loop
      vertex 18.8909 -19.8909 0
      vertex 22.4575 -23.4995 0
      vertex 19.6672 -25.2767 0
    endloop
  endfacet
  facet normal 0 0 -1
    outer loop
      vertex 22.4575 -23.4995 0
      vertex 19.615 -19.4071 0
      vertex 19.7027 -19.2888 0
    endloop
  endfacet
  facet normal 0 0 -1
    outer loop
      vertex 22.4575 -23.4995 0
      vertex 19.5161 -19.5161 0
      vertex 19.615 -19.4071 0
    endloop
  endfacet
  facet normal 0 0 -1
    outer loop
      vertex 22.4575 -23.4995 0
      vertex 19.4071 -19.615 0
      vertex 19.5161 -19.5161 0
    endloop
  endfacet
  facet normal 0 0 -1
    outer loop
      vertex 22.4575 -23.4995 0
      vertex 19.2888 -19.7027 0
      vertex 19.4071 -19.615 0
    endloop
  endfacet
  facet normal 0 0 -1
    outer loop
      vertex 22.4575 -23.4995 0
      vertex 19.1626 -19.7784 0
      vertex 19.2888 -19.7027 0
    endloop
  endfacet
  facet normal 0 0 -1
    outer loop
      vertex 22.4575 -23.4995 0
      vertex 19.0295 -19.8413 0
      vertex 19.1626 -19.7784 0
    endloop
  endfacet
  facet normal 0 0 -1
    outer loop
      vertex 22.4575 -23.4995 0
      vertex 18.8909 -19.8909 0
      vertex 19.0295 -19.8413 0
    endloop
  endfacet
  facet normal 0 0 -1
    outer loop
      vertex 19.6672 -25.2767 0
      vertex 18.7481 -19.9267 0
      vertex 18.8909 -19.8909 0
    endloop
  endfacet
  facet normal 0 0 -1
    outer loop
      vertex 19.6672 -25.2767 0
      vertex 18.6025 -19.9483 0
      vertex 18.7481 -19.9267 0
    endloop
  endfacet
  facet normal 0 0 -1
    outer loop
      vertex 19.6672 -25.2767 0
      vertex 18.4555 -19.9555 0
      vertex 18.6025 -19.9483 0
    endloop
  endfacet
  facet normal 0 0 -1
    outer loop
      vertex 19.6672 -25.2767 0
      vertex 18.3085 -19.9483 0
      vertex 18.4555 -19.9555 0
    endloop
  endfacet
  facet normal 0 0 -1
    outer loop
      vertex 19.6672 -25.2767 0
      vertex 18.1629 -19.9267 0
      vertex 18.3085 -19.9483 0
    endloop
  endfacet
  facet normal 0 0 -1
    outer loop
      vertex 19.6672 -25.2767 0
      vertex 18.0201 -19.8909 0
      vertex 18.1629 -19.9267 0
    endloop
  endfacet
  facet normal 0 0 -1
    outer loop
      vertex 19.6672 -25.2767 0
      vertex 17.8815 -19.8413 0
      vertex 18.0201 -19.8909 0
    endloop
  endfacet
  facet normal 0 0 -1
    outer loop
      vertex 16.6874 -26.8104 0
      vertex 17.8815 -19.8413 0
      vertex 19.6672 -25.2767 0
    endloop
  endfacet
  facet normal -0 0 -1
    outer loop
      vertex 17.8815 -19.8413 0
      vertex 16.6874 -26.8104 0
      vertex 17.7484 -19.7784 0
    endloop
  endfacet
  facet normal -0 0 -1
    outer loop
      vertex 17.7484 -19.7784 0
      vertex 16.6874 -26.8104 0
      vertex 17.6221 -19.7027 0
    endloop
  endfacet
  facet normal -0 0 -1
    outer loop
      vertex 17.6221 -19.7027 0
      vertex 16.6874 -26.8104 0
      vertex 17.5039 -19.615 0
    endloop
  endfacet
  facet normal -0 0 -1
    outer loop
      vertex 17.5039 -19.615 0
      vertex 16.6874 -26.8104 0
      vertex 17.3948 -19.5161 0
    endloop
  endfacet
  facet normal -0 0 -1
    outer loop
      vertex 17.3948 -19.5161 0
      vertex 16.6874 -26.8104 0
      vertex 17.296 -19.4071 0
    endloop
  endfacet
  facet normal 0 0 -1
    outer loop
      vertex 13.547 -28.0859 0
      vertex 17.296 -19.4071 0
      vertex 16.6874 -26.8104 0
    endloop
  endfacet
  facet normal -0 0 -1
    outer loop
      vertex 17.296 -19.4071 0
      vertex 13.547 -28.0859 0
      vertex 17.2083 -19.2888 0
    endloop
  endfacet
  facet normal 0 0 -1
    outer loop
      vertex 9.47507 -17.7266 0
      vertex 17.2083 -19.2888 0
      vertex 13.547 -28.0859 0
    endloop
  endfacet
  facet normal 0 0 -1
    outer loop
      vertex 17.2083 -19.2888 0
      vertex 9.47507 -17.7266 0
      vertex 17.1326 -19.1626 0
    endloop
  endfacet
  facet normal 0 -0 -1
    outer loop
      vertex 11.167 -16.7125 0
      vertex 17.1326 -19.1626 0
      vertex 9.47507 -17.7266 0
    endloop
  endfacet
  facet normal 0 0 -1
    outer loop
      vertex 17.1326 -19.1626 0
      vertex 11.167 -16.7125 0
      vertex 17.0697 -19.0295 0
    endloop
  endfacet
  facet normal 0 0 -1
    outer loop
      vertex 17.0697 -19.0295 0
      vertex 11.167 -16.7125 0
      vertex 17.0201 -18.8909 0
    endloop
  endfacet
  facet normal 0 0 -1
    outer loop
      vertex 17.0201 -18.8909 0
      vertex 11.167 -16.7125 0
      vertex 16.9843 -18.7481 0
    endloop
  endfacet
  facet normal 0 0 -1
    outer loop
      vertex 16.9555 -18.4555 0
      vertex 15.5375 -12.7513 0
      vertex 16.7125 -11.167 0
    endloop
  endfacet
  facet normal 0 0 -1
    outer loop
      vertex 16.9555 -18.4555 0
      vertex 14.2128 -14.2128 0
      vertex 15.5375 -12.7513 0
    endloop
  endfacet
  facet normal 0 0 -1
    outer loop
      vertex 16.9843 -18.7481 0
      vertex 11.167 -16.7125 0
      vertex 16.9627 -18.6025 0
    endloop
  endfacet
  facet normal 0 0 -1
    outer loop
      vertex 16.9555 -18.4555 0
      vertex 12.7513 -15.5375 0
      vertex 14.2128 -14.2128 0
    endloop
  endfacet
  facet normal 0 0 -1
    outer loop
      vertex 16.9555 -18.4555 0
      vertex 11.167 -16.7125 0
      vertex 12.7513 -15.5375 0
    endloop
  endfacet
  facet normal 0 0 -1
    outer loop
      vertex 7.69194 -18.57 0
      vertex 13.547 -28.0859 0
      vertex 10.2761 -29.091 0
    endloop
  endfacet
  facet normal 0 0 -1
    outer loop
      vertex 16.9627 -18.6025 0
      vertex 11.167 -16.7125 0
      vertex 16.9555 -18.4555 0
    endloop
  endfacet
  facet normal 0 0 -1
    outer loop
      vertex 13.547 -28.0859 0
      vertex 7.69194 -18.57 0
      vertex 9.47507 -17.7266 0
    endloop
  endfacet
  facet normal 0 0 -1
    outer loop
      vertex 5.83472 -19.2345 0
      vertex 10.2761 -29.091 0
      vertex 6.9062 -29.8159 0
    endloop
  endfacet
  facet normal 0 0 -1
    outer loop
      vertex 10.2761 -29.091 0
      vertex 5.83472 -19.2345 0
      vertex 7.69194 -18.57 0
    endloop
  endfacet
  facet normal 0 0 -1
    outer loop
      vertex 6.9062 -29.8159 0
      vertex 3.92132 -19.7138 0
      vertex 5.83472 -19.2345 0
    endloop
  endfacet
  facet normal 0 0 -1
    outer loop
      vertex 3.46981 -30.2536 0
      vertex 3.92132 -19.7138 0
      vertex 6.9062 -29.8159 0
    endloop
  endfacet
  facet normal 0 0 -1
    outer loop
      vertex 3.46981 -30.2536 0
      vertex 1.97014 -20.0032 0
      vertex 3.92132 -19.7138 0
    endloop
  endfacet
  facet normal 0 0 -1
    outer loop
      vertex 0 -30.4 0
      vertex 1.97014 -20.0032 0
      vertex 3.46981 -30.2536 0
    endloop
  endfacet
  facet normal 0 0 -1
    outer loop
      vertex 0 -30.4 0
      vertex 0 -20.1 0
      vertex 1.97014 -20.0032 0
    endloop
  endfacet
  facet normal 0 0 -1
    outer loop
      vertex 0 -30.4 0
      vertex -1.97014 -20.0032 0
      vertex 0 -20.1 0
    endloop
  endfacet
  facet normal 0 0 -1
    outer loop
      vertex -3.46981 -30.2536 0
      vertex -1.97014 -20.0032 0
      vertex 0 -30.4 0
    endloop
  endfacet
  facet normal 0 0 -1
    outer loop
      vertex -3.46981 -30.2536 0
      vertex -3.92132 -19.7138 0
      vertex -1.97014 -20.0032 0
    endloop
  endfacet
  facet normal 0 0 -1
    outer loop
      vertex -6.9062 -29.8159 0
      vertex -3.92132 -19.7138 0
      vertex -3.46981 -30.2536 0
    endloop
  endfacet
  facet normal -0 0 -1
    outer loop
      vertex -3.92132 -19.7138 0
      vertex -6.9062 -29.8159 0
      vertex -5.83472 -19.2345 0
    endloop
  endfacet
  facet normal 0 0 -1
    outer loop
      vertex -10.2761 -29.091 0
      vertex -5.83472 -19.2345 0
      vertex -6.9062 -29.8159 0
    endloop
  endfacet
  facet normal -0 0 -1
    outer loop
      vertex -5.83472 -19.2345 0
      vertex -10.2761 -29.091 0
      vertex -7.69194 -18.57 0
    endloop
  endfacet
  facet normal 0 0 -1
    outer loop
      vertex -13.547 -28.0859 0
      vertex -7.69194 -18.57 0
      vertex -10.2761 -29.091 0
    endloop
  endfacet
  facet normal -0 0 -1
    outer loop
      vertex -7.69194 -18.57 0
      vertex -13.547 -28.0859 0
      vertex -9.47507 -17.7266 0
    endloop
  endfacet
  facet normal 0 0 -1
    outer loop
      vertex -17.2083 -19.2888 0
      vertex -9.47507 -17.7266 0
      vertex -13.547 -28.0859 0
    endloop
  endfacet
  facet normal 0 -0 -1
    outer loop
      vertex -17.1326 -19.1626 0
      vertex -9.47507 -17.7266 0
      vertex -17.2083 -19.2888 0
    endloop
  endfacet
  facet normal 0 -0 -1
    outer loop
      vertex -17.0201 -18.8909 0
      vertex -11.167 -16.7125 0
      vertex -17.0697 -19.0295 0
    endloop
  endfacet
  facet normal 0 -0 -1
    outer loop
      vertex -16.9555 -18.4555 0
      vertex -11.167 -16.7125 0
      vertex -16.9627 -18.6025 0
    endloop
  endfacet
  facet normal 0 0 -1
    outer loop
      vertex -17.296 -19.4071 0
      vertex -13.547 -28.0859 0
      vertex -16.6874 -26.8104 0
    endloop
  endfacet
  facet normal 0 0 -1
    outer loop
      vertex -16.9627 -18.3085 0
      vertex -12.7513 -15.5375 0
      vertex -16.9555 -18.4555 0
    endloop
  endfacet
  facet normal 0 0 -1
    outer loop
      vertex -17.0201 -18.0201 0
      vertex -12.7513 -15.5375 0
      vertex -16.9843 -18.1629 0
    endloop
  endfacet
  facet normal 0 0 -1
    outer loop
      vertex -16.9843 -18.1629 0
      vertex -12.7513 -15.5375 0
      vertex -16.9627 -18.3085 0
    endloop
  endfacet
  facet normal -0 0 -1
    outer loop
      vertex -11.167 -16.7125 0
      vertex -16.9555 -18.4555 0
      vertex -12.7513 -15.5375 0
    endloop
  endfacet
  facet normal 0 -0 -1
    outer loop
      vertex -16.9627 -18.6025 0
      vertex -11.167 -16.7125 0
      vertex -16.9843 -18.7481 0
    endloop
  endfacet
  facet normal 0 -0 -1
    outer loop
      vertex -16.9843 -18.7481 0
      vertex -11.167 -16.7125 0
      vertex -17.0201 -18.8909 0
    endloop
  endfacet
  facet normal 0 0 -1
    outer loop
      vertex -11.167 -16.7125 0
      vertex -17.1326 -19.1626 0
      vertex -17.0697 -19.0295 0
    endloop
  endfacet
  facet normal -0 0 -1
    outer loop
      vertex -9.47507 -17.7266 0
      vertex -17.1326 -19.1626 0
      vertex -11.167 -16.7125 0
    endloop
  endfacet
  facet normal 0 0 -1
    outer loop
      vertex -13.547 -28.0859 0
      vertex -17.296 -19.4071 0
      vertex -17.2083 -19.2888 0
    endloop
  endfacet
  facet normal 0 0 -1
    outer loop
      vertex -16.6874 -26.8104 0
      vertex -17.3948 -19.5161 0
      vertex -17.296 -19.4071 0
    endloop
  endfacet
  facet normal 0 0 -1
    outer loop
      vertex -16.6874 -26.8104 0
      vertex -17.5039 -19.615 0
      vertex -17.3948 -19.5161 0
    endloop
  endfacet
  facet normal 0 0 -1
    outer loop
      vertex -16.6874 -26.8104 0
      vertex -17.6221 -19.7027 0
      vertex -17.5039 -19.615 0
    endloop
  endfacet
  facet normal 0 0 -1
    outer loop
      vertex -16.6874 -26.8104 0
      vertex -17.7484 -19.7784 0
      vertex -17.6221 -19.7027 0
    endloop
  endfacet
  facet normal 0 0 -1
    outer loop
      vertex -16.6874 -26.8104 0
      vertex -17.8815 -19.8413 0
      vertex -17.7484 -19.7784 0
    endloop
  endfacet
  facet normal 0 0 -1
    outer loop
      vertex -16.6874 -26.8104 0
      vertex -18.0201 -19.8909 0
      vertex -17.8815 -19.8413 0
    endloop
  endfacet
  facet normal 0 0 -1
    outer loop
      vertex -19.6672 -25.2767 0
      vertex -18.0201 -19.8909 0
      vertex -16.6874 -26.8104 0
    endloop
  endfacet
  facet normal 0 0 -1
    outer loop
      vertex -18.0201 -19.8909 0
      vertex -19.6672 -25.2767 0
      vertex -18.1629 -19.9267 0
    endloop
  endfacet
  facet normal 0 0 -1
    outer loop
      vertex -18.1629 -19.9267 0
      vertex -19.6672 -25.2767 0
      vertex -18.3085 -19.9483 0
    endloop
  endfacet
  facet normal 0 0 -1
    outer loop
      vertex -18.3085 -19.9483 0
      vertex -19.6672 -25.2767 0
      vertex -18.4555 -19.9555 0
    endloop
  endfacet
  facet normal -0 0 -1
    outer loop
      vertex -18.4555 -19.9555 0
      vertex -19.6672 -25.2767 0
      vertex -18.6025 -19.9483 0
    endloop
  endfacet
  facet normal -0 0 -1
    outer loop
      vertex -18.6025 -19.9483 0
      vertex -19.6672 -25.2767 0
      vertex -18.7481 -19.9267 0
    endloop
  endfacet
  facet normal -0 0 -1
    outer loop
      vertex -18.7481 -19.9267 0
      vertex -19.6672 -25.2767 0
      vertex -18.8909 -19.8909 0
    endloop
  endfacet
  facet normal 0 0 -1
    outer loop
      vertex -22.4575 -23.4995 0
      vertex -18.8909 -19.8909 0
      vertex -19.6672 -25.2767 0
    endloop
  endfacet
  facet normal -0 0 -1
    outer loop
      vertex -18.8909 -19.8909 0
      vertex -22.4575 -23.4995 0
      vertex -19.0295 -19.8413 0
    endloop
  endfacet
  facet normal -0 0 -1
    outer loop
      vertex -19.0295 -19.8413 0
      vertex -22.4575 -23.4995 0
      vertex -19.1626 -19.7784 0
    endloop
  endfacet
  facet normal -0 0 -1
    outer loop
      vertex -19.1626 -19.7784 0
      vertex -22.4575 -23.4995 0
      vertex -19.2888 -19.7027 0
    endloop
  endfacet
  facet normal -0 0 -1
    outer loop
      vertex -19.2888 -19.7027 0
      vertex -22.4575 -23.4995 0
      vertex -19.4071 -19.615 0
    endloop
  endfacet
  facet normal -0 0 -1
    outer loop
      vertex -19.4071 -19.615 0
      vertex -22.4575 -23.4995 0
      vertex -19.5161 -19.5161 0
    endloop
  endfacet
  facet normal -0 0 -1
    outer loop
      vertex -19.5161 -19.5161 0
      vertex -22.4575 -23.4995 0
      vertex -19.615 -19.4071 0
    endloop
  endfacet
  facet normal -0 0 -1
    outer loop
      vertex -19.615 -19.4071 0
      vertex -22.4575 -23.4995 0
      vertex -19.7027 -19.2888 0
    endloop
  endfacet
  facet normal -0 0 -1
    outer loop
      vertex -19.7027 -19.2888 0
      vertex -22.4575 -23.4995 0
      vertex -19.7784 -19.1626 0
    endloop
  endfacet
  facet normal 0 0 -1
    outer loop
      vertex -25.0316 -21.496 0
      vertex -19.7784 -19.1626 0
      vertex -22.4575 -23.4995 0
    endloop
  endfacet
  facet normal -0 0 -1
    outer loop
      vertex -19.7784 -19.1626 0
      vertex -25.0316 -21.496 0
      vertex -19.8413 -19.0295 0
    endloop
  endfacet
  facet normal -0 0 -1
    outer loop
      vertex -19.8413 -19.0295 0
      vertex -25.0316 -21.496 0
      vertex -19.8909 -18.8909 0
    endloop
  endfacet
  facet normal -0 0 -1
    outer loop
      vertex -19.8909 -18.8909 0
      vertex -25.0316 -21.496 0
      vertex -19.9267 -18.7481 0
    endloop
  endfacet
  facet normal 0 0 -1
    outer loop
      vertex -19.7138 -3.92132 0
      vertex -22.1 -2 0
      vertex -20.0032 -1.97014 0
    endloop
  endfacet
  facet normal -0 0 -1
    outer loop
      vertex -20.0032 -1.97014 0
      vertex -22.1 -2 0
      vertex -20.1 0 0
    endloop
  endfacet
  facet normal -0 0 -1
    outer loop
      vertex -19.9267 -18.7481 0
      vertex -25.0316 -21.496 0
      vertex -19.9483 -18.6025 0
    endloop
  endfacet
  facet normal -0 0 -1
    outer loop
      vertex -19.9483 -18.6025 0
      vertex -25.0316 -21.496 0
      vertex -19.9555 -18.4555 0
    endloop
  endfacet
  facet normal 0 0 -1
    outer loop
      vertex -19.9483 -18.3085 0
      vertex -25.0316 -21.496 0
      vertex -27.3646 -19.2856 0
    endloop
  endfacet
  facet normal -0 0 -1
    outer loop
      vertex -19.7027 -17.6221 0
      vertex -27.3646 -19.2856 0
      vertex -29.434 -16.8893 0
    endloop
  endfacet
  facet normal -0 -0 -1
    outer loop
      vertex -22.1 -2 0
      vertex -19.2345 -5.83472 0
      vertex -26.1 -2 0
    endloop
  endfacet
  facet normal 0 -0 -1
    outer loop
      vertex -26.1 -2 0
      vertex -18.57 -7.69194 0
      vertex -32.7053 -11.6336 0
    endloop
  endfacet
  facet normal 0 0 -1
    outer loop
      vertex 19.9483 18.3085 0
      vertex 25.0316 21.496 0
      vertex 27.3646 19.2856 0
    endloop
  endfacet
  facet normal 0 0 -1
    outer loop
      vertex 19.9483 18.6025 0
      vertex 25.0316 21.496 0
      vertex 19.9555 18.4555 0
    endloop
  endfacet
  facet normal 0 0 -1
    outer loop
      vertex 19.9267 18.7481 0
      vertex 25.0316 21.496 0
      vertex 19.9483 18.6025 0
    endloop
  endfacet
  facet normal 0 0 -1
    outer loop
      vertex 19.8909 18.8909 0
      vertex 25.0316 21.496 0
      vertex 19.9267 18.7481 0
    endloop
  endfacet
  facet normal 0 0 -1
    outer loop
      vertex 19.8413 19.0295 0
      vertex 25.0316 21.496 0
      vertex 19.8909 18.8909 0
    endloop
  endfacet
  facet normal 0 0 -1
    outer loop
      vertex 19.7784 19.1626 0
      vertex 25.0316 21.496 0
      vertex 19.8413 19.0295 0
    endloop
  endfacet
  facet normal -0 0 -1
    outer loop
      vertex 25.0316 21.496 0
      vertex 19.7784 19.1626 0
      vertex 22.4575 23.4995 0
    endloop
  endfacet
  facet normal 0 0 -1
    outer loop
      vertex 19.7027 19.2888 0
      vertex 22.4575 23.4995 0
      vertex 19.7784 19.1626 0
    endloop
  endfacet
  facet normal 0 0 -1
    outer loop
      vertex 19.615 19.4071 0
      vertex 22.4575 23.4995 0
      vertex 19.7027 19.2888 0
    endloop
  endfacet
  facet normal 0 0 -1
    outer loop
      vertex 19.5161 19.5161 0
      vertex 22.4575 23.4995 0
      vertex 19.615 19.4071 0
    endloop
  endfacet
  facet normal 0 0 -1
    outer loop
      vertex 19.4071 19.615 0
      vertex 22.4575 23.4995 0
      vertex 19.5161 19.5161 0
    endloop
  endfacet
  facet normal 0 0 -1
    outer loop
      vertex 19.2888 19.7027 0
      vertex 22.4575 23.4995 0
      vertex 19.4071 19.615 0
    endloop
  endfacet
  facet normal 0 0 -1
    outer loop
      vertex 19.1626 19.7784 0
      vertex 22.4575 23.4995 0
      vertex 19.2888 19.7027 0
    endloop
  endfacet
  facet normal 0 0 -1
    outer loop
      vertex 19.0295 19.8413 0
      vertex 22.4575 23.4995 0
      vertex 19.1626 19.7784 0
    endloop
  endfacet
  facet normal 0 0 -1
    outer loop
      vertex 18.8909 19.8909 0
      vertex 22.4575 23.4995 0
      vertex 19.0295 19.8413 0
    endloop
  endfacet
  facet normal -0 0 -1
    outer loop
      vertex 22.4575 23.4995 0
      vertex 18.8909 19.8909 0
      vertex 19.6672 25.2767 0
    endloop
  endfacet
  facet normal 0 0 -1
    outer loop
      vertex 18.7481 19.9267 0
      vertex 19.6672 25.2767 0
      vertex 18.8909 19.8909 0
    endloop
  endfacet
  facet normal 0 0 -1
    outer loop
      vertex 18.6025 19.9483 0
      vertex 19.6672 25.2767 0
      vertex 18.7481 19.9267 0
    endloop
  endfacet
  facet normal 0 0 -1
    outer loop
      vertex 18.4555 19.9555 0
      vertex 19.6672 25.2767 0
      vertex 18.6025 19.9483 0
    endloop
  endfacet
  facet normal 0 0 -1
    outer loop
      vertex 18.3085 19.9483 0
      vertex 19.6672 25.2767 0
      vertex 18.4555 19.9555 0
    endloop
  endfacet
  facet normal 0 0 -1
    outer loop
      vertex 18.1629 19.9267 0
      vertex 19.6672 25.2767 0
      vertex 18.3085 19.9483 0
    endloop
  endfacet
  facet normal 0 0 -1
    outer loop
      vertex 18.0201 19.8909 0
      vertex 19.6672 25.2767 0
      vertex 18.1629 19.9267 0
    endloop
  endfacet
  facet normal 0 0 -1
    outer loop
      vertex 17.8815 19.8413 0
      vertex 19.6672 25.2767 0
      vertex 18.0201 19.8909 0
    endloop
  endfacet
  facet normal 0 0 -1
    outer loop
      vertex 16.6874 26.8104 0
      vertex 17.8815 19.8413 0
      vertex 17.7484 19.7784 0
    endloop
  endfacet
  facet normal 0 0 -1
    outer loop
      vertex 16.6874 26.8104 0
      vertex 17.7484 19.7784 0
      vertex 17.6221 19.7027 0
    endloop
  endfacet
  facet normal 0 0 -1
    outer loop
      vertex 16.6874 26.8104 0
      vertex 17.6221 19.7027 0
      vertex 17.5039 19.615 0
    endloop
  endfacet
  facet normal 0 0 -1
    outer loop
      vertex 16.6874 26.8104 0
      vertex 17.5039 19.615 0
      vertex 17.3948 19.5161 0
    endloop
  endfacet
  facet normal 0 0 -1
    outer loop
      vertex 16.6874 26.8104 0
      vertex 17.3948 19.5161 0
      vertex 17.296 19.4071 0
    endloop
  endfacet
  facet normal 0 0 -1
    outer loop
      vertex 13.547 28.0859 0
      vertex 17.296 19.4071 0
      vertex 17.2083 19.2888 0
    endloop
  endfacet
  facet normal 0 0 -1
    outer loop
      vertex 9.47507 17.7266 0
      vertex 17.2083 19.2888 0
      vertex 17.1326 19.1626 0
    endloop
  endfacet
  facet normal 0 0 -1
    outer loop
      vertex 11.167 16.7125 0
      vertex 17.1326 19.1626 0
      vertex 17.0697 19.0295 0
    endloop
  endfacet
  facet normal 0 0 -1
    outer loop
      vertex 17.8815 19.8413 0
      vertex 16.6874 26.8104 0
      vertex 19.6672 25.2767 0
    endloop
  endfacet
  facet normal 0 0 -1
    outer loop
      vertex 11.167 16.7125 0
      vertex 17.0697 19.0295 0
      vertex 17.0201 18.8909 0
    endloop
  endfacet
  facet normal 0 0 -1
    outer loop
      vertex 11.167 16.7125 0
      vertex 17.0201 18.8909 0
      vertex 16.9843 18.7481 0
    endloop
  endfacet
  facet normal 0 0 -1
    outer loop
      vertex 11.167 16.7125 0
      vertex 16.9843 18.7481 0
      vertex 16.9627 18.6025 0
    endloop
  endfacet
  facet normal 0 0 -1
    outer loop
      vertex 11.167 16.7125 0
      vertex 16.9627 18.6025 0
      vertex 16.9555 18.4555 0
    endloop
  endfacet
  facet normal -0 0 -1
    outer loop
      vertex 17.0201 18.0201 0
      vertex 12.7513 15.5375 0
      vertex 16.9843 18.1629 0
    endloop
  endfacet
  facet normal -0 0 -1
    outer loop
      vertex 16.9843 18.1629 0
      vertex 12.7513 15.5375 0
      vertex 16.9627 18.3085 0
    endloop
  endfacet
  facet normal -0 0 -1
    outer loop
      vertex 16.9627 18.3085 0
      vertex 12.7513 15.5375 0
      vertex 16.9555 18.4555 0
    endloop
  endfacet
  facet normal 0 0 -1
    outer loop
      vertex 11.167 16.7125 0
      vertex 16.9555 18.4555 0
      vertex 12.7513 15.5375 0
    endloop
  endfacet
  facet normal 0 0 -1
    outer loop
      vertex 17.1326 19.1626 0
      vertex 11.167 16.7125 0
      vertex 9.47507 17.7266 0
    endloop
  endfacet
  facet normal -0 0 -1
    outer loop
      vertex 17.2083 19.2888 0
      vertex 9.47507 17.7266 0
      vertex 13.547 28.0859 0
    endloop
  endfacet
  facet normal 0 0 -1
    outer loop
      vertex 17.296 19.4071 0
      vertex 13.547 28.0859 0
      vertex 16.6874 26.8104 0
    endloop
  endfacet
  facet normal 0 0 -1
    outer loop
      vertex 7.69194 18.57 0
      vertex 13.547 28.0859 0
      vertex 9.47507 17.7266 0
    endloop
  endfacet
  facet normal -0 0 -1
    outer loop
      vertex 13.547 28.0859 0
      vertex 7.69194 18.57 0
      vertex 10.2761 29.091 0
    endloop
  endfacet
  facet normal 0 0 -1
    outer loop
      vertex 5.83472 19.2345 0
      vertex 10.2761 29.091 0
      vertex 7.69194 18.57 0
    endloop
  endfacet
  facet normal -0 0 -1
    outer loop
      vertex 10.2761 29.091 0
      vertex 5.83472 19.2345 0
      vertex 6.9062 29.8159 0
    endloop
  endfacet
  facet normal 0 0 -1
    outer loop
      vertex 3.92132 19.7138 0
      vertex 6.9062 29.8159 0
      vertex 5.83472 19.2345 0
    endloop
  endfacet
  facet normal 0 0 -1
    outer loop
      vertex 3.92132 19.7138 0
      vertex 3.46981 30.2536 0
      vertex 6.9062 29.8159 0
    endloop
  endfacet
  facet normal 0 0 -1
    outer loop
      vertex 1.97014 20.0032 0
      vertex 3.46981 30.2536 0
      vertex 3.92132 19.7138 0
    endloop
  endfacet
  facet normal 0 0 -1
    outer loop
      vertex 0 30.4 0
      vertex 1.97014 20.0032 0
      vertex 0 20.1 0
    endloop
  endfacet
  facet normal 0 0 -1
    outer loop
      vertex 1.97014 20.0032 0
      vertex 0 30.4 0
      vertex 3.46981 30.2536 0
    endloop
  endfacet
  facet normal 0 0 -1
    outer loop
      vertex -1.97014 20.0032 0
      vertex 0 30.4 0
      vertex 0 20.1 0
    endloop
  endfacet
  facet normal 0 0 -1
    outer loop
      vertex -1.97014 20.0032 0
      vertex -3.46981 30.2536 0
      vertex 0 30.4 0
    endloop
  endfacet
  facet normal 0 0 -1
    outer loop
      vertex -3.92132 19.7138 0
      vertex -3.46981 30.2536 0
      vertex -1.97014 20.0032 0
    endloop
  endfacet
  facet normal 0 0 -1
    outer loop
      vertex -6.9062 29.8159 0
      vertex -3.92132 19.7138 0
      vertex -5.83472 19.2345 0
    endloop
  endfacet
  facet normal 0 0 -1
    outer loop
      vertex -3.92132 19.7138 0
      vertex -6.9062 29.8159 0
      vertex -3.46981 30.2536 0
    endloop
  endfacet
  facet normal 0 0 -1
    outer loop
      vertex -10.2761 29.091 0
      vertex -5.83472 19.2345 0
      vertex -7.69194 18.57 0
    endloop
  endfacet
  facet normal 0 0 -1
    outer loop
      vertex -13.547 28.0859 0
      vertex -7.69194 18.57 0
      vertex -9.47507 17.7266 0
    endloop
  endfacet
  facet normal 0 0 -1
    outer loop
      vertex -5.83472 19.2345 0
      vertex -10.2761 29.091 0
      vertex -6.9062 29.8159 0
    endloop
  endfacet
  facet normal 0 0 -1
    outer loop
      vertex -17.1326 19.1626 0
      vertex -9.47507 17.7266 0
      vertex -11.167 16.7125 0
    endloop
  endfacet
  facet normal 0 0 -1
    outer loop
      vertex -16.9555 18.4555 0
      vertex -11.167 16.7125 0
      vertex -12.7513 15.5375 0
    endloop
  endfacet
  facet normal 0 0 -1
    outer loop
      vertex -7.69194 18.57 0
      vertex -13.547 28.0859 0
      vertex -10.2761 29.091 0
    endloop
  endfacet
  facet normal 0 0 -1
    outer loop
      vertex -16.9627 18.3085 0
      vertex -12.7513 15.5375 0
      vertex -14.2128 14.2128 0
    endloop
  endfacet
  facet normal 0 0 -1
    outer loop
      vertex -16.9627 18.3085 0
      vertex -14.2128 14.2128 0
      vertex -15.5375 12.7513 0
    endloop
  endfacet
  facet normal 0 0 -1
    outer loop
      vertex -11.167 16.7125 0
      vertex -16.9555 18.4555 0
      vertex -16.9627 18.6025 0
    endloop
  endfacet
  facet normal 0 0 -1
    outer loop
      vertex -18.4555 16.9555 0
      vertex -15.5375 12.7513 0
      vertex -16.7125 11.167 0
    endloop
  endfacet
  facet normal 0 0 -1
    outer loop
      vertex -11.167 16.7125 0
      vertex -16.9627 18.6025 0
      vertex -16.9843 18.7481 0
    endloop
  endfacet
  facet normal 0 0 -1
    outer loop
      vertex -11.167 16.7125 0
      vertex -16.9843 18.7481 0
      vertex -17.0201 18.8909 0
    endloop
  endfacet
  facet normal 0 0 -1
    outer loop
      vertex -11.167 16.7125 0
      vertex -17.0201 18.8909 0
      vertex -17.0697 19.0295 0
    endloop
  endfacet
  facet normal 0 0 -1
    outer loop
      vertex -17.1326 19.1626 0
      vertex -11.167 16.7125 0
      vertex -17.0697 19.0295 0
    endloop
  endfacet
  facet normal 0 0 -1
    outer loop
      vertex -9.47507 17.7266 0
      vertex -17.1326 19.1626 0
      vertex -17.2083 19.2888 0
    endloop
  endfacet
  facet normal 0 0 -1
    outer loop
      vertex -9.47507 17.7266 0
      vertex -17.2083 19.2888 0
      vertex -13.547 28.0859 0
    endloop
  endfacet
  facet normal 0 0 -1
    outer loop
      vertex -17.296 19.4071 0
      vertex -13.547 28.0859 0
      vertex -17.2083 19.2888 0
    endloop
  endfacet
  facet normal 0 0 -1
    outer loop
      vertex -13.547 28.0859 0
      vertex -17.296 19.4071 0
      vertex -16.6874 26.8104 0
    endloop
  endfacet
  facet normal 0 0 -1
    outer loop
      vertex -17.3948 19.5161 0
      vertex -16.6874 26.8104 0
      vertex -17.296 19.4071 0
    endloop
  endfacet
  facet normal 0 0 -1
    outer loop
      vertex -17.5039 19.615 0
      vertex -16.6874 26.8104 0
      vertex -17.3948 19.5161 0
    endloop
  endfacet
  facet normal 0 0 -1
    outer loop
      vertex -17.6221 19.7027 0
      vertex -16.6874 26.8104 0
      vertex -17.5039 19.615 0
    endloop
  endfacet
  facet normal 0 0 -1
    outer loop
      vertex -17.7484 19.7784 0
      vertex -16.6874 26.8104 0
      vertex -17.6221 19.7027 0
    endloop
  endfacet
  facet normal 0 0 -1
    outer loop
      vertex -17.8815 19.8413 0
      vertex -16.6874 26.8104 0
      vertex -17.7484 19.7784 0
    endloop
  endfacet
  facet normal 0 0 -1
    outer loop
      vertex -18.0201 19.8909 0
      vertex -16.6874 26.8104 0
      vertex -17.8815 19.8413 0
    endloop
  endfacet
  facet normal 0 0 -1
    outer loop
      vertex -19.6672 25.2767 0
      vertex -18.0201 19.8909 0
      vertex -18.1629 19.9267 0
    endloop
  endfacet
  facet normal 0 0 -1
    outer loop
      vertex -19.6672 25.2767 0
      vertex -18.1629 19.9267 0
      vertex -18.3085 19.9483 0
    endloop
  endfacet
  facet normal 0 0 -1
    outer loop
      vertex -19.6672 25.2767 0
      vertex -18.3085 19.9483 0
      vertex -18.4555 19.9555 0
    endloop
  endfacet
  facet normal 0 0 -1
    outer loop
      vertex -19.6672 25.2767 0
      vertex -18.4555 19.9555 0
      vertex -18.6025 19.9483 0
    endloop
  endfacet
  facet normal 0 0 -1
    outer loop
      vertex -19.6672 25.2767 0
      vertex -18.6025 19.9483 0
      vertex -18.7481 19.9267 0
    endloop
  endfacet
  facet normal 0 0 -1
    outer loop
      vertex -19.6672 25.2767 0
      vertex -18.7481 19.9267 0
      vertex -18.8909 19.8909 0
    endloop
  endfacet
  facet normal 0 0 -1
    outer loop
      vertex -22.4575 23.4995 0
      vertex -18.8909 19.8909 0
      vertex -19.0295 19.8413 0
    endloop
  endfacet
  facet normal 0 0 -1
    outer loop
      vertex -22.4575 23.4995 0
      vertex -19.0295 19.8413 0
      vertex -19.1626 19.7784 0
    endloop
  endfacet
  facet normal 0 0 -1
    outer loop
      vertex -22.4575 23.4995 0
      vertex -19.1626 19.7784 0
      vertex -19.2888 19.7027 0
    endloop
  endfacet
  facet normal 0 0 -1
    outer loop
      vertex -22.4575 23.4995 0
      vertex -19.2888 19.7027 0
      vertex -19.4071 19.615 0
    endloop
  endfacet
  facet normal 0 0 -1
    outer loop
      vertex -22.4575 23.4995 0
      vertex -19.4071 19.615 0
      vertex -19.5161 19.5161 0
    endloop
  endfacet
  facet normal 0 0 -1
    outer loop
      vertex -22.4575 23.4995 0
      vertex -19.5161 19.5161 0
      vertex -19.615 19.4071 0
    endloop
  endfacet
  facet normal 0 0 -1
    outer loop
      vertex -18.0201 19.8909 0
      vertex -19.6672 25.2767 0
      vertex -16.6874 26.8104 0
    endloop
  endfacet
  facet normal 0 0 -1
    outer loop
      vertex -22.4575 23.4995 0
      vertex -19.615 19.4071 0
      vertex -19.7027 19.2888 0
    endloop
  endfacet
  facet normal 0 0 -1
    outer loop
      vertex -22.4575 23.4995 0
      vertex -19.7027 19.2888 0
      vertex -19.7784 19.1626 0
    endloop
  endfacet
  facet normal 0 0 -1
    outer loop
      vertex -25.0316 21.496 0
      vertex -19.7784 19.1626 0
      vertex -19.8413 19.0295 0
    endloop
  endfacet
  facet normal 0 0 -1
    outer loop
      vertex -25.0316 21.496 0
      vertex -19.8413 19.0295 0
      vertex -19.8909 18.8909 0
    endloop
  endfacet
  facet normal 0 0 -1
    outer loop
      vertex -25.0316 21.496 0
      vertex -19.8909 18.8909 0
      vertex -19.9267 18.7481 0
    endloop
  endfacet
  facet normal 0 0 -1
    outer loop
      vertex -25.0316 21.496 0
      vertex -19.9267 18.7481 0
      vertex -19.9483 18.6025 0
    endloop
  endfacet
  facet normal 0 0 -1
    outer loop
      vertex -25.0316 21.496 0
      vertex -19.9483 18.6025 0
      vertex -19.9555 18.4555 0
    endloop
  endfacet
  facet normal 0 0 -1
    outer loop
      vertex -22.1 2 0
      vertex -20.0032 1.97014 0
      vertex -20.1 0 0
    endloop
  endfacet
  facet normal 0 0 -1
    outer loop
      vertex -22.1 2 0
      vertex -20.1 0 0
      vertex -22.1 -2 0
    endloop
  endfacet
  facet normal 0 0 -1
    outer loop
      vertex -19.2345 5.83472 0
      vertex -22.1 2 0
      vertex -26.1 2 0
    endloop
  endfacet
  facet normal 0 0 -1
    outer loop
      vertex -19.7784 17.7484 0
      vertex -27.3646 19.2856 0
      vertex -19.8413 17.8815 0
    endloop
  endfacet
  facet normal 0 0 -1
    outer loop
      vertex -18.8909 19.8909 0
      vertex -22.4575 23.4995 0
      vertex -19.6672 25.2767 0
    endloop
  endfacet
  facet normal 0 0 -1
    outer loop
      vertex -19.7784 19.1626 0
      vertex -25.0316 21.496 0
      vertex -22.4575 23.4995 0
    endloop
  endfacet
  facet normal -0 0 -1
    outer loop
      vertex -18.57 7.69194 0
      vertex -26.1 2 0
      vertex -32.7053 11.6336 0
    endloop
  endfacet
  facet normal 0 0 -1
    outer loop
      vertex -19.2345 -5.83472 0
      vertex -22.1 -2 0
      vertex -19.7138 -3.92132 0
    endloop
  endfacet
  facet normal 0 0 -1
    outer loop
      vertex -19.9483 18.3085 0
      vertex -25.0316 21.496 0
      vertex -19.9555 18.4555 0
    endloop
  endfacet
  facet normal 0 0 -1
    outer loop
      vertex -18.57 -7.69194 0
      vertex -26.1 -2 0
      vertex -19.2345 -5.83472 0
    endloop
  endfacet
  facet normal 0 -0 -1
    outer loop
      vertex -25.0316 21.496 0
      vertex -19.9483 18.3085 0
      vertex -27.3646 19.2856 0
    endloop
  endfacet
  facet normal 0 0 -1
    outer loop
      vertex -33.8757 -8.82465 0
      vertex -26.1 -2 0
      vertex -32.7053 -11.6336 0
    endloop
  endfacet
  facet normal 0 0 -1
    outer loop
      vertex -19.9267 18.1629 0
      vertex -27.3646 19.2856 0
      vertex -19.9483 18.3085 0
    endloop
  endfacet
  facet normal 0 0 -1
    outer loop
      vertex -34.7198 -5.93075 0
      vertex -26.1 -2 0
      vertex -33.8757 -8.82465 0
    endloop
  endfacet
  facet normal 0 0 -1
    outer loop
      vertex -18.57 7.69194 0
      vertex -32.7053 11.6336 0
      vertex -31.22 14.3305 0
    endloop
  endfacet
  facet normal 0 0 -1
    outer loop
      vertex -35.2295 -2.97972 0
      vertex -26.1 -2 0
      vertex -34.7198 -5.93075 0
    endloop
  endfacet
  facet normal 0 0 -1
    outer loop
      vertex -26.1 2 0
      vertex -33.8757 8.82465 0
      vertex -32.7053 11.6336 0
    endloop
  endfacet
  facet normal 0 0 -1
    outer loop
      vertex -35.4 0 0
      vertex -26.1 -2 0
      vertex -35.2295 -2.97972 0
    endloop
  endfacet
  facet normal 0 0 -1
    outer loop
      vertex -26.1 2 0
      vertex -34.7198 5.93075 0
      vertex -33.8757 8.82465 0
    endloop
  endfacet
  facet normal 0 0 -1
    outer loop
      vertex -26.1 -2 0
      vertex -35.4 0 0
      vertex -26.1 2 0
    endloop
  endfacet
  facet normal 0 0 -1
    outer loop
      vertex -26.1 2 0
      vertex -35.2295 2.97972 0
      vertex -34.7198 5.93075 0
    endloop
  endfacet
  facet normal -0 0 -1
    outer loop
      vertex -26.1 2 0
      vertex -35.4 0 0
      vertex -35.2295 2.97972 0
    endloop
  endfacet
  facet normal 0 0 -1
    outer loop
      vertex 27.3646 -19.2856 0
      vertex 19.9483 -18.3085 0
      vertex 19.9267 -18.1629 0
    endloop
  endfacet
  facet normal 0 0 -1
    outer loop
      vertex 27.3646 -19.2856 0
      vertex 19.9267 -18.1629 0
      vertex 19.8909 -18.0201 0
    endloop
  endfacet
  facet normal 0 0 -1
    outer loop
      vertex 27.3646 -19.2856 0
      vertex 19.8909 -18.0201 0
      vertex 19.8413 -17.8815 0
    endloop
  endfacet
  facet normal 0 0 -1
    outer loop
      vertex 27.3646 -19.2856 0
      vertex 19.8413 -17.8815 0
      vertex 19.7784 -17.7484 0
    endloop
  endfacet
  facet normal 0 0 -1
    outer loop
      vertex 27.3646 -19.2856 0
      vertex 19.7784 -17.7484 0
      vertex 19.7027 -17.6221 0
    endloop
  endfacet
  facet normal 0 0 -1
    outer loop
      vertex 34.7198 -5.93075 0
      vertex 19.7138 -3.92132 0
      vertex 20.0032 -1.97014 0
    endloop
  endfacet
  facet normal 0 0 -1
    outer loop
      vertex 29.434 -16.8893 0
      vertex 19.7027 -17.6221 0
      vertex 19.615 -17.5039 0
    endloop
  endfacet
  facet normal 0 0 -1
    outer loop
      vertex 29.434 -16.8893 0
      vertex 19.615 -17.5039 0
      vertex 19.5161 -17.3948 0
    endloop
  endfacet
  facet normal -0 0 -1
    outer loop
      vertex 29.434 -16.8893 0
      vertex 19.5161 -17.3948 0
      vertex 17.7266 -9.47507 0
    endloop
  endfacet
  facet normal 0 0 -1
    outer loop
      vertex 17.7266 -9.47507 0
      vertex 19.5161 -17.3948 0
      vertex 19.4071 -17.296 0
    endloop
  endfacet
  facet normal 0 0 -1
    outer loop
      vertex 17.7266 -9.47507 0
      vertex 19.4071 -17.296 0
      vertex 19.2888 -17.2083 0
    endloop
  endfacet
  facet normal 0 0 -1
    outer loop
      vertex 33.8757 -8.82465 0
      vertex 19.2345 -5.83472 0
      vertex 19.7138 -3.92132 0
    endloop
  endfacet
  facet normal 0 0 -1
    outer loop
      vertex 17.7266 -9.47507 0
      vertex 19.2888 -17.2083 0
      vertex 19.1626 -17.1326 0
    endloop
  endfacet
  facet normal 0 0 -1
    outer loop
      vertex 16.7125 -11.167 0
      vertex 19.1626 -17.1326 0
      vertex 19.0295 -17.0697 0
    endloop
  endfacet
  facet normal 0 0 -1
    outer loop
      vertex 16.7125 -11.167 0
      vertex 19.0295 -17.0697 0
      vertex 18.8909 -17.0201 0
    endloop
  endfacet
  facet normal 0 0 -1
    outer loop
      vertex 16.7125 -11.167 0
      vertex 18.8909 -17.0201 0
      vertex 18.7481 -16.9843 0
    endloop
  endfacet
  facet normal 0 0 -1
    outer loop
      vertex 16.7125 -11.167 0
      vertex 18.7481 -16.9843 0
      vertex 18.6025 -16.9627 0
    endloop
  endfacet
  facet normal 0 0 -1
    outer loop
      vertex 32.7053 -11.6336 0
      vertex 18.57 -7.69194 0
      vertex 19.2345 -5.83472 0
    endloop
  endfacet
  facet normal 0 0 -1
    outer loop
      vertex 16.7125 -11.167 0
      vertex 18.6025 -16.9627 0
      vertex 18.4555 -16.9555 0
    endloop
  endfacet
  facet normal 0 0 -1
    outer loop
      vertex 16.7125 -11.167 0
      vertex 18.4555 -16.9555 0
      vertex 18.3085 -16.9627 0
    endloop
  endfacet
  facet normal 0 0 -1
    outer loop
      vertex 16.7125 -11.167 0
      vertex 18.3085 -16.9627 0
      vertex 18.1629 -16.9843 0
    endloop
  endfacet
  facet normal 0 0 -1
    outer loop
      vertex 16.7125 -11.167 0
      vertex 18.1629 -16.9843 0
      vertex 18.0201 -17.0201 0
    endloop
  endfacet
  facet normal 0 0 -1
    outer loop
      vertex 16.7125 -11.167 0
      vertex 18.0201 -17.0201 0
      vertex 17.8815 -17.0697 0
    endloop
  endfacet
  facet normal 0 0 -1
    outer loop
      vertex 16.7125 -11.167 0
      vertex 17.8815 -17.0697 0
      vertex 17.7484 -17.1326 0
    endloop
  endfacet
  facet normal 0 0 -1
    outer loop
      vertex 29.434 -16.8893 0
      vertex 17.7266 -9.47507 0
      vertex 18.57 -7.69194 0
    endloop
  endfacet
  facet normal 0 0 -1
    outer loop
      vertex 16.7125 -11.167 0
      vertex 17.7484 -17.1326 0
      vertex 17.6221 -17.2083 0
    endloop
  endfacet
  facet normal 0 0 -1
    outer loop
      vertex 16.7125 -11.167 0
      vertex 17.6221 -17.2083 0
      vertex 17.5039 -17.296 0
    endloop
  endfacet
  facet normal 0 0 -1
    outer loop
      vertex 16.7125 -11.167 0
      vertex 17.5039 -17.296 0
      vertex 17.3948 -17.3948 0
    endloop
  endfacet
  facet normal 0 0 -1
    outer loop
      vertex 16.7125 -11.167 0
      vertex 17.3948 -17.3948 0
      vertex 17.296 -17.5039 0
    endloop
  endfacet
  facet normal 0 0 -1
    outer loop
      vertex 16.7125 -11.167 0
      vertex 17.296 -17.5039 0
      vertex 17.2083 -17.6221 0
    endloop
  endfacet
  facet normal 0 0 -1
    outer loop
      vertex 16.7125 -11.167 0
      vertex 17.2083 -17.6221 0
      vertex 17.1326 -17.7484 0
    endloop
  endfacet
  facet normal 0 0 -1
    outer loop
      vertex 16.7125 -11.167 0
      vertex 17.1326 -17.7484 0
      vertex 17.0697 -17.8815 0
    endloop
  endfacet
  facet normal 0 0 -1
    outer loop
      vertex 16.7125 -11.167 0
      vertex 17.0697 -17.8815 0
      vertex 17.0201 -18.0201 0
    endloop
  endfacet
  facet normal 0 0 -1
    outer loop
      vertex 16.7125 -11.167 0
      vertex 17.0201 -18.0201 0
      vertex 16.9843 -18.1629 0
    endloop
  endfacet
  facet normal 0 0 -1
    outer loop
      vertex 16.7125 -11.167 0
      vertex 16.9843 -18.1629 0
      vertex 16.9627 -18.3085 0
    endloop
  endfacet
  facet normal 0 0 -1
    outer loop
      vertex 19.1626 -17.1326 0
      vertex 16.7125 -11.167 0
      vertex 17.7266 -9.47507 0
    endloop
  endfacet
  facet normal 0 0 -1
    outer loop
      vertex 16.7125 -11.167 0
      vertex 16.9627 -18.3085 0
      vertex 16.9555 -18.4555 0
    endloop
  endfacet
  facet normal 0.923076 0.384617 0
    outer loop
      vertex 33.8757 8.82465 2
      vertex 32.7053 11.6336 0
      vertex 32.7053 11.6336 2
    endloop
  endfacet
  facet normal 0.923076 0.384617 0
    outer loop
      vertex 32.7053 11.6336 0
      vertex 33.8757 8.82465 2
      vertex 33.8757 8.82465 0
    endloop
  endfacet
  facet normal -0.820008 -0.572352 0
    outer loop
      vertex -29.434 -16.8893 0
      vertex -31.22 -14.3305 2
      vertex -31.22 -14.3305 0
    endloop
  endfacet
  facet normal -0.820008 -0.572352 0
    outer loop
      vertex -31.22 -14.3305 2
      vertex -29.434 -16.8893 0
      vertex -29.434 -16.8893 2
    endloop
  endfacet
  facet normal 0.457639 -0.889138 0
    outer loop
      vertex 16.6874 -26.8104 0
      vertex 19.6672 -25.2767 2
      vertex 16.6874 -26.8104 2
    endloop
  endfacet
  facet normal 0.457639 -0.889138 0
    outer loop
      vertex 19.6672 -25.2767 2
      vertex 16.6874 -26.8104 0
      vertex 19.6672 -25.2767 0
    endloop
  endfacet
  facet normal -0.614212 -0.789141 0
    outer loop
      vertex -25.0316 -21.496 0
      vertex -22.4575 -23.4995 2
      vertex -25.0316 -21.496 2
    endloop
  endfacet
  facet normal -0.614212 -0.789141 -0
    outer loop
      vertex -22.4575 -23.4995 2
      vertex -25.0316 -21.496 0
      vertex -22.4575 -23.4995 0
    endloop
  endfacet
  facet normal 0.042155 -0.999111 0
    outer loop
      vertex 0 -30.4 0
      vertex 3.46981 -30.2536 2
      vertex 0 -30.4 2
    endloop
  endfacet
  facet normal 0.042155 -0.999111 0
    outer loop
      vertex 3.46981 -30.2536 2
      vertex 0 -30.4 0
      vertex 3.46981 -30.2536 0
    endloop
  endfacet
  facet normal -0.614212 0.789141 0
    outer loop
      vertex -22.4575 23.4995 0
      vertex -25.0316 21.496 2
      vertex -22.4575 23.4995 2
    endloop
  endfacet
  facet normal -0.614212 0.789141 0
    outer loop
      vertex -25.0316 21.496 2
      vertex -22.4575 23.4995 0
      vertex -25.0316 21.496 0
    endloop
  endfacet
  facet normal 0.53721 -0.843449 0
    outer loop
      vertex 19.6672 -25.2767 0
      vertex 22.4575 -23.4995 2
      vertex 19.6672 -25.2767 2
    endloop
  endfacet
  facet normal 0.53721 -0.843449 0
    outer loop
      vertex 22.4575 -23.4995 2
      vertex 19.6672 -25.2767 0
      vertex 22.4575 -23.4995 0
    endloop
  endfacet
  facet normal -0.875941 0.482419 0
    outer loop
      vertex -32.7053 11.6336 0
      vertex -31.22 14.3305 2
      vertex -31.22 14.3305 0
    endloop
  endfacet
  facet normal -0.875941 0.482419 0
    outer loop
      vertex -31.22 14.3305 2
      vertex -32.7053 11.6336 0
      vertex -32.7053 11.6336 2
    endloop
  endfacet
  facet normal 0.687776 -0.725923 0
    outer loop
      vertex 25.0316 -21.496 0
      vertex 27.3646 -19.2856 2
      vertex 25.0316 -21.496 2
    endloop
  endfacet
  facet normal 0.687776 -0.725923 0
    outer loop
      vertex 27.3646 -19.2856 2
      vertex 25.0316 -21.496 0
      vertex 27.3646 -19.2856 0
    endloop
  endfacet
  facet normal -0.756844 0.653596 0
    outer loop
      vertex -29.434 16.8893 0
      vertex -27.3646 19.2856 2
      vertex -27.3646 19.2856 0
    endloop
  endfacet
  facet normal -0.756844 0.653596 0
    outer loop
      vertex -27.3646 19.2856 2
      vertex -29.434 16.8893 0
      vertex -29.434 16.8893 2
    endloop
  endfacet
  facet normal -0.2103 0.977637 0
    outer loop
      vertex -6.9062 29.8159 0
      vertex -10.2761 29.091 2
      vertex -6.9062 29.8159 2
    endloop
  endfacet
  facet normal -0.2103 0.977637 0
    outer loop
      vertex -10.2761 29.091 2
      vertex -6.9062 29.8159 0
      vertex -10.2761 29.091 0
    endloop
  endfacet
  facet normal 0.756844 0.653596 0
    outer loop
      vertex 29.434 16.8893 2
      vertex 27.3646 19.2856 0
      vertex 27.3646 19.2856 2
    endloop
  endfacet
  facet normal 0.756844 0.653596 0
    outer loop
      vertex 27.3646 19.2856 0
      vertex 29.434 16.8893 2
      vertex 29.434 16.8893 0
    endloop
  endfacet
  facet normal -0.53721 0.843449 0
    outer loop
      vertex -19.6672 25.2767 0
      vertex -22.4575 23.4995 2
      vertex -19.6672 25.2767 2
    endloop
  endfacet
  facet normal -0.53721 0.843449 0
    outer loop
      vertex -22.4575 23.4995 2
      vertex -19.6672 25.2767 0
      vertex -22.4575 23.4995 0
    endloop
  endfacet
  facet normal 0.687776 0.725923 -0
    outer loop
      vertex 27.3646 19.2856 0
      vertex 25.0316 21.496 2
      vertex 27.3646 19.2856 2
    endloop
  endfacet
  facet normal 0.687776 0.725923 0
    outer loop
      vertex 25.0316 21.496 2
      vertex 27.3646 19.2856 0
      vertex 25.0316 21.496 0
    endloop
  endfacet
  facet normal -0.293731 -0.955888 0
    outer loop
      vertex -13.547 -28.0859 0
      vertex -10.2761 -29.091 2
      vertex -13.547 -28.0859 2
    endloop
  endfacet
  facet normal -0.293731 -0.955888 -0
    outer loop
      vertex -10.2761 -29.091 2
      vertex -13.547 -28.0859 0
      vertex -10.2761 -29.091 0
    endloop
  endfacet
  facet normal -0.042155 -0.999111 0
    outer loop
      vertex -3.46981 -30.2536 0
      vertex 0 -30.4 2
      vertex -3.46981 -30.2536 2
    endloop
  endfacet
  facet normal -0.042155 -0.999111 -0
    outer loop
      vertex 0 -30.4 2
      vertex -3.46981 -30.2536 0
      vertex 0 -30.4 0
    endloop
  endfacet
  facet normal -0.756844 -0.653596 0
    outer loop
      vertex -27.3646 -19.2856 0
      vertex -29.434 -16.8893 2
      vertex -29.434 -16.8893 0
    endloop
  endfacet
  facet normal -0.756844 -0.653596 0
    outer loop
      vertex -29.434 -16.8893 2
      vertex -27.3646 -19.2856 0
      vertex -27.3646 -19.2856 2
    endloop
  endfacet
  facet normal 0.820008 0.572352 0
    outer loop
      vertex 31.22 14.3305 2
      vertex 29.434 16.8893 0
      vertex 29.434 16.8893 2
    endloop
  endfacet
  facet normal 0.820008 0.572352 0
    outer loop
      vertex 29.434 16.8893 0
      vertex 31.22 14.3305 2
      vertex 31.22 14.3305 0
    endloop
  endfacet
  facet normal -0.293731 0.955888 0
    outer loop
      vertex -10.2761 29.091 0
      vertex -13.547 28.0859 2
      vertex -10.2761 29.091 2
    endloop
  endfacet
  facet normal -0.293731 0.955888 0
    outer loop
      vertex -13.547 28.0859 2
      vertex -10.2761 29.091 0
      vertex -13.547 28.0859 0
    endloop
  endfacet
  facet normal 0 0 1
    outer loop
      vertex -21.9936 2.16618 2
      vertex -22.1 2 2
      vertex -22.1 0 2
    endloop
  endfacet
  facet normal 0 0 1
    outer loop
      vertex -14.0201 17.0835 2
      vertex -16.9627 18.6025 2
      vertex -16.9555 18.4555 2
    endloop
  endfacet
  facet normal 0 0 1
    outer loop
      vertex -12.2781 18.3755 2
      vertex -16.9843 18.7481 2
      vertex -16.9627 18.6025 2
    endloop
  endfacet
  facet normal 0 0 1
    outer loop
      vertex -12.2781 18.3755 2
      vertex -17.0201 18.8909 2
      vertex -16.9843 18.7481 2
    endloop
  endfacet
  facet normal 0 0 1
    outer loop
      vertex -12.2781 18.3755 2
      vertex -17.0697 19.0295 2
      vertex -17.0201 18.8909 2
    endloop
  endfacet
  facet normal 0 0 1
    outer loop
      vertex -12.2781 18.3755 2
      vertex -17.1326 19.1626 2
      vertex -17.0697 19.0295 2
    endloop
  endfacet
  facet normal 0 0 1
    outer loop
      vertex -12.2781 18.3755 2
      vertex -17.2083 19.2888 2
      vertex -17.1326 19.1626 2
    endloop
  endfacet
  facet normal 0 0 1
    outer loop
      vertex -12.2781 18.3755 2
      vertex -17.296 19.4071 2
      vertex -17.2083 19.2888 2
    endloop
  endfacet
  facet normal 0 0 1
    outer loop
      vertex -12.2781 18.3755 2
      vertex -17.3948 19.5161 2
      vertex -17.296 19.4071 2
    endloop
  endfacet
  facet normal 0 0 1
    outer loop
      vertex -16.6874 26.8104 2
      vertex -17.5039 19.615 2
      vertex -17.3948 19.5161 2
    endloop
  endfacet
  facet normal 0 0 1
    outer loop
      vertex -16.6874 26.8104 2
      vertex -17.6221 19.7027 2
      vertex -17.5039 19.615 2
    endloop
  endfacet
  facet normal 0 0 1
    outer loop
      vertex -16.6874 26.8104 2
      vertex -17.7484 19.7784 2
      vertex -17.6221 19.7027 2
    endloop
  endfacet
  facet normal 0 0 1
    outer loop
      vertex -16.6874 26.8104 2
      vertex -17.8815 19.8413 2
      vertex -17.7484 19.7784 2
    endloop
  endfacet
  facet normal 0 0 1
    outer loop
      vertex -16.6874 26.8104 2
      vertex -18.0201 19.8909 2
      vertex -17.8815 19.8413 2
    endloop
  endfacet
  facet normal -0 0 1
    outer loop
      vertex -19.6672 25.2767 2
      vertex -18.0201 19.8909 2
      vertex -16.6874 26.8104 2
    endloop
  endfacet
  facet normal 0 0 1
    outer loop
      vertex -18.0201 19.8909 2
      vertex -19.6672 25.2767 2
      vertex -18.1629 19.9267 2
    endloop
  endfacet
  facet normal 0 0 1
    outer loop
      vertex -18.1629 19.9267 2
      vertex -19.6672 25.2767 2
      vertex -18.3085 19.9483 2
    endloop
  endfacet
  facet normal 0 0 1
    outer loop
      vertex -18.3085 19.9483 2
      vertex -19.6672 25.2767 2
      vertex -18.4555 19.9555 2
    endloop
  endfacet
  facet normal 0 0 1
    outer loop
      vertex -18.4555 19.9555 2
      vertex -19.6672 25.2767 2
      vertex -18.6025 19.9483 2
    endloop
  endfacet
  facet normal 0 0 1
    outer loop
      vertex -18.6025 19.9483 2
      vertex -19.6672 25.2767 2
      vertex -18.7481 19.9267 2
    endloop
  endfacet
  facet normal 0 0 1
    outer loop
      vertex -18.7481 19.9267 2
      vertex -19.6672 25.2767 2
      vertex -18.8909 19.8909 2
    endloop
  endfacet
  facet normal -0 0 1
    outer loop
      vertex -22.4575 23.4995 2
      vertex -18.8909 19.8909 2
      vertex -19.6672 25.2767 2
    endloop
  endfacet
  facet normal 0 0 1
    outer loop
      vertex -18.8909 19.8909 2
      vertex -22.4575 23.4995 2
      vertex -19.0295 19.8413 2
    endloop
  endfacet
  facet normal 0 0 1
    outer loop
      vertex -19.0295 19.8413 2
      vertex -22.4575 23.4995 2
      vertex -19.1626 19.7784 2
    endloop
  endfacet
  facet normal 0 0 1
    outer loop
      vertex -19.1626 19.7784 2
      vertex -22.4575 23.4995 2
      vertex -19.2888 19.7027 2
    endloop
  endfacet
  facet normal 0 0 1
    outer loop
      vertex -19.2888 19.7027 2
      vertex -22.4575 23.4995 2
      vertex -19.4071 19.615 2
    endloop
  endfacet
  facet normal 0 0 1
    outer loop
      vertex -19.4071 19.615 2
      vertex -22.4575 23.4995 2
      vertex -19.5161 19.5161 2
    endloop
  endfacet
  facet normal 0 0 1
    outer loop
      vertex -19.5161 19.5161 2
      vertex -22.4575 23.4995 2
      vertex -19.615 19.4071 2
    endloop
  endfacet
  facet normal 0 0 1
    outer loop
      vertex -19.615 19.4071 2
      vertex -22.4575 23.4995 2
      vertex -19.7027 19.2888 2
    endloop
  endfacet
  facet normal 0 0 1
    outer loop
      vertex -19.7027 19.2888 2
      vertex -22.4575 23.4995 2
      vertex -19.7784 19.1626 2
    endloop
  endfacet
  facet normal -0 0 1
    outer loop
      vertex -25.0316 21.496 2
      vertex -19.7784 19.1626 2
      vertex -22.4575 23.4995 2
    endloop
  endfacet
  facet normal 0 0 1
    outer loop
      vertex -19.7784 19.1626 2
      vertex -25.0316 21.496 2
      vertex -19.8413 19.0295 2
    endloop
  endfacet
  facet normal 0 0 1
    outer loop
      vertex -19.8413 19.0295 2
      vertex -25.0316 21.496 2
      vertex -19.8909 18.8909 2
    endloop
  endfacet
  facet normal 0 0 1
    outer loop
      vertex -19.8909 18.8909 2
      vertex -25.0316 21.496 2
      vertex -19.9267 18.7481 2
    endloop
  endfacet
  facet normal 0 0 1
    outer loop
      vertex -19.9267 18.7481 2
      vertex -25.0316 21.496 2
      vertex -19.9483 18.6025 2
    endloop
  endfacet
  facet normal 0 0 1
    outer loop
      vertex -19.9483 18.6025 2
      vertex -25.0316 21.496 2
      vertex -19.9555 18.4555 2
    endloop
  endfacet
  facet normal -0 0 1
    outer loop
      vertex -27.3646 19.2856 2
      vertex -19.9555 18.4555 2
      vertex -25.0316 21.496 2
    endloop
  endfacet
  facet normal 0 0 1
    outer loop
      vertex -29.434 16.8893 2
      vertex -19.9555 18.4555 2
      vertex -27.3646 19.2856 2
    endloop
  endfacet
  facet normal 0 0 1
    outer loop
      vertex -19.9555 18.4555 2
      vertex -29.434 16.8893 2
      vertex -20.4177 8.4573 2
    endloop
  endfacet
  facet normal -0 0 1
    outer loop
      vertex -31.22 14.3305 2
      vertex -20.4177 8.4573 2
      vertex -29.434 16.8893 2
    endloop
  endfacet
  facet normal -0 0 1
    outer loop
      vertex -32.7053 11.6336 2
      vertex -20.4177 8.4573 2
      vertex -31.22 14.3305 2
    endloop
  endfacet
  facet normal 0 0 1
    outer loop
      vertex -20.4177 8.4573 2
      vertex -32.7053 11.6336 2
      vertex -21.1484 6.41529 2
    endloop
  endfacet
  facet normal 0 0 1
    outer loop
      vertex -21.6754 4.3115 2
      vertex -26.1 2 2
      vertex -21.9936 2.16618 2
    endloop
  endfacet
  facet normal 0 -0 1
    outer loop
      vertex -26.1 2 2
      vertex -21.1484 6.41529 2
      vertex -32.7053 11.6336 2
    endloop
  endfacet
  facet normal 0 0 1
    outer loop
      vertex -17.0201 -18.8909 2
      vertex -14.0201 -17.0835 2
      vertex -16.9843 -18.7481 2
    endloop
  endfacet
  facet normal 0 0 1
    outer loop
      vertex -14.0201 -17.0835 2
      vertex -17.0201 -18.8909 2
      vertex -12.2781 -18.3755 2
    endloop
  endfacet
  facet normal 0 0 1
    outer loop
      vertex -17.0697 -19.0295 2
      vertex -12.2781 -18.3755 2
      vertex -17.0201 -18.8909 2
    endloop
  endfacet
  facet normal 0 0 1
    outer loop
      vertex -17.1326 -19.1626 2
      vertex -12.2781 -18.3755 2
      vertex -17.0697 -19.0295 2
    endloop
  endfacet
  facet normal 0 0 1
    outer loop
      vertex -17.2083 -19.2888 2
      vertex -12.2781 -18.3755 2
      vertex -17.1326 -19.1626 2
    endloop
  endfacet
  facet normal 0 0 1
    outer loop
      vertex -17.296 -19.4071 2
      vertex -12.2781 -18.3755 2
      vertex -17.2083 -19.2888 2
    endloop
  endfacet
  facet normal 0 0 1
    outer loop
      vertex -17.3948 -19.5161 2
      vertex -12.2781 -18.3755 2
      vertex -17.296 -19.4071 2
    endloop
  endfacet
  facet normal 0 0 1
    outer loop
      vertex -12.2781 -18.3755 2
      vertex -17.3948 -19.5161 2
      vertex -16.6874 -26.8104 2
    endloop
  endfacet
  facet normal -0 0 1
    outer loop
      vertex -17.5039 -19.615 2
      vertex -16.6874 -26.8104 2
      vertex -17.3948 -19.5161 2
    endloop
  endfacet
  facet normal -0 0 1
    outer loop
      vertex -17.6221 -19.7027 2
      vertex -16.6874 -26.8104 2
      vertex -17.5039 -19.615 2
    endloop
  endfacet
  facet normal -0 0 1
    outer loop
      vertex -17.7484 -19.7784 2
      vertex -16.6874 -26.8104 2
      vertex -17.6221 -19.7027 2
    endloop
  endfacet
  facet normal -0 0 1
    outer loop
      vertex -17.8815 -19.8413 2
      vertex -16.6874 -26.8104 2
      vertex -17.7484 -19.7784 2
    endloop
  endfacet
  facet normal -0 0 1
    outer loop
      vertex -18.0201 -19.8909 2
      vertex -16.6874 -26.8104 2
      vertex -17.8815 -19.8413 2
    endloop
  endfacet
  facet normal 0 0 1
    outer loop
      vertex -19.6672 -25.2767 2
      vertex -18.0201 -19.8909 2
      vertex -18.1629 -19.9267 2
    endloop
  endfacet
  facet normal 0 0 1
    outer loop
      vertex -19.6672 -25.2767 2
      vertex -18.1629 -19.9267 2
      vertex -18.3085 -19.9483 2
    endloop
  endfacet
  facet normal 0 0 1
    outer loop
      vertex -19.6672 -25.2767 2
      vertex -18.3085 -19.9483 2
      vertex -18.4555 -19.9555 2
    endloop
  endfacet
  facet normal 0 0 1
    outer loop
      vertex -19.6672 -25.2767 2
      vertex -18.4555 -19.9555 2
      vertex -18.6025 -19.9483 2
    endloop
  endfacet
  facet normal 0 0 1
    outer loop
      vertex -19.6672 -25.2767 2
      vertex -18.6025 -19.9483 2
      vertex -18.7481 -19.9267 2
    endloop
  endfacet
  facet normal 0 0 1
    outer loop
      vertex -19.6672 -25.2767 2
      vertex -18.7481 -19.9267 2
      vertex -18.8909 -19.8909 2
    endloop
  endfacet
  facet normal 0 0 1
    outer loop
      vertex -22.4575 -23.4995 2
      vertex -18.8909 -19.8909 2
      vertex -19.0295 -19.8413 2
    endloop
  endfacet
  facet normal 0 0 1
    outer loop
      vertex -22.4575 -23.4995 2
      vertex -19.0295 -19.8413 2
      vertex -19.1626 -19.7784 2
    endloop
  endfacet
  facet normal 0 0 1
    outer loop
      vertex -22.4575 -23.4995 2
      vertex -19.1626 -19.7784 2
      vertex -19.2888 -19.7027 2
    endloop
  endfacet
  facet normal 0 0 1
    outer loop
      vertex -22.4575 -23.4995 2
      vertex -19.2888 -19.7027 2
      vertex -19.4071 -19.615 2
    endloop
  endfacet
  facet normal 0 0 1
    outer loop
      vertex -22.4575 -23.4995 2
      vertex -19.4071 -19.615 2
      vertex -19.5161 -19.5161 2
    endloop
  endfacet
  facet normal 0 0 1
    outer loop
      vertex -22.4575 -23.4995 2
      vertex -19.5161 -19.5161 2
      vertex -19.615 -19.4071 2
    endloop
  endfacet
  facet normal 0 0 1
    outer loop
      vertex -18.0201 -19.8909 2
      vertex -19.6672 -25.2767 2
      vertex -16.6874 -26.8104 2
    endloop
  endfacet
  facet normal 0 0 1
    outer loop
      vertex -22.4575 -23.4995 2
      vertex -19.615 -19.4071 2
      vertex -19.7027 -19.2888 2
    endloop
  endfacet
  facet normal 0 0 1
    outer loop
      vertex -22.4575 -23.4995 2
      vertex -19.7027 -19.2888 2
      vertex -19.7784 -19.1626 2
    endloop
  endfacet
  facet normal 0 0 1
    outer loop
      vertex -25.0316 -21.496 2
      vertex -19.7784 -19.1626 2
      vertex -19.8413 -19.0295 2
    endloop
  endfacet
  facet normal 0 0 1
    outer loop
      vertex -25.0316 -21.496 2
      vertex -19.8413 -19.0295 2
      vertex -19.8909 -18.8909 2
    endloop
  endfacet
  facet normal 0 0 1
    outer loop
      vertex -25.0316 -21.496 2
      vertex -19.8909 -18.8909 2
      vertex -19.9267 -18.7481 2
    endloop
  endfacet
  facet normal 0 0 1
    outer loop
      vertex -25.0316 -21.496 2
      vertex -19.9267 -18.7481 2
      vertex -19.9483 -18.6025 2
    endloop
  endfacet
  facet normal 0 0 1
    outer loop
      vertex -25.0316 -21.496 2
      vertex -19.9483 -18.6025 2
      vertex -19.9555 -18.4555 2
    endloop
  endfacet
  facet normal 0 0 1
    outer loop
      vertex -19.9267 -18.1629 2
      vertex -27.3646 -19.2856 2
      vertex -19.9483 -18.3085 2
    endloop
  endfacet
  facet normal 0 0 1
    outer loop
      vertex -32.7053 -11.6336 2
      vertex -20.4177 -8.4573 2
      vertex -21.1484 -6.41529 2
    endloop
  endfacet
  facet normal 0 0 1
    outer loop
      vertex -26.1 -2 2
      vertex -21.1484 -6.41529 2
      vertex -21.6754 -4.3115 2
    endloop
  endfacet
  facet normal 0 0 1
    outer loop
      vertex -26.1 -2 2
      vertex -21.6754 -4.3115 2
      vertex -21.9936 -2.16618 2
    endloop
  endfacet
  facet normal -0 0 1
    outer loop
      vertex -22.1 -2 2
      vertex -21.9936 -2.16618 2
      vertex -22.1 0 2
    endloop
  endfacet
  facet normal -0 0 1
    outer loop
      vertex -26.1 -2 2
      vertex -21.9936 -2.16618 2
      vertex -22.1 -2 2
    endloop
  endfacet
  facet normal 0 0 1
    outer loop
      vertex -18.8909 -19.8909 2
      vertex -22.4575 -23.4995 2
      vertex -19.6672 -25.2767 2
    endloop
  endfacet
  facet normal 0 0 1
    outer loop
      vertex -19.7784 -19.1626 2
      vertex -25.0316 -21.496 2
      vertex -22.4575 -23.4995 2
    endloop
  endfacet
  facet normal 0 0 1
    outer loop
      vertex -21.1484 -6.41529 2
      vertex -26.1 -2 2
      vertex -32.7053 -11.6336 2
    endloop
  endfacet
  facet normal 0 0 1
    outer loop
      vertex -21.9936 2.16618 2
      vertex -26.1 2 2
      vertex -22.1 2 2
    endloop
  endfacet
  facet normal 0 0 1
    outer loop
      vertex -19.9483 -18.3085 2
      vertex -25.0316 -21.496 2
      vertex -19.9555 -18.4555 2
    endloop
  endfacet
  facet normal 0 0 1
    outer loop
      vertex -21.1484 6.41529 2
      vertex -26.1 2 2
      vertex -21.6754 4.3115 2
    endloop
  endfacet
  facet normal 0 -0 1
    outer loop
      vertex -25.0316 -21.496 2
      vertex -19.9483 -18.3085 2
      vertex -27.3646 -19.2856 2
    endloop
  endfacet
  facet normal -0 0 1
    outer loop
      vertex -33.8757 8.82465 2
      vertex -26.1 2 2
      vertex -32.7053 11.6336 2
    endloop
  endfacet
  facet normal 0 0 1
    outer loop
      vertex -20.4177 -8.4573 2
      vertex -31.22 -14.3305 2
      vertex -29.434 -16.8893 2
    endloop
  endfacet
  facet normal -0 0 1
    outer loop
      vertex -34.7198 5.93075 2
      vertex -26.1 2 2
      vertex -33.8757 8.82465 2
    endloop
  endfacet
  facet normal 0 0 1
    outer loop
      vertex -20.4177 -8.4573 2
      vertex -32.7053 -11.6336 2
      vertex -31.22 -14.3305 2
    endloop
  endfacet
  facet normal -0 0 1
    outer loop
      vertex -35.2295 2.97972 2
      vertex -26.1 2 2
      vertex -34.7198 5.93075 2
    endloop
  endfacet
  facet normal 0 0 1
    outer loop
      vertex -26.1 -2 2
      vertex -33.8757 -8.82465 2
      vertex -32.7053 -11.6336 2
    endloop
  endfacet
  facet normal 0 0 1
    outer loop
      vertex -35.4 0 2
      vertex -26.1 2 2
      vertex -35.2295 2.97972 2
    endloop
  endfacet
  facet normal 0 0 1
    outer loop
      vertex -26.1 -2 2
      vertex -34.7198 -5.93075 2
      vertex -33.8757 -8.82465 2
    endloop
  endfacet
  facet normal 0 0 1
    outer loop
      vertex -26.1 2 2
      vertex -35.4 0 2
      vertex -26.1 -2 2
    endloop
  endfacet
  facet normal 0 0 1
    outer loop
      vertex -26.1 -2 2
      vertex -35.2295 -2.97972 2
      vertex -34.7198 -5.93075 2
    endloop
  endfacet
  facet normal 0 0 1
    outer loop
      vertex -26.1 -2 2
      vertex -35.4 0 2
      vertex -35.2295 -2.97972 2
    endloop
  endfacet
  facet normal 0 0 1
    outer loop
      vertex 25.0316 -21.496 2
      vertex 19.9483 -18.3085 2
      vertex 19.9555 -18.4555 2
    endloop
  endfacet
  facet normal 0 0 1
    outer loop
      vertex 29.434 -16.8893 2
      vertex 19.9267 -18.1629 2
      vertex 19.9483 -18.3085 2
    endloop
  endfacet
  facet normal 0 0 1
    outer loop
      vertex 29.434 -16.8893 2
      vertex 19.8909 -18.0201 2
      vertex 19.9267 -18.1629 2
    endloop
  endfacet
  facet normal 0 0 1
    outer loop
      vertex 29.434 -16.8893 2
      vertex 19.8413 -17.8815 2
      vertex 19.8909 -18.0201 2
    endloop
  endfacet
  facet normal 0 -0 1
    outer loop
      vertex 19.615 -17.5039 2
      vertex 29.434 -16.8893 2
      vertex 19.4905 -10.4179 2
    endloop
  endfacet
  facet normal 0 0 1
    outer loop
      vertex 29.434 -16.8893 2
      vertex 19.7784 -17.7484 2
      vertex 19.8413 -17.8815 2
    endloop
  endfacet
  facet normal 0 0 1
    outer loop
      vertex 29.434 -16.8893 2
      vertex 19.7027 -17.6221 2
      vertex 19.7784 -17.7484 2
    endloop
  endfacet
  facet normal 0 0 1
    outer loop
      vertex 29.434 -16.8893 2
      vertex 19.615 -17.5039 2
      vertex 19.7027 -17.6221 2
    endloop
  endfacet
  facet normal 0 0 1
    outer loop
      vertex 19.615 -17.5039 2
      vertex 19.4905 -10.4179 2
      vertex 19.5161 -17.3948 2
    endloop
  endfacet
  facet normal -0 0 1
    outer loop
      vertex 18.3755 -12.2781 2
      vertex 19.5161 -17.3948 2
      vertex 19.4905 -10.4179 2
    endloop
  endfacet
  facet normal 0 0 1
    outer loop
      vertex 19.5161 -17.3948 2
      vertex 18.3755 -12.2781 2
      vertex 19.4071 -17.296 2
    endloop
  endfacet
  facet normal 0 0 1
    outer loop
      vertex 19.4071 -17.296 2
      vertex 18.3755 -12.2781 2
      vertex 19.2888 -17.2083 2
    endloop
  endfacet
  facet normal 0 0 1
    outer loop
      vertex 19.2888 -17.2083 2
      vertex 18.3755 -12.2781 2
      vertex 19.1626 -17.1326 2
    endloop
  endfacet
  facet normal 0 0 1
    outer loop
      vertex 19.1626 -17.1326 2
      vertex 18.3755 -12.2781 2
      vertex 19.0295 -17.0697 2
    endloop
  endfacet
  facet normal 0 0 1
    outer loop
      vertex 19.0295 -17.0697 2
      vertex 18.3755 -12.2781 2
      vertex 18.8909 -17.0201 2
    endloop
  endfacet
  facet normal -0 0 1
    outer loop
      vertex 17.0835 -14.0201 2
      vertex 18.8909 -17.0201 2
      vertex 18.3755 -12.2781 2
    endloop
  endfacet
  facet normal 0 0 1
    outer loop
      vertex 18.8909 -17.0201 2
      vertex 17.0835 -14.0201 2
      vertex 18.7481 -16.9843 2
    endloop
  endfacet
  facet normal 0 0 1
    outer loop
      vertex 18.7481 -16.9843 2
      vertex 17.0835 -14.0201 2
      vertex 18.6025 -16.9627 2
    endloop
  endfacet
  facet normal 0 0 1
    outer loop
      vertex 18.6025 -16.9627 2
      vertex 17.0835 -14.0201 2
      vertex 18.4555 -16.9555 2
    endloop
  endfacet
  facet normal 0 0 1
    outer loop
      vertex 18.4555 -16.9555 2
      vertex 17.0835 -14.0201 2
      vertex 18.3085 -16.9627 2
    endloop
  endfacet
  facet normal 0 0 1
    outer loop
      vertex 18.3085 -16.9627 2
      vertex 17.0835 -14.0201 2
      vertex 18.1629 -16.9843 2
    endloop
  endfacet
  facet normal 0 0 1
    outer loop
      vertex 18.1629 -16.9843 2
      vertex 17.0835 -14.0201 2
      vertex 18.0201 -17.0201 2
    endloop
  endfacet
  facet normal 0 0 1
    outer loop
      vertex 18.0201 -17.0201 2
      vertex 17.0835 -14.0201 2
      vertex 17.8815 -17.0697 2
    endloop
  endfacet
  facet normal -0 0 1
    outer loop
      vertex 15.6271 -15.6271 2
      vertex 17.8815 -17.0697 2
      vertex 17.0835 -14.0201 2
    endloop
  endfacet
  facet normal 0 0 1
    outer loop
      vertex 17.8815 -17.0697 2
      vertex 15.6271 -15.6271 2
      vertex 17.7484 -17.1326 2
    endloop
  endfacet
  facet normal 0 0 1
    outer loop
      vertex 17.7484 -17.1326 2
      vertex 15.6271 -15.6271 2
      vertex 17.6221 -17.2083 2
    endloop
  endfacet
  facet normal 0 0 1
    outer loop
      vertex 17.6221 -17.2083 2
      vertex 15.6271 -15.6271 2
      vertex 17.5039 -17.296 2
    endloop
  endfacet
  facet normal 0 0 1
    outer loop
      vertex 17.5039 -17.296 2
      vertex 15.6271 -15.6271 2
      vertex 17.3948 -17.3948 2
    endloop
  endfacet
  facet normal 0 0 1
    outer loop
      vertex 17.3948 -17.3948 2
      vertex 15.6271 -15.6271 2
      vertex 17.296 -17.5039 2
    endloop
  endfacet
  facet normal 0 0 1
    outer loop
      vertex 17.296 -17.5039 2
      vertex 15.6271 -15.6271 2
      vertex 17.2083 -17.6221 2
    endloop
  endfacet
  facet normal 0 0 1
    outer loop
      vertex 17.2083 -17.6221 2
      vertex 15.6271 -15.6271 2
      vertex 17.1326 -17.7484 2
    endloop
  endfacet
  facet normal 0 0 1
    outer loop
      vertex 17.1326 -17.7484 2
      vertex 15.6271 -15.6271 2
      vertex 17.0697 -17.8815 2
    endloop
  endfacet
  facet normal -0 0 1
    outer loop
      vertex 14.0201 -17.0835 2
      vertex 17.0697 -17.8815 2
      vertex 15.6271 -15.6271 2
    endloop
  endfacet
  facet normal 0 0 1
    outer loop
      vertex 17.0697 -17.8815 2
      vertex 14.0201 -17.0835 2
      vertex 17.0201 -18.0201 2
    endloop
  endfacet
  facet normal 0 0 1
    outer loop
      vertex 17.0201 -18.0201 2
      vertex 14.0201 -17.0835 2
      vertex 16.9843 -18.1629 2
    endloop
  endfacet
  facet normal 0 0 1
    outer loop
      vertex 16.9843 -18.1629 2
      vertex 14.0201 -17.0835 2
      vertex 16.9627 -18.3085 2
    endloop
  endfacet
  facet normal 0 0 1
    outer loop
      vertex 16.9627 -18.3085 2
      vertex 14.0201 -17.0835 2
      vertex 16.9555 -18.4555 2
    endloop
  endfacet
  facet normal -0 0 1
    outer loop
      vertex 12.2781 -18.3755 2
      vertex 16.9555 -18.4555 2
      vertex 14.0201 -17.0835 2
    endloop
  endfacet
  facet normal 0 0 1
    outer loop
      vertex 16.9555 -18.4555 2
      vertex 12.2781 -18.3755 2
      vertex 16.6874 -26.8104 2
    endloop
  endfacet
  facet normal -0 0 1
    outer loop
      vertex 10.4179 -19.4905 2
      vertex 16.6874 -26.8104 2
      vertex 12.2781 -18.3755 2
    endloop
  endfacet
  facet normal 0 0 1
    outer loop
      vertex 16.6874 -26.8104 2
      vertex 10.4179 -19.4905 2
      vertex 13.547 -28.0859 2
    endloop
  endfacet
  facet normal -0 0 1
    outer loop
      vertex 8.4573 -20.4177 2
      vertex 13.547 -28.0859 2
      vertex 10.4179 -19.4905 2
    endloop
  endfacet
  facet normal 0 0 1
    outer loop
      vertex 13.547 -28.0859 2
      vertex 8.4573 -20.4177 2
      vertex 10.2761 -29.091 2
    endloop
  endfacet
  facet normal -0 0 1
    outer loop
      vertex 6.41529 -21.1484 2
      vertex 10.2761 -29.091 2
      vertex 8.4573 -20.4177 2
    endloop
  endfacet
  facet normal 0 0 1
    outer loop
      vertex 10.2761 -29.091 2
      vertex 6.41529 -21.1484 2
      vertex 6.9062 -29.8159 2
    endloop
  endfacet
  facet normal -0 0 1
    outer loop
      vertex 4.3115 -21.6754 2
      vertex 6.9062 -29.8159 2
      vertex 6.41529 -21.1484 2
    endloop
  endfacet
  facet normal 0 0 1
    outer loop
      vertex 4.3115 -21.6754 2
      vertex 3.46981 -30.2536 2
      vertex 6.9062 -29.8159 2
    endloop
  endfacet
  facet normal -0 0 1
    outer loop
      vertex 2.16618 -21.9936 2
      vertex 3.46981 -30.2536 2
      vertex 4.3115 -21.6754 2
    endloop
  endfacet
  facet normal 0 0 1
    outer loop
      vertex 0 -30.4 2
      vertex 2.16618 -21.9936 2
      vertex 0 -22.1 2
    endloop
  endfacet
  facet normal 0 0 1
    outer loop
      vertex 2.16618 -21.9936 2
      vertex 0 -30.4 2
      vertex 3.46981 -30.2536 2
    endloop
  endfacet
  facet normal 0 0 1
    outer loop
      vertex -2.16618 -21.9936 2
      vertex 0 -30.4 2
      vertex 0 -22.1 2
    endloop
  endfacet
  facet normal 0 0 1
    outer loop
      vertex -2.16618 -21.9936 2
      vertex -3.46981 -30.2536 2
      vertex 0 -30.4 2
    endloop
  endfacet
  facet normal 0 0 1
    outer loop
      vertex -4.3115 -21.6754 2
      vertex -3.46981 -30.2536 2
      vertex -2.16618 -21.9936 2
    endloop
  endfacet
  facet normal 0 0 1
    outer loop
      vertex -6.9062 -29.8159 2
      vertex -4.3115 -21.6754 2
      vertex -6.41529 -21.1484 2
    endloop
  endfacet
  facet normal 0 0 1
    outer loop
      vertex -4.3115 -21.6754 2
      vertex -6.9062 -29.8159 2
      vertex -3.46981 -30.2536 2
    endloop
  endfacet
  facet normal 0 0 1
    outer loop
      vertex -10.2761 -29.091 2
      vertex -6.41529 -21.1484 2
      vertex -8.4573 -20.4177 2
    endloop
  endfacet
  facet normal 0 0 1
    outer loop
      vertex -6.41529 -21.1484 2
      vertex -10.2761 -29.091 2
      vertex -6.9062 -29.8159 2
    endloop
  endfacet
  facet normal 0 0 1
    outer loop
      vertex -13.547 -28.0859 2
      vertex -8.4573 -20.4177 2
      vertex -10.4179 -19.4905 2
    endloop
  endfacet
  facet normal 0 0 1
    outer loop
      vertex -16.6874 -26.8104 2
      vertex -10.4179 -19.4905 2
      vertex -12.2781 -18.3755 2
    endloop
  endfacet
  facet normal 0 0 1
    outer loop
      vertex -8.4573 -20.4177 2
      vertex -13.547 -28.0859 2
      vertex -10.2761 -29.091 2
    endloop
  endfacet
  facet normal 0 0 1
    outer loop
      vertex -16.9627 -18.6025 2
      vertex -14.0201 -17.0835 2
      vertex -16.9555 -18.4555 2
    endloop
  endfacet
  facet normal 0 0 1
    outer loop
      vertex -17.0697 -17.8815 2
      vertex -14.0201 -17.0835 2
      vertex -15.6271 -15.6271 2
    endloop
  endfacet
  facet normal 0 0 1
    outer loop
      vertex -16.9843 -18.7481 2
      vertex -14.0201 -17.0835 2
      vertex -16.9627 -18.6025 2
    endloop
  endfacet
  facet normal 0 0 1
    outer loop
      vertex -10.4179 -19.4905 2
      vertex -16.6874 -26.8104 2
      vertex -13.547 -28.0859 2
    endloop
  endfacet
  facet normal 0 0 1
    outer loop
      vertex -14.0201 -17.0835 2
      vertex -16.9627 -18.3085 2
      vertex -16.9555 -18.4555 2
    endloop
  endfacet
  facet normal 0 0 1
    outer loop
      vertex -14.0201 -17.0835 2
      vertex -16.9843 -18.1629 2
      vertex -16.9627 -18.3085 2
    endloop
  endfacet
  facet normal 0 0 1
    outer loop
      vertex -14.0201 -17.0835 2
      vertex -17.0201 -18.0201 2
      vertex -16.9843 -18.1629 2
    endloop
  endfacet
  facet normal 0 0 1
    outer loop
      vertex -14.0201 -17.0835 2
      vertex -17.0697 -17.8815 2
      vertex -17.0201 -18.0201 2
    endloop
  endfacet
  facet normal 0 0 1
    outer loop
      vertex -17.8815 -17.0697 2
      vertex -15.6271 -15.6271 2
      vertex -17.0835 -14.0201 2
    endloop
  endfacet
  facet normal 0 0 1
    outer loop
      vertex -15.6271 -15.6271 2
      vertex -17.1326 -17.7484 2
      vertex -17.0697 -17.8815 2
    endloop
  endfacet
  facet normal 0 0 1
    outer loop
      vertex -15.6271 -15.6271 2
      vertex -17.2083 -17.6221 2
      vertex -17.1326 -17.7484 2
    endloop
  endfacet
  facet normal 0 0 1
    outer loop
      vertex -15.6271 -15.6271 2
      vertex -17.296 -17.5039 2
      vertex -17.2083 -17.6221 2
    endloop
  endfacet
  facet normal 0 0 1
    outer loop
      vertex -15.6271 -15.6271 2
      vertex -17.3948 -17.3948 2
      vertex -17.296 -17.5039 2
    endloop
  endfacet
  facet normal 0 0 1
    outer loop
      vertex -15.6271 -15.6271 2
      vertex -17.5039 -17.296 2
      vertex -17.3948 -17.3948 2
    endloop
  endfacet
  facet normal 0 0 1
    outer loop
      vertex -15.6271 -15.6271 2
      vertex -17.6221 -17.2083 2
      vertex -17.5039 -17.296 2
    endloop
  endfacet
  facet normal 0 0 1
    outer loop
      vertex -15.6271 -15.6271 2
      vertex -17.7484 -17.1326 2
      vertex -17.6221 -17.2083 2
    endloop
  endfacet
  facet normal 0 0 1
    outer loop
      vertex -15.6271 -15.6271 2
      vertex -17.8815 -17.0697 2
      vertex -17.7484 -17.1326 2
    endloop
  endfacet
  facet normal 0 0 1
    outer loop
      vertex -17.0835 -14.0201 2
      vertex -18.0201 -17.0201 2
      vertex -17.8815 -17.0697 2
    endloop
  endfacet
  facet normal 0 0 1
    outer loop
      vertex -17.0835 -14.0201 2
      vertex -18.1629 -16.9843 2
      vertex -18.0201 -17.0201 2
    endloop
  endfacet
  facet normal 0 0 1
    outer loop
      vertex -17.0835 -14.0201 2
      vertex -18.3085 -16.9627 2
      vertex -18.1629 -16.9843 2
    endloop
  endfacet
  facet normal 0 0 1
    outer loop
      vertex -18.8909 -17.0201 2
      vertex -17.0835 -14.0201 2
      vertex -18.3755 -12.2781 2
    endloop
  endfacet
  facet normal 0 0 1
    outer loop
      vertex -17.0835 -14.0201 2
      vertex -18.4555 -16.9555 2
      vertex -18.3085 -16.9627 2
    endloop
  endfacet
  facet normal 0 0 1
    outer loop
      vertex -17.0835 -14.0201 2
      vertex -18.6025 -16.9627 2
      vertex -18.4555 -16.9555 2
    endloop
  endfacet
  facet normal 0 0 1
    outer loop
      vertex -17.0835 -14.0201 2
      vertex -18.7481 -16.9843 2
      vertex -18.6025 -16.9627 2
    endloop
  endfacet
  facet normal 0 0 1
    outer loop
      vertex -17.0835 -14.0201 2
      vertex -18.8909 -17.0201 2
      vertex -18.7481 -16.9843 2
    endloop
  endfacet
  facet normal 0 0 1
    outer loop
      vertex -18.3755 -12.2781 2
      vertex -19.0295 -17.0697 2
      vertex -18.8909 -17.0201 2
    endloop
  endfacet
  facet normal 0 0 1
    outer loop
      vertex -18.3755 -12.2781 2
      vertex -19.1626 -17.1326 2
      vertex -19.0295 -17.0697 2
    endloop
  endfacet
  facet normal 0 0 1
    outer loop
      vertex -18.3755 -12.2781 2
      vertex -19.2888 -17.2083 2
      vertex -19.1626 -17.1326 2
    endloop
  endfacet
  facet normal 0 0 1
    outer loop
      vertex -18.3755 -12.2781 2
      vertex -19.4071 -17.296 2
      vertex -19.2888 -17.2083 2
    endloop
  endfacet
  facet normal 0 0 1
    outer loop
      vertex -19.5161 -17.3948 2
      vertex -18.3755 -12.2781 2
      vertex -19.4905 -10.4179 2
    endloop
  endfacet
  facet normal 0 0 1
    outer loop
      vertex -18.3755 -12.2781 2
      vertex -19.5161 -17.3948 2
      vertex -19.4071 -17.296 2
    endloop
  endfacet
  facet normal 0 0 1
    outer loop
      vertex -19.4905 -10.4179 2
      vertex -19.615 -17.5039 2
      vertex -19.5161 -17.3948 2
    endloop
  endfacet
  facet normal -0 0 1
    outer loop
      vertex -29.434 -16.8893 2
      vertex -19.615 -17.5039 2
      vertex -19.4905 -10.4179 2
    endloop
  endfacet
  facet normal 0 0 1
    outer loop
      vertex -19.615 -17.5039 2
      vertex -29.434 -16.8893 2
      vertex -19.7027 -17.6221 2
    endloop
  endfacet
  facet normal 0 -0 1
    outer loop
      vertex -27.3646 -19.2856 2
      vertex -19.7027 -17.6221 2
      vertex -29.434 -16.8893 2
    endloop
  endfacet
  facet normal 0 0 1
    outer loop
      vertex -29.434 -16.8893 2
      vertex -19.4905 -10.4179 2
      vertex -20.4177 -8.4573 2
    endloop
  endfacet
  facet normal 0 0 1
    outer loop
      vertex -19.7027 -17.6221 2
      vertex -27.3646 -19.2856 2
      vertex -19.7784 -17.7484 2
    endloop
  endfacet
  facet normal 0 0 1
    outer loop
      vertex -19.7784 -17.7484 2
      vertex -27.3646 -19.2856 2
      vertex -19.8413 -17.8815 2
    endloop
  endfacet
  facet normal 0 0 1
    outer loop
      vertex -19.8909 -18.0201 2
      vertex -27.3646 -19.2856 2
      vertex -19.9267 -18.1629 2
    endloop
  endfacet
  facet normal 0 0 1
    outer loop
      vertex -19.8413 -17.8815 2
      vertex -27.3646 -19.2856 2
      vertex -19.8909 -18.0201 2
    endloop
  endfacet
  facet normal 0 0 1
    outer loop
      vertex 24.1 6.7 2
      vertex 35.4 0 2
      vertex 35.2295 2.97972 2
    endloop
  endfacet
  facet normal 0 0 1
    outer loop
      vertex 24.1 6.7 2
      vertex 35.2295 2.97972 2
      vertex 34.7198 5.93075 2
    endloop
  endfacet
  facet normal 0 0 1
    outer loop
      vertex 24.1 -6.7 2
      vertex 35.4 0 2
      vertex 24.1 6.7 2
    endloop
  endfacet
  facet normal -0 0 1
    outer loop
      vertex 24.1 6.7 2
      vertex 34.7198 5.93075 2
      vertex 33.8757 8.82465 2
    endloop
  endfacet
  facet normal 0 0 1
    outer loop
      vertex 35.4 0 2
      vertex 24.1 -6.7 2
      vertex 35.2295 -2.97972 2
    endloop
  endfacet
  facet normal 0 0 1
    outer loop
      vertex 24.1 6.7 2
      vertex 33.8757 8.82465 2
      vertex 32.7053 11.6336 2
    endloop
  endfacet
  facet normal 0 0 1
    outer loop
      vertex 35.2295 -2.97972 2
      vertex 24.1 -6.7 2
      vertex 34.7198 -5.93075 2
    endloop
  endfacet
  facet normal 0 0 1
    outer loop
      vertex 24.1 6.7 2
      vertex 32.7053 11.6336 2
      vertex 31.22 14.3305 2
    endloop
  endfacet
  facet normal 0 0 1
    outer loop
      vertex 34.7198 -5.93075 2
      vertex 24.1 -6.7 2
      vertex 33.8757 -8.82465 2
    endloop
  endfacet
  facet normal 0 0 1
    outer loop
      vertex 24.1 6.7 2
      vertex 31.22 14.3305 2
      vertex 29.434 16.8893 2
    endloop
  endfacet
  facet normal 0 0 1
    outer loop
      vertex 33.8757 -8.82465 2
      vertex 24.1 -6.7 2
      vertex 32.7053 -11.6336 2
    endloop
  endfacet
  facet normal -0 0 1
    outer loop
      vertex 19.7027 17.6221 2
      vertex 29.434 16.8893 2
      vertex 27.3646 19.2856 2
    endloop
  endfacet
  facet normal 0 0 1
    outer loop
      vertex 32.7053 -11.6336 2
      vertex 24.1 -6.7 2
      vertex 31.22 -14.3305 2
    endloop
  endfacet
  facet normal 0 0 1
    outer loop
      vertex 19.9483 18.3085 2
      vertex 27.3646 19.2856 2
      vertex 25.0316 21.496 2
    endloop
  endfacet
  facet normal 0 0 1
    outer loop
      vertex 31.22 -14.3305 2
      vertex 24.1 -6.7 2
      vertex 29.434 -16.8893 2
    endloop
  endfacet
  facet normal 0 0 1
    outer loop
      vertex 19.4905 -10.4179 2
      vertex 24.1 -6.7 2
      vertex 20.4177 -8.4573 2
    endloop
  endfacet
  facet normal 0 0 1
    outer loop
      vertex 19.7784 19.1626 2
      vertex 25.0316 21.496 2
      vertex 22.4575 23.4995 2
    endloop
  endfacet
  facet normal 0 0 1
    outer loop
      vertex 27.3646 19.2856 2
      vertex 19.9267 18.1629 2
      vertex 19.8909 18.0201 2
    endloop
  endfacet
  facet normal 0 0 1
    outer loop
      vertex 24.1 6.7 2
      vertex 20.4177 8.4573 2
      vertex 21.0465 6.7 2
    endloop
  endfacet
  facet normal 0 0 1
    outer loop
      vertex 25.0316 21.496 2
      vertex 19.9555 18.4555 2
      vertex 19.9483 18.3085 2
    endloop
  endfacet
  facet normal 0 0 1
    outer loop
      vertex 25.0316 21.496 2
      vertex 19.9483 18.6025 2
      vertex 19.9555 18.4555 2
    endloop
  endfacet
  facet normal 0 0 1
    outer loop
      vertex 25.0316 21.496 2
      vertex 19.9267 18.7481 2
      vertex 19.9483 18.6025 2
    endloop
  endfacet
  facet normal 0 0 1
    outer loop
      vertex 25.0316 21.496 2
      vertex 19.8909 18.8909 2
      vertex 19.9267 18.7481 2
    endloop
  endfacet
  facet normal 0 0 1
    outer loop
      vertex 25.0316 21.496 2
      vertex 19.8413 19.0295 2
      vertex 19.8909 18.8909 2
    endloop
  endfacet
  facet normal 0 0 1
    outer loop
      vertex 25.0316 21.496 2
      vertex 19.7784 19.1626 2
      vertex 19.8413 19.0295 2
    endloop
  endfacet
  facet normal 0 0 1
    outer loop
      vertex 22.4575 23.4995 2
      vertex 19.7027 19.2888 2
      vertex 19.7784 19.1626 2
    endloop
  endfacet
  facet normal 0 0 1
    outer loop
      vertex 18.8909 19.8909 2
      vertex 22.4575 23.4995 2
      vertex 19.6672 25.2767 2
    endloop
  endfacet
  facet normal 0 0 1
    outer loop
      vertex 22.4575 23.4995 2
      vertex 19.615 19.4071 2
      vertex 19.7027 19.2888 2
    endloop
  endfacet
  facet normal 0 0 1
    outer loop
      vertex 22.4575 23.4995 2
      vertex 19.5161 19.5161 2
      vertex 19.615 19.4071 2
    endloop
  endfacet
  facet normal 0 0 1
    outer loop
      vertex 22.4575 23.4995 2
      vertex 19.4071 19.615 2
      vertex 19.5161 19.5161 2
    endloop
  endfacet
  facet normal 0 0 1
    outer loop
      vertex 22.4575 23.4995 2
      vertex 19.2888 19.7027 2
      vertex 19.4071 19.615 2
    endloop
  endfacet
  facet normal 0 0 1
    outer loop
      vertex 22.4575 23.4995 2
      vertex 19.1626 19.7784 2
      vertex 19.2888 19.7027 2
    endloop
  endfacet
  facet normal 0 0 1
    outer loop
      vertex 22.4575 23.4995 2
      vertex 19.0295 19.8413 2
      vertex 19.1626 19.7784 2
    endloop
  endfacet
  facet normal 0 0 1
    outer loop
      vertex 22.4575 23.4995 2
      vertex 18.8909 19.8909 2
      vertex 19.0295 19.8413 2
    endloop
  endfacet
  facet normal 0 0 1
    outer loop
      vertex 19.6672 25.2767 2
      vertex 18.7481 19.9267 2
      vertex 18.8909 19.8909 2
    endloop
  endfacet
  facet normal 0 0 1
    outer loop
      vertex 19.6672 25.2767 2
      vertex 18.6025 19.9483 2
      vertex 18.7481 19.9267 2
    endloop
  endfacet
  facet normal 0 0 1
    outer loop
      vertex 19.6672 25.2767 2
      vertex 18.4555 19.9555 2
      vertex 18.6025 19.9483 2
    endloop
  endfacet
  facet normal 0 0 1
    outer loop
      vertex 19.6672 25.2767 2
      vertex 18.3085 19.9483 2
      vertex 18.4555 19.9555 2
    endloop
  endfacet
  facet normal 0 0 1
    outer loop
      vertex 19.6672 25.2767 2
      vertex 18.1629 19.9267 2
      vertex 18.3085 19.9483 2
    endloop
  endfacet
  facet normal 0 0 1
    outer loop
      vertex 19.6672 25.2767 2
      vertex 18.0201 19.8909 2
      vertex 18.1629 19.9267 2
    endloop
  endfacet
  facet normal 0 0 1
    outer loop
      vertex 19.6672 25.2767 2
      vertex 17.8815 19.8413 2
      vertex 18.0201 19.8909 2
    endloop
  endfacet
  facet normal 0 0 1
    outer loop
      vertex 16.6874 26.8104 2
      vertex 17.8815 19.8413 2
      vertex 19.6672 25.2767 2
    endloop
  endfacet
  facet normal 0 0 1
    outer loop
      vertex 17.8815 19.8413 2
      vertex 16.6874 26.8104 2
      vertex 17.7484 19.7784 2
    endloop
  endfacet
  facet normal 0 0 1
    outer loop
      vertex 17.7484 19.7784 2
      vertex 16.6874 26.8104 2
      vertex 17.6221 19.7027 2
    endloop
  endfacet
  facet normal 0 0 1
    outer loop
      vertex 17.6221 19.7027 2
      vertex 16.6874 26.8104 2
      vertex 17.5039 19.615 2
    endloop
  endfacet
  facet normal 0 0 1
    outer loop
      vertex 17.5039 19.615 2
      vertex 16.6874 26.8104 2
      vertex 17.3948 19.5161 2
    endloop
  endfacet
  facet normal 0 0 1
    outer loop
      vertex 12.2781 18.3755 2
      vertex 17.3948 19.5161 2
      vertex 16.6874 26.8104 2
    endloop
  endfacet
  facet normal 0 0 1
    outer loop
      vertex 17.3948 19.5161 2
      vertex 12.2781 18.3755 2
      vertex 17.296 19.4071 2
    endloop
  endfacet
  facet normal 0 0 1
    outer loop
      vertex 17.296 19.4071 2
      vertex 12.2781 18.3755 2
      vertex 17.2083 19.2888 2
    endloop
  endfacet
  facet normal 0 0 1
    outer loop
      vertex 17.0201 18.8909 2
      vertex 14.0201 17.0835 2
      vertex 16.9843 18.7481 2
    endloop
  endfacet
  facet normal 0 -0 1
    outer loop
      vertex 14.0201 17.0835 2
      vertex 17.0201 18.8909 2
      vertex 12.2781 18.3755 2
    endloop
  endfacet
  facet normal 0 0 1
    outer loop
      vertex 17.0697 19.0295 2
      vertex 12.2781 18.3755 2
      vertex 17.0201 18.8909 2
    endloop
  endfacet
  facet normal 0 0 1
    outer loop
      vertex 17.1326 19.1626 2
      vertex 12.2781 18.3755 2
      vertex 17.0697 19.0295 2
    endloop
  endfacet
  facet normal 0 0 1
    outer loop
      vertex 17.2083 19.2888 2
      vertex 12.2781 18.3755 2
      vertex 17.1326 19.1626 2
    endloop
  endfacet
  facet normal 0 0 1
    outer loop
      vertex 24.1 -6.7 2
      vertex 19.4905 -10.4179 2
      vertex 29.434 -16.8893 2
    endloop
  endfacet
  facet normal 0 0 1
    outer loop
      vertex 19.9483 -18.3085 2
      vertex 25.0316 -21.496 2
      vertex 27.3646 -19.2856 2
    endloop
  endfacet
  facet normal 0 0 1
    outer loop
      vertex 20.4177 -8.4573 2
      vertex 24.1 -6.7 2
      vertex 21.0465 -6.7 2
    endloop
  endfacet
  facet normal -0 0 1
    outer loop
      vertex 19.9483 -18.3085 2
      vertex 27.3646 -19.2856 2
      vertex 29.434 -16.8893 2
    endloop
  endfacet
  facet normal -0 0 1
    outer loop
      vertex 19.9483 -18.6025 2
      vertex 25.0316 -21.496 2
      vertex 19.9555 -18.4555 2
    endloop
  endfacet
  facet normal -0 0 1
    outer loop
      vertex 19.9267 -18.7481 2
      vertex 25.0316 -21.496 2
      vertex 19.9483 -18.6025 2
    endloop
  endfacet
  facet normal -0 0 1
    outer loop
      vertex 19.8909 -18.8909 2
      vertex 25.0316 -21.496 2
      vertex 19.9267 -18.7481 2
    endloop
  endfacet
  facet normal -0 0 1
    outer loop
      vertex 19.8413 -19.0295 2
      vertex 25.0316 -21.496 2
      vertex 19.8909 -18.8909 2
    endloop
  endfacet
  facet normal -0 0 1
    outer loop
      vertex 19.7784 -19.1626 2
      vertex 25.0316 -21.496 2
      vertex 19.8413 -19.0295 2
    endloop
  endfacet
  facet normal 0 0 1
    outer loop
      vertex 25.0316 -21.496 2
      vertex 19.7784 -19.1626 2
      vertex 22.4575 -23.4995 2
    endloop
  endfacet
  facet normal -0 0 1
    outer loop
      vertex 19.7027 -19.2888 2
      vertex 22.4575 -23.4995 2
      vertex 19.7784 -19.1626 2
    endloop
  endfacet
  facet normal -0 0 1
    outer loop
      vertex 19.615 -19.4071 2
      vertex 22.4575 -23.4995 2
      vertex 19.7027 -19.2888 2
    endloop
  endfacet
  facet normal -0 0 1
    outer loop
      vertex 19.5161 -19.5161 2
      vertex 22.4575 -23.4995 2
      vertex 19.615 -19.4071 2
    endloop
  endfacet
  facet normal -0 0 1
    outer loop
      vertex 19.4071 -19.615 2
      vertex 22.4575 -23.4995 2
      vertex 19.5161 -19.5161 2
    endloop
  endfacet
  facet normal -0 0 1
    outer loop
      vertex 19.2888 -19.7027 2
      vertex 22.4575 -23.4995 2
      vertex 19.4071 -19.615 2
    endloop
  endfacet
  facet normal -0 0 1
    outer loop
      vertex 19.1626 -19.7784 2
      vertex 22.4575 -23.4995 2
      vertex 19.2888 -19.7027 2
    endloop
  endfacet
  facet normal -0 0 1
    outer loop
      vertex 19.0295 -19.8413 2
      vertex 22.4575 -23.4995 2
      vertex 19.1626 -19.7784 2
    endloop
  endfacet
  facet normal -0 0 1
    outer loop
      vertex 18.8909 -19.8909 2
      vertex 22.4575 -23.4995 2
      vertex 19.0295 -19.8413 2
    endloop
  endfacet
  facet normal 0 0 1
    outer loop
      vertex 22.4575 -23.4995 2
      vertex 18.8909 -19.8909 2
      vertex 19.6672 -25.2767 2
    endloop
  endfacet
  facet normal -0 0 1
    outer loop
      vertex 18.7481 -19.9267 2
      vertex 19.6672 -25.2767 2
      vertex 18.8909 -19.8909 2
    endloop
  endfacet
  facet normal -0 0 1
    outer loop
      vertex 18.6025 -19.9483 2
      vertex 19.6672 -25.2767 2
      vertex 18.7481 -19.9267 2
    endloop
  endfacet
  facet normal -0 0 1
    outer loop
      vertex 18.4555 -19.9555 2
      vertex 19.6672 -25.2767 2
      vertex 18.6025 -19.9483 2
    endloop
  endfacet
  facet normal 0 0 1
    outer loop
      vertex 18.3085 -19.9483 2
      vertex 19.6672 -25.2767 2
      vertex 18.4555 -19.9555 2
    endloop
  endfacet
  facet normal 0 0 1
    outer loop
      vertex 18.1629 -19.9267 2
      vertex 19.6672 -25.2767 2
      vertex 18.3085 -19.9483 2
    endloop
  endfacet
  facet normal 0 0 1
    outer loop
      vertex 18.0201 -19.8909 2
      vertex 19.6672 -25.2767 2
      vertex 18.1629 -19.9267 2
    endloop
  endfacet
  facet normal 0 0 1
    outer loop
      vertex 17.8815 -19.8413 2
      vertex 19.6672 -25.2767 2
      vertex 18.0201 -19.8909 2
    endloop
  endfacet
  facet normal 0 0 1
    outer loop
      vertex 16.6874 -26.8104 2
      vertex 17.8815 -19.8413 2
      vertex 17.7484 -19.7784 2
    endloop
  endfacet
  facet normal 0 0 1
    outer loop
      vertex 16.6874 -26.8104 2
      vertex 17.7484 -19.7784 2
      vertex 17.6221 -19.7027 2
    endloop
  endfacet
  facet normal 0 0 1
    outer loop
      vertex 16.6874 -26.8104 2
      vertex 17.6221 -19.7027 2
      vertex 17.5039 -19.615 2
    endloop
  endfacet
  facet normal 0 0 1
    outer loop
      vertex 16.6874 -26.8104 2
      vertex 17.5039 -19.615 2
      vertex 17.3948 -19.5161 2
    endloop
  endfacet
  facet normal 0 0 1
    outer loop
      vertex 16.6874 -26.8104 2
      vertex 17.3948 -19.5161 2
      vertex 17.296 -19.4071 2
    endloop
  endfacet
  facet normal 0 0 1
    outer loop
      vertex 16.6874 -26.8104 2
      vertex 17.296 -19.4071 2
      vertex 17.2083 -19.2888 2
    endloop
  endfacet
  facet normal 0 0 1
    outer loop
      vertex 16.6874 -26.8104 2
      vertex 17.2083 -19.2888 2
      vertex 17.1326 -19.1626 2
    endloop
  endfacet
  facet normal 0 0 1
    outer loop
      vertex 16.6874 -26.8104 2
      vertex 17.1326 -19.1626 2
      vertex 17.0697 -19.0295 2
    endloop
  endfacet
  facet normal 0 0 1
    outer loop
      vertex 17.8815 -19.8413 2
      vertex 16.6874 -26.8104 2
      vertex 19.6672 -25.2767 2
    endloop
  endfacet
  facet normal 0 0 1
    outer loop
      vertex 17.0201 -18.8909 2
      vertex 16.6874 -26.8104 2
      vertex 17.0697 -19.0295 2
    endloop
  endfacet
  facet normal 0 0 1
    outer loop
      vertex 16.9843 -18.7481 2
      vertex 16.6874 -26.8104 2
      vertex 17.0201 -18.8909 2
    endloop
  endfacet
  facet normal 0 0 1
    outer loop
      vertex 16.9627 -18.6025 2
      vertex 16.6874 -26.8104 2
      vertex 16.9843 -18.7481 2
    endloop
  endfacet
  facet normal 0 0 1
    outer loop
      vertex 16.6874 -26.8104 2
      vertex 16.9627 -18.6025 2
      vertex 16.9555 -18.4555 2
    endloop
  endfacet
  facet normal 0 0 1
    outer loop
      vertex 27.3646 19.2856 2
      vertex 19.9483 18.3085 2
      vertex 19.9267 18.1629 2
    endloop
  endfacet
  facet normal 0 0 1
    outer loop
      vertex 27.3646 19.2856 2
      vertex 19.8909 18.0201 2
      vertex 19.8413 17.8815 2
    endloop
  endfacet
  facet normal 0 0 1
    outer loop
      vertex 27.3646 19.2856 2
      vertex 19.8413 17.8815 2
      vertex 19.7784 17.7484 2
    endloop
  endfacet
  facet normal 0 0 1
    outer loop
      vertex 19.7027 17.6221 2
      vertex 27.3646 19.2856 2
      vertex 19.7784 17.7484 2
    endloop
  endfacet
  facet normal 0 0 1
    outer loop
      vertex 29.434 16.8893 2
      vertex 19.4905 10.4179 2
      vertex 24.1 6.7 2
    endloop
  endfacet
  facet normal 0 0 1
    outer loop
      vertex 29.434 16.8893 2
      vertex 19.7027 17.6221 2
      vertex 19.615 17.5039 2
    endloop
  endfacet
  facet normal 0 0 1
    outer loop
      vertex 29.434 16.8893 2
      vertex 19.615 17.5039 2
      vertex 19.4905 10.4179 2
    endloop
  endfacet
  facet normal 0 0 1
    outer loop
      vertex 19.4905 10.4179 2
      vertex 19.615 17.5039 2
      vertex 19.5161 17.3948 2
    endloop
  endfacet
  facet normal 0 0 1
    outer loop
      vertex 24.1 6.7 2
      vertex 19.4905 10.4179 2
      vertex 20.4177 8.4573 2
    endloop
  endfacet
  facet normal 0 0 1
    outer loop
      vertex 18.3755 12.2781 2
      vertex 19.5161 17.3948 2
      vertex 19.4071 17.296 2
    endloop
  endfacet
  facet normal 0 0 1
    outer loop
      vertex 18.3755 12.2781 2
      vertex 19.4071 17.296 2
      vertex 19.2888 17.2083 2
    endloop
  endfacet
  facet normal 0 0 1
    outer loop
      vertex 18.3755 12.2781 2
      vertex 19.2888 17.2083 2
      vertex 19.1626 17.1326 2
    endloop
  endfacet
  facet normal 0 0 1
    outer loop
      vertex 18.3755 12.2781 2
      vertex 19.1626 17.1326 2
      vertex 19.0295 17.0697 2
    endloop
  endfacet
  facet normal 0 0 1
    outer loop
      vertex 18.3755 12.2781 2
      vertex 19.0295 17.0697 2
      vertex 18.8909 17.0201 2
    endloop
  endfacet
  facet normal 0 0 1
    outer loop
      vertex 17.0835 14.0201 2
      vertex 18.8909 17.0201 2
      vertex 18.7481 16.9843 2
    endloop
  endfacet
  facet normal 0 0 1
    outer loop
      vertex 17.0835 14.0201 2
      vertex 18.7481 16.9843 2
      vertex 18.6025 16.9627 2
    endloop
  endfacet
  facet normal 0 0 1
    outer loop
      vertex 17.0835 14.0201 2
      vertex 18.6025 16.9627 2
      vertex 18.4555 16.9555 2
    endloop
  endfacet
  facet normal 0 0 1
    outer loop
      vertex 19.5161 17.3948 2
      vertex 18.3755 12.2781 2
      vertex 19.4905 10.4179 2
    endloop
  endfacet
  facet normal 0 0 1
    outer loop
      vertex 17.0835 14.0201 2
      vertex 18.4555 16.9555 2
      vertex 18.3085 16.9627 2
    endloop
  endfacet
  facet normal 0 0 1
    outer loop
      vertex 17.0835 14.0201 2
      vertex 18.3085 16.9627 2
      vertex 18.1629 16.9843 2
    endloop
  endfacet
  facet normal 0 0 1
    outer loop
      vertex 17.0835 14.0201 2
      vertex 18.1629 16.9843 2
      vertex 18.0201 17.0201 2
    endloop
  endfacet
  facet normal 0 0 1
    outer loop
      vertex 17.0835 14.0201 2
      vertex 18.0201 17.0201 2
      vertex 17.8815 17.0697 2
    endloop
  endfacet
  facet normal 0 0 1
    outer loop
      vertex 15.6271 15.6271 2
      vertex 17.8815 17.0697 2
      vertex 17.7484 17.1326 2
    endloop
  endfacet
  facet normal 0 0 1
    outer loop
      vertex 15.6271 15.6271 2
      vertex 17.7484 17.1326 2
      vertex 17.6221 17.2083 2
    endloop
  endfacet
  facet normal 0 0 1
    outer loop
      vertex 15.6271 15.6271 2
      vertex 17.6221 17.2083 2
      vertex 17.5039 17.296 2
    endloop
  endfacet
  facet normal 0 0 1
    outer loop
      vertex 15.6271 15.6271 2
      vertex 17.5039 17.296 2
      vertex 17.3948 17.3948 2
    endloop
  endfacet
  facet normal 0 0 1
    outer loop
      vertex 15.6271 15.6271 2
      vertex 17.3948 17.3948 2
      vertex 17.296 17.5039 2
    endloop
  endfacet
  facet normal 0 0 1
    outer loop
      vertex 15.6271 15.6271 2
      vertex 17.296 17.5039 2
      vertex 17.2083 17.6221 2
    endloop
  endfacet
  facet normal 0 0 1
    outer loop
      vertex 15.6271 15.6271 2
      vertex 17.2083 17.6221 2
      vertex 17.1326 17.7484 2
    endloop
  endfacet
  facet normal 0 0 1
    outer loop
      vertex 18.8909 17.0201 2
      vertex 17.0835 14.0201 2
      vertex 18.3755 12.2781 2
    endloop
  endfacet
  facet normal 0 0 1
    outer loop
      vertex 15.6271 15.6271 2
      vertex 17.1326 17.7484 2
      vertex 17.0697 17.8815 2
    endloop
  endfacet
  facet normal 0 0 1
    outer loop
      vertex 14.0201 17.0835 2
      vertex 17.0697 17.8815 2
      vertex 17.0201 18.0201 2
    endloop
  endfacet
  facet normal 0 0 1
    outer loop
      vertex 14.0201 17.0835 2
      vertex 17.0201 18.0201 2
      vertex 16.9843 18.1629 2
    endloop
  endfacet
  facet normal 0 0 1
    outer loop
      vertex 14.0201 17.0835 2
      vertex 16.9843 18.1629 2
      vertex 16.9627 18.3085 2
    endloop
  endfacet
  facet normal 0 0 1
    outer loop
      vertex 14.0201 17.0835 2
      vertex 16.9627 18.3085 2
      vertex 16.9555 18.4555 2
    endloop
  endfacet
  facet normal 0 0 1
    outer loop
      vertex 16.9843 18.7481 2
      vertex 14.0201 17.0835 2
      vertex 16.9627 18.6025 2
    endloop
  endfacet
  facet normal 0 0 1
    outer loop
      vertex 17.8815 17.0697 2
      vertex 15.6271 15.6271 2
      vertex 17.0835 14.0201 2
    endloop
  endfacet
  facet normal 0 0 1
    outer loop
      vertex 17.0697 17.8815 2
      vertex 14.0201 17.0835 2
      vertex 15.6271 15.6271 2
    endloop
  endfacet
  facet normal 0 0 1
    outer loop
      vertex 10.4179 19.4905 2
      vertex 16.6874 26.8104 2
      vertex 13.547 28.0859 2
    endloop
  endfacet
  facet normal 0 0 1
    outer loop
      vertex 16.9627 18.6025 2
      vertex 14.0201 17.0835 2
      vertex 16.9555 18.4555 2
    endloop
  endfacet
  facet normal 0 0 1
    outer loop
      vertex 16.6874 26.8104 2
      vertex 10.4179 19.4905 2
      vertex 12.2781 18.3755 2
    endloop
  endfacet
  facet normal 0 0 1
    outer loop
      vertex 8.4573 20.4177 2
      vertex 13.547 28.0859 2
      vertex 10.2761 29.091 2
    endloop
  endfacet
  facet normal 0 0 1
    outer loop
      vertex 13.547 28.0859 2
      vertex 8.4573 20.4177 2
      vertex 10.4179 19.4905 2
    endloop
  endfacet
  facet normal 0 0 1
    outer loop
      vertex 6.41529 21.1484 2
      vertex 10.2761 29.091 2
      vertex 6.9062 29.8159 2
    endloop
  endfacet
  facet normal 0 0 1
    outer loop
      vertex 10.2761 29.091 2
      vertex 6.41529 21.1484 2
      vertex 8.4573 20.4177 2
    endloop
  endfacet
  facet normal 0 0 1
    outer loop
      vertex 6.9062 29.8159 2
      vertex 4.3115 21.6754 2
      vertex 6.41529 21.1484 2
    endloop
  endfacet
  facet normal 0 0 1
    outer loop
      vertex 3.46981 30.2536 2
      vertex 4.3115 21.6754 2
      vertex 6.9062 29.8159 2
    endloop
  endfacet
  facet normal 0 0 1
    outer loop
      vertex 3.46981 30.2536 2
      vertex 2.16618 21.9936 2
      vertex 4.3115 21.6754 2
    endloop
  endfacet
  facet normal 0 0 1
    outer loop
      vertex 0 30.4 2
      vertex 2.16618 21.9936 2
      vertex 3.46981 30.2536 2
    endloop
  endfacet
  facet normal 0 0 1
    outer loop
      vertex 0 30.4 2
      vertex 0 22.1 2
      vertex 2.16618 21.9936 2
    endloop
  endfacet
  facet normal 0 0 1
    outer loop
      vertex 0 30.4 2
      vertex -2.16618 21.9936 2
      vertex 0 22.1 2
    endloop
  endfacet
  facet normal -0 0 1
    outer loop
      vertex -3.46981 30.2536 2
      vertex -2.16618 21.9936 2
      vertex 0 30.4 2
    endloop
  endfacet
  facet normal 0 0 1
    outer loop
      vertex -3.46981 30.2536 2
      vertex -4.3115 21.6754 2
      vertex -2.16618 21.9936 2
    endloop
  endfacet
  facet normal -0 0 1
    outer loop
      vertex -6.9062 29.8159 2
      vertex -4.3115 21.6754 2
      vertex -3.46981 30.2536 2
    endloop
  endfacet
  facet normal 0 0 1
    outer loop
      vertex -4.3115 21.6754 2
      vertex -6.9062 29.8159 2
      vertex -6.41529 21.1484 2
    endloop
  endfacet
  facet normal -0 0 1
    outer loop
      vertex -10.2761 29.091 2
      vertex -6.41529 21.1484 2
      vertex -6.9062 29.8159 2
    endloop
  endfacet
  facet normal 0 0 1
    outer loop
      vertex -6.41529 21.1484 2
      vertex -10.2761 29.091 2
      vertex -8.4573 20.4177 2
    endloop
  endfacet
  facet normal -0 0 1
    outer loop
      vertex -13.547 28.0859 2
      vertex -8.4573 20.4177 2
      vertex -10.2761 29.091 2
    endloop
  endfacet
  facet normal 0 0 1
    outer loop
      vertex -8.4573 20.4177 2
      vertex -13.547 28.0859 2
      vertex -10.4179 19.4905 2
    endloop
  endfacet
  facet normal -0 0 1
    outer loop
      vertex -16.6874 26.8104 2
      vertex -10.4179 19.4905 2
      vertex -13.547 28.0859 2
    endloop
  endfacet
  facet normal 0 0 1
    outer loop
      vertex -10.4179 19.4905 2
      vertex -16.6874 26.8104 2
      vertex -12.2781 18.3755 2
    endloop
  endfacet
  facet normal -0 0 1
    outer loop
      vertex -17.3948 19.5161 2
      vertex -12.2781 18.3755 2
      vertex -16.6874 26.8104 2
    endloop
  endfacet
  facet normal 0 0 1
    outer loop
      vertex -16.9627 18.6025 2
      vertex -14.0201 17.0835 2
      vertex -12.2781 18.3755 2
    endloop
  endfacet
  facet normal -0 0 1
    outer loop
      vertex -16.9627 18.3085 2
      vertex -14.0201 17.0835 2
      vertex -16.9555 18.4555 2
    endloop
  endfacet
  facet normal -0 0 1
    outer loop
      vertex -16.9843 18.1629 2
      vertex -14.0201 17.0835 2
      vertex -16.9627 18.3085 2
    endloop
  endfacet
  facet normal -0 0 1
    outer loop
      vertex -17.0201 18.0201 2
      vertex -14.0201 17.0835 2
      vertex -16.9843 18.1629 2
    endloop
  endfacet
  facet normal -0 0 1
    outer loop
      vertex -17.0697 17.8815 2
      vertex -14.0201 17.0835 2
      vertex -17.0201 18.0201 2
    endloop
  endfacet
  facet normal 0 0 1
    outer loop
      vertex -14.0201 17.0835 2
      vertex -17.0697 17.8815 2
      vertex -15.6271 15.6271 2
    endloop
  endfacet
  facet normal -0 0 1
    outer loop
      vertex -17.1326 17.7484 2
      vertex -15.6271 15.6271 2
      vertex -17.0697 17.8815 2
    endloop
  endfacet
  facet normal -0 0 1
    outer loop
      vertex -17.2083 17.6221 2
      vertex -15.6271 15.6271 2
      vertex -17.1326 17.7484 2
    endloop
  endfacet
  facet normal -0 0 1
    outer loop
      vertex -17.296 17.5039 2
      vertex -15.6271 15.6271 2
      vertex -17.2083 17.6221 2
    endloop
  endfacet
  facet normal -0 0 1
    outer loop
      vertex -17.3948 17.3948 2
      vertex -15.6271 15.6271 2
      vertex -17.296 17.5039 2
    endloop
  endfacet
  facet normal -0 0 1
    outer loop
      vertex -17.5039 17.296 2
      vertex -15.6271 15.6271 2
      vertex -17.3948 17.3948 2
    endloop
  endfacet
  facet normal -0 0 1
    outer loop
      vertex -17.6221 17.2083 2
      vertex -15.6271 15.6271 2
      vertex -17.5039 17.296 2
    endloop
  endfacet
  facet normal -0 0 1
    outer loop
      vertex -17.7484 17.1326 2
      vertex -15.6271 15.6271 2
      vertex -17.6221 17.2083 2
    endloop
  endfacet
  facet normal -0 0 1
    outer loop
      vertex -17.8815 17.0697 2
      vertex -15.6271 15.6271 2
      vertex -17.7484 17.1326 2
    endloop
  endfacet
  facet normal 0 0 1
    outer loop
      vertex -15.6271 15.6271 2
      vertex -17.8815 17.0697 2
      vertex -17.0835 14.0201 2
    endloop
  endfacet
  facet normal -0 0 1
    outer loop
      vertex -18.0201 17.0201 2
      vertex -17.0835 14.0201 2
      vertex -17.8815 17.0697 2
    endloop
  endfacet
  facet normal -0 0 1
    outer loop
      vertex -18.1629 16.9843 2
      vertex -17.0835 14.0201 2
      vertex -18.0201 17.0201 2
    endloop
  endfacet
  facet normal -0 0 1
    outer loop
      vertex -18.3085 16.9627 2
      vertex -17.0835 14.0201 2
      vertex -18.1629 16.9843 2
    endloop
  endfacet
  facet normal -0 0 1
    outer loop
      vertex -18.4555 16.9555 2
      vertex -17.0835 14.0201 2
      vertex -18.3085 16.9627 2
    endloop
  endfacet
  facet normal 0 0 1
    outer loop
      vertex -18.6025 16.9627 2
      vertex -17.0835 14.0201 2
      vertex -18.4555 16.9555 2
    endloop
  endfacet
  facet normal 0 0 1
    outer loop
      vertex -18.7481 16.9843 2
      vertex -17.0835 14.0201 2
      vertex -18.6025 16.9627 2
    endloop
  endfacet
  facet normal 0 0 1
    outer loop
      vertex -18.8909 17.0201 2
      vertex -17.0835 14.0201 2
      vertex -18.7481 16.9843 2
    endloop
  endfacet
  facet normal 0 0 1
    outer loop
      vertex -17.0835 14.0201 2
      vertex -18.8909 17.0201 2
      vertex -18.3755 12.2781 2
    endloop
  endfacet
  facet normal 0 0 1
    outer loop
      vertex -19.0295 17.0697 2
      vertex -18.3755 12.2781 2
      vertex -18.8909 17.0201 2
    endloop
  endfacet
  facet normal 0 0 1
    outer loop
      vertex -19.1626 17.1326 2
      vertex -18.3755 12.2781 2
      vertex -19.0295 17.0697 2
    endloop
  endfacet
  facet normal 0 0 1
    outer loop
      vertex -19.2888 17.2083 2
      vertex -18.3755 12.2781 2
      vertex -19.1626 17.1326 2
    endloop
  endfacet
  facet normal 0 0 1
    outer loop
      vertex -19.4071 17.296 2
      vertex -18.3755 12.2781 2
      vertex -19.2888 17.2083 2
    endloop
  endfacet
  facet normal 0 0 1
    outer loop
      vertex -19.5161 17.3948 2
      vertex -18.3755 12.2781 2
      vertex -19.4071 17.296 2
    endloop
  endfacet
  facet normal 0 0 1
    outer loop
      vertex -18.3755 12.2781 2
      vertex -19.5161 17.3948 2
      vertex -19.4905 10.4179 2
    endloop
  endfacet
  facet normal 0 0 1
    outer loop
      vertex -19.615 17.5039 2
      vertex -19.4905 10.4179 2
      vertex -19.5161 17.3948 2
    endloop
  endfacet
  facet normal 0 0 1
    outer loop
      vertex -19.7027 17.6221 2
      vertex -19.4905 10.4179 2
      vertex -19.615 17.5039 2
    endloop
  endfacet
  facet normal 0 0 1
    outer loop
      vertex -19.7784 17.7484 2
      vertex -19.4905 10.4179 2
      vertex -19.7027 17.6221 2
    endloop
  endfacet
  facet normal 0 0 1
    outer loop
      vertex -19.8413 17.8815 2
      vertex -19.4905 10.4179 2
      vertex -19.7784 17.7484 2
    endloop
  endfacet
  facet normal 0 0 1
    outer loop
      vertex -20.4177 8.4573 2
      vertex -19.8413 17.8815 2
      vertex -19.8909 18.0201 2
    endloop
  endfacet
  facet normal 0 0 1
    outer loop
      vertex -20.4177 8.4573 2
      vertex -19.8909 18.0201 2
      vertex -19.9267 18.1629 2
    endloop
  endfacet
  facet normal 0 0 1
    outer loop
      vertex -20.4177 8.4573 2
      vertex -19.9267 18.1629 2
      vertex -19.9483 18.3085 2
    endloop
  endfacet
  facet normal 0 0 1
    outer loop
      vertex -19.8413 17.8815 2
      vertex -20.4177 8.4573 2
      vertex -19.4905 10.4179 2
    endloop
  endfacet
  facet normal 0 0 1
    outer loop
      vertex -20.4177 8.4573 2
      vertex -19.9483 18.3085 2
      vertex -19.9555 18.4555 2
    endloop
  endfacet
  facet normal -0.376304 0.926496 0
    outer loop
      vertex -13.547 28.0859 0
      vertex -16.6874 26.8104 2
      vertex -13.547 28.0859 2
    endloop
  endfacet
  facet normal -0.376304 0.926496 0
    outer loop
      vertex -16.6874 26.8104 2
      vertex -13.547 28.0859 0
      vertex -16.6874 26.8104 0
    endloop
  endfacet
  facet normal 0.376304 0.926496 -0
    outer loop
      vertex 16.6874 26.8104 0
      vertex 13.547 28.0859 2
      vertex 16.6874 26.8104 2
    endloop
  endfacet
  facet normal 0.376304 0.926496 0
    outer loop
      vertex 13.547 28.0859 2
      vertex 16.6874 26.8104 0
      vertex 13.547 28.0859 0
    endloop
  endfacet
  facet normal 0.427519 -0.904006 0
    outer loop
      vertex 8.4573 -20.4177 2
      vertex 10.4179 -19.4905 5
      vertex 8.4573 -20.4177 5
    endloop
  endfacet
  facet normal 0.427519 -0.904006 0
    outer loop
      vertex 10.4179 -19.4905 5
      vertex 8.4573 -20.4177 2
      vertex 10.4179 -19.4905 2
    endloop
  endfacet
  facet normal -0.595713 0.803198 0
    outer loop
      vertex -12.2781 18.3755 2
      vertex -14.0201 17.0835 5
      vertex -12.2781 18.3755 5
    endloop
  endfacet
  facet normal -0.595713 0.803198 0
    outer loop
      vertex -14.0201 17.0835 5
      vertex -12.2781 18.3755 2
      vertex -14.0201 17.0835 2
    endloop
  endfacet
  facet normal 0.242992 0.970028 -0
    outer loop
      vertex 6.41529 21.1484 2
      vertex 4.3115 21.6754 5
      vertex 6.41529 21.1484 5
    endloop
  endfacet
  facet normal 0.242992 0.970028 0
    outer loop
      vertex 4.3115 21.6754 5
      vertex 6.41529 21.1484 2
      vertex 4.3115 21.6754 2
    endloop
  endfacet
  facet normal -0.904006 0.427519 0
    outer loop
      vertex -20.4177 8.4573 2
      vertex -19.4905 10.4179 5
      vertex -19.4905 10.4179 2
    endloop
  endfacet
  facet normal -0.904006 0.427519 0
    outer loop
      vertex -19.4905 10.4179 5
      vertex -20.4177 8.4573 2
      vertex -20.4177 8.4573 5
    endloop
  endfacet
  facet normal -0.970028 0.242992 0
    outer loop
      vertex -21.6754 4.3115 2
      vertex -21.1484 6.41529 5
      vertex -21.1484 6.41529 2
    endloop
  endfacet
  facet normal -0.970028 0.242992 0
    outer loop
      vertex -21.1484 6.41529 5
      vertex -21.6754 4.3115 2
      vertex -21.6754 4.3115 5
    endloop
  endfacet
  facet normal 0.514116 -0.857721 0
    outer loop
      vertex 10.4179 -19.4905 2
      vertex 12.2781 -18.3755 5
      vertex 10.4179 -19.4905 5
    endloop
  endfacet
  facet normal 0.514116 -0.857721 0
    outer loop
      vertex 12.2781 -18.3755 5
      vertex 10.4179 -19.4905 2
      vertex 12.2781 -18.3755 2
    endloop
  endfacet
  facet normal 0.242992 -0.970028 0
    outer loop
      vertex 4.3115 -21.6754 2
      vertex 6.41529 -21.1484 5
      vertex 4.3115 -21.6754 5
    endloop
  endfacet
  facet normal 0.242992 -0.970028 0
    outer loop
      vertex 6.41529 -21.1484 5
      vertex 4.3115 -21.6754 2
      vertex 6.41529 -21.1484 2
    endloop
  endfacet
  facet normal 0.0490596 0.998796 -0
    outer loop
      vertex 2.16618 21.9936 2
      vertex 0 22.1 5
      vertex 2.16618 21.9936 5
    endloop
  endfacet
  facet normal 0.0490596 0.998796 0
    outer loop
      vertex 0 22.1 5
      vertex 2.16618 21.9936 2
      vertex 0 22.1 2
    endloop
  endfacet
  facet normal 0.146718 0.989178 -0
    outer loop
      vertex 4.3115 21.6754 2
      vertex 2.16618 21.9936 5
      vertex 4.3115 21.6754 5
    endloop
  endfacet
  facet normal 0.146718 0.989178 0
    outer loop
      vertex 2.16618 21.9936 5
      vertex 4.3115 21.6754 2
      vertex 2.16618 21.9936 2
    endloop
  endfacet
  facet normal 0.427519 0.904006 -0
    outer loop
      vertex 10.4179 19.4905 2
      vertex 8.4573 20.4177 5
      vertex 10.4179 19.4905 5
    endloop
  endfacet
  facet normal 0.427519 0.904006 0
    outer loop
      vertex 8.4573 20.4177 5
      vertex 10.4179 19.4905 2
      vertex 8.4573 20.4177 2
    endloop
  endfacet
  facet normal 0.146718 -0.989178 0
    outer loop
      vertex 2.16618 -21.9936 2
      vertex 4.3115 -21.6754 5
      vertex 2.16618 -21.9936 5
    endloop
  endfacet
  facet normal 0.146718 -0.989178 0
    outer loop
      vertex 4.3115 -21.6754 5
      vertex 2.16618 -21.9936 2
      vertex 4.3115 -21.6754 2
    endloop
  endfacet
  facet normal 0 0 1
    outer loop
      vertex 18.57 7.69194 5
      vertex 20.4177 8.4573 5
      vertex 19.4905 10.4179 5
    endloop
  endfacet
  facet normal 0 -0 1
    outer loop
      vertex 18.9249 6.7 5
      vertex 20.4177 8.4573 5
      vertex 18.57 7.69194 5
    endloop
  endfacet
  facet normal 0 0 1
    outer loop
      vertex 20.4177 8.4573 5
      vertex 18.9249 6.7 5
      vertex 21.0465 6.7 5
    endloop
  endfacet
  facet normal 0 0 1
    outer loop
      vertex 17.7266 9.47507 5
      vertex 19.4905 10.4179 5
      vertex 18.3755 12.2781 5
    endloop
  endfacet
  facet normal 0 0 1
    outer loop
      vertex 19.4905 10.4179 5
      vertex 17.7266 9.47507 5
      vertex 18.57 7.69194 5
    endloop
  endfacet
  facet normal 0 0 1
    outer loop
      vertex 16.7125 11.167 5
      vertex 18.3755 12.2781 5
      vertex 17.0835 14.0201 5
    endloop
  endfacet
  facet normal 0 0 1
    outer loop
      vertex 18.3755 12.2781 5
      vertex 16.7125 11.167 5
      vertex 17.7266 9.47507 5
    endloop
  endfacet
  facet normal 0 0 1
    outer loop
      vertex 15.5375 12.7513 5
      vertex 17.0835 14.0201 5
      vertex 15.6271 15.6271 5
    endloop
  endfacet
  facet normal 0 0 1
    outer loop
      vertex 17.0835 14.0201 5
      vertex 15.5375 12.7513 5
      vertex 16.7125 11.167 5
    endloop
  endfacet
  facet normal 0 0 1
    outer loop
      vertex 15.6271 15.6271 5
      vertex 14.2128 14.2128 5
      vertex 15.5375 12.7513 5
    endloop
  endfacet
  facet normal 0 0 1
    outer loop
      vertex 14.0201 17.0835 5
      vertex 14.2128 14.2128 5
      vertex 15.6271 15.6271 5
    endloop
  endfacet
  facet normal 0 0 1
    outer loop
      vertex 14.0201 17.0835 5
      vertex 12.7513 15.5375 5
      vertex 14.2128 14.2128 5
    endloop
  endfacet
  facet normal 0 0 1
    outer loop
      vertex 12.2781 18.3755 5
      vertex 12.7513 15.5375 5
      vertex 14.0201 17.0835 5
    endloop
  endfacet
  facet normal 0 0 1
    outer loop
      vertex 12.2781 18.3755 5
      vertex 11.167 16.7125 5
      vertex 12.7513 15.5375 5
    endloop
  endfacet
  facet normal 0 0 1
    outer loop
      vertex 10.4179 19.4905 5
      vertex 11.167 16.7125 5
      vertex 12.2781 18.3755 5
    endloop
  endfacet
  facet normal 0 0 1
    outer loop
      vertex 10.4179 19.4905 5
      vertex 9.47507 17.7266 5
      vertex 11.167 16.7125 5
    endloop
  endfacet
  facet normal 0 0 1
    outer loop
      vertex 8.4573 20.4177 5
      vertex 9.47507 17.7266 5
      vertex 10.4179 19.4905 5
    endloop
  endfacet
  facet normal 0 0 1
    outer loop
      vertex 8.4573 20.4177 5
      vertex 7.69194 18.57 5
      vertex 9.47507 17.7266 5
    endloop
  endfacet
  facet normal 0 0 1
    outer loop
      vertex 6.41529 21.1484 5
      vertex 7.69194 18.57 5
      vertex 8.4573 20.4177 5
    endloop
  endfacet
  facet normal 0 0 1
    outer loop
      vertex 6.41529 21.1484 5
      vertex 5.83472 19.2345 5
      vertex 7.69194 18.57 5
    endloop
  endfacet
  facet normal 0 0 1
    outer loop
      vertex 4.3115 21.6754 5
      vertex 5.83472 19.2345 5
      vertex 6.41529 21.1484 5
    endloop
  endfacet
  facet normal 0 0 1
    outer loop
      vertex 4.3115 21.6754 5
      vertex 3.92132 19.7138 5
      vertex 5.83472 19.2345 5
    endloop
  endfacet
  facet normal 0 0 1
    outer loop
      vertex 2.16618 21.9936 5
      vertex 3.92132 19.7138 5
      vertex 4.3115 21.6754 5
    endloop
  endfacet
  facet normal 0 0 1
    outer loop
      vertex 2.16618 21.9936 5
      vertex 1.97014 20.0032 5
      vertex 3.92132 19.7138 5
    endloop
  endfacet
  facet normal 0 0 1
    outer loop
      vertex 0 22.1 5
      vertex 1.97014 20.0032 5
      vertex 2.16618 21.9936 5
    endloop
  endfacet
  facet normal 0 0 1
    outer loop
      vertex 0 22.1 5
      vertex 0 20.1 5
      vertex 1.97014 20.0032 5
    endloop
  endfacet
  facet normal 0 0 1
    outer loop
      vertex 0 22.1 5
      vertex -1.97014 20.0032 5
      vertex 0 20.1 5
    endloop
  endfacet
  facet normal -0 0 1
    outer loop
      vertex -2.16618 21.9936 5
      vertex -1.97014 20.0032 5
      vertex 0 22.1 5
    endloop
  endfacet
  facet normal 0 0 1
    outer loop
      vertex -2.16618 21.9936 5
      vertex -3.92132 19.7138 5
      vertex -1.97014 20.0032 5
    endloop
  endfacet
  facet normal -0 0 1
    outer loop
      vertex -4.3115 21.6754 5
      vertex -3.92132 19.7138 5
      vertex -2.16618 21.9936 5
    endloop
  endfacet
  facet normal 0 0 1
    outer loop
      vertex -4.3115 21.6754 5
      vertex -5.83472 19.2345 5
      vertex -3.92132 19.7138 5
    endloop
  endfacet
  facet normal -0 0 1
    outer loop
      vertex -6.41529 21.1484 5
      vertex -5.83472 19.2345 5
      vertex -4.3115 21.6754 5
    endloop
  endfacet
  facet normal 0 0 1
    outer loop
      vertex -6.41529 21.1484 5
      vertex -7.69194 18.57 5
      vertex -5.83472 19.2345 5
    endloop
  endfacet
  facet normal -0 0 1
    outer loop
      vertex -8.4573 20.4177 5
      vertex -7.69194 18.57 5
      vertex -6.41529 21.1484 5
    endloop
  endfacet
  facet normal 0 0 1
    outer loop
      vertex -8.4573 20.4177 5
      vertex -9.47507 17.7266 5
      vertex -7.69194 18.57 5
    endloop
  endfacet
  facet normal -0 0 1
    outer loop
      vertex -10.4179 19.4905 5
      vertex -9.47507 17.7266 5
      vertex -8.4573 20.4177 5
    endloop
  endfacet
  facet normal 0 0 1
    outer loop
      vertex -10.4179 19.4905 5
      vertex -11.167 16.7125 5
      vertex -9.47507 17.7266 5
    endloop
  endfacet
  facet normal -0 0 1
    outer loop
      vertex -12.2781 18.3755 5
      vertex -11.167 16.7125 5
      vertex -10.4179 19.4905 5
    endloop
  endfacet
  facet normal 0 0 1
    outer loop
      vertex -12.2781 18.3755 5
      vertex -12.7513 15.5375 5
      vertex -11.167 16.7125 5
    endloop
  endfacet
  facet normal -0 0 1
    outer loop
      vertex -14.0201 17.0835 5
      vertex -12.7513 15.5375 5
      vertex -12.2781 18.3755 5
    endloop
  endfacet
  facet normal 0 0 1
    outer loop
      vertex -14.0201 17.0835 5
      vertex -14.2128 14.2128 5
      vertex -12.7513 15.5375 5
    endloop
  endfacet
  facet normal -0 0 1
    outer loop
      vertex -15.6271 15.6271 5
      vertex -14.2128 14.2128 5
      vertex -14.0201 17.0835 5
    endloop
  endfacet
  facet normal 0 0 1
    outer loop
      vertex -14.2128 14.2128 5
      vertex -15.6271 15.6271 5
      vertex -15.5375 12.7513 5
    endloop
  endfacet
  facet normal -0 0 1
    outer loop
      vertex -17.0835 14.0201 5
      vertex -15.5375 12.7513 5
      vertex -15.6271 15.6271 5
    endloop
  endfacet
  facet normal 0 0 1
    outer loop
      vertex -15.5375 12.7513 5
      vertex -17.0835 14.0201 5
      vertex -16.7125 11.167 5
    endloop
  endfacet
  facet normal -0 0 1
    outer loop
      vertex -18.3755 12.2781 5
      vertex -16.7125 11.167 5
      vertex -17.0835 14.0201 5
    endloop
  endfacet
  facet normal 0 0 1
    outer loop
      vertex -16.7125 11.167 5
      vertex -18.3755 12.2781 5
      vertex -17.7266 9.47507 5
    endloop
  endfacet
  facet normal -0 0 1
    outer loop
      vertex -19.4905 10.4179 5
      vertex -17.7266 9.47507 5
      vertex -18.3755 12.2781 5
    endloop
  endfacet
  facet normal 0 0 1
    outer loop
      vertex -17.7266 9.47507 5
      vertex -19.4905 10.4179 5
      vertex -18.57 7.69194 5
    endloop
  endfacet
  facet normal -0 0 1
    outer loop
      vertex -20.4177 8.4573 5
      vertex -18.57 7.69194 5
      vertex -19.4905 10.4179 5
    endloop
  endfacet
  facet normal 0 0 1
    outer loop
      vertex -18.57 7.69194 5
      vertex -20.4177 8.4573 5
      vertex -19.2345 5.83472 5
    endloop
  endfacet
  facet normal -0 0 1
    outer loop
      vertex -21.1484 6.41529 5
      vertex -19.2345 5.83472 5
      vertex -20.4177 8.4573 5
    endloop
  endfacet
  facet normal -0 0 1
    outer loop
      vertex -21.6754 4.3115 5
      vertex -19.7138 3.92132 5
      vertex -21.1484 6.41529 5
    endloop
  endfacet
  facet normal 0 0 1
    outer loop
      vertex -19.2345 5.83472 5
      vertex -21.1484 6.41529 5
      vertex -19.7138 3.92132 5
    endloop
  endfacet
  facet normal -0 0 1
    outer loop
      vertex 18.9249 -6.7 5
      vertex 20.4177 -8.4573 5
      vertex 21.0465 -6.7 5
    endloop
  endfacet
  facet normal 0 0 1
    outer loop
      vertex 20.4177 -8.4573 5
      vertex 18.9249 -6.7 5
      vertex 18.57 -7.69194 5
    endloop
  endfacet
  facet normal 0 0 1
    outer loop
      vertex 20.4177 -8.4573 5
      vertex 18.57 -7.69194 5
      vertex 19.4905 -10.4179 5
    endloop
  endfacet
  facet normal -0 0 1
    outer loop
      vertex 17.7266 -9.47507 5
      vertex 19.4905 -10.4179 5
      vertex 18.57 -7.69194 5
    endloop
  endfacet
  facet normal 0 0 1
    outer loop
      vertex 19.4905 -10.4179 5
      vertex 17.7266 -9.47507 5
      vertex 18.3755 -12.2781 5
    endloop
  endfacet
  facet normal -0 0 1
    outer loop
      vertex 16.7125 -11.167 5
      vertex 18.3755 -12.2781 5
      vertex 17.7266 -9.47507 5
    endloop
  endfacet
  facet normal 0 0 1
    outer loop
      vertex 18.3755 -12.2781 5
      vertex 16.7125 -11.167 5
      vertex 17.0835 -14.0201 5
    endloop
  endfacet
  facet normal -0 0 1
    outer loop
      vertex 15.5375 -12.7513 5
      vertex 17.0835 -14.0201 5
      vertex 16.7125 -11.167 5
    endloop
  endfacet
  facet normal 0 0 1
    outer loop
      vertex 17.0835 -14.0201 5
      vertex 15.5375 -12.7513 5
      vertex 15.6271 -15.6271 5
    endloop
  endfacet
  facet normal -0 0 1
    outer loop
      vertex 14.2128 -14.2128 5
      vertex 15.6271 -15.6271 5
      vertex 15.5375 -12.7513 5
    endloop
  endfacet
  facet normal 0 0 1
    outer loop
      vertex 14.2128 -14.2128 5
      vertex 14.0201 -17.0835 5
      vertex 15.6271 -15.6271 5
    endloop
  endfacet
  facet normal -0 0 1
    outer loop
      vertex 12.7513 -15.5375 5
      vertex 14.0201 -17.0835 5
      vertex 14.2128 -14.2128 5
    endloop
  endfacet
  facet normal 0 0 1
    outer loop
      vertex 12.7513 -15.5375 5
      vertex 12.2781 -18.3755 5
      vertex 14.0201 -17.0835 5
    endloop
  endfacet
  facet normal -0 0 1
    outer loop
      vertex 11.167 -16.7125 5
      vertex 12.2781 -18.3755 5
      vertex 12.7513 -15.5375 5
    endloop
  endfacet
  facet normal 0 0 1
    outer loop
      vertex 11.167 -16.7125 5
      vertex 10.4179 -19.4905 5
      vertex 12.2781 -18.3755 5
    endloop
  endfacet
  facet normal -0 0 1
    outer loop
      vertex 9.47507 -17.7266 5
      vertex 10.4179 -19.4905 5
      vertex 11.167 -16.7125 5
    endloop
  endfacet
  facet normal 0 0 1
    outer loop
      vertex 9.47507 -17.7266 5
      vertex 8.4573 -20.4177 5
      vertex 10.4179 -19.4905 5
    endloop
  endfacet
  facet normal -0 0 1
    outer loop
      vertex 7.69194 -18.57 5
      vertex 8.4573 -20.4177 5
      vertex 9.47507 -17.7266 5
    endloop
  endfacet
  facet normal 0 0 1
    outer loop
      vertex 7.69194 -18.57 5
      vertex 6.41529 -21.1484 5
      vertex 8.4573 -20.4177 5
    endloop
  endfacet
  facet normal -0 0 1
    outer loop
      vertex 5.83472 -19.2345 5
      vertex 6.41529 -21.1484 5
      vertex 7.69194 -18.57 5
    endloop
  endfacet
  facet normal 0 0 1
    outer loop
      vertex 5.83472 -19.2345 5
      vertex 4.3115 -21.6754 5
      vertex 6.41529 -21.1484 5
    endloop
  endfacet
  facet normal -0 0 1
    outer loop
      vertex 3.92132 -19.7138 5
      vertex 4.3115 -21.6754 5
      vertex 5.83472 -19.2345 5
    endloop
  endfacet
  facet normal 0 0 1
    outer loop
      vertex 3.92132 -19.7138 5
      vertex 2.16618 -21.9936 5
      vertex 4.3115 -21.6754 5
    endloop
  endfacet
  facet normal -0 0 1
    outer loop
      vertex 1.97014 -20.0032 5
      vertex 2.16618 -21.9936 5
      vertex 3.92132 -19.7138 5
    endloop
  endfacet
  facet normal -0 0 1
    outer loop
      vertex 0 -20.1 5
      vertex 2.16618 -21.9936 5
      vertex 1.97014 -20.0032 5
    endloop
  endfacet
  facet normal 0 0 1
    outer loop
      vertex 0 -20.1 5
      vertex 0 -22.1 5
      vertex 2.16618 -21.9936 5
    endloop
  endfacet
  facet normal 0 0 1
    outer loop
      vertex -1.97014 -20.0032 5
      vertex 0 -22.1 5
      vertex 0 -20.1 5
    endloop
  endfacet
  facet normal 0 0 1
    outer loop
      vertex -1.97014 -20.0032 5
      vertex -2.16618 -21.9936 5
      vertex 0 -22.1 5
    endloop
  endfacet
  facet normal 0 0 1
    outer loop
      vertex -3.92132 -19.7138 5
      vertex -2.16618 -21.9936 5
      vertex -1.97014 -20.0032 5
    endloop
  endfacet
  facet normal 0 0 1
    outer loop
      vertex -3.92132 -19.7138 5
      vertex -4.3115 -21.6754 5
      vertex -2.16618 -21.9936 5
    endloop
  endfacet
  facet normal 0 0 1
    outer loop
      vertex -5.83472 -19.2345 5
      vertex -4.3115 -21.6754 5
      vertex -3.92132 -19.7138 5
    endloop
  endfacet
  facet normal 0 0 1
    outer loop
      vertex -5.83472 -19.2345 5
      vertex -6.41529 -21.1484 5
      vertex -4.3115 -21.6754 5
    endloop
  endfacet
  facet normal 0 0 1
    outer loop
      vertex -7.69194 -18.57 5
      vertex -6.41529 -21.1484 5
      vertex -5.83472 -19.2345 5
    endloop
  endfacet
  facet normal 0 0 1
    outer loop
      vertex -7.69194 -18.57 5
      vertex -8.4573 -20.4177 5
      vertex -6.41529 -21.1484 5
    endloop
  endfacet
  facet normal 0 0 1
    outer loop
      vertex -9.47507 -17.7266 5
      vertex -8.4573 -20.4177 5
      vertex -7.69194 -18.57 5
    endloop
  endfacet
  facet normal 0 0 1
    outer loop
      vertex -9.47507 -17.7266 5
      vertex -10.4179 -19.4905 5
      vertex -8.4573 -20.4177 5
    endloop
  endfacet
  facet normal 0 0 1
    outer loop
      vertex -11.167 -16.7125 5
      vertex -10.4179 -19.4905 5
      vertex -9.47507 -17.7266 5
    endloop
  endfacet
  facet normal 0 0 1
    outer loop
      vertex -11.167 -16.7125 5
      vertex -12.2781 -18.3755 5
      vertex -10.4179 -19.4905 5
    endloop
  endfacet
  facet normal 0 0 1
    outer loop
      vertex -12.7513 -15.5375 5
      vertex -12.2781 -18.3755 5
      vertex -11.167 -16.7125 5
    endloop
  endfacet
  facet normal 0 0 1
    outer loop
      vertex -12.7513 -15.5375 5
      vertex -14.0201 -17.0835 5
      vertex -12.2781 -18.3755 5
    endloop
  endfacet
  facet normal 0 0 1
    outer loop
      vertex -14.2128 -14.2128 5
      vertex -14.0201 -17.0835 5
      vertex -12.7513 -15.5375 5
    endloop
  endfacet
  facet normal 0 0 1
    outer loop
      vertex -15.6271 -15.6271 5
      vertex -14.2128 -14.2128 5
      vertex -15.5375 -12.7513 5
    endloop
  endfacet
  facet normal 0 0 1
    outer loop
      vertex -14.2128 -14.2128 5
      vertex -15.6271 -15.6271 5
      vertex -14.0201 -17.0835 5
    endloop
  endfacet
  facet normal 0 0 1
    outer loop
      vertex -17.0835 -14.0201 5
      vertex -15.5375 -12.7513 5
      vertex -16.7125 -11.167 5
    endloop
  endfacet
  facet normal 0 0 1
    outer loop
      vertex -15.5375 -12.7513 5
      vertex -17.0835 -14.0201 5
      vertex -15.6271 -15.6271 5
    endloop
  endfacet
  facet normal 0 0 1
    outer loop
      vertex -18.3755 -12.2781 5
      vertex -16.7125 -11.167 5
      vertex -17.7266 -9.47507 5
    endloop
  endfacet
  facet normal 0 0 1
    outer loop
      vertex -16.7125 -11.167 5
      vertex -18.3755 -12.2781 5
      vertex -17.0835 -14.0201 5
    endloop
  endfacet
  facet normal 0 0 1
    outer loop
      vertex -19.4905 -10.4179 5
      vertex -17.7266 -9.47507 5
      vertex -18.57 -7.69194 5
    endloop
  endfacet
  facet normal 0 0 1
    outer loop
      vertex -20.4177 -8.4573 5
      vertex -18.57 -7.69194 5
      vertex -19.2345 -5.83472 5
    endloop
  endfacet
  facet normal 0 0 1
    outer loop
      vertex -17.7266 -9.47507 5
      vertex -19.4905 -10.4179 5
      vertex -18.3755 -12.2781 5
    endloop
  endfacet
  facet normal 0 0 1
    outer loop
      vertex -21.1484 -6.41529 5
      vertex -19.2345 -5.83472 5
      vertex -19.7138 -3.92132 5
    endloop
  endfacet
  facet normal 0 0 1
    outer loop
      vertex -21.6754 -4.3115 5
      vertex -19.7138 -3.92132 5
      vertex -20.0032 -1.97014 5
    endloop
  endfacet
  facet normal 0 0 1
    outer loop
      vertex -18.57 -7.69194 5
      vertex -20.4177 -8.4573 5
      vertex -19.4905 -10.4179 5
    endloop
  endfacet
  facet normal 0 0 1
    outer loop
      vertex -21.9936 -2.16618 5
      vertex -20.0032 -1.97014 5
      vertex -20.1 0 5
    endloop
  endfacet
  facet normal 0 0 1
    outer loop
      vertex -19.7138 3.92132 5
      vertex -21.6754 4.3115 5
      vertex -20.0032 1.97014 5
    endloop
  endfacet
  facet normal -0 0 1
    outer loop
      vertex -21.9936 2.16618 5
      vertex -20.0032 1.97014 5
      vertex -21.6754 4.3115 5
    endloop
  endfacet
  facet normal 0 0 1
    outer loop
      vertex -19.2345 -5.83472 5
      vertex -21.1484 -6.41529 5
      vertex -20.4177 -8.4573 5
    endloop
  endfacet
  facet normal 0 0 1
    outer loop
      vertex -20.0032 1.97014 5
      vertex -21.9936 2.16618 5
      vertex -20.1 0 5
    endloop
  endfacet
  facet normal 0 0 1
    outer loop
      vertex -19.7138 -3.92132 5
      vertex -21.6754 -4.3115 5
      vertex -21.1484 -6.41529 5
    endloop
  endfacet
  facet normal 0 0 1
    outer loop
      vertex -22.1 0 5
      vertex -20.1 0 5
      vertex -21.9936 2.16618 5
    endloop
  endfacet
  facet normal 0 0 1
    outer loop
      vertex -20.0032 -1.97014 5
      vertex -21.9936 -2.16618 5
      vertex -21.6754 -4.3115 5
    endloop
  endfacet
  facet normal 0 0 1
    outer loop
      vertex -20.1 0 5
      vertex -22.1 0 5
      vertex -21.9936 -2.16618 5
    endloop
  endfacet
  facet normal 0.803198 -0.595713 0
    outer loop
      vertex 17.0835 -14.0201 5
      vertex 18.3755 -12.2781 2
      vertex 18.3755 -12.2781 5
    endloop
  endfacet
  facet normal 0.803198 -0.595713 0
    outer loop
      vertex 18.3755 -12.2781 2
      vertex 17.0835 -14.0201 5
      vertex 17.0835 -14.0201 2
    endloop
  endfacet
  facet normal -0.740974 -0.671534 0
    outer loop
      vertex -15.6271 -15.6271 2
      vertex -17.0835 -14.0201 5
      vertex -17.0835 -14.0201 2
    endloop
  endfacet
  facet normal -0.740974 -0.671534 0
    outer loop
      vertex -17.0835 -14.0201 5
      vertex -15.6271 -15.6271 2
      vertex -15.6271 -15.6271 5
    endloop
  endfacet
  facet normal -0.514116 0.857721 0
    outer loop
      vertex -10.4179 19.4905 2
      vertex -12.2781 18.3755 5
      vertex -10.4179 19.4905 5
    endloop
  endfacet
  facet normal -0.514116 0.857721 0
    outer loop
      vertex -12.2781 18.3755 5
      vertex -10.4179 19.4905 2
      vertex -12.2781 18.3755 2
    endloop
  endfacet
  facet normal -0.146718 -0.989178 0
    outer loop
      vertex -4.3115 -21.6754 2
      vertex -2.16618 -21.9936 5
      vertex -4.3115 -21.6754 5
    endloop
  endfacet
  facet normal -0.146718 -0.989178 -0
    outer loop
      vertex -2.16618 -21.9936 5
      vertex -4.3115 -21.6754 2
      vertex -2.16618 -21.9936 2
    endloop
  endfacet
  facet normal 0.595713 -0.803198 0
    outer loop
      vertex 12.2781 -18.3755 2
      vertex 14.0201 -17.0835 5
      vertex 12.2781 -18.3755 5
    endloop
  endfacet
  facet normal 0.595713 -0.803198 0
    outer loop
      vertex 14.0201 -17.0835 5
      vertex 12.2781 -18.3755 2
      vertex 14.0201 -17.0835 2
    endloop
  endfacet
  facet normal -0.0490596 -0.998796 0
    outer loop
      vertex -2.16618 -21.9936 2
      vertex 0 -22.1 5
      vertex -2.16618 -21.9936 5
    endloop
  endfacet
  facet normal -0.0490596 -0.998796 -0
    outer loop
      vertex 0 -22.1 5
      vertex -2.16618 -21.9936 2
      vertex 0 -22.1 2
    endloop
  endfacet
  facet normal 0.595713 0.803198 -0
    outer loop
      vertex 14.0201 17.0835 2
      vertex 12.2781 18.3755 5
      vertex 14.0201 17.0835 5
    endloop
  endfacet
  facet normal 0.595713 0.803198 0
    outer loop
      vertex 12.2781 18.3755 5
      vertex 14.0201 17.0835 2
      vertex 12.2781 18.3755 2
    endloop
  endfacet
  facet normal -0.989178 0.146718 0
    outer loop
      vertex -21.9936 2.16618 2
      vertex -21.6754 4.3115 5
      vertex -21.6754 4.3115 2
    endloop
  endfacet
  facet normal -0.989178 0.146718 0
    outer loop
      vertex -21.6754 4.3115 5
      vertex -21.9936 2.16618 2
      vertex -21.9936 2.16618 5
    endloop
  endfacet
  facet normal -0.857721 0.514116 0
    outer loop
      vertex -19.4905 10.4179 2
      vertex -18.3755 12.2781 5
      vertex -18.3755 12.2781 2
    endloop
  endfacet
  facet normal -0.857721 0.514116 0
    outer loop
      vertex -18.3755 12.2781 5
      vertex -19.4905 10.4179 2
      vertex -19.4905 10.4179 5
    endloop
  endfacet
  facet normal -0.941536 -0.336913 0
    outer loop
      vertex -20.4177 -8.4573 2
      vertex -21.1484 -6.41529 5
      vertex -21.1484 -6.41529 2
    endloop
  endfacet
  facet normal -0.941536 -0.336913 0
    outer loop
      vertex -21.1484 -6.41529 5
      vertex -20.4177 -8.4573 2
      vertex -20.4177 -8.4573 5
    endloop
  endfacet
  facet normal -0.146718 0.989178 0
    outer loop
      vertex -2.16618 21.9936 2
      vertex -4.3115 21.6754 5
      vertex -2.16618 21.9936 5
    endloop
  endfacet
  facet normal -0.146718 0.989178 0
    outer loop
      vertex -4.3115 21.6754 5
      vertex -2.16618 21.9936 2
      vertex -4.3115 21.6754 2
    endloop
  endfacet
  facet normal 0.803198 0.595713 0
    outer loop
      vertex 18.3755 12.2781 5
      vertex 17.0835 14.0201 2
      vertex 17.0835 14.0201 5
    endloop
  endfacet
  facet normal 0.803198 0.595713 0
    outer loop
      vertex 17.0835 14.0201 2
      vertex 18.3755 12.2781 5
      vertex 18.3755 12.2781 2
    endloop
  endfacet
  facet normal -0.970028 -0.242992 0
    outer loop
      vertex -21.1484 -6.41529 2
      vertex -21.6754 -4.3115 5
      vertex -21.6754 -4.3115 2
    endloop
  endfacet
  facet normal -0.970028 -0.242992 0
    outer loop
      vertex -21.6754 -4.3115 5
      vertex -21.1484 -6.41529 2
      vertex -21.1484 -6.41529 5
    endloop
  endfacet
  facet normal -0.998796 -0.0490596 0
    outer loop
      vertex -21.9936 -2.16618 2
      vertex -22.1 0 5
      vertex -22.1 0 2
    endloop
  endfacet
  facet normal -0.998796 -0.0490596 0
    outer loop
      vertex -22.1 0 5
      vertex -21.9936 -2.16618 2
      vertex -21.9936 -2.16618 5
    endloop
  endfacet
  facet normal 0.514116 0.857721 -0
    outer loop
      vertex 12.2781 18.3755 2
      vertex 10.4179 19.4905 5
      vertex 12.2781 18.3755 5
    endloop
  endfacet
  facet normal 0.514116 0.857721 0
    outer loop
      vertex 10.4179 19.4905 5
      vertex 12.2781 18.3755 2
      vertex 10.4179 19.4905 2
    endloop
  endfacet
  facet normal 0.904006 -0.427519 0
    outer loop
      vertex 19.4905 -10.4179 5
      vertex 20.4177 -8.4573 2
      vertex 20.4177 -8.4573 5
    endloop
  endfacet
  facet normal 0.904006 -0.427519 0
    outer loop
      vertex 20.4177 -8.4573 2
      vertex 19.4905 -10.4179 5
      vertex 19.4905 -10.4179 2
    endloop
  endfacet
  facet normal 0.857721 0.514116 0
    outer loop
      vertex 19.4905 10.4179 5
      vertex 18.3755 12.2781 2
      vertex 18.3755 12.2781 5
    endloop
  endfacet
  facet normal 0.857721 0.514116 0
    outer loop
      vertex 18.3755 12.2781 2
      vertex 19.4905 10.4179 5
      vertex 19.4905 10.4179 2
    endloop
  endfacet
  facet normal 0.740974 0.671534 0
    outer loop
      vertex 17.0835 14.0201 5
      vertex 15.6271 15.6271 2
      vertex 15.6271 15.6271 5
    endloop
  endfacet
  facet normal 0.740974 0.671534 0
    outer loop
      vertex 15.6271 15.6271 2
      vertex 17.0835 14.0201 5
      vertex 17.0835 14.0201 2
    endloop
  endfacet
  facet normal -0.0490596 0.998796 0
    outer loop
      vertex 0 22.1 2
      vertex -2.16618 21.9936 5
      vertex 0 22.1 5
    endloop
  endfacet
  facet normal -0.0490596 0.998796 0
    outer loop
      vertex -2.16618 21.9936 5
      vertex 0 22.1 2
      vertex -2.16618 21.9936 2
    endloop
  endfacet
  facet normal -0.740974 0.671534 0
    outer loop
      vertex -17.0835 14.0201 2
      vertex -15.6271 15.6271 5
      vertex -15.6271 15.6271 2
    endloop
  endfacet
  facet normal -0.740974 0.671534 0
    outer loop
      vertex -15.6271 15.6271 5
      vertex -17.0835 14.0201 2
      vertex -17.0835 14.0201 5
    endloop
  endfacet
  facet normal -0.671534 -0.740974 0
    outer loop
      vertex -15.6271 -15.6271 2
      vertex -14.0201 -17.0835 5
      vertex -15.6271 -15.6271 5
    endloop
  endfacet
  facet normal -0.671534 -0.740974 -0
    outer loop
      vertex -14.0201 -17.0835 5
      vertex -15.6271 -15.6271 2
      vertex -14.0201 -17.0835 2
    endloop
  endfacet
  facet normal 0.0490596 -0.998796 0
    outer loop
      vertex 0 -22.1 2
      vertex 2.16618 -21.9936 5
      vertex 0 -22.1 5
    endloop
  endfacet
  facet normal 0.0490596 -0.998796 0
    outer loop
      vertex 2.16618 -21.9936 5
      vertex 0 -22.1 2
      vertex 2.16618 -21.9936 2
    endloop
  endfacet
  facet normal 0.941539 0.336903 0
    outer loop
      vertex 21.0465 6.7 5
      vertex 20.4177 8.4573 2
      vertex 20.4177 8.4573 5
    endloop
  endfacet
  facet normal 0.941539 0.336903 0
    outer loop
      vertex 20.4177 8.4573 2
      vertex 21.0465 6.7 5
      vertex 21.0465 6.7 2
    endloop
  endfacet
  facet normal 0.857721 -0.514116 0
    outer loop
      vertex 18.3755 -12.2781 5
      vertex 19.4905 -10.4179 2
      vertex 19.4905 -10.4179 5
    endloop
  endfacet
  facet normal 0.857721 -0.514116 0
    outer loop
      vertex 19.4905 -10.4179 2
      vertex 18.3755 -12.2781 5
      vertex 18.3755 -12.2781 2
    endloop
  endfacet
  facet normal 0.671534 0.740974 -0
    outer loop
      vertex 15.6271 15.6271 2
      vertex 14.0201 17.0835 5
      vertex 15.6271 15.6271 5
    endloop
  endfacet
  facet normal 0.671534 0.740974 0
    outer loop
      vertex 14.0201 17.0835 5
      vertex 15.6271 15.6271 2
      vertex 14.0201 17.0835 2
    endloop
  endfacet
  facet normal -0.242992 0.970028 0
    outer loop
      vertex -4.3115 21.6754 2
      vertex -6.41529 21.1484 5
      vertex -4.3115 21.6754 5
    endloop
  endfacet
  facet normal -0.242992 0.970028 0
    outer loop
      vertex -6.41529 21.1484 5
      vertex -4.3115 21.6754 2
      vertex -6.41529 21.1484 2
    endloop
  endfacet
  facet normal 0.336913 -0.941536 0
    outer loop
      vertex 6.41529 -21.1484 2
      vertex 8.4573 -20.4177 5
      vertex 6.41529 -21.1484 5
    endloop
  endfacet
  facet normal 0.336913 -0.941536 0
    outer loop
      vertex 8.4573 -20.4177 5
      vertex 6.41529 -21.1484 2
      vertex 8.4573 -20.4177 2
    endloop
  endfacet
  facet normal -0.427519 0.904006 0
    outer loop
      vertex -8.4573 20.4177 2
      vertex -10.4179 19.4905 5
      vertex -8.4573 20.4177 5
    endloop
  endfacet
  facet normal -0.427519 0.904006 0
    outer loop
      vertex -10.4179 19.4905 5
      vertex -8.4573 20.4177 2
      vertex -10.4179 19.4905 2
    endloop
  endfacet
  facet normal 0.904006 0.427519 0
    outer loop
      vertex 20.4177 8.4573 5
      vertex 19.4905 10.4179 2
      vertex 19.4905 10.4179 5
    endloop
  endfacet
  facet normal 0.904006 0.427519 0
    outer loop
      vertex 19.4905 10.4179 2
      vertex 20.4177 8.4573 5
      vertex 20.4177 8.4573 2
    endloop
  endfacet
  facet normal -0.671534 0.740974 0
    outer loop
      vertex -14.0201 17.0835 2
      vertex -15.6271 15.6271 5
      vertex -14.0201 17.0835 5
    endloop
  endfacet
  facet normal -0.671534 0.740974 0
    outer loop
      vertex -15.6271 15.6271 5
      vertex -14.0201 17.0835 2
      vertex -15.6271 15.6271 2
    endloop
  endfacet
  facet normal 0.336913 0.941536 -0
    outer loop
      vertex 8.4573 20.4177 2
      vertex 6.41529 21.1484 5
      vertex 8.4573 20.4177 5
    endloop
  endfacet
  facet normal 0.336913 0.941536 0
    outer loop
      vertex 6.41529 21.1484 5
      vertex 8.4573 20.4177 2
      vertex 6.41529 21.1484 2
    endloop
  endfacet
  facet normal -0.336913 0.941536 0
    outer loop
      vertex -6.41529 21.1484 2
      vertex -8.4573 20.4177 5
      vertex -6.41529 21.1484 5
    endloop
  endfacet
  facet normal -0.336913 0.941536 0
    outer loop
      vertex -8.4573 20.4177 5
      vertex -6.41529 21.1484 2
      vertex -8.4573 20.4177 2
    endloop
  endfacet
  facet normal -0.857721 -0.514116 0
    outer loop
      vertex -18.3755 -12.2781 2
      vertex -19.4905 -10.4179 5
      vertex -19.4905 -10.4179 2
    endloop
  endfacet
  facet normal -0.857721 -0.514116 0
    outer loop
      vertex -19.4905 -10.4179 5
      vertex -18.3755 -12.2781 2
      vertex -18.3755 -12.2781 5
    endloop
  endfacet
  facet normal -0.514116 -0.857721 0
    outer loop
      vertex -12.2781 -18.3755 2
      vertex -10.4179 -19.4905 5
      vertex -12.2781 -18.3755 5
    endloop
  endfacet
  facet normal -0.514116 -0.857721 -0
    outer loop
      vertex -10.4179 -19.4905 5
      vertex -12.2781 -18.3755 2
      vertex -10.4179 -19.4905 2
    endloop
  endfacet
  facet normal -0.595713 -0.803198 0
    outer loop
      vertex -14.0201 -17.0835 2
      vertex -12.2781 -18.3755 5
      vertex -14.0201 -17.0835 5
    endloop
  endfacet
  facet normal -0.595713 -0.803198 -0
    outer loop
      vertex -12.2781 -18.3755 5
      vertex -14.0201 -17.0835 2
      vertex -12.2781 -18.3755 2
    endloop
  endfacet
  facet normal -0.427519 -0.904006 0
    outer loop
      vertex -10.4179 -19.4905 2
      vertex -8.4573 -20.4177 5
      vertex -10.4179 -19.4905 5
    endloop
  endfacet
  facet normal -0.427519 -0.904006 -0
    outer loop
      vertex -8.4573 -20.4177 5
      vertex -10.4179 -19.4905 2
      vertex -8.4573 -20.4177 2
    endloop
  endfacet
  facet normal -0.803198 -0.595713 0
    outer loop
      vertex -17.0835 -14.0201 2
      vertex -18.3755 -12.2781 5
      vertex -18.3755 -12.2781 2
    endloop
  endfacet
  facet normal -0.803198 -0.595713 0
    outer loop
      vertex -18.3755 -12.2781 5
      vertex -17.0835 -14.0201 2
      vertex -17.0835 -14.0201 5
    endloop
  endfacet
  facet normal -0.242992 -0.970028 0
    outer loop
      vertex -6.41529 -21.1484 2
      vertex -4.3115 -21.6754 5
      vertex -6.41529 -21.1484 5
    endloop
  endfacet
  facet normal -0.242992 -0.970028 -0
    outer loop
      vertex -4.3115 -21.6754 5
      vertex -6.41529 -21.1484 2
      vertex -4.3115 -21.6754 2
    endloop
  endfacet
  facet normal -0.336913 -0.941536 0
    outer loop
      vertex -8.4573 -20.4177 2
      vertex -6.41529 -21.1484 5
      vertex -8.4573 -20.4177 5
    endloop
  endfacet
  facet normal -0.336913 -0.941536 -0
    outer loop
      vertex -6.41529 -21.1484 5
      vertex -8.4573 -20.4177 2
      vertex -6.41529 -21.1484 2
    endloop
  endfacet
  facet normal -0.989178 -0.146718 0
    outer loop
      vertex -21.6754 -4.3115 2
      vertex -21.9936 -2.16618 5
      vertex -21.9936 -2.16618 2
    endloop
  endfacet
  facet normal -0.989178 -0.146718 0
    outer loop
      vertex -21.9936 -2.16618 5
      vertex -21.6754 -4.3115 2
      vertex -21.6754 -4.3115 5
    endloop
  endfacet
  facet normal -0.904006 -0.427519 0
    outer loop
      vertex -19.4905 -10.4179 2
      vertex -20.4177 -8.4573 5
      vertex -20.4177 -8.4573 2
    endloop
  endfacet
  facet normal -0.904006 -0.427519 0
    outer loop
      vertex -20.4177 -8.4573 5
      vertex -19.4905 -10.4179 2
      vertex -19.4905 -10.4179 5
    endloop
  endfacet
  facet normal -0.941536 0.336913 0
    outer loop
      vertex -21.1484 6.41529 2
      vertex -20.4177 8.4573 5
      vertex -20.4177 8.4573 2
    endloop
  endfacet
  facet normal -0.941536 0.336913 0
    outer loop
      vertex -20.4177 8.4573 5
      vertex -21.1484 6.41529 2
      vertex -21.1484 6.41529 5
    endloop
  endfacet
  facet normal 0.941539 -0.336903 0
    outer loop
      vertex 20.4177 -8.4573 5
      vertex 21.0465 -6.7 2
      vertex 21.0465 -6.7 5
    endloop
  endfacet
  facet normal 0.941539 -0.336903 0
    outer loop
      vertex 21.0465 -6.7 2
      vertex 20.4177 -8.4573 5
      vertex 20.4177 -8.4573 2
    endloop
  endfacet
  facet normal -0.803198 0.595713 0
    outer loop
      vertex -18.3755 12.2781 2
      vertex -17.0835 14.0201 5
      vertex -17.0835 14.0201 2
    endloop
  endfacet
  facet normal -0.803198 0.595713 0
    outer loop
      vertex -17.0835 14.0201 5
      vertex -18.3755 12.2781 2
      vertex -18.3755 12.2781 5
    endloop
  endfacet
  facet normal -0.998796 0.0490596 0
    outer loop
      vertex -22.1 0 2
      vertex -21.9936 2.16618 5
      vertex -21.9936 2.16618 2
    endloop
  endfacet
  facet normal -0.998796 0.0490596 0
    outer loop
      vertex -21.9936 2.16618 5
      vertex -22.1 0 2
      vertex -22.1 0 5
    endloop
  endfacet
  facet normal 0.740974 -0.671534 0
    outer loop
      vertex 15.6271 -15.6271 5
      vertex 17.0835 -14.0201 2
      vertex 17.0835 -14.0201 5
    endloop
  endfacet
  facet normal 0.740974 -0.671534 0
    outer loop
      vertex 17.0835 -14.0201 2
      vertex 15.6271 -15.6271 5
      vertex 15.6271 -15.6271 2
    endloop
  endfacet
  facet normal 0.671534 -0.740974 0
    outer loop
      vertex 14.0201 -17.0835 2
      vertex 15.6271 -15.6271 5
      vertex 14.0201 -17.0835 5
    endloop
  endfacet
  facet normal 0.671534 -0.740974 0
    outer loop
      vertex 15.6271 -15.6271 5
      vertex 14.0201 -17.0835 2
      vertex 15.6271 -15.6271 2
    endloop
  endfacet
  facet normal 1 -0 0
    outer loop
      vertex 24.1 -6.7 11
      vertex 24.1 6.7 2
      vertex 24.1 6.7 11
    endloop
  endfacet
  facet normal 1 0 0
    outer loop
      vertex 24.1 6.7 2
      vertex 24.1 -6.7 11
      vertex 24.1 -6.7 2
    endloop
  endfacet
  facet normal 0 0 1
    outer loop
      vertex 19.6 -4.37557 11
      vertex 19.2345 -5.83472 11
      vertex 19.6 -5.7 11
    endloop
  endfacet
  facet normal 0 0 1
    outer loop
      vertex 24.1 6.7 11
      vertex 21.6 5.7 11
      vertex 24.1 -6.7 11
    endloop
  endfacet
  facet normal -0 0 1
    outer loop
      vertex 18.9249 6.7 11
      vertex 21.6 5.7 11
      vertex 24.1 6.7 11
    endloop
  endfacet
  facet normal 0 0 1
    outer loop
      vertex 19.6 5.7 11
      vertex 19.2345 5.83472 11
      vertex 19.6 4.37557 11
    endloop
  endfacet
  facet normal 0 0 1
    outer loop
      vertex 21.6 5.7 11
      vertex 18.9249 6.7 11
      vertex 19.6 5.7 11
    endloop
  endfacet
  facet normal 0 0 1
    outer loop
      vertex 19.6 5.7 11
      vertex 18.9249 6.7 11
      vertex 19.2345 5.83472 11
    endloop
  endfacet
  facet normal -0 0 1
    outer loop
      vertex 21.6 -5.7 11
      vertex 24.1 -6.7 11
      vertex 21.6 5.7 11
    endloop
  endfacet
  facet normal 0 0 1
    outer loop
      vertex 18.9249 -6.7 11
      vertex 21.6 -5.7 11
      vertex 19.6 -5.7 11
    endloop
  endfacet
  facet normal 0 0 1
    outer loop
      vertex 18.9249 -6.7 11
      vertex 19.6 -5.7 11
      vertex 19.2345 -5.83472 11
    endloop
  endfacet
  facet normal 0 0 1
    outer loop
      vertex 21.6 -5.7 11
      vertex 18.9249 -6.7 11
      vertex 24.1 -6.7 11
    endloop
  endfacet
  facet normal 0 1 0
    outer loop
      vertex 24.1 6.7 11
      vertex 21.0465 6.7 5
      vertex 18.9249 6.7 11
    endloop
  endfacet
  facet normal 0 1 -0
    outer loop
      vertex 24.1 6.7 2
      vertex 21.0465 6.7 5
      vertex 24.1 6.7 11
    endloop
  endfacet
  facet normal 0 1 0
    outer loop
      vertex 21.0465 6.7 5
      vertex 24.1 6.7 2
      vertex 21.0465 6.7 2
    endloop
  endfacet
  facet normal 0 1 0
    outer loop
      vertex 18.9249 6.7 11
      vertex 21.0465 6.7 5
      vertex 18.9249 6.7 5
    endloop
  endfacet
  facet normal 0 -1 0
    outer loop
      vertex 21.0465 -6.7 5
      vertex 18.9249 -6.7 11
      vertex 18.9249 -6.7 5
    endloop
  endfacet
  facet normal 0 -1 0
    outer loop
      vertex 18.9249 -6.7 11
      vertex 21.0465 -6.7 5
      vertex 24.1 -6.7 11
    endloop
  endfacet
  facet normal 0 -1 0
    outer loop
      vertex 24.1 -6.7 2
      vertex 21.0465 -6.7 5
      vertex 21.0465 -6.7 2
    endloop
  endfacet
  facet normal 0 -1 0
    outer loop
      vertex 21.0465 -6.7 5
      vertex 24.1 -6.7 2
      vertex 24.1 -6.7 11
    endloop
  endfacet
  facet normal -0.0489209 -0.998803 0
    outer loop
      vertex 18.4555 19.9555 0
      vertex 18.6025 19.9483 2
      vertex 18.4555 19.9555 2
    endloop
  endfacet
  facet normal -0.0489209 -0.998803 -0
    outer loop
      vertex 18.6025 19.9483 2
      vertex 18.4555 19.9555 0
      vertex 18.6025 19.9483 0
    endloop
  endfacet
  facet normal -0.595536 -0.803329 0
    outer loop
      vertex 19.2888 19.7027 0
      vertex 19.4071 19.615 2
      vertex 19.2888 19.7027 2
    endloop
  endfacet
  facet normal -0.595536 -0.803329 -0
    outer loop
      vertex 19.4071 19.615 2
      vertex 19.2888 19.7027 0
      vertex 19.4071 19.615 0
    endloop
  endfacet
  facet normal -0.671962 -0.740585 0
    outer loop
      vertex 19.4071 19.615 0
      vertex 19.5161 19.5161 2
      vertex 19.4071 19.615 2
    endloop
  endfacet
  facet normal -0.671962 -0.740585 -0
    outer loop
      vertex 19.5161 19.5161 2
      vertex 19.4071 19.615 0
      vertex 19.5161 19.5161 0
    endloop
  endfacet
  facet normal -0.514396 -0.857553 0
    outer loop
      vertex 19.1626 19.7784 0
      vertex 19.2888 19.7027 2
      vertex 19.1626 19.7784 2
    endloop
  endfacet
  facet normal -0.514396 -0.857553 -0
    outer loop
      vertex 19.2888 19.7027 2
      vertex 19.1626 19.7784 0
      vertex 19.2888 19.7027 0
    endloop
  endfacet
  facet normal -0.904125 0.427269 0
    outer loop
      vertex 19.7784 17.7484 0
      vertex 19.8413 17.8815 2
      vertex 19.8413 17.8815 0
    endloop
  endfacet
  facet normal -0.904125 0.427269 0
    outer loop
      vertex 19.8413 17.8815 2
      vertex 19.7784 17.7484 0
      vertex 19.7784 17.7484 2
    endloop
  endfacet
  facet normal 0.514096 -0.857733 0
    outer loop
      vertex 17.6221 19.7027 0
      vertex 17.7484 19.7784 2
      vertex 17.6221 19.7027 2
    endloop
  endfacet
  facet normal 0.514096 -0.857733 0
    outer loop
      vertex 17.7484 19.7784 2
      vertex 17.6221 19.7027 0
      vertex 17.7484 19.7784 0
    endloop
  endfacet
  facet normal -0.336939 0.941527 0
    outer loop
      vertex 19.0295 17.0697 0
      vertex 18.8909 17.0201 2
      vertex 19.0295 17.0697 2
    endloop
  endfacet
  facet normal -0.336939 0.941527 0
    outer loop
      vertex 18.8909 17.0201 2
      vertex 19.0295 17.0697 0
      vertex 18.8909 17.0201 0
    endloop
  endfacet
  facet normal -0.427269 0.904125 0
    outer loop
      vertex 19.1626 17.1326 0
      vertex 19.0295 17.0697 2
      vertex 19.1626 17.1326 2
    endloop
  endfacet
  facet normal -0.427269 0.904125 0
    outer loop
      vertex 19.0295 17.0697 2
      vertex 19.1626 17.1326 0
      vertex 19.0295 17.0697 0
    endloop
  endfacet
  facet normal 0.857733 0.514096 0
    outer loop
      vertex 17.2083 17.6221 2
      vertex 17.1326 17.7484 0
      vertex 17.1326 17.7484 2
    endloop
  endfacet
  facet normal 0.857733 0.514096 0
    outer loop
      vertex 17.1326 17.7484 0
      vertex 17.2083 17.6221 2
      vertex 17.2083 17.6221 0
    endloop
  endfacet
  facet normal 0.671251 0.74123 -0
    outer loop
      vertex 17.5039 17.296 0
      vertex 17.3948 17.3948 2
      vertex 17.5039 17.296 2
    endloop
  endfacet
  facet normal 0.671251 0.74123 0
    outer loop
      vertex 17.3948 17.3948 2
      vertex 17.5039 17.296 0
      vertex 17.3948 17.3948 0
    endloop
  endfacet
  facet normal 0.904125 0.427269 0
    outer loop
      vertex 17.1326 17.7484 2
      vertex 17.0697 17.8815 0
      vertex 17.0697 17.8815 2
    endloop
  endfacet
  facet normal 0.904125 0.427269 0
    outer loop
      vertex 17.0697 17.8815 0
      vertex 17.1326 17.7484 2
      vertex 17.1326 17.7484 0
    endloop
  endfacet
  facet normal -0.857733 0.514096 0
    outer loop
      vertex 19.7027 17.6221 0
      vertex 19.7784 17.7484 2
      vertex 19.7784 17.7484 0
    endloop
  endfacet
  facet normal -0.857733 0.514096 0
    outer loop
      vertex 19.7784 17.7484 2
      vertex 19.7027 17.6221 0
      vertex 19.7027 17.6221 2
    endloop
  endfacet
  facet normal 0.514096 0.857733 -0
    outer loop
      vertex 17.7484 17.1326 0
      vertex 17.6221 17.2083 2
      vertex 17.7484 17.1326 2
    endloop
  endfacet
  facet normal 0.514096 0.857733 0
    outer loop
      vertex 17.6221 17.2083 2
      vertex 17.7484 17.1326 0
      vertex 17.6221 17.2083 0
    endloop
  endfacet
  facet normal 0.243175 -0.969982 0
    outer loop
      vertex 18.0201 19.8909 0
      vertex 18.1629 19.9267 2
      vertex 18.0201 19.8909 2
    endloop
  endfacet
  facet normal 0.243175 -0.969982 0
    outer loop
      vertex 18.1629 19.9267 2
      vertex 18.0201 19.8909 0
      vertex 18.1629 19.9267 0
    endloop
  endfacet
  facet normal -0.336939 -0.941527 0
    outer loop
      vertex 18.8909 19.8909 0
      vertex 19.0295 19.8413 2
      vertex 18.8909 19.8909 2
    endloop
  endfacet
  facet normal -0.336939 -0.941527 -0
    outer loop
      vertex 19.0295 19.8413 2
      vertex 18.8909 19.8909 0
      vertex 19.0295 19.8413 0
    endloop
  endfacet
  facet normal -0.857553 -0.514396 0
    outer loop
      vertex 19.7784 19.1626 0
      vertex 19.7027 19.2888 2
      vertex 19.7027 19.2888 0
    endloop
  endfacet
  facet normal -0.857553 -0.514396 0
    outer loop
      vertex 19.7027 19.2888 2
      vertex 19.7784 19.1626 0
      vertex 19.7784 19.1626 2
    endloop
  endfacet
  facet normal -0.998803 -0.0489209 0
    outer loop
      vertex 19.9555 18.4555 0
      vertex 19.9483 18.6025 2
      vertex 19.9483 18.6025 0
    endloop
  endfacet
  facet normal -0.998803 -0.0489209 0
    outer loop
      vertex 19.9483 18.6025 2
      vertex 19.9555 18.4555 0
      vertex 19.9555 18.4555 2
    endloop
  endfacet
  facet normal -0.146746 0.989174 0
    outer loop
      vertex 18.7481 16.9843 0
      vertex 18.6025 16.9627 2
      vertex 18.7481 16.9843 2
    endloop
  endfacet
  facet normal -0.146746 0.989174 0
    outer loop
      vertex 18.6025 16.9627 2
      vertex 18.7481 16.9843 0
      vertex 18.6025 16.9627 0
    endloop
  endfacet
  facet normal 0.803329 -0.595536 0
    outer loop
      vertex 17.2083 19.2888 2
      vertex 17.296 19.4071 0
      vertex 17.296 19.4071 2
    endloop
  endfacet
  facet normal 0.803329 -0.595536 0
    outer loop
      vertex 17.296 19.4071 0
      vertex 17.2083 19.2888 2
      vertex 17.2083 19.2888 0
    endloop
  endfacet
  facet normal 0.146746 -0.989174 0
    outer loop
      vertex 18.1629 19.9267 0
      vertex 18.3085 19.9483 2
      vertex 18.1629 19.9267 2
    endloop
  endfacet
  facet normal 0.146746 -0.989174 0
    outer loop
      vertex 18.3085 19.9483 2
      vertex 18.1629 19.9267 0
      vertex 18.3085 19.9483 0
    endloop
  endfacet
  facet normal -0.803088 0.595861 0
    outer loop
      vertex 19.615 17.5039 0
      vertex 19.7027 17.6221 2
      vertex 19.7027 17.6221 0
    endloop
  endfacet
  facet normal -0.803088 0.595861 0
    outer loop
      vertex 19.7027 17.6221 2
      vertex 19.615 17.5039 0
      vertex 19.615 17.5039 2
    endloop
  endfacet
  facet normal 0.0489209 -0.998803 0
    outer loop
      vertex 18.3085 19.9483 0
      vertex 18.4555 19.9555 2
      vertex 18.3085 19.9483 2
    endloop
  endfacet
  facet normal 0.0489209 -0.998803 0
    outer loop
      vertex 18.4555 19.9555 2
      vertex 18.3085 19.9483 0
      vertex 18.4555 19.9555 0
    endloop
  endfacet
  facet normal -0.969982 -0.243175 0
    outer loop
      vertex 19.9267 18.7481 0
      vertex 19.8909 18.8909 2
      vertex 19.8909 18.8909 0
    endloop
  endfacet
  facet normal -0.969982 -0.243175 0
    outer loop
      vertex 19.8909 18.8909 2
      vertex 19.9267 18.7481 0
      vertex 19.9267 18.7481 2
    endloop
  endfacet
  facet normal 0.336939 -0.941527 0
    outer loop
      vertex 17.8815 19.8413 0
      vertex 18.0201 19.8909 2
      vertex 17.8815 19.8413 2
    endloop
  endfacet
  facet normal 0.336939 -0.941527 0
    outer loop
      vertex 18.0201 19.8909 2
      vertex 17.8815 19.8413 0
      vertex 18.0201 19.8909 0
    endloop
  endfacet
  facet normal -0.243175 -0.969982 0
    outer loop
      vertex 18.7481 19.9267 0
      vertex 18.8909 19.8909 2
      vertex 18.7481 19.9267 2
    endloop
  endfacet
  facet normal -0.243175 -0.969982 -0
    outer loop
      vertex 18.8909 19.8909 2
      vertex 18.7481 19.9267 0
      vertex 18.8909 19.8909 0
    endloop
  endfacet
  facet normal 0.803088 0.595861 0
    outer loop
      vertex 17.296 17.5039 2
      vertex 17.2083 17.6221 0
      vertex 17.2083 17.6221 2
    endloop
  endfacet
  facet normal 0.803088 0.595861 0
    outer loop
      vertex 17.2083 17.6221 0
      vertex 17.296 17.5039 2
      vertex 17.296 17.5039 0
    endloop
  endfacet
  facet normal 0.941527 -0.336939 0
    outer loop
      vertex 17.0201 18.8909 2
      vertex 17.0697 19.0295 0
      vertex 17.0697 19.0295 2
    endloop
  endfacet
  facet normal 0.941527 -0.336939 0
    outer loop
      vertex 17.0697 19.0295 0
      vertex 17.0201 18.8909 2
      vertex 17.0201 18.8909 0
    endloop
  endfacet
  facet normal -0.427269 -0.904125 0
    outer loop
      vertex 19.0295 19.8413 0
      vertex 19.1626 19.7784 2
      vertex 19.0295 19.8413 2
    endloop
  endfacet
  facet normal -0.427269 -0.904125 -0
    outer loop
      vertex 19.1626 19.7784 2
      vertex 19.0295 19.8413 0
      vertex 19.1626 19.7784 0
    endloop
  endfacet
  facet normal -0.941527 0.336939 0
    outer loop
      vertex 19.8413 17.8815 0
      vertex 19.8909 18.0201 2
      vertex 19.8909 18.0201 0
    endloop
  endfacet
  facet normal -0.941527 0.336939 0
    outer loop
      vertex 19.8909 18.0201 2
      vertex 19.8413 17.8815 0
      vertex 19.8413 17.8815 2
    endloop
  endfacet
  facet normal 0.427269 -0.904125 0
    outer loop
      vertex 17.7484 19.7784 0
      vertex 17.8815 19.8413 2
      vertex 17.7484 19.7784 2
    endloop
  endfacet
  facet normal 0.427269 -0.904125 0
    outer loop
      vertex 17.8815 19.8413 2
      vertex 17.7484 19.7784 0
      vertex 17.8815 19.8413 0
    endloop
  endfacet
  facet normal 0.740924 -0.671589 0
    outer loop
      vertex 17.296 19.4071 2
      vertex 17.3948 19.5161 0
      vertex 17.3948 19.5161 2
    endloop
  endfacet
  facet normal 0.740924 -0.671589 0
    outer loop
      vertex 17.3948 19.5161 0
      vertex 17.296 19.4071 2
      vertex 17.296 19.4071 0
    endloop
  endfacet
  facet normal 0.336939 0.941527 -0
    outer loop
      vertex 18.0201 17.0201 0
      vertex 17.8815 17.0697 2
      vertex 18.0201 17.0201 2
    endloop
  endfacet
  facet normal 0.336939 0.941527 0
    outer loop
      vertex 17.8815 17.0697 2
      vertex 18.0201 17.0201 0
      vertex 17.8815 17.0697 0
    endloop
  endfacet
  facet normal -0.146746 -0.989174 0
    outer loop
      vertex 18.6025 19.9483 0
      vertex 18.7481 19.9267 2
      vertex 18.6025 19.9483 2
    endloop
  endfacet
  facet normal -0.146746 -0.989174 -0
    outer loop
      vertex 18.7481 19.9267 2
      vertex 18.6025 19.9483 0
      vertex 18.7481 19.9267 0
    endloop
  endfacet
  facet normal 0.998803 0.0489209 0
    outer loop
      vertex 16.9627 18.3085 2
      vertex 16.9555 18.4555 0
      vertex 16.9555 18.4555 2
    endloop
  endfacet
  facet normal 0.998803 0.0489209 0
    outer loop
      vertex 16.9555 18.4555 0
      vertex 16.9627 18.3085 2
      vertex 16.9627 18.3085 0
    endloop
  endfacet
  facet normal 0.857553 -0.514396 0
    outer loop
      vertex 17.1326 19.1626 2
      vertex 17.2083 19.2888 0
      vertex 17.2083 19.2888 2
    endloop
  endfacet
  facet normal 0.857553 -0.514396 0
    outer loop
      vertex 17.2083 19.2888 0
      vertex 17.1326 19.1626 2
      vertex 17.1326 19.1626 0
    endloop
  endfacet
  facet normal 0.427269 0.904125 -0
    outer loop
      vertex 17.8815 17.0697 0
      vertex 17.7484 17.1326 2
      vertex 17.8815 17.0697 2
    endloop
  endfacet
  facet normal 0.427269 0.904125 0
    outer loop
      vertex 17.7484 17.1326 2
      vertex 17.8815 17.0697 0
      vertex 17.7484 17.1326 0
    endloop
  endfacet
  facet normal -0.740892 0.671624 0
    outer loop
      vertex 19.5161 17.3948 0
      vertex 19.615 17.5039 2
      vertex 19.615 17.5039 0
    endloop
  endfacet
  facet normal -0.740892 0.671624 0
    outer loop
      vertex 19.615 17.5039 2
      vertex 19.5161 17.3948 0
      vertex 19.5161 17.3948 2
    endloop
  endfacet
  facet normal -0.904125 -0.427269 0
    outer loop
      vertex 19.8413 19.0295 0
      vertex 19.7784 19.1626 2
      vertex 19.7784 19.1626 0
    endloop
  endfacet
  facet normal -0.904125 -0.427269 0
    outer loop
      vertex 19.7784 19.1626 2
      vertex 19.8413 19.0295 0
      vertex 19.8413 19.0295 2
    endloop
  endfacet
  facet normal -0.989174 -0.146746 0
    outer loop
      vertex 19.9483 18.6025 0
      vertex 19.9267 18.7481 2
      vertex 19.9267 18.7481 0
    endloop
  endfacet
  facet normal -0.989174 -0.146746 0
    outer loop
      vertex 19.9267 18.7481 2
      vertex 19.9483 18.6025 0
      vertex 19.9483 18.6025 2
    endloop
  endfacet
  facet normal 0.989174 -0.146746 0
    outer loop
      vertex 16.9627 18.6025 2
      vertex 16.9843 18.7481 0
      vertex 16.9843 18.7481 2
    endloop
  endfacet
  facet normal 0.989174 -0.146746 0
    outer loop
      vertex 16.9843 18.7481 0
      vertex 16.9627 18.6025 2
      vertex 16.9627 18.6025 0
    endloop
  endfacet
  facet normal -0.595536 0.803329 0
    outer loop
      vertex 19.4071 17.296 0
      vertex 19.2888 17.2083 2
      vertex 19.4071 17.296 2
    endloop
  endfacet
  facet normal -0.595536 0.803329 0
    outer loop
      vertex 19.2888 17.2083 2
      vertex 19.4071 17.296 0
      vertex 19.2888 17.2083 0
    endloop
  endfacet
  facet normal -0.989174 0.146746 0
    outer loop
      vertex 19.9267 18.1629 0
      vertex 19.9483 18.3085 2
      vertex 19.9483 18.3085 0
    endloop
  endfacet
  facet normal -0.989174 0.146746 0
    outer loop
      vertex 19.9483 18.3085 2
      vertex 19.9267 18.1629 0
      vertex 19.9267 18.1629 2
    endloop
  endfacet
  facet normal 0.998803 -0.0489209 0
    outer loop
      vertex 16.9555 18.4555 2
      vertex 16.9627 18.6025 0
      vertex 16.9627 18.6025 2
    endloop
  endfacet
  facet normal 0.998803 -0.0489209 0
    outer loop
      vertex 16.9627 18.6025 0
      vertex 16.9555 18.4555 2
      vertex 16.9555 18.4555 0
    endloop
  endfacet
  facet normal 0.671624 -0.740892 0
    outer loop
      vertex 17.3948 19.5161 0
      vertex 17.5039 19.615 2
      vertex 17.3948 19.5161 2
    endloop
  endfacet
  facet normal 0.671624 -0.740892 0
    outer loop
      vertex 17.5039 19.615 2
      vertex 17.3948 19.5161 0
      vertex 17.5039 19.615 0
    endloop
  endfacet
  facet normal -0.514396 0.857553 0
    outer loop
      vertex 19.2888 17.2083 0
      vertex 19.1626 17.1326 2
      vertex 19.2888 17.2083 2
    endloop
  endfacet
  facet normal -0.514396 0.857553 0
    outer loop
      vertex 19.1626 17.1326 2
      vertex 19.2888 17.2083 0
      vertex 19.1626 17.1326 0
    endloop
  endfacet
  facet normal -0.803329 -0.595536 0
    outer loop
      vertex 19.7027 19.2888 0
      vertex 19.615 19.4071 2
      vertex 19.615 19.4071 0
    endloop
  endfacet
  facet normal -0.803329 -0.595536 0
    outer loop
      vertex 19.615 19.4071 2
      vertex 19.7027 19.2888 0
      vertex 19.7027 19.2888 2
    endloop
  endfacet
  facet normal 0.595861 -0.803088 0
    outer loop
      vertex 17.5039 19.615 0
      vertex 17.6221 19.7027 2
      vertex 17.5039 19.615 2
    endloop
  endfacet
  facet normal 0.595861 -0.803088 0
    outer loop
      vertex 17.6221 19.7027 2
      vertex 17.5039 19.615 0
      vertex 17.6221 19.7027 0
    endloop
  endfacet
  facet normal 0.0489209 0.998803 -0
    outer loop
      vertex 18.4555 16.9555 0
      vertex 18.3085 16.9627 2
      vertex 18.4555 16.9555 2
    endloop
  endfacet
  facet normal 0.0489209 0.998803 0
    outer loop
      vertex 18.3085 16.9627 2
      vertex 18.4555 16.9555 0
      vertex 18.3085 16.9627 0
    endloop
  endfacet
  facet normal 0.243175 0.969982 -0
    outer loop
      vertex 18.1629 16.9843 0
      vertex 18.0201 17.0201 2
      vertex 18.1629 16.9843 2
    endloop
  endfacet
  facet normal 0.243175 0.969982 0
    outer loop
      vertex 18.0201 17.0201 2
      vertex 18.1629 16.9843 0
      vertex 18.0201 17.0201 0
    endloop
  endfacet
  facet normal 0.904125 -0.427269 0
    outer loop
      vertex 17.0697 19.0295 2
      vertex 17.1326 19.1626 0
      vertex 17.1326 19.1626 2
    endloop
  endfacet
  facet normal 0.904125 -0.427269 0
    outer loop
      vertex 17.1326 19.1626 0
      vertex 17.0697 19.0295 2
      vertex 17.0697 19.0295 0
    endloop
  endfacet
  facet normal 0.989174 0.146746 0
    outer loop
      vertex 16.9843 18.1629 2
      vertex 16.9627 18.3085 0
      vertex 16.9627 18.3085 2
    endloop
  endfacet
  facet normal 0.989174 0.146746 0
    outer loop
      vertex 16.9627 18.3085 0
      vertex 16.9843 18.1629 2
      vertex 16.9843 18.1629 0
    endloop
  endfacet
  facet normal -0.243175 0.969982 0
    outer loop
      vertex 18.8909 17.0201 0
      vertex 18.7481 16.9843 2
      vertex 18.8909 17.0201 2
    endloop
  endfacet
  facet normal -0.243175 0.969982 0
    outer loop
      vertex 18.7481 16.9843 2
      vertex 18.8909 17.0201 0
      vertex 18.7481 16.9843 0
    endloop
  endfacet
  facet normal 0.969982 0.243175 0
    outer loop
      vertex 17.0201 18.0201 2
      vertex 16.9843 18.1629 0
      vertex 16.9843 18.1629 2
    endloop
  endfacet
  facet normal 0.969982 0.243175 0
    outer loop
      vertex 16.9843 18.1629 0
      vertex 17.0201 18.0201 2
      vertex 17.0201 18.0201 0
    endloop
  endfacet
  facet normal 0.146746 0.989174 -0
    outer loop
      vertex 18.3085 16.9627 0
      vertex 18.1629 16.9843 2
      vertex 18.3085 16.9627 2
    endloop
  endfacet
  facet normal 0.146746 0.989174 0
    outer loop
      vertex 18.1629 16.9843 2
      vertex 18.3085 16.9627 0
      vertex 18.1629 16.9843 0
    endloop
  endfacet
  facet normal 0.969982 -0.243175 0
    outer loop
      vertex 16.9843 18.7481 2
      vertex 17.0201 18.8909 0
      vertex 17.0201 18.8909 2
    endloop
  endfacet
  facet normal 0.969982 -0.243175 0
    outer loop
      vertex 17.0201 18.8909 0
      vertex 16.9843 18.7481 2
      vertex 16.9843 18.7481 0
    endloop
  endfacet
  facet normal 0.595861 0.803088 -0
    outer loop
      vertex 17.6221 17.2083 0
      vertex 17.5039 17.296 2
      vertex 17.6221 17.2083 2
    endloop
  endfacet
  facet normal 0.595861 0.803088 0
    outer loop
      vertex 17.5039 17.296 2
      vertex 17.6221 17.2083 0
      vertex 17.5039 17.296 0
    endloop
  endfacet
  facet normal 0.941527 0.336939 0
    outer loop
      vertex 17.0697 17.8815 2
      vertex 17.0201 18.0201 0
      vertex 17.0201 18.0201 2
    endloop
  endfacet
  facet normal 0.941527 0.336939 0
    outer loop
      vertex 17.0201 18.0201 0
      vertex 17.0697 17.8815 2
      vertex 17.0697 17.8815 0
    endloop
  endfacet
  facet normal -0.969982 0.243175 0
    outer loop
      vertex 19.8909 18.0201 0
      vertex 19.9267 18.1629 2
      vertex 19.9267 18.1629 0
    endloop
  endfacet
  facet normal -0.969982 0.243175 0
    outer loop
      vertex 19.9267 18.1629 2
      vertex 19.8909 18.0201 0
      vertex 19.8909 18.0201 2
    endloop
  endfacet
  facet normal -0.941527 -0.336939 0
    outer loop
      vertex 19.8909 18.8909 0
      vertex 19.8413 19.0295 2
      vertex 19.8413 19.0295 0
    endloop
  endfacet
  facet normal -0.941527 -0.336939 0
    outer loop
      vertex 19.8413 19.0295 2
      vertex 19.8909 18.8909 0
      vertex 19.8909 18.8909 2
    endloop
  endfacet
  facet normal -0.0489209 0.998803 0
    outer loop
      vertex 18.6025 16.9627 0
      vertex 18.4555 16.9555 2
      vertex 18.6025 16.9627 2
    endloop
  endfacet
  facet normal -0.0489209 0.998803 0
    outer loop
      vertex 18.4555 16.9555 2
      vertex 18.6025 16.9627 0
      vertex 18.4555 16.9555 0
    endloop
  endfacet
  facet normal -0.740585 -0.671962 0
    outer loop
      vertex 19.615 19.4071 0
      vertex 19.5161 19.5161 2
      vertex 19.5161 19.5161 0
    endloop
  endfacet
  facet normal -0.740585 -0.671962 0
    outer loop
      vertex 19.5161 19.5161 2
      vertex 19.615 19.4071 0
      vertex 19.615 19.4071 2
    endloop
  endfacet
  facet normal -0.671589 0.740924 0
    outer loop
      vertex 19.5161 17.3948 0
      vertex 19.4071 17.296 2
      vertex 19.5161 17.3948 2
    endloop
  endfacet
  facet normal -0.671589 0.740924 0
    outer loop
      vertex 19.4071 17.296 2
      vertex 19.5161 17.3948 0
      vertex 19.4071 17.296 0
    endloop
  endfacet
  facet normal 0.74123 0.671251 0
    outer loop
      vertex 17.3948 17.3948 2
      vertex 17.296 17.5039 0
      vertex 17.296 17.5039 2
    endloop
  endfacet
  facet normal 0.74123 0.671251 0
    outer loop
      vertex 17.296 17.5039 0
      vertex 17.3948 17.3948 2
      vertex 17.3948 17.3948 0
    endloop
  endfacet
  facet normal -0.998803 0.0489209 0
    outer loop
      vertex 19.9483 18.3085 0
      vertex 19.9555 18.4555 2
      vertex 19.9555 18.4555 0
    endloop
  endfacet
  facet normal -0.998803 0.0489209 0
    outer loop
      vertex 19.9555 18.4555 2
      vertex 19.9483 18.3085 0
      vertex 19.9483 18.3085 2
    endloop
  endfacet
  facet normal 0.998803 -0.0489209 0
    outer loop
      vertex -19.9555 18.4555 2
      vertex -19.9483 18.6025 0
      vertex -19.9483 18.6025 2
    endloop
  endfacet
  facet normal 0.998803 -0.0489209 0
    outer loop
      vertex -19.9483 18.6025 0
      vertex -19.9555 18.4555 2
      vertex -19.9555 18.4555 0
    endloop
  endfacet
  facet normal 0.803329 -0.595536 0
    outer loop
      vertex -19.7027 19.2888 2
      vertex -19.615 19.4071 0
      vertex -19.615 19.4071 2
    endloop
  endfacet
  facet normal 0.803329 -0.595536 0
    outer loop
      vertex -19.615 19.4071 0
      vertex -19.7027 19.2888 2
      vertex -19.7027 19.2888 0
    endloop
  endfacet
  facet normal 0.740585 -0.671962 0
    outer loop
      vertex -19.615 19.4071 2
      vertex -19.5161 19.5161 0
      vertex -19.5161 19.5161 2
    endloop
  endfacet
  facet normal 0.740585 -0.671962 0
    outer loop
      vertex -19.5161 19.5161 0
      vertex -19.615 19.4071 2
      vertex -19.615 19.4071 0
    endloop
  endfacet
  facet normal 0.857553 -0.514396 0
    outer loop
      vertex -19.7784 19.1626 2
      vertex -19.7027 19.2888 0
      vertex -19.7027 19.2888 2
    endloop
  endfacet
  facet normal 0.857553 -0.514396 0
    outer loop
      vertex -19.7027 19.2888 0
      vertex -19.7784 19.1626 2
      vertex -19.7784 19.1626 0
    endloop
  endfacet
  facet normal -0.427269 -0.904125 0
    outer loop
      vertex -17.8815 19.8413 0
      vertex -17.7484 19.7784 2
      vertex -17.8815 19.8413 2
    endloop
  endfacet
  facet normal -0.427269 -0.904125 -0
    outer loop
      vertex -17.7484 19.7784 2
      vertex -17.8815 19.8413 0
      vertex -17.7484 19.7784 0
    endloop
  endfacet
  facet normal -0.941527 -0.336939 0
    outer loop
      vertex -17.0201 18.8909 0
      vertex -17.0697 19.0295 2
      vertex -17.0697 19.0295 0
    endloop
  endfacet
  facet normal -0.941527 -0.336939 0
    outer loop
      vertex -17.0697 19.0295 2
      vertex -17.0201 18.8909 0
      vertex -17.0201 18.8909 2
    endloop
  endfacet
  facet normal -0.514096 0.857733 0
    outer loop
      vertex -17.6221 17.2083 0
      vertex -17.7484 17.1326 2
      vertex -17.6221 17.2083 2
    endloop
  endfacet
  facet normal -0.514096 0.857733 0
    outer loop
      vertex -17.7484 17.1326 2
      vertex -17.6221 17.2083 0
      vertex -17.7484 17.1326 0
    endloop
  endfacet
  facet normal -0.74123 0.671251 0
    outer loop
      vertex -17.3948 17.3948 0
      vertex -17.296 17.5039 2
      vertex -17.296 17.5039 0
    endloop
  endfacet
  facet normal -0.74123 0.671251 0
    outer loop
      vertex -17.296 17.5039 2
      vertex -17.3948 17.3948 0
      vertex -17.3948 17.3948 2
    endloop
  endfacet
  facet normal -0.671624 -0.740892 0
    outer loop
      vertex -17.5039 19.615 0
      vertex -17.3948 19.5161 2
      vertex -17.5039 19.615 2
    endloop
  endfacet
  facet normal -0.671624 -0.740892 -0
    outer loop
      vertex -17.3948 19.5161 2
      vertex -17.5039 19.615 0
      vertex -17.3948 19.5161 0
    endloop
  endfacet
  facet normal 0.857733 0.514096 0
    outer loop
      vertex -19.7027 17.6221 2
      vertex -19.7784 17.7484 0
      vertex -19.7784 17.7484 2
    endloop
  endfacet
  facet normal 0.857733 0.514096 0
    outer loop
      vertex -19.7784 17.7484 0
      vertex -19.7027 17.6221 2
      vertex -19.7027 17.6221 0
    endloop
  endfacet
  facet normal -0.427269 0.904125 0
    outer loop
      vertex -17.7484 17.1326 0
      vertex -17.8815 17.0697 2
      vertex -17.7484 17.1326 2
    endloop
  endfacet
  facet normal -0.427269 0.904125 0
    outer loop
      vertex -17.8815 17.0697 2
      vertex -17.7484 17.1326 0
      vertex -17.8815 17.0697 0
    endloop
  endfacet
  facet normal -0.514096 -0.857733 0
    outer loop
      vertex -17.7484 19.7784 0
      vertex -17.6221 19.7027 2
      vertex -17.7484 19.7784 2
    endloop
  endfacet
  facet normal -0.514096 -0.857733 -0
    outer loop
      vertex -17.6221 19.7027 2
      vertex -17.7484 19.7784 0
      vertex -17.6221 19.7027 0
    endloop
  endfacet
  facet normal -0.857733 0.514096 0
    outer loop
      vertex -17.2083 17.6221 0
      vertex -17.1326 17.7484 2
      vertex -17.1326 17.7484 0
    endloop
  endfacet
  facet normal -0.857733 0.514096 0
    outer loop
      vertex -17.1326 17.7484 2
      vertex -17.2083 17.6221 0
      vertex -17.2083 17.6221 2
    endloop
  endfacet
  facet normal 0.0489209 0.998803 -0
    outer loop
      vertex -18.4555 16.9555 0
      vertex -18.6025 16.9627 2
      vertex -18.4555 16.9555 2
    endloop
  endfacet
  facet normal 0.0489209 0.998803 0
    outer loop
      vertex -18.6025 16.9627 2
      vertex -18.4555 16.9555 0
      vertex -18.6025 16.9627 0
    endloop
  endfacet
  facet normal 0.969982 0.243175 0
    outer loop
      vertex -19.8909 18.0201 2
      vertex -19.9267 18.1629 0
      vertex -19.9267 18.1629 2
    endloop
  endfacet
  facet normal 0.969982 0.243175 0
    outer loop
      vertex -19.9267 18.1629 0
      vertex -19.8909 18.0201 2
      vertex -19.8909 18.0201 0
    endloop
  endfacet
  facet normal 0.941527 -0.336939 0
    outer loop
      vertex -19.8909 18.8909 2
      vertex -19.8413 19.0295 0
      vertex -19.8413 19.0295 2
    endloop
  endfacet
  facet normal 0.941527 -0.336939 0
    outer loop
      vertex -19.8413 19.0295 0
      vertex -19.8909 18.8909 2
      vertex -19.8909 18.8909 0
    endloop
  endfacet
  facet normal 0.514396 -0.857553 0
    outer loop
      vertex -19.2888 19.7027 0
      vertex -19.1626 19.7784 2
      vertex -19.2888 19.7027 2
    endloop
  endfacet
  facet normal 0.514396 -0.857553 0
    outer loop
      vertex -19.1626 19.7784 2
      vertex -19.2888 19.7027 0
      vertex -19.1626 19.7784 0
    endloop
  endfacet
  facet normal 0.989174 0.146746 0
    outer loop
      vertex -19.9267 18.1629 2
      vertex -19.9483 18.3085 0
      vertex -19.9483 18.3085 2
    endloop
  endfacet
  facet normal 0.989174 0.146746 0
    outer loop
      vertex -19.9483 18.3085 0
      vertex -19.9267 18.1629 2
      vertex -19.9267 18.1629 0
    endloop
  endfacet
  facet normal 0.0489209 -0.998803 0
    outer loop
      vertex -18.6025 19.9483 0
      vertex -18.4555 19.9555 2
      vertex -18.6025 19.9483 2
    endloop
  endfacet
  facet normal 0.0489209 -0.998803 0
    outer loop
      vertex -18.4555 19.9555 2
      vertex -18.6025 19.9483 0
      vertex -18.4555 19.9555 0
    endloop
  endfacet
  facet normal -0.595861 -0.803088 0
    outer loop
      vertex -17.6221 19.7027 0
      vertex -17.5039 19.615 2
      vertex -17.6221 19.7027 2
    endloop
  endfacet
  facet normal -0.595861 -0.803088 -0
    outer loop
      vertex -17.5039 19.615 2
      vertex -17.6221 19.7027 0
      vertex -17.5039 19.615 0
    endloop
  endfacet
  facet normal 0.998803 0.0489209 0
    outer loop
      vertex -19.9483 18.3085 2
      vertex -19.9555 18.4555 0
      vertex -19.9555 18.4555 2
    endloop
  endfacet
  facet normal 0.998803 0.0489209 0
    outer loop
      vertex -19.9555 18.4555 0
      vertex -19.9483 18.3085 2
      vertex -19.9483 18.3085 0
    endloop
  endfacet
  facet normal 0.243175 -0.969982 0
    outer loop
      vertex -18.8909 19.8909 0
      vertex -18.7481 19.9267 2
      vertex -18.8909 19.8909 2
    endloop
  endfacet
  facet normal 0.243175 -0.969982 0
    outer loop
      vertex -18.7481 19.9267 2
      vertex -18.8909 19.8909 0
      vertex -18.7481 19.9267 0
    endloop
  endfacet
  facet normal 0.969982 -0.243175 0
    outer loop
      vertex -19.9267 18.7481 2
      vertex -19.8909 18.8909 0
      vertex -19.8909 18.8909 2
    endloop
  endfacet
  facet normal 0.969982 -0.243175 0
    outer loop
      vertex -19.8909 18.8909 0
      vertex -19.9267 18.7481 2
      vertex -19.9267 18.7481 0
    endloop
  endfacet
  facet normal -0.595861 0.803088 0
    outer loop
      vertex -17.5039 17.296 0
      vertex -17.6221 17.2083 2
      vertex -17.5039 17.296 2
    endloop
  endfacet
  facet normal -0.595861 0.803088 0
    outer loop
      vertex -17.6221 17.2083 2
      vertex -17.5039 17.296 0
      vertex -17.6221 17.2083 0
    endloop
  endfacet
  facet normal 0.904125 -0.427269 0
    outer loop
      vertex -19.8413 19.0295 2
      vertex -19.7784 19.1626 0
      vertex -19.7784 19.1626 2
    endloop
  endfacet
  facet normal 0.904125 -0.427269 0
    outer loop
      vertex -19.7784 19.1626 0
      vertex -19.8413 19.0295 2
      vertex -19.8413 19.0295 0
    endloop
  endfacet
  facet normal -0.336939 -0.941527 0
    outer loop
      vertex -18.0201 19.8909 0
      vertex -17.8815 19.8413 2
      vertex -18.0201 19.8909 2
    endloop
  endfacet
  facet normal -0.336939 -0.941527 -0
    outer loop
      vertex -17.8815 19.8413 2
      vertex -18.0201 19.8909 0
      vertex -17.8815 19.8413 0
    endloop
  endfacet
  facet normal 0.671589 0.740924 -0
    outer loop
      vertex -19.4071 17.296 0
      vertex -19.5161 17.3948 2
      vertex -19.4071 17.296 2
    endloop
  endfacet
  facet normal 0.671589 0.740924 0
    outer loop
      vertex -19.5161 17.3948 2
      vertex -19.4071 17.296 0
      vertex -19.5161 17.3948 0
    endloop
  endfacet
  facet normal -0.941527 0.336939 0
    outer loop
      vertex -17.0697 17.8815 0
      vertex -17.0201 18.0201 2
      vertex -17.0201 18.0201 0
    endloop
  endfacet
  facet normal -0.941527 0.336939 0
    outer loop
      vertex -17.0201 18.0201 2
      vertex -17.0697 17.8815 0
      vertex -17.0697 17.8815 2
    endloop
  endfacet
  facet normal 0.989174 -0.146746 0
    outer loop
      vertex -19.9483 18.6025 2
      vertex -19.9267 18.7481 0
      vertex -19.9267 18.7481 2
    endloop
  endfacet
  facet normal 0.989174 -0.146746 0
    outer loop
      vertex -19.9267 18.7481 0
      vertex -19.9483 18.6025 2
      vertex -19.9483 18.6025 0
    endloop
  endfacet
  facet normal -0.0489209 0.998803 0
    outer loop
      vertex -18.3085 16.9627 0
      vertex -18.4555 16.9555 2
      vertex -18.3085 16.9627 2
    endloop
  endfacet
  facet normal -0.0489209 0.998803 0
    outer loop
      vertex -18.4555 16.9555 2
      vertex -18.3085 16.9627 0
      vertex -18.4555 16.9555 0
    endloop
  endfacet
  facet normal 0.514396 0.857553 -0
    outer loop
      vertex -19.1626 17.1326 0
      vertex -19.2888 17.2083 2
      vertex -19.1626 17.1326 2
    endloop
  endfacet
  facet normal 0.514396 0.857553 0
    outer loop
      vertex -19.2888 17.2083 2
      vertex -19.1626 17.1326 0
      vertex -19.2888 17.2083 0
    endloop
  endfacet
  facet normal 0.941527 0.336939 0
    outer loop
      vertex -19.8413 17.8815 2
      vertex -19.8909 18.0201 0
      vertex -19.8909 18.0201 2
    endloop
  endfacet
  facet normal 0.941527 0.336939 0
    outer loop
      vertex -19.8909 18.0201 0
      vertex -19.8413 17.8815 2
      vertex -19.8413 17.8815 0
    endloop
  endfacet
  facet normal -0.904125 0.427269 0
    outer loop
      vertex -17.1326 17.7484 0
      vertex -17.0697 17.8815 2
      vertex -17.0697 17.8815 0
    endloop
  endfacet
  facet normal -0.904125 0.427269 0
    outer loop
      vertex -17.0697 17.8815 2
      vertex -17.1326 17.7484 0
      vertex -17.1326 17.7484 2
    endloop
  endfacet
  facet normal 0.427269 0.904125 -0
    outer loop
      vertex -19.0295 17.0697 0
      vertex -19.1626 17.1326 2
      vertex -19.0295 17.0697 2
    endloop
  endfacet
  facet normal 0.427269 0.904125 0
    outer loop
      vertex -19.1626 17.1326 2
      vertex -19.0295 17.0697 0
      vertex -19.1626 17.1326 0
    endloop
  endfacet
  facet normal 0.427269 -0.904125 0
    outer loop
      vertex -19.1626 19.7784 0
      vertex -19.0295 19.8413 2
      vertex -19.1626 19.7784 2
    endloop
  endfacet
  facet normal 0.427269 -0.904125 0
    outer loop
      vertex -19.0295 19.8413 2
      vertex -19.1626 19.7784 0
      vertex -19.0295 19.8413 0
    endloop
  endfacet
  facet normal 0.146746 -0.989174 0
    outer loop
      vertex -18.7481 19.9267 0
      vertex -18.6025 19.9483 2
      vertex -18.7481 19.9267 2
    endloop
  endfacet
  facet normal 0.146746 -0.989174 0
    outer loop
      vertex -18.6025 19.9483 2
      vertex -18.7481 19.9267 0
      vertex -18.6025 19.9483 0
    endloop
  endfacet
  facet normal 0.146746 0.989174 -0
    outer loop
      vertex -18.6025 16.9627 0
      vertex -18.7481 16.9843 2
      vertex -18.6025 16.9627 2
    endloop
  endfacet
  facet normal 0.146746 0.989174 0
    outer loop
      vertex -18.7481 16.9843 2
      vertex -18.6025 16.9627 0
      vertex -18.7481 16.9843 0
    endloop
  endfacet
  facet normal 0.803088 0.595861 0
    outer loop
      vertex -19.615 17.5039 2
      vertex -19.7027 17.6221 0
      vertex -19.7027 17.6221 2
    endloop
  endfacet
  facet normal 0.803088 0.595861 0
    outer loop
      vertex -19.7027 17.6221 0
      vertex -19.615 17.5039 2
      vertex -19.615 17.5039 0
    endloop
  endfacet
  facet normal 0.740892 0.671624 0
    outer loop
      vertex -19.5161 17.3948 2
      vertex -19.615 17.5039 0
      vertex -19.615 17.5039 2
    endloop
  endfacet
  facet normal 0.740892 0.671624 0
    outer loop
      vertex -19.615 17.5039 0
      vertex -19.5161 17.3948 2
      vertex -19.5161 17.3948 0
    endloop
  endfacet
  facet normal -0.857553 -0.514396 0
    outer loop
      vertex -17.1326 19.1626 0
      vertex -17.2083 19.2888 2
      vertex -17.2083 19.2888 0
    endloop
  endfacet
  facet normal -0.857553 -0.514396 0
    outer loop
      vertex -17.2083 19.2888 2
      vertex -17.1326 19.1626 0
      vertex -17.1326 19.1626 2
    endloop
  endfacet
  facet normal 0.595536 -0.803329 0
    outer loop
      vertex -19.4071 19.615 0
      vertex -19.2888 19.7027 2
      vertex -19.4071 19.615 2
    endloop
  endfacet
  facet normal 0.595536 -0.803329 0
    outer loop
      vertex -19.2888 19.7027 2
      vertex -19.4071 19.615 0
      vertex -19.2888 19.7027 0
    endloop
  endfacet
  facet normal -0.998803 0.0489209 0
    outer loop
      vertex -16.9627 18.3085 0
      vertex -16.9555 18.4555 2
      vertex -16.9555 18.4555 0
    endloop
  endfacet
  facet normal -0.998803 0.0489209 0
    outer loop
      vertex -16.9555 18.4555 2
      vertex -16.9627 18.3085 0
      vertex -16.9627 18.3085 2
    endloop
  endfacet
  facet normal -0.969982 0.243175 0
    outer loop
      vertex -17.0201 18.0201 0
      vertex -16.9843 18.1629 2
      vertex -16.9843 18.1629 0
    endloop
  endfacet
  facet normal -0.969982 0.243175 0
    outer loop
      vertex -16.9843 18.1629 2
      vertex -17.0201 18.0201 0
      vertex -17.0201 18.0201 2
    endloop
  endfacet
  facet normal -0.146746 0.989174 0
    outer loop
      vertex -18.1629 16.9843 0
      vertex -18.3085 16.9627 2
      vertex -18.1629 16.9843 2
    endloop
  endfacet
  facet normal -0.146746 0.989174 0
    outer loop
      vertex -18.3085 16.9627 2
      vertex -18.1629 16.9843 0
      vertex -18.3085 16.9627 0
    endloop
  endfacet
  facet normal -0.969982 -0.243175 0
    outer loop
      vertex -16.9843 18.7481 0
      vertex -17.0201 18.8909 2
      vertex -17.0201 18.8909 0
    endloop
  endfacet
  facet normal -0.969982 -0.243175 0
    outer loop
      vertex -17.0201 18.8909 2
      vertex -16.9843 18.7481 0
      vertex -16.9843 18.7481 2
    endloop
  endfacet
  facet normal -0.146746 -0.989174 0
    outer loop
      vertex -18.3085 19.9483 0
      vertex -18.1629 19.9267 2
      vertex -18.3085 19.9483 2
    endloop
  endfacet
  facet normal -0.146746 -0.989174 -0
    outer loop
      vertex -18.1629 19.9267 2
      vertex -18.3085 19.9483 0
      vertex -18.1629 19.9267 0
    endloop
  endfacet
  facet normal 0.595536 0.803329 -0
    outer loop
      vertex -19.2888 17.2083 0
      vertex -19.4071 17.296 2
      vertex -19.2888 17.2083 2
    endloop
  endfacet
  facet normal 0.595536 0.803329 0
    outer loop
      vertex -19.4071 17.296 2
      vertex -19.2888 17.2083 0
      vertex -19.4071 17.296 0
    endloop
  endfacet
  facet normal -0.243175 0.969982 0
    outer loop
      vertex -18.0201 17.0201 0
      vertex -18.1629 16.9843 2
      vertex -18.0201 17.0201 2
    endloop
  endfacet
  facet normal -0.243175 0.969982 0
    outer loop
      vertex -18.1629 16.9843 2
      vertex -18.0201 17.0201 0
      vertex -18.1629 16.9843 0
    endloop
  endfacet
  facet normal -0.989174 0.146746 0
    outer loop
      vertex -16.9843 18.1629 0
      vertex -16.9627 18.3085 2
      vertex -16.9627 18.3085 0
    endloop
  endfacet
  facet normal -0.989174 0.146746 0
    outer loop
      vertex -16.9627 18.3085 2
      vertex -16.9843 18.1629 0
      vertex -16.9843 18.1629 2
    endloop
  endfacet
  facet normal 0.336939 0.941527 -0
    outer loop
      vertex -18.8909 17.0201 0
      vertex -19.0295 17.0697 2
      vertex -18.8909 17.0201 2
    endloop
  endfacet
  facet normal 0.336939 0.941527 0
    outer loop
      vertex -19.0295 17.0697 2
      vertex -18.8909 17.0201 0
      vertex -19.0295 17.0697 0
    endloop
  endfacet
  facet normal 0.243175 0.969982 -0
    outer loop
      vertex -18.7481 16.9843 0
      vertex -18.8909 17.0201 2
      vertex -18.7481 16.9843 2
    endloop
  endfacet
  facet normal 0.243175 0.969982 0
    outer loop
      vertex -18.8909 17.0201 2
      vertex -18.7481 16.9843 0
      vertex -18.8909 17.0201 0
    endloop
  endfacet
  facet normal -0.803088 0.595861 0
    outer loop
      vertex -17.296 17.5039 0
      vertex -17.2083 17.6221 2
      vertex -17.2083 17.6221 0
    endloop
  endfacet
  facet normal -0.803088 0.595861 0
    outer loop
      vertex -17.2083 17.6221 2
      vertex -17.296 17.5039 0
      vertex -17.296 17.5039 2
    endloop
  endfacet
  facet normal -0.336939 0.941527 0
    outer loop
      vertex -17.8815 17.0697 0
      vertex -18.0201 17.0201 2
      vertex -17.8815 17.0697 2
    endloop
  endfacet
  facet normal -0.336939 0.941527 0
    outer loop
      vertex -18.0201 17.0201 2
      vertex -17.8815 17.0697 0
      vertex -18.0201 17.0201 0
    endloop
  endfacet
  facet normal 0.904125 0.427269 0
    outer loop
      vertex -19.7784 17.7484 2
      vertex -19.8413 17.8815 0
      vertex -19.8413 17.8815 2
    endloop
  endfacet
  facet normal 0.904125 0.427269 0
    outer loop
      vertex -19.8413 17.8815 0
      vertex -19.7784 17.7484 2
      vertex -19.7784 17.7484 0
    endloop
  endfacet
  facet normal -0.243175 -0.969982 0
    outer loop
      vertex -18.1629 19.9267 0
      vertex -18.0201 19.8909 2
      vertex -18.1629 19.9267 2
    endloop
  endfacet
  facet normal -0.243175 -0.969982 -0
    outer loop
      vertex -18.0201 19.8909 2
      vertex -18.1629 19.9267 0
      vertex -18.0201 19.8909 0
    endloop
  endfacet
  facet normal 0.336939 -0.941527 0
    outer loop
      vertex -19.0295 19.8413 0
      vertex -18.8909 19.8909 2
      vertex -19.0295 19.8413 2
    endloop
  endfacet
  facet normal 0.336939 -0.941527 0
    outer loop
      vertex -18.8909 19.8909 2
      vertex -19.0295 19.8413 0
      vertex -18.8909 19.8909 0
    endloop
  endfacet
  facet normal -0.989174 -0.146746 0
    outer loop
      vertex -16.9627 18.6025 0
      vertex -16.9843 18.7481 2
      vertex -16.9843 18.7481 0
    endloop
  endfacet
  facet normal -0.989174 -0.146746 0
    outer loop
      vertex -16.9843 18.7481 2
      vertex -16.9627 18.6025 0
      vertex -16.9627 18.6025 2
    endloop
  endfacet
  facet normal -0.998803 -0.0489209 0
    outer loop
      vertex -16.9555 18.4555 0
      vertex -16.9627 18.6025 2
      vertex -16.9627 18.6025 0
    endloop
  endfacet
  facet normal -0.998803 -0.0489209 0
    outer loop
      vertex -16.9627 18.6025 2
      vertex -16.9555 18.4555 0
      vertex -16.9555 18.4555 2
    endloop
  endfacet
  facet normal 0.671962 -0.740585 0
    outer loop
      vertex -19.5161 19.5161 0
      vertex -19.4071 19.615 2
      vertex -19.5161 19.5161 2
    endloop
  endfacet
  facet normal 0.671962 -0.740585 0
    outer loop
      vertex -19.4071 19.615 2
      vertex -19.5161 19.5161 0
      vertex -19.4071 19.615 0
    endloop
  endfacet
  facet normal -0.740924 -0.671589 0
    outer loop
      vertex -17.296 19.4071 0
      vertex -17.3948 19.5161 2
      vertex -17.3948 19.5161 0
    endloop
  endfacet
  facet normal -0.740924 -0.671589 0
    outer loop
      vertex -17.3948 19.5161 2
      vertex -17.296 19.4071 0
      vertex -17.296 19.4071 2
    endloop
  endfacet
  facet normal -0.803329 -0.595536 0
    outer loop
      vertex -17.2083 19.2888 0
      vertex -17.296 19.4071 2
      vertex -17.296 19.4071 0
    endloop
  endfacet
  facet normal -0.803329 -0.595536 0
    outer loop
      vertex -17.296 19.4071 2
      vertex -17.2083 19.2888 0
      vertex -17.2083 19.2888 2
    endloop
  endfacet
  facet normal -0.671251 0.74123 0
    outer loop
      vertex -17.3948 17.3948 0
      vertex -17.5039 17.296 2
      vertex -17.3948 17.3948 2
    endloop
  endfacet
  facet normal -0.671251 0.74123 0
    outer loop
      vertex -17.5039 17.296 2
      vertex -17.3948 17.3948 0
      vertex -17.5039 17.296 0
    endloop
  endfacet
  facet normal -0.904125 -0.427269 0
    outer loop
      vertex -17.0697 19.0295 0
      vertex -17.1326 19.1626 2
      vertex -17.1326 19.1626 0
    endloop
  endfacet
  facet normal -0.904125 -0.427269 0
    outer loop
      vertex -17.1326 19.1626 2
      vertex -17.0697 19.0295 0
      vertex -17.0697 19.0295 2
    endloop
  endfacet
  facet normal -0.0489209 -0.998803 0
    outer loop
      vertex -18.4555 19.9555 0
      vertex -18.3085 19.9483 2
      vertex -18.4555 19.9555 2
    endloop
  endfacet
  facet normal -0.0489209 -0.998803 -0
    outer loop
      vertex -18.3085 19.9483 2
      vertex -18.4555 19.9555 0
      vertex -18.3085 19.9483 0
    endloop
  endfacet
  facet normal 0.0489209 0.998803 -0
    outer loop
      vertex -18.4555 -19.9555 0
      vertex -18.6025 -19.9483 2
      vertex -18.4555 -19.9555 2
    endloop
  endfacet
  facet normal 0.0489209 0.998803 0
    outer loop
      vertex -18.6025 -19.9483 2
      vertex -18.4555 -19.9555 0
      vertex -18.6025 -19.9483 0
    endloop
  endfacet
  facet normal 0.514396 0.857553 -0
    outer loop
      vertex -19.1626 -19.7784 0
      vertex -19.2888 -19.7027 2
      vertex -19.1626 -19.7784 2
    endloop
  endfacet
  facet normal 0.514396 0.857553 0
    outer loop
      vertex -19.2888 -19.7027 2
      vertex -19.1626 -19.7784 0
      vertex -19.2888 -19.7027 0
    endloop
  endfacet
  facet normal -0.427269 -0.904125 0
    outer loop
      vertex -17.8815 -17.0697 0
      vertex -17.7484 -17.1326 2
      vertex -17.8815 -17.0697 2
    endloop
  endfacet
  facet normal -0.427269 -0.904125 -0
    outer loop
      vertex -17.7484 -17.1326 2
      vertex -17.8815 -17.0697 0
      vertex -17.7484 -17.1326 0
    endloop
  endfacet
  facet normal 0.904125 -0.427269 0
    outer loop
      vertex -19.8413 -17.8815 2
      vertex -19.7784 -17.7484 0
      vertex -19.7784 -17.7484 2
    endloop
  endfacet
  facet normal 0.904125 -0.427269 0
    outer loop
      vertex -19.7784 -17.7484 0
      vertex -19.8413 -17.8815 2
      vertex -19.8413 -17.8815 0
    endloop
  endfacet
  facet normal 0.671962 0.740585 -0
    outer loop
      vertex -19.4071 -19.615 0
      vertex -19.5161 -19.5161 2
      vertex -19.4071 -19.615 2
    endloop
  endfacet
  facet normal 0.671962 0.740585 0
    outer loop
      vertex -19.5161 -19.5161 2
      vertex -19.4071 -19.615 0
      vertex -19.5161 -19.5161 0
    endloop
  endfacet
  facet normal 0.336939 -0.941527 0
    outer loop
      vertex -19.0295 -17.0697 0
      vertex -18.8909 -17.0201 2
      vertex -19.0295 -17.0697 2
    endloop
  endfacet
  facet normal 0.336939 -0.941527 0
    outer loop
      vertex -18.8909 -17.0201 2
      vertex -19.0295 -17.0697 0
      vertex -18.8909 -17.0201 0
    endloop
  endfacet
  facet normal -0.857733 -0.514096 0
    outer loop
      vertex -17.1326 -17.7484 0
      vertex -17.2083 -17.6221 2
      vertex -17.2083 -17.6221 0
    endloop
  endfacet
  facet normal -0.857733 -0.514096 0
    outer loop
      vertex -17.2083 -17.6221 2
      vertex -17.1326 -17.7484 0
      vertex -17.1326 -17.7484 2
    endloop
  endfacet
  facet normal 0.740892 -0.671624 0
    outer loop
      vertex -19.615 -17.5039 2
      vertex -19.5161 -17.3948 0
      vertex -19.5161 -17.3948 2
    endloop
  endfacet
  facet normal 0.740892 -0.671624 0
    outer loop
      vertex -19.5161 -17.3948 0
      vertex -19.615 -17.5039 2
      vertex -19.615 -17.5039 0
    endloop
  endfacet
  facet normal -0.514096 0.857733 0
    outer loop
      vertex -17.6221 -19.7027 0
      vertex -17.7484 -19.7784 2
      vertex -17.6221 -19.7027 2
    endloop
  endfacet
  facet normal -0.514096 0.857733 0
    outer loop
      vertex -17.7484 -19.7784 2
      vertex -17.6221 -19.7027 0
      vertex -17.7484 -19.7784 0
    endloop
  endfacet
  facet normal 0.857733 -0.514096 0
    outer loop
      vertex -19.7784 -17.7484 2
      vertex -19.7027 -17.6221 0
      vertex -19.7027 -17.6221 2
    endloop
  endfacet
  facet normal 0.857733 -0.514096 0
    outer loop
      vertex -19.7027 -17.6221 0
      vertex -19.7784 -17.7484 2
      vertex -19.7784 -17.7484 0
    endloop
  endfacet
  facet normal -0.514096 -0.857733 0
    outer loop
      vertex -17.7484 -17.1326 0
      vertex -17.6221 -17.2083 2
      vertex -17.7484 -17.1326 2
    endloop
  endfacet
  facet normal -0.514096 -0.857733 -0
    outer loop
      vertex -17.6221 -17.2083 2
      vertex -17.7484 -17.1326 0
      vertex -17.6221 -17.2083 0
    endloop
  endfacet
  facet normal -0.998803 0.0489209 0
    outer loop
      vertex -16.9627 -18.6025 0
      vertex -16.9555 -18.4555 2
      vertex -16.9555 -18.4555 0
    endloop
  endfacet
  facet normal -0.998803 0.0489209 0
    outer loop
      vertex -16.9555 -18.4555 2
      vertex -16.9627 -18.6025 0
      vertex -16.9627 -18.6025 2
    endloop
  endfacet
  facet normal -0.243175 0.969982 0
    outer loop
      vertex -18.0201 -19.8909 0
      vertex -18.1629 -19.9267 2
      vertex -18.0201 -19.8909 2
    endloop
  endfacet
  facet normal -0.243175 0.969982 0
    outer loop
      vertex -18.1629 -19.9267 2
      vertex -18.0201 -19.8909 0
      vertex -18.1629 -19.9267 0
    endloop
  endfacet
  facet normal -0.969982 -0.243175 0
    outer loop
      vertex -16.9843 -18.1629 0
      vertex -17.0201 -18.0201 2
      vertex -17.0201 -18.0201 0
    endloop
  endfacet
  facet normal -0.969982 -0.243175 0
    outer loop
      vertex -17.0201 -18.0201 2
      vertex -16.9843 -18.1629 0
      vertex -16.9843 -18.1629 2
    endloop
  endfacet
  facet normal -0.146746 0.989174 0
    outer loop
      vertex -18.1629 -19.9267 0
      vertex -18.3085 -19.9483 2
      vertex -18.1629 -19.9267 2
    endloop
  endfacet
  facet normal -0.146746 0.989174 0
    outer loop
      vertex -18.3085 -19.9483 2
      vertex -18.1629 -19.9267 0
      vertex -18.3085 -19.9483 0
    endloop
  endfacet
  facet normal -0.904125 -0.427269 0
    outer loop
      vertex -17.0697 -17.8815 0
      vertex -17.1326 -17.7484 2
      vertex -17.1326 -17.7484 0
    endloop
  endfacet
  facet normal -0.904125 -0.427269 0
    outer loop
      vertex -17.1326 -17.7484 2
      vertex -17.0697 -17.8815 0
      vertex -17.0697 -17.8815 2
    endloop
  endfacet
  facet normal 0.740585 0.671962 0
    outer loop
      vertex -19.5161 -19.5161 2
      vertex -19.615 -19.4071 0
      vertex -19.615 -19.4071 2
    endloop
  endfacet
  facet normal 0.740585 0.671962 0
    outer loop
      vertex -19.615 -19.4071 0
      vertex -19.5161 -19.5161 2
      vertex -19.5161 -19.5161 0
    endloop
  endfacet
  facet normal -0.803088 -0.595861 0
    outer loop
      vertex -17.2083 -17.6221 0
      vertex -17.296 -17.5039 2
      vertex -17.296 -17.5039 0
    endloop
  endfacet
  facet normal -0.803088 -0.595861 0
    outer loop
      vertex -17.296 -17.5039 2
      vertex -17.2083 -17.6221 0
      vertex -17.2083 -17.6221 2
    endloop
  endfacet
  facet normal 0.803088 -0.595861 0
    outer loop
      vertex -19.7027 -17.6221 2
      vertex -19.615 -17.5039 0
      vertex -19.615 -17.5039 2
    endloop
  endfacet
  facet normal 0.803088 -0.595861 0
    outer loop
      vertex -19.615 -17.5039 0
      vertex -19.7027 -17.6221 2
      vertex -19.7027 -17.6221 0
    endloop
  endfacet
  facet normal -0.0489209 0.998803 0
    outer loop
      vertex -18.3085 -19.9483 0
      vertex -18.4555 -19.9555 2
      vertex -18.3085 -19.9483 2
    endloop
  endfacet
  facet normal -0.0489209 0.998803 0
    outer loop
      vertex -18.4555 -19.9555 2
      vertex -18.3085 -19.9483 0
      vertex -18.4555 -19.9555 0
    endloop
  endfacet
  facet normal 0.969982 0.243175 0
    outer loop
      vertex -19.8909 -18.8909 2
      vertex -19.9267 -18.7481 0
      vertex -19.9267 -18.7481 2
    endloop
  endfacet
  facet normal 0.969982 0.243175 0
    outer loop
      vertex -19.9267 -18.7481 0
      vertex -19.8909 -18.8909 2
      vertex -19.8909 -18.8909 0
    endloop
  endfacet
  facet normal 0.941527 0.336939 0
    outer loop
      vertex -19.8413 -19.0295 2
      vertex -19.8909 -18.8909 0
      vertex -19.8909 -18.8909 2
    endloop
  endfacet
  facet normal 0.941527 0.336939 0
    outer loop
      vertex -19.8909 -18.8909 0
      vertex -19.8413 -19.0295 2
      vertex -19.8413 -19.0295 0
    endloop
  endfacet
  facet normal 0.243175 0.969982 -0
    outer loop
      vertex -18.7481 -19.9267 0
      vertex -18.8909 -19.8909 2
      vertex -18.7481 -19.9267 2
    endloop
  endfacet
  facet normal 0.243175 0.969982 0
    outer loop
      vertex -18.8909 -19.8909 2
      vertex -18.7481 -19.9267 0
      vertex -18.8909 -19.8909 0
    endloop
  endfacet
  facet normal 0.595536 0.803329 -0
    outer loop
      vertex -19.2888 -19.7027 0
      vertex -19.4071 -19.615 2
      vertex -19.2888 -19.7027 2
    endloop
  endfacet
  facet normal 0.595536 0.803329 0
    outer loop
      vertex -19.4071 -19.615 2
      vertex -19.2888 -19.7027 0
      vertex -19.4071 -19.615 0
    endloop
  endfacet
  facet normal 0.336939 0.941527 -0
    outer loop
      vertex -18.8909 -19.8909 0
      vertex -19.0295 -19.8413 2
      vertex -18.8909 -19.8909 2
    endloop
  endfacet
  facet normal 0.336939 0.941527 0
    outer loop
      vertex -19.0295 -19.8413 2
      vertex -18.8909 -19.8909 0
      vertex -19.0295 -19.8413 0
    endloop
  endfacet
  facet normal 0.427269 0.904125 -0
    outer loop
      vertex -19.0295 -19.8413 0
      vertex -19.1626 -19.7784 2
      vertex -19.0295 -19.8413 2
    endloop
  endfacet
  facet normal 0.427269 0.904125 0
    outer loop
      vertex -19.1626 -19.7784 2
      vertex -19.0295 -19.8413 0
      vertex -19.1626 -19.7784 0
    endloop
  endfacet
  facet normal 0.941527 -0.336939 0
    outer loop
      vertex -19.8909 -18.0201 2
      vertex -19.8413 -17.8815 0
      vertex -19.8413 -17.8815 2
    endloop
  endfacet
  facet normal 0.941527 -0.336939 0
    outer loop
      vertex -19.8413 -17.8815 0
      vertex -19.8909 -18.0201 2
      vertex -19.8909 -18.0201 0
    endloop
  endfacet
  facet normal -0.740924 0.671589 0
    outer loop
      vertex -17.3948 -19.5161 0
      vertex -17.296 -19.4071 2
      vertex -17.296 -19.4071 0
    endloop
  endfacet
  facet normal -0.740924 0.671589 0
    outer loop
      vertex -17.296 -19.4071 2
      vertex -17.3948 -19.5161 0
      vertex -17.3948 -19.5161 2
    endloop
  endfacet
  facet normal 0.146746 0.989174 -0
    outer loop
      vertex -18.6025 -19.9483 0
      vertex -18.7481 -19.9267 2
      vertex -18.6025 -19.9483 2
    endloop
  endfacet
  facet normal 0.146746 0.989174 0
    outer loop
      vertex -18.7481 -19.9267 2
      vertex -18.6025 -19.9483 0
      vertex -18.7481 -19.9267 0
    endloop
  endfacet
  facet normal -0.998803 -0.0489209 0
    outer loop
      vertex -16.9555 -18.4555 0
      vertex -16.9627 -18.3085 2
      vertex -16.9627 -18.3085 0
    endloop
  endfacet
  facet normal -0.998803 -0.0489209 0
    outer loop
      vertex -16.9627 -18.3085 2
      vertex -16.9555 -18.4555 0
      vertex -16.9555 -18.4555 2
    endloop
  endfacet
  facet normal -0.857553 0.514396 0
    outer loop
      vertex -17.2083 -19.2888 0
      vertex -17.1326 -19.1626 2
      vertex -17.1326 -19.1626 0
    endloop
  endfacet
  facet normal -0.857553 0.514396 0
    outer loop
      vertex -17.1326 -19.1626 2
      vertex -17.2083 -19.2888 0
      vertex -17.2083 -19.2888 2
    endloop
  endfacet
  facet normal -0.336939 0.941527 0
    outer loop
      vertex -17.8815 -19.8413 0
      vertex -18.0201 -19.8909 2
      vertex -17.8815 -19.8413 2
    endloop
  endfacet
  facet normal -0.336939 0.941527 0
    outer loop
      vertex -18.0201 -19.8909 2
      vertex -17.8815 -19.8413 0
      vertex -18.0201 -19.8909 0
    endloop
  endfacet
  facet normal -0.904125 0.427269 0
    outer loop
      vertex -17.1326 -19.1626 0
      vertex -17.0697 -19.0295 2
      vertex -17.0697 -19.0295 0
    endloop
  endfacet
  facet normal -0.904125 0.427269 0
    outer loop
      vertex -17.0697 -19.0295 2
      vertex -17.1326 -19.1626 0
      vertex -17.1326 -19.1626 2
    endloop
  endfacet
  facet normal 0.998803 0.0489209 0
    outer loop
      vertex -19.9483 -18.6025 2
      vertex -19.9555 -18.4555 0
      vertex -19.9555 -18.4555 2
    endloop
  endfacet
  facet normal 0.998803 0.0489209 0
    outer loop
      vertex -19.9555 -18.4555 0
      vertex -19.9483 -18.6025 2
      vertex -19.9483 -18.6025 0
    endloop
  endfacet
  facet normal 0.904125 0.427269 0
    outer loop
      vertex -19.7784 -19.1626 2
      vertex -19.8413 -19.0295 0
      vertex -19.8413 -19.0295 2
    endloop
  endfacet
  facet normal 0.904125 0.427269 0
    outer loop
      vertex -19.8413 -19.0295 0
      vertex -19.7784 -19.1626 2
      vertex -19.7784 -19.1626 0
    endloop
  endfacet
  facet normal 0.989174 0.146746 0
    outer loop
      vertex -19.9267 -18.7481 2
      vertex -19.9483 -18.6025 0
      vertex -19.9483 -18.6025 2
    endloop
  endfacet
  facet normal 0.989174 0.146746 0
    outer loop
      vertex -19.9483 -18.6025 0
      vertex -19.9267 -18.7481 2
      vertex -19.9267 -18.7481 0
    endloop
  endfacet
  facet normal -0.989174 0.146746 0
    outer loop
      vertex -16.9843 -18.7481 0
      vertex -16.9627 -18.6025 2
      vertex -16.9627 -18.6025 0
    endloop
  endfacet
  facet normal -0.989174 0.146746 0
    outer loop
      vertex -16.9627 -18.6025 2
      vertex -16.9843 -18.7481 0
      vertex -16.9843 -18.7481 2
    endloop
  endfacet
  facet normal -0.595861 0.803088 0
    outer loop
      vertex -17.5039 -19.615 0
      vertex -17.6221 -19.7027 2
      vertex -17.5039 -19.615 2
    endloop
  endfacet
  facet normal -0.595861 0.803088 0
    outer loop
      vertex -17.6221 -19.7027 2
      vertex -17.5039 -19.615 0
      vertex -17.6221 -19.7027 0
    endloop
  endfacet
  facet normal -0.671624 0.740892 0
    outer loop
      vertex -17.3948 -19.5161 0
      vertex -17.5039 -19.615 2
      vertex -17.3948 -19.5161 2
    endloop
  endfacet
  facet normal -0.671624 0.740892 0
    outer loop
      vertex -17.5039 -19.615 2
      vertex -17.3948 -19.5161 0
      vertex -17.5039 -19.615 0
    endloop
  endfacet
  facet normal 0.514396 -0.857553 0
    outer loop
      vertex -19.2888 -17.2083 0
      vertex -19.1626 -17.1326 2
      vertex -19.2888 -17.2083 2
    endloop
  endfacet
  facet normal 0.514396 -0.857553 0
    outer loop
      vertex -19.1626 -17.1326 2
      vertex -19.2888 -17.2083 0
      vertex -19.1626 -17.1326 0
    endloop
  endfacet
  facet normal 0.803329 0.595536 0
    outer loop
      vertex -19.615 -19.4071 2
      vertex -19.7027 -19.2888 0
      vertex -19.7027 -19.2888 2
    endloop
  endfacet
  facet normal 0.803329 0.595536 0
    outer loop
      vertex -19.7027 -19.2888 0
      vertex -19.615 -19.4071 2
      vertex -19.615 -19.4071 0
    endloop
  endfacet
  facet normal -0.336939 -0.941527 0
    outer loop
      vertex -18.0201 -17.0201 0
      vertex -17.8815 -17.0697 2
      vertex -18.0201 -17.0201 2
    endloop
  endfacet
  facet normal -0.336939 -0.941527 -0
    outer loop
      vertex -17.8815 -17.0697 2
      vertex -18.0201 -17.0201 0
      vertex -17.8815 -17.0697 0
    endloop
  endfacet
  facet normal 0.857553 0.514396 0
    outer loop
      vertex -19.7027 -19.2888 2
      vertex -19.7784 -19.1626 0
      vertex -19.7784 -19.1626 2
    endloop
  endfacet
  facet normal 0.857553 0.514396 0
    outer loop
      vertex -19.7784 -19.1626 0
      vertex -19.7027 -19.2888 2
      vertex -19.7027 -19.2888 0
    endloop
  endfacet
  facet normal -0.243175 -0.969982 0
    outer loop
      vertex -18.1629 -16.9843 0
      vertex -18.0201 -17.0201 2
      vertex -18.1629 -16.9843 2
    endloop
  endfacet
  facet normal -0.243175 -0.969982 -0
    outer loop
      vertex -18.0201 -17.0201 2
      vertex -18.1629 -16.9843 0
      vertex -18.0201 -17.0201 0
    endloop
  endfacet
  facet normal 0.243175 -0.969982 0
    outer loop
      vertex -18.8909 -17.0201 0
      vertex -18.7481 -16.9843 2
      vertex -18.8909 -17.0201 2
    endloop
  endfacet
  facet normal 0.243175 -0.969982 0
    outer loop
      vertex -18.7481 -16.9843 2
      vertex -18.8909 -17.0201 0
      vertex -18.7481 -16.9843 0
    endloop
  endfacet
  facet normal 0.989174 -0.146746 0
    outer loop
      vertex -19.9483 -18.3085 2
      vertex -19.9267 -18.1629 0
      vertex -19.9267 -18.1629 2
    endloop
  endfacet
  facet normal 0.989174 -0.146746 0
    outer loop
      vertex -19.9267 -18.1629 0
      vertex -19.9483 -18.3085 2
      vertex -19.9483 -18.3085 0
    endloop
  endfacet
  facet normal -0.803329 0.595536 0
    outer loop
      vertex -17.296 -19.4071 0
      vertex -17.2083 -19.2888 2
      vertex -17.2083 -19.2888 0
    endloop
  endfacet
  facet normal -0.803329 0.595536 0
    outer loop
      vertex -17.2083 -19.2888 2
      vertex -17.296 -19.4071 0
      vertex -17.296 -19.4071 2
    endloop
  endfacet
  facet normal -0.595861 -0.803088 0
    outer loop
      vertex -17.6221 -17.2083 0
      vertex -17.5039 -17.296 2
      vertex -17.6221 -17.2083 2
    endloop
  endfacet
  facet normal -0.595861 -0.803088 -0
    outer loop
      vertex -17.5039 -17.296 2
      vertex -17.6221 -17.2083 0
      vertex -17.5039 -17.296 0
    endloop
  endfacet
  facet normal -0.0489209 -0.998803 0
    outer loop
      vertex -18.4555 -16.9555 0
      vertex -18.3085 -16.9627 2
      vertex -18.4555 -16.9555 2
    endloop
  endfacet
  facet normal -0.0489209 -0.998803 -0
    outer loop
      vertex -18.3085 -16.9627 2
      vertex -18.4555 -16.9555 0
      vertex -18.3085 -16.9627 0
    endloop
  endfacet
  facet normal -0.146746 -0.989174 0
    outer loop
      vertex -18.3085 -16.9627 0
      vertex -18.1629 -16.9843 2
      vertex -18.3085 -16.9627 2
    endloop
  endfacet
  facet normal -0.146746 -0.989174 -0
    outer loop
      vertex -18.1629 -16.9843 2
      vertex -18.3085 -16.9627 0
      vertex -18.1629 -16.9843 0
    endloop
  endfacet
  facet normal -0.941527 0.336939 0
    outer loop
      vertex -17.0697 -19.0295 0
      vertex -17.0201 -18.8909 2
      vertex -17.0201 -18.8909 0
    endloop
  endfacet
  facet normal -0.941527 0.336939 0
    outer loop
      vertex -17.0201 -18.8909 2
      vertex -17.0697 -19.0295 0
      vertex -17.0697 -19.0295 2
    endloop
  endfacet
  facet normal -0.969982 0.243175 0
    outer loop
      vertex -17.0201 -18.8909 0
      vertex -16.9843 -18.7481 2
      vertex -16.9843 -18.7481 0
    endloop
  endfacet
  facet normal -0.969982 0.243175 0
    outer loop
      vertex -16.9843 -18.7481 2
      vertex -17.0201 -18.8909 0
      vertex -17.0201 -18.8909 2
    endloop
  endfacet
  facet normal -0.671251 -0.74123 0
    outer loop
      vertex -17.5039 -17.296 0
      vertex -17.3948 -17.3948 2
      vertex -17.5039 -17.296 2
    endloop
  endfacet
  facet normal -0.671251 -0.74123 -0
    outer loop
      vertex -17.3948 -17.3948 2
      vertex -17.5039 -17.296 0
      vertex -17.3948 -17.3948 0
    endloop
  endfacet
  facet normal -0.941527 -0.336939 0
    outer loop
      vertex -17.0201 -18.0201 0
      vertex -17.0697 -17.8815 2
      vertex -17.0697 -17.8815 0
    endloop
  endfacet
  facet normal -0.941527 -0.336939 0
    outer loop
      vertex -17.0697 -17.8815 2
      vertex -17.0201 -18.0201 0
      vertex -17.0201 -18.0201 2
    endloop
  endfacet
  facet normal -0.427269 0.904125 0
    outer loop
      vertex -17.7484 -19.7784 0
      vertex -17.8815 -19.8413 2
      vertex -17.7484 -19.7784 2
    endloop
  endfacet
  facet normal -0.427269 0.904125 0
    outer loop
      vertex -17.8815 -19.8413 2
      vertex -17.7484 -19.7784 0
      vertex -17.8815 -19.8413 0
    endloop
  endfacet
  facet normal 0.969982 -0.243175 0
    outer loop
      vertex -19.9267 -18.1629 2
      vertex -19.8909 -18.0201 0
      vertex -19.8909 -18.0201 2
    endloop
  endfacet
  facet normal 0.969982 -0.243175 0
    outer loop
      vertex -19.8909 -18.0201 0
      vertex -19.9267 -18.1629 2
      vertex -19.9267 -18.1629 0
    endloop
  endfacet
  facet normal 0.146746 -0.989174 0
    outer loop
      vertex -18.7481 -16.9843 0
      vertex -18.6025 -16.9627 2
      vertex -18.7481 -16.9843 2
    endloop
  endfacet
  facet normal 0.146746 -0.989174 0
    outer loop
      vertex -18.6025 -16.9627 2
      vertex -18.7481 -16.9843 0
      vertex -18.6025 -16.9627 0
    endloop
  endfacet
  facet normal 0.0489209 -0.998803 0
    outer loop
      vertex -18.6025 -16.9627 0
      vertex -18.4555 -16.9555 2
      vertex -18.6025 -16.9627 2
    endloop
  endfacet
  facet normal 0.0489209 -0.998803 0
    outer loop
      vertex -18.4555 -16.9555 2
      vertex -18.6025 -16.9627 0
      vertex -18.4555 -16.9555 0
    endloop
  endfacet
  facet normal -0.989174 -0.146746 0
    outer loop
      vertex -16.9627 -18.3085 0
      vertex -16.9843 -18.1629 2
      vertex -16.9843 -18.1629 0
    endloop
  endfacet
  facet normal -0.989174 -0.146746 0
    outer loop
      vertex -16.9843 -18.1629 2
      vertex -16.9627 -18.3085 0
      vertex -16.9627 -18.3085 2
    endloop
  endfacet
  facet normal 0.671589 -0.740924 0
    outer loop
      vertex -19.5161 -17.3948 0
      vertex -19.4071 -17.296 2
      vertex -19.5161 -17.3948 2
    endloop
  endfacet
  facet normal 0.671589 -0.740924 0
    outer loop
      vertex -19.4071 -17.296 2
      vertex -19.5161 -17.3948 0
      vertex -19.4071 -17.296 0
    endloop
  endfacet
  facet normal 0.595536 -0.803329 0
    outer loop
      vertex -19.4071 -17.296 0
      vertex -19.2888 -17.2083 2
      vertex -19.4071 -17.296 2
    endloop
  endfacet
  facet normal 0.595536 -0.803329 0
    outer loop
      vertex -19.2888 -17.2083 2
      vertex -19.4071 -17.296 0
      vertex -19.2888 -17.2083 0
    endloop
  endfacet
  facet normal -0.74123 -0.671251 0
    outer loop
      vertex -17.296 -17.5039 0
      vertex -17.3948 -17.3948 2
      vertex -17.3948 -17.3948 0
    endloop
  endfacet
  facet normal -0.74123 -0.671251 0
    outer loop
      vertex -17.3948 -17.3948 2
      vertex -17.296 -17.5039 0
      vertex -17.296 -17.5039 2
    endloop
  endfacet
  facet normal 0.427269 -0.904125 0
    outer loop
      vertex -19.1626 -17.1326 0
      vertex -19.0295 -17.0697 2
      vertex -19.1626 -17.1326 2
    endloop
  endfacet
  facet normal 0.427269 -0.904125 0
    outer loop
      vertex -19.0295 -17.0697 2
      vertex -19.1626 -17.1326 0
      vertex -19.0295 -17.0697 0
    endloop
  endfacet
  facet normal 0.998803 -0.0489209 0
    outer loop
      vertex -19.9555 -18.4555 2
      vertex -19.9483 -18.3085 0
      vertex -19.9483 -18.3085 2
    endloop
  endfacet
  facet normal 0.998803 -0.0489209 0
    outer loop
      vertex -19.9483 -18.3085 0
      vertex -19.9555 -18.4555 2
      vertex -19.9555 -18.4555 0
    endloop
  endfacet
  facet normal -0.998803 0.0489209 0
    outer loop
      vertex 19.9483 -18.6025 0
      vertex 19.9555 -18.4555 2
      vertex 19.9555 -18.4555 0
    endloop
  endfacet
  facet normal -0.998803 0.0489209 0
    outer loop
      vertex 19.9555 -18.4555 2
      vertex 19.9483 -18.6025 0
      vertex 19.9483 -18.6025 2
    endloop
  endfacet
  facet normal -0.857553 0.514396 0
    outer loop
      vertex 19.7027 -19.2888 0
      vertex 19.7784 -19.1626 2
      vertex 19.7784 -19.1626 0
    endloop
  endfacet
  facet normal -0.857553 0.514396 0
    outer loop
      vertex 19.7784 -19.1626 2
      vertex 19.7027 -19.2888 0
      vertex 19.7027 -19.2888 2
    endloop
  endfacet
  facet normal 0.427269 0.904125 -0
    outer loop
      vertex 17.8815 -19.8413 0
      vertex 17.7484 -19.7784 2
      vertex 17.8815 -19.8413 2
    endloop
  endfacet
  facet normal 0.427269 0.904125 0
    outer loop
      vertex 17.7484 -19.7784 2
      vertex 17.8815 -19.8413 0
      vertex 17.7484 -19.7784 0
    endloop
  endfacet
  facet normal 0.904125 -0.427269 0
    outer loop
      vertex 17.0697 -17.8815 2
      vertex 17.1326 -17.7484 0
      vertex 17.1326 -17.7484 2
    endloop
  endfacet
  facet normal 0.904125 -0.427269 0
    outer loop
      vertex 17.1326 -17.7484 0
      vertex 17.0697 -17.8815 2
      vertex 17.0697 -17.8815 0
    endloop
  endfacet
  facet normal -0.740585 0.671962 0
    outer loop
      vertex 19.5161 -19.5161 0
      vertex 19.615 -19.4071 2
      vertex 19.615 -19.4071 0
    endloop
  endfacet
  facet normal -0.740585 0.671962 0
    outer loop
      vertex 19.615 -19.4071 2
      vertex 19.5161 -19.5161 0
      vertex 19.5161 -19.5161 2
    endloop
  endfacet
  facet normal -0.857733 -0.514096 0
    outer loop
      vertex 19.7784 -17.7484 0
      vertex 19.7027 -17.6221 2
      vertex 19.7027 -17.6221 0
    endloop
  endfacet
  facet normal -0.857733 -0.514096 0
    outer loop
      vertex 19.7027 -17.6221 2
      vertex 19.7784 -17.7484 0
      vertex 19.7784 -17.7484 2
    endloop
  endfacet
  facet normal 0.941527 0.336939 0
    outer loop
      vertex 17.0697 -19.0295 2
      vertex 17.0201 -18.8909 0
      vertex 17.0201 -18.8909 2
    endloop
  endfacet
  facet normal 0.941527 0.336939 0
    outer loop
      vertex 17.0201 -18.8909 0
      vertex 17.0697 -19.0295 2
      vertex 17.0697 -19.0295 0
    endloop
  endfacet
  facet normal 0.904125 0.427269 0
    outer loop
      vertex 17.1326 -19.1626 2
      vertex 17.0697 -19.0295 0
      vertex 17.0697 -19.0295 2
    endloop
  endfacet
  facet normal 0.904125 0.427269 0
    outer loop
      vertex 17.0697 -19.0295 0
      vertex 17.1326 -19.1626 2
      vertex 17.1326 -19.1626 0
    endloop
  endfacet
  facet normal 0.514096 -0.857733 0
    outer loop
      vertex 17.6221 -17.2083 0
      vertex 17.7484 -17.1326 2
      vertex 17.6221 -17.2083 2
    endloop
  endfacet
  facet normal 0.514096 -0.857733 0
    outer loop
      vertex 17.7484 -17.1326 2
      vertex 17.6221 -17.2083 0
      vertex 17.7484 -17.1326 0
    endloop
  endfacet
  facet normal 0.514096 0.857733 -0
    outer loop
      vertex 17.7484 -19.7784 0
      vertex 17.6221 -19.7027 2
      vertex 17.7484 -19.7784 2
    endloop
  endfacet
  facet normal 0.514096 0.857733 0
    outer loop
      vertex 17.6221 -19.7027 2
      vertex 17.7484 -19.7784 0
      vertex 17.6221 -19.7027 0
    endloop
  endfacet
  facet normal 0.857733 -0.514096 0
    outer loop
      vertex 17.1326 -17.7484 2
      vertex 17.2083 -17.6221 0
      vertex 17.2083 -17.6221 2
    endloop
  endfacet
  facet normal 0.857733 -0.514096 0
    outer loop
      vertex 17.2083 -17.6221 0
      vertex 17.1326 -17.7484 2
      vertex 17.1326 -17.7484 0
    endloop
  endfacet
  facet normal 0.243175 0.969982 -0
    outer loop
      vertex 18.1629 -19.9267 0
      vertex 18.0201 -19.8909 2
      vertex 18.1629 -19.9267 2
    endloop
  endfacet
  facet normal 0.243175 0.969982 0
    outer loop
      vertex 18.0201 -19.8909 2
      vertex 18.1629 -19.9267 0
      vertex 18.0201 -19.8909 0
    endloop
  endfacet
  facet normal -0.969982 -0.243175 0
    outer loop
      vertex 19.9267 -18.1629 0
      vertex 19.8909 -18.0201 2
      vertex 19.8909 -18.0201 0
    endloop
  endfacet
  facet normal -0.969982 -0.243175 0
    outer loop
      vertex 19.8909 -18.0201 2
      vertex 19.9267 -18.1629 0
      vertex 19.9267 -18.1629 2
    endloop
  endfacet
  facet normal 0.243175 -0.969982 0
    outer loop
      vertex 18.0201 -17.0201 0
      vertex 18.1629 -16.9843 2
      vertex 18.0201 -17.0201 2
    endloop
  endfacet
  facet normal 0.243175 -0.969982 0
    outer loop
      vertex 18.1629 -16.9843 2
      vertex 18.0201 -17.0201 0
      vertex 18.1629 -16.9843 0
    endloop
  endfacet
  facet normal 0.427269 -0.904125 0
    outer loop
      vertex 17.7484 -17.1326 0
      vertex 17.8815 -17.0697 2
      vertex 17.7484 -17.1326 2
    endloop
  endfacet
  facet normal 0.427269 -0.904125 0
    outer loop
      vertex 17.8815 -17.0697 2
      vertex 17.7484 -17.1326 0
      vertex 17.8815 -17.0697 0
    endloop
  endfacet
  facet normal 0.989174 0.146746 0
    outer loop
      vertex 16.9843 -18.7481 2
      vertex 16.9627 -18.6025 0
      vertex 16.9627 -18.6025 2
    endloop
  endfacet
  facet normal 0.989174 0.146746 0
    outer loop
      vertex 16.9627 -18.6025 0
      vertex 16.9843 -18.7481 2
      vertex 16.9843 -18.7481 0
    endloop
  endfacet
  facet normal -0.671962 0.740585 0
    outer loop
      vertex 19.5161 -19.5161 0
      vertex 19.4071 -19.615 2
      vertex 19.5161 -19.5161 2
    endloop
  endfacet
  facet normal -0.671962 0.740585 0
    outer loop
      vertex 19.4071 -19.615 2
      vertex 19.5161 -19.5161 0
      vertex 19.4071 -19.615 0
    endloop
  endfacet
  facet normal 0.595861 -0.803088 0
    outer loop
      vertex 17.5039 -17.296 0
      vertex 17.6221 -17.2083 2
      vertex 17.5039 -17.296 2
    endloop
  endfacet
  facet normal 0.595861 -0.803088 0
    outer loop
      vertex 17.6221 -17.2083 2
      vertex 17.5039 -17.296 0
      vertex 17.6221 -17.2083 0
    endloop
  endfacet
  facet normal -0.595536 -0.803329 0
    outer loop
      vertex 19.2888 -17.2083 0
      vertex 19.4071 -17.296 2
      vertex 19.2888 -17.2083 2
    endloop
  endfacet
  facet normal -0.595536 -0.803329 -0
    outer loop
      vertex 19.4071 -17.296 2
      vertex 19.2888 -17.2083 0
      vertex 19.4071 -17.296 0
    endloop
  endfacet
  facet normal -0.989174 -0.146746 0
    outer loop
      vertex 19.9483 -18.3085 0
      vertex 19.9267 -18.1629 2
      vertex 19.9267 -18.1629 0
    endloop
  endfacet
  facet normal -0.989174 -0.146746 0
    outer loop
      vertex 19.9267 -18.1629 2
      vertex 19.9483 -18.3085 0
      vertex 19.9483 -18.3085 2
    endloop
  endfacet
  facet normal 0.595861 0.803088 -0
    outer loop
      vertex 17.6221 -19.7027 0
      vertex 17.5039 -19.615 2
      vertex 17.6221 -19.7027 2
    endloop
  endfacet
  facet normal 0.595861 0.803088 0
    outer loop
      vertex 17.5039 -19.615 2
      vertex 17.6221 -19.7027 0
      vertex 17.5039 -19.615 0
    endloop
  endfacet
  facet normal -0.998803 -0.0489209 0
    outer loop
      vertex 19.9555 -18.4555 0
      vertex 19.9483 -18.3085 2
      vertex 19.9483 -18.3085 0
    endloop
  endfacet
  facet normal -0.998803 -0.0489209 0
    outer loop
      vertex 19.9483 -18.3085 2
      vertex 19.9555 -18.4555 0
      vertex 19.9555 -18.4555 2
    endloop
  endfacet
  facet normal -0.243175 0.969982 0
    outer loop
      vertex 18.8909 -19.8909 0
      vertex 18.7481 -19.9267 2
      vertex 18.8909 -19.8909 2
    endloop
  endfacet
  facet normal -0.243175 0.969982 0
    outer loop
      vertex 18.7481 -19.9267 2
      vertex 18.8909 -19.8909 0
      vertex 18.7481 -19.9267 0
    endloop
  endfacet
  facet normal -0.941527 -0.336939 0
    outer loop
      vertex 19.8909 -18.0201 0
      vertex 19.8413 -17.8815 2
      vertex 19.8413 -17.8815 0
    endloop
  endfacet
  facet normal -0.941527 -0.336939 0
    outer loop
      vertex 19.8413 -17.8815 2
      vertex 19.8909 -18.0201 0
      vertex 19.8909 -18.0201 2
    endloop
  endfacet
  facet normal -0.969982 0.243175 0
    outer loop
      vertex 19.8909 -18.8909 0
      vertex 19.9267 -18.7481 2
      vertex 19.9267 -18.7481 0
    endloop
  endfacet
  facet normal -0.969982 0.243175 0
    outer loop
      vertex 19.9267 -18.7481 2
      vertex 19.8909 -18.8909 0
      vertex 19.8909 -18.8909 2
    endloop
  endfacet
  facet normal -0.803329 0.595536 0
    outer loop
      vertex 19.615 -19.4071 0
      vertex 19.7027 -19.2888 2
      vertex 19.7027 -19.2888 0
    endloop
  endfacet
  facet normal -0.803329 0.595536 0
    outer loop
      vertex 19.7027 -19.2888 2
      vertex 19.615 -19.4071 0
      vertex 19.615 -19.4071 2
    endloop
  endfacet
  facet normal -0.941527 0.336939 0
    outer loop
      vertex 19.8413 -19.0295 0
      vertex 19.8909 -18.8909 2
      vertex 19.8909 -18.8909 0
    endloop
  endfacet
  facet normal -0.941527 0.336939 0
    outer loop
      vertex 19.8909 -18.8909 2
      vertex 19.8413 -19.0295 0
      vertex 19.8413 -19.0295 2
    endloop
  endfacet
  facet normal -0.336939 -0.941527 0
    outer loop
      vertex 18.8909 -17.0201 0
      vertex 19.0295 -17.0697 2
      vertex 18.8909 -17.0201 2
    endloop
  endfacet
  facet normal -0.336939 -0.941527 -0
    outer loop
      vertex 19.0295 -17.0697 2
      vertex 18.8909 -17.0201 0
      vertex 19.0295 -17.0697 0
    endloop
  endfacet
  facet normal -0.904125 0.427269 0
    outer loop
      vertex 19.7784 -19.1626 0
      vertex 19.8413 -19.0295 2
      vertex 19.8413 -19.0295 0
    endloop
  endfacet
  facet normal -0.904125 0.427269 0
    outer loop
      vertex 19.8413 -19.0295 2
      vertex 19.7784 -19.1626 0
      vertex 19.7784 -19.1626 2
    endloop
  endfacet
  facet normal 0.336939 0.941527 -0
    outer loop
      vertex 18.0201 -19.8909 0
      vertex 17.8815 -19.8413 2
      vertex 18.0201 -19.8909 2
    endloop
  endfacet
  facet normal 0.336939 0.941527 0
    outer loop
      vertex 17.8815 -19.8413 2
      vertex 18.0201 -19.8909 0
      vertex 17.8815 -19.8413 0
    endloop
  endfacet
  facet normal -0.904125 -0.427269 0
    outer loop
      vertex 19.8413 -17.8815 0
      vertex 19.7784 -17.7484 2
      vertex 19.7784 -17.7484 0
    endloop
  endfacet
  facet normal -0.904125 -0.427269 0
    outer loop
      vertex 19.7784 -17.7484 2
      vertex 19.8413 -17.8815 0
      vertex 19.8413 -17.8815 2
    endloop
  endfacet
  facet normal -0.671589 -0.740924 0
    outer loop
      vertex 19.4071 -17.296 0
      vertex 19.5161 -17.3948 2
      vertex 19.4071 -17.296 2
    endloop
  endfacet
  facet normal -0.671589 -0.740924 -0
    outer loop
      vertex 19.5161 -17.3948 2
      vertex 19.4071 -17.296 0
      vertex 19.5161 -17.3948 0
    endloop
  endfacet
  facet normal 0.0489209 -0.998803 0
    outer loop
      vertex 18.3085 -16.9627 0
      vertex 18.4555 -16.9555 2
      vertex 18.3085 -16.9627 2
    endloop
  endfacet
  facet normal 0.0489209 -0.998803 0
    outer loop
      vertex 18.4555 -16.9555 2
      vertex 18.3085 -16.9627 0
      vertex 18.4555 -16.9555 0
    endloop
  endfacet
  facet normal -0.514396 -0.857553 0
    outer loop
      vertex 19.1626 -17.1326 0
      vertex 19.2888 -17.2083 2
      vertex 19.1626 -17.1326 2
    endloop
  endfacet
  facet normal -0.514396 -0.857553 -0
    outer loop
      vertex 19.2888 -17.2083 2
      vertex 19.1626 -17.1326 0
      vertex 19.2888 -17.2083 0
    endloop
  endfacet
  facet normal 0.671624 0.740892 -0
    outer loop
      vertex 17.5039 -19.615 0
      vertex 17.3948 -19.5161 2
      vertex 17.5039 -19.615 2
    endloop
  endfacet
  facet normal 0.671624 0.740892 0
    outer loop
      vertex 17.3948 -19.5161 2
      vertex 17.5039 -19.615 0
      vertex 17.3948 -19.5161 0
    endloop
  endfacet
  facet normal -0.0489209 0.998803 0
    outer loop
      vertex 18.6025 -19.9483 0
      vertex 18.4555 -19.9555 2
      vertex 18.6025 -19.9483 2
    endloop
  endfacet
  facet normal -0.0489209 0.998803 0
    outer loop
      vertex 18.4555 -19.9555 2
      vertex 18.6025 -19.9483 0
      vertex 18.4555 -19.9555 0
    endloop
  endfacet
  facet normal -0.427269 0.904125 0
    outer loop
      vertex 19.1626 -19.7784 0
      vertex 19.0295 -19.8413 2
      vertex 19.1626 -19.7784 2
    endloop
  endfacet
  facet normal -0.427269 0.904125 0
    outer loop
      vertex 19.0295 -19.8413 2
      vertex 19.1626 -19.7784 0
      vertex 19.0295 -19.8413 0
    endloop
  endfacet
  facet normal -0.146746 0.989174 0
    outer loop
      vertex 18.7481 -19.9267 0
      vertex 18.6025 -19.9483 2
      vertex 18.7481 -19.9267 2
    endloop
  endfacet
  facet normal -0.146746 0.989174 0
    outer loop
      vertex 18.6025 -19.9483 2
      vertex 18.7481 -19.9267 0
      vertex 18.6025 -19.9483 0
    endloop
  endfacet
  facet normal -0.146746 -0.989174 0
    outer loop
      vertex 18.6025 -16.9627 0
      vertex 18.7481 -16.9843 2
      vertex 18.6025 -16.9627 2
    endloop
  endfacet
  facet normal -0.146746 -0.989174 -0
    outer loop
      vertex 18.7481 -16.9843 2
      vertex 18.6025 -16.9627 0
      vertex 18.7481 -16.9843 0
    endloop
  endfacet
  facet normal 0.803329 0.595536 0
    outer loop
      vertex 17.296 -19.4071 2
      vertex 17.2083 -19.2888 0
      vertex 17.2083 -19.2888 2
    endloop
  endfacet
  facet normal 0.803329 0.595536 0
    outer loop
      vertex 17.2083 -19.2888 0
      vertex 17.296 -19.4071 2
      vertex 17.296 -19.4071 0
    endloop
  endfacet
  facet normal 0.146746 0.989174 -0
    outer loop
      vertex 18.3085 -19.9483 0
      vertex 18.1629 -19.9267 2
      vertex 18.3085 -19.9483 2
    endloop
  endfacet
  facet normal 0.146746 0.989174 0
    outer loop
      vertex 18.1629 -19.9267 2
      vertex 18.3085 -19.9483 0
      vertex 18.1629 -19.9267 0
    endloop
  endfacet
  facet normal -0.0489209 -0.998803 0
    outer loop
      vertex 18.4555 -16.9555 0
      vertex 18.6025 -16.9627 2
      vertex 18.4555 -16.9555 2
    endloop
  endfacet
  facet normal -0.0489209 -0.998803 -0
    outer loop
      vertex 18.6025 -16.9627 2
      vertex 18.4555 -16.9555 0
      vertex 18.6025 -16.9627 0
    endloop
  endfacet
  facet normal -0.740892 -0.671624 0
    outer loop
      vertex 19.615 -17.5039 0
      vertex 19.5161 -17.3948 2
      vertex 19.5161 -17.3948 0
    endloop
  endfacet
  facet normal -0.740892 -0.671624 0
    outer loop
      vertex 19.5161 -17.3948 2
      vertex 19.615 -17.5039 0
      vertex 19.615 -17.5039 2
    endloop
  endfacet
  facet normal 0.857553 0.514396 0
    outer loop
      vertex 17.2083 -19.2888 2
      vertex 17.1326 -19.1626 0
      vertex 17.1326 -19.1626 2
    endloop
  endfacet
  facet normal 0.857553 0.514396 0
    outer loop
      vertex 17.1326 -19.1626 0
      vertex 17.2083 -19.2888 2
      vertex 17.2083 -19.2888 0
    endloop
  endfacet
  facet normal -0.595536 0.803329 0
    outer loop
      vertex 19.4071 -19.615 0
      vertex 19.2888 -19.7027 2
      vertex 19.4071 -19.615 2
    endloop
  endfacet
  facet normal -0.595536 0.803329 0
    outer loop
      vertex 19.2888 -19.7027 2
      vertex 19.4071 -19.615 0
      vertex 19.2888 -19.7027 0
    endloop
  endfacet
  facet normal 0.941527 -0.336939 0
    outer loop
      vertex 17.0201 -18.0201 2
      vertex 17.0697 -17.8815 0
      vertex 17.0697 -17.8815 2
    endloop
  endfacet
  facet normal 0.941527 -0.336939 0
    outer loop
      vertex 17.0697 -17.8815 0
      vertex 17.0201 -18.0201 2
      vertex 17.0201 -18.0201 0
    endloop
  endfacet
  facet normal -0.514396 0.857553 0
    outer loop
      vertex 19.2888 -19.7027 0
      vertex 19.1626 -19.7784 2
      vertex 19.2888 -19.7027 2
    endloop
  endfacet
  facet normal -0.514396 0.857553 0
    outer loop
      vertex 19.1626 -19.7784 2
      vertex 19.2888 -19.7027 0
      vertex 19.1626 -19.7784 0
    endloop
  endfacet
  facet normal -0.803088 -0.595861 0
    outer loop
      vertex 19.7027 -17.6221 0
      vertex 19.615 -17.5039 2
      vertex 19.615 -17.5039 0
    endloop
  endfacet
  facet normal -0.803088 -0.595861 0
    outer loop
      vertex 19.615 -17.5039 2
      vertex 19.7027 -17.6221 0
      vertex 19.7027 -17.6221 2
    endloop
  endfacet
  facet normal 0.969982 -0.243175 0
    outer loop
      vertex 16.9843 -18.1629 2
      vertex 17.0201 -18.0201 0
      vertex 17.0201 -18.0201 2
    endloop
  endfacet
  facet normal 0.969982 -0.243175 0
    outer loop
      vertex 17.0201 -18.0201 0
      vertex 16.9843 -18.1629 2
      vertex 16.9843 -18.1629 0
    endloop
  endfacet
  facet normal -0.427269 -0.904125 0
    outer loop
      vertex 19.0295 -17.0697 0
      vertex 19.1626 -17.1326 2
      vertex 19.0295 -17.0697 2
    endloop
  endfacet
  facet normal -0.427269 -0.904125 -0
    outer loop
      vertex 19.1626 -17.1326 2
      vertex 19.0295 -17.0697 0
      vertex 19.1626 -17.1326 0
    endloop
  endfacet
  facet normal 0.969982 0.243175 0
    outer loop
      vertex 17.0201 -18.8909 2
      vertex 16.9843 -18.7481 0
      vertex 16.9843 -18.7481 2
    endloop
  endfacet
  facet normal 0.969982 0.243175 0
    outer loop
      vertex 16.9843 -18.7481 0
      vertex 17.0201 -18.8909 2
      vertex 17.0201 -18.8909 0
    endloop
  endfacet
  facet normal 0.803088 -0.595861 0
    outer loop
      vertex 17.2083 -17.6221 2
      vertex 17.296 -17.5039 0
      vertex 17.296 -17.5039 2
    endloop
  endfacet
  facet normal 0.803088 -0.595861 0
    outer loop
      vertex 17.296 -17.5039 0
      vertex 17.2083 -17.6221 2
      vertex 17.2083 -17.6221 0
    endloop
  endfacet
  facet normal 0.998803 -0.0489209 0
    outer loop
      vertex 16.9555 -18.4555 2
      vertex 16.9627 -18.3085 0
      vertex 16.9627 -18.3085 2
    endloop
  endfacet
  facet normal 0.998803 -0.0489209 0
    outer loop
      vertex 16.9627 -18.3085 0
      vertex 16.9555 -18.4555 2
      vertex 16.9555 -18.4555 0
    endloop
  endfacet
  facet normal 0.989174 -0.146746 0
    outer loop
      vertex 16.9627 -18.3085 2
      vertex 16.9843 -18.1629 0
      vertex 16.9843 -18.1629 2
    endloop
  endfacet
  facet normal 0.989174 -0.146746 0
    outer loop
      vertex 16.9843 -18.1629 0
      vertex 16.9627 -18.3085 2
      vertex 16.9627 -18.3085 0
    endloop
  endfacet
  facet normal -0.243175 -0.969982 0
    outer loop
      vertex 18.7481 -16.9843 0
      vertex 18.8909 -17.0201 2
      vertex 18.7481 -16.9843 2
    endloop
  endfacet
  facet normal -0.243175 -0.969982 -0
    outer loop
      vertex 18.8909 -17.0201 2
      vertex 18.7481 -16.9843 0
      vertex 18.8909 -17.0201 0
    endloop
  endfacet
  facet normal 0.74123 -0.671251 0
    outer loop
      vertex 17.296 -17.5039 2
      vertex 17.3948 -17.3948 0
      vertex 17.3948 -17.3948 2
    endloop
  endfacet
  facet normal 0.74123 -0.671251 0
    outer loop
      vertex 17.3948 -17.3948 0
      vertex 17.296 -17.5039 2
      vertex 17.296 -17.5039 0
    endloop
  endfacet
  facet normal 0.336939 -0.941527 0
    outer loop
      vertex 17.8815 -17.0697 0
      vertex 18.0201 -17.0201 2
      vertex 17.8815 -17.0697 2
    endloop
  endfacet
  facet normal 0.336939 -0.941527 0
    outer loop
      vertex 18.0201 -17.0201 2
      vertex 17.8815 -17.0697 0
      vertex 18.0201 -17.0201 0
    endloop
  endfacet
  facet normal -0.336939 0.941527 0
    outer loop
      vertex 19.0295 -19.8413 0
      vertex 18.8909 -19.8909 2
      vertex 19.0295 -19.8413 2
    endloop
  endfacet
  facet normal -0.336939 0.941527 0
    outer loop
      vertex 18.8909 -19.8909 2
      vertex 19.0295 -19.8413 0
      vertex 18.8909 -19.8909 0
    endloop
  endfacet
  facet normal 0.998803 0.0489209 0
    outer loop
      vertex 16.9627 -18.6025 2
      vertex 16.9555 -18.4555 0
      vertex 16.9555 -18.4555 2
    endloop
  endfacet
  facet normal 0.998803 0.0489209 0
    outer loop
      vertex 16.9555 -18.4555 0
      vertex 16.9627 -18.6025 2
      vertex 16.9627 -18.6025 0
    endloop
  endfacet
  facet normal 0.146746 -0.989174 0
    outer loop
      vertex 18.1629 -16.9843 0
      vertex 18.3085 -16.9627 2
      vertex 18.1629 -16.9843 2
    endloop
  endfacet
  facet normal 0.146746 -0.989174 0
    outer loop
      vertex 18.3085 -16.9627 2
      vertex 18.1629 -16.9843 0
      vertex 18.3085 -16.9627 0
    endloop
  endfacet
  facet normal -0.989174 0.146746 0
    outer loop
      vertex 19.9267 -18.7481 0
      vertex 19.9483 -18.6025 2
      vertex 19.9483 -18.6025 0
    endloop
  endfacet
  facet normal -0.989174 0.146746 0
    outer loop
      vertex 19.9483 -18.6025 2
      vertex 19.9267 -18.7481 0
      vertex 19.9267 -18.7481 2
    endloop
  endfacet
  facet normal 0.740924 0.671589 0
    outer loop
      vertex 17.3948 -19.5161 2
      vertex 17.296 -19.4071 0
      vertex 17.296 -19.4071 2
    endloop
  endfacet
  facet normal 0.740924 0.671589 0
    outer loop
      vertex 17.296 -19.4071 0
      vertex 17.3948 -19.5161 2
      vertex 17.3948 -19.5161 0
    endloop
  endfacet
  facet normal 0.671251 -0.74123 0
    outer loop
      vertex 17.3948 -17.3948 0
      vertex 17.5039 -17.296 2
      vertex 17.3948 -17.3948 2
    endloop
  endfacet
  facet normal 0.671251 -0.74123 0
    outer loop
      vertex 17.5039 -17.296 2
      vertex 17.3948 -17.3948 0
      vertex 17.5039 -17.296 0
    endloop
  endfacet
  facet normal 0.0489209 0.998803 -0
    outer loop
      vertex 18.4555 -19.9555 0
      vertex 18.3085 -19.9483 2
      vertex 18.4555 -19.9555 2
    endloop
  endfacet
  facet normal 0.0489209 0.998803 0
    outer loop
      vertex 18.3085 -19.9483 2
      vertex 18.4555 -19.9555 0
      vertex 18.3085 -19.9483 0
    endloop
  endfacet
  facet normal -0.989179 -0.146715 0
    outer loop
      vertex 20.0032 1.97014 0
      vertex 19.7138 3.92132 3
      vertex 19.7138 3.92132 0
    endloop
  endfacet
  facet normal -0.989179 -0.146715 0
    outer loop
      vertex 19.7138 3.92132 3
      vertex 20.0032 1.97014 0
      vertex 20.0032 1.97014 3
    endloop
  endfacet
  facet normal -0.998795 -0.0490744 0
    outer loop
      vertex 20.1 0 0
      vertex 20.0032 1.97014 3
      vertex 20.0032 1.97014 0
    endloop
  endfacet
  facet normal -0.998795 -0.0490744 0
    outer loop
      vertex 20.0032 1.97014 3
      vertex 20.1 0 0
      vertex 20.1 0 3
    endloop
  endfacet
  facet normal -0.970031 -0.242981 0
    outer loop
      vertex 19.2345 5.83472 0
      vertex 19.6 4.37557 3
      vertex 19.2345 5.83472 11
    endloop
  endfacet
  facet normal -0.970029 -0.242989 -3.869e-06
    outer loop
      vertex 19.7138 3.92132 0
      vertex 19.6 4.37557 3
      vertex 19.2345 5.83472 0
    endloop
  endfacet
  facet normal -0.970023 -0.243013 0
    outer loop
      vertex 19.6 4.37557 3
      vertex 19.7138 3.92132 0
      vertex 19.7138 3.92132 3
    endloop
  endfacet
  facet normal -0.970031 -0.242981 0
    outer loop
      vertex 19.2345 5.83472 11
      vertex 19.6 4.37557 3
      vertex 19.6 4.37557 11
    endloop
  endfacet
  facet normal -0.998795 0.0490744 0
    outer loop
      vertex 20.0032 -1.97014 0
      vertex 20.1 0 3
      vertex 20.1 0 0
    endloop
  endfacet
  facet normal -0.998795 0.0490744 0
    outer loop
      vertex 20.1 0 3
      vertex 20.0032 -1.97014 0
      vertex 20.0032 -1.97014 3
    endloop
  endfacet
  facet normal 0.5957 0.803207 -0
    outer loop
      vertex -11.167 -16.7125 0
      vertex -12.7513 -15.5375 5
      vertex -11.167 -16.7125 5
    endloop
  endfacet
  facet normal 0.5957 0.803207 0
    outer loop
      vertex -12.7513 -15.5375 5
      vertex -11.167 -16.7125 0
      vertex -12.7513 -15.5375 0
    endloop
  endfacet
  facet normal -0.740933 -0.671579 0
    outer loop
      vertex 15.5375 12.7513 0
      vertex 14.2128 14.2128 5
      vertex 14.2128 14.2128 0
    endloop
  endfacet
  facet normal -0.740933 -0.671579 0
    outer loop
      vertex 14.2128 14.2128 5
      vertex 15.5375 12.7513 0
      vertex 15.5375 12.7513 5
    endloop
  endfacet
  facet normal 0.242989 -0.970029 0
    outer loop
      vertex -5.83472 19.2345 0
      vertex -3.92132 19.7138 5
      vertex -5.83472 19.2345 5
    endloop
  endfacet
  facet normal 0.242989 -0.970029 0
    outer loop
      vertex -3.92132 19.7138 5
      vertex -5.83472 19.2345 0
      vertex -3.92132 19.7138 0
    endloop
  endfacet
  facet normal 0.989179 -0.146715 0
    outer loop
      vertex -20.0032 1.97014 5
      vertex -19.7138 3.92132 0
      vertex -19.7138 3.92132 5
    endloop
  endfacet
  facet normal 0.989179 -0.146715 0
    outer loop
      vertex -19.7138 3.92132 0
      vertex -20.0032 1.97014 5
      vertex -20.0032 1.97014 0
    endloop
  endfacet
  facet normal -0.336879 0.941548 0
    outer loop
      vertex 7.69194 -18.57 0
      vertex 5.83472 -19.2345 5
      vertex 7.69194 -18.57 5
    endloop
  endfacet
  facet normal -0.336879 0.941548 0
    outer loop
      vertex 5.83472 -19.2345 5
      vertex 7.69194 -18.57 0
      vertex 5.83472 -19.2345 0
    endloop
  endfacet
  facet normal 0.903981 0.427573 0
    outer loop
      vertex -17.7266 -9.47507 5
      vertex -18.57 -7.69194 0
      vertex -18.57 -7.69194 5
    endloop
  endfacet
  facet normal 0.903981 0.427573 0
    outer loop
      vertex -18.57 -7.69194 0
      vertex -17.7266 -9.47507 5
      vertex -17.7266 -9.47507 0
    endloop
  endfacet
  facet normal 0.336879 -0.941548 0
    outer loop
      vertex -7.69194 18.57 0
      vertex -5.83472 19.2345 5
      vertex -7.69194 18.57 5
    endloop
  endfacet
  facet normal 0.336879 -0.941548 0
    outer loop
      vertex -5.83472 19.2345 5
      vertex -7.69194 18.57 0
      vertex -5.83472 19.2345 0
    endloop
  endfacet
  facet normal -0.336879 -0.941548 0
    outer loop
      vertex 5.83472 19.2345 0
      vertex 7.69194 18.57 5
      vertex 5.83472 19.2345 5
    endloop
  endfacet
  facet normal -0.336879 -0.941548 -0
    outer loop
      vertex 7.69194 18.57 5
      vertex 5.83472 19.2345 0
      vertex 7.69194 18.57 0
    endloop
  endfacet
  facet normal 0.970029 -0.242989 0
    outer loop
      vertex -19.7138 3.92132 5
      vertex -19.2345 5.83472 0
      vertex -19.2345 5.83472 5
    endloop
  endfacet
  facet normal 0.970029 -0.242989 0
    outer loop
      vertex -19.2345 5.83472 0
      vertex -19.7138 3.92132 5
      vertex -19.7138 3.92132 0
    endloop
  endfacet
  facet normal 0.803207 0.5957 0
    outer loop
      vertex -15.5375 -12.7513 5
      vertex -16.7125 -11.167 0
      vertex -16.7125 -11.167 5
    endloop
  endfacet
  facet normal 0.803207 0.5957 0
    outer loop
      vertex -16.7125 -11.167 0
      vertex -15.5375 -12.7513 5
      vertex -15.5375 -12.7513 0
    endloop
  endfacet
  facet normal -0.242989 0.970029 0
    outer loop
      vertex 5.83472 -19.2345 0
      vertex 3.92132 -19.7138 5
      vertex 5.83472 -19.2345 5
    endloop
  endfacet
  facet normal -0.242989 0.970029 0
    outer loop
      vertex 3.92132 -19.7138 5
      vertex 5.83472 -19.2345 0
      vertex 3.92132 -19.7138 0
    endloop
  endfacet
  facet normal -0.514101 -0.857729 0
    outer loop
      vertex 9.47507 17.7266 0
      vertex 11.167 16.7125 5
      vertex 9.47507 17.7266 5
    endloop
  endfacet
  facet normal -0.514101 -0.857729 -0
    outer loop
      vertex 11.167 16.7125 5
      vertex 9.47507 17.7266 0
      vertex 11.167 16.7125 0
    endloop
  endfacet
  facet normal 0.671579 -0.740933 0
    outer loop
      vertex -14.2128 14.2128 0
      vertex -12.7513 15.5375 5
      vertex -14.2128 14.2128 5
    endloop
  endfacet
  facet normal 0.671579 -0.740933 0
    outer loop
      vertex -12.7513 15.5375 5
      vertex -14.2128 14.2128 0
      vertex -12.7513 15.5375 0
    endloop
  endfacet
  facet normal 0.671579 0.740933 -0
    outer loop
      vertex -12.7513 -15.5375 0
      vertex -14.2128 -14.2128 5
      vertex -12.7513 -15.5375 5
    endloop
  endfacet
  facet normal 0.671579 0.740933 0
    outer loop
      vertex -14.2128 -14.2128 5
      vertex -12.7513 -15.5375 0
      vertex -14.2128 -14.2128 0
    endloop
  endfacet
  facet normal -0.989179 0.146715 0
    outer loop
      vertex 19.7138 -3.92132 0
      vertex 20.0032 -1.97014 3
      vertex 20.0032 -1.97014 0
    endloop
  endfacet
  facet normal -0.989179 0.146715 0
    outer loop
      vertex 20.0032 -1.97014 3
      vertex 19.7138 -3.92132 0
      vertex 19.7138 -3.92132 3
    endloop
  endfacet
  facet normal 0.970029 0.242989 0
    outer loop
      vertex -19.2345 -5.83472 5
      vertex -19.7138 -3.92132 0
      vertex -19.7138 -3.92132 5
    endloop
  endfacet
  facet normal 0.970029 0.242989 0
    outer loop
      vertex -19.7138 -3.92132 0
      vertex -19.2345 -5.83472 5
      vertex -19.2345 -5.83472 0
    endloop
  endfacet
  facet normal -0.0490744 -0.998795 0
    outer loop
      vertex 0 20.1 0
      vertex 1.97014 20.0032 5
      vertex 0 20.1 5
    endloop
  endfacet
  facet normal -0.0490744 -0.998795 -0
    outer loop
      vertex 1.97014 20.0032 5
      vertex 0 20.1 0
      vertex 1.97014 20.0032 0
    endloop
  endfacet
  facet normal -0.941545 0.336888 0
    outer loop
      vertex 19.2345 -5.83472 0
      vertex 18.9249 -6.7 5
      vertex 19.2345 -5.83472 11
    endloop
  endfacet
  facet normal -0.941548 0.336879 -1.69854e-06
    outer loop
      vertex 18.57 -7.69194 0
      vertex 18.9249 -6.7 5
      vertex 19.2345 -5.83472 0
    endloop
  endfacet
  facet normal -0.941551 0.336872 0
    outer loop
      vertex 18.9249 -6.7 5
      vertex 18.57 -7.69194 0
      vertex 18.57 -7.69194 5
    endloop
  endfacet
  facet normal -0.941545 0.336888 0
    outer loop
      vertex 19.2345 -5.83472 11
      vertex 18.9249 -6.7 5
      vertex 18.9249 -6.7 11
    endloop
  endfacet
  facet normal -0.970023 0.243013 0
    outer loop
      vertex 19.7138 -3.92132 0
      vertex 19.6 -4.37557 3
      vertex 19.7138 -3.92132 3
    endloop
  endfacet
  facet normal -0.970029 0.242989 -3.869e-06
    outer loop
      vertex 19.2345 -5.83472 0
      vertex 19.6 -4.37557 3
      vertex 19.7138 -3.92132 0
    endloop
  endfacet
  facet normal -0.970031 0.242981 0
    outer loop
      vertex 19.2345 -5.83472 11
      vertex 19.6 -4.37557 3
      vertex 19.2345 -5.83472 0
    endloop
  endfacet
  facet normal -0.970031 0.242981 0
    outer loop
      vertex 19.6 -4.37557 3
      vertex 19.2345 -5.83472 11
      vertex 19.6 -4.37557 11
    endloop
  endfacet
  facet normal 0.803207 -0.5957 0
    outer loop
      vertex -16.7125 11.167 5
      vertex -15.5375 12.7513 0
      vertex -15.5375 12.7513 5
    endloop
  endfacet
  facet normal 0.803207 -0.5957 0
    outer loop
      vertex -15.5375 12.7513 0
      vertex -16.7125 11.167 5
      vertex -16.7125 11.167 0
    endloop
  endfacet
  facet normal 0.427573 -0.903981 0
    outer loop
      vertex -9.47507 17.7266 0
      vertex -7.69194 18.57 5
      vertex -9.47507 17.7266 5
    endloop
  endfacet
  facet normal 0.427573 -0.903981 0
    outer loop
      vertex -7.69194 18.57 5
      vertex -9.47507 17.7266 0
      vertex -7.69194 18.57 0
    endloop
  endfacet
  facet normal -0.903981 -0.427573 0
    outer loop
      vertex 18.57 7.69194 0
      vertex 17.7266 9.47507 5
      vertex 17.7266 9.47507 0
    endloop
  endfacet
  facet normal -0.903981 -0.427573 0
    outer loop
      vertex 17.7266 9.47507 5
      vertex 18.57 7.69194 0
      vertex 18.57 7.69194 5
    endloop
  endfacet
  facet normal -0.427573 0.903981 0
    outer loop
      vertex 9.47507 -17.7266 0
      vertex 7.69194 -18.57 5
      vertex 9.47507 -17.7266 5
    endloop
  endfacet
  facet normal -0.427573 0.903981 0
    outer loop
      vertex 7.69194 -18.57 5
      vertex 9.47507 -17.7266 0
      vertex 7.69194 -18.57 0
    endloop
  endfacet
  facet normal -0.803207 -0.5957 0
    outer loop
      vertex 16.7125 11.167 0
      vertex 15.5375 12.7513 5
      vertex 15.5375 12.7513 0
    endloop
  endfacet
  facet normal -0.803207 -0.5957 0
    outer loop
      vertex 15.5375 12.7513 5
      vertex 16.7125 11.167 0
      vertex 16.7125 11.167 5
    endloop
  endfacet
  facet normal 0.5957 -0.803207 0
    outer loop
      vertex -12.7513 15.5375 0
      vertex -11.167 16.7125 5
      vertex -12.7513 15.5375 5
    endloop
  endfacet
  facet normal 0.5957 -0.803207 0
    outer loop
      vertex -11.167 16.7125 5
      vertex -12.7513 15.5375 0
      vertex -11.167 16.7125 0
    endloop
  endfacet
  facet normal 0.427573 0.903981 -0
    outer loop
      vertex -7.69194 -18.57 0
      vertex -9.47507 -17.7266 5
      vertex -7.69194 -18.57 5
    endloop
  endfacet
  facet normal 0.427573 0.903981 0
    outer loop
      vertex -9.47507 -17.7266 5
      vertex -7.69194 -18.57 0
      vertex -9.47507 -17.7266 0
    endloop
  endfacet
  facet normal 0.857729 0.514101 0
    outer loop
      vertex -16.7125 -11.167 5
      vertex -17.7266 -9.47507 0
      vertex -17.7266 -9.47507 5
    endloop
  endfacet
  facet normal 0.857729 0.514101 0
    outer loop
      vertex -17.7266 -9.47507 0
      vertex -16.7125 -11.167 5
      vertex -16.7125 -11.167 0
    endloop
  endfacet
  facet normal 0.514101 -0.857729 0
    outer loop
      vertex -11.167 16.7125 0
      vertex -9.47507 17.7266 5
      vertex -11.167 16.7125 5
    endloop
  endfacet
  facet normal 0.514101 -0.857729 0
    outer loop
      vertex -9.47507 17.7266 5
      vertex -11.167 16.7125 0
      vertex -9.47507 17.7266 0
    endloop
  endfacet
  facet normal -0.671579 -0.740933 0
    outer loop
      vertex 12.7513 15.5375 0
      vertex 14.2128 14.2128 5
      vertex 12.7513 15.5375 5
    endloop
  endfacet
  facet normal -0.671579 -0.740933 -0
    outer loop
      vertex 14.2128 14.2128 5
      vertex 12.7513 15.5375 0
      vertex 14.2128 14.2128 0
    endloop
  endfacet
  facet normal -0.5957 -0.803207 0
    outer loop
      vertex 11.167 16.7125 0
      vertex 12.7513 15.5375 5
      vertex 11.167 16.7125 5
    endloop
  endfacet
  facet normal -0.5957 -0.803207 -0
    outer loop
      vertex 12.7513 15.5375 5
      vertex 11.167 16.7125 0
      vertex 12.7513 15.5375 0
    endloop
  endfacet
  facet normal -0.427573 -0.903981 0
    outer loop
      vertex 7.69194 18.57 0
      vertex 9.47507 17.7266 5
      vertex 7.69194 18.57 5
    endloop
  endfacet
  facet normal -0.427573 -0.903981 -0
    outer loop
      vertex 9.47507 17.7266 5
      vertex 7.69194 18.57 0
      vertex 9.47507 17.7266 0
    endloop
  endfacet
  facet normal -0.242989 -0.970029 0
    outer loop
      vertex 3.92132 19.7138 0
      vertex 5.83472 19.2345 5
      vertex 3.92132 19.7138 5
    endloop
  endfacet
  facet normal -0.242989 -0.970029 -0
    outer loop
      vertex 5.83472 19.2345 5
      vertex 3.92132 19.7138 0
      vertex 5.83472 19.2345 0
    endloop
  endfacet
  facet normal -0.941551 -0.336872 0
    outer loop
      vertex 18.57 7.69194 0
      vertex 18.9249 6.7 5
      vertex 18.57 7.69194 5
    endloop
  endfacet
  facet normal -0.941548 -0.336879 -1.69854e-06
    outer loop
      vertex 19.2345 5.83472 0
      vertex 18.9249 6.7 5
      vertex 18.57 7.69194 0
    endloop
  endfacet
  facet normal -0.941545 -0.336888 -0
    outer loop
      vertex 19.2345 5.83472 11
      vertex 18.9249 6.7 5
      vertex 19.2345 5.83472 0
    endloop
  endfacet
  facet normal -0.941545 -0.336888 0
    outer loop
      vertex 18.9249 6.7 5
      vertex 19.2345 5.83472 11
      vertex 18.9249 6.7 11
    endloop
  endfacet
  facet normal -0.5957 0.803207 0
    outer loop
      vertex 12.7513 -15.5375 0
      vertex 11.167 -16.7125 5
      vertex 12.7513 -15.5375 5
    endloop
  endfacet
  facet normal -0.5957 0.803207 0
    outer loop
      vertex 11.167 -16.7125 5
      vertex 12.7513 -15.5375 0
      vertex 11.167 -16.7125 0
    endloop
  endfacet
  facet normal -0.671579 0.740933 0
    outer loop
      vertex 14.2128 -14.2128 0
      vertex 12.7513 -15.5375 5
      vertex 14.2128 -14.2128 5
    endloop
  endfacet
  facet normal -0.671579 0.740933 0
    outer loop
      vertex 12.7513 -15.5375 5
      vertex 14.2128 -14.2128 0
      vertex 12.7513 -15.5375 0
    endloop
  endfacet
  facet normal -0.803207 0.5957 0
    outer loop
      vertex 15.5375 -12.7513 0
      vertex 16.7125 -11.167 5
      vertex 16.7125 -11.167 0
    endloop
  endfacet
  facet normal -0.803207 0.5957 0
    outer loop
      vertex 16.7125 -11.167 5
      vertex 15.5375 -12.7513 0
      vertex 15.5375 -12.7513 5
    endloop
  endfacet
  facet normal 0.857729 -0.514101 0
    outer loop
      vertex -17.7266 9.47507 5
      vertex -16.7125 11.167 0
      vertex -16.7125 11.167 5
    endloop
  endfacet
  facet normal 0.857729 -0.514101 0
    outer loop
      vertex -16.7125 11.167 0
      vertex -17.7266 9.47507 5
      vertex -17.7266 9.47507 0
    endloop
  endfacet
  facet normal -0.0490744 0.998795 0
    outer loop
      vertex 1.97014 -20.0032 0
      vertex 0 -20.1 5
      vertex 1.97014 -20.0032 5
    endloop
  endfacet
  facet normal -0.0490744 0.998795 0
    outer loop
      vertex 0 -20.1 5
      vertex 1.97014 -20.0032 0
      vertex 0 -20.1 0
    endloop
  endfacet
  facet normal 0.514101 0.857729 -0
    outer loop
      vertex -9.47507 -17.7266 0
      vertex -11.167 -16.7125 5
      vertex -9.47507 -17.7266 5
    endloop
  endfacet
  facet normal 0.514101 0.857729 0
    outer loop
      vertex -11.167 -16.7125 5
      vertex -9.47507 -17.7266 0
      vertex -11.167 -16.7125 0
    endloop
  endfacet
  facet normal 0.989179 0.146715 0
    outer loop
      vertex -19.7138 -3.92132 5
      vertex -20.0032 -1.97014 0
      vertex -20.0032 -1.97014 5
    endloop
  endfacet
  facet normal 0.989179 0.146715 0
    outer loop
      vertex -20.0032 -1.97014 0
      vertex -19.7138 -3.92132 5
      vertex -19.7138 -3.92132 0
    endloop
  endfacet
  facet normal 0.941548 0.336879 0
    outer loop
      vertex -18.57 -7.69194 5
      vertex -19.2345 -5.83472 0
      vertex -19.2345 -5.83472 5
    endloop
  endfacet
  facet normal 0.941548 0.336879 0
    outer loop
      vertex -19.2345 -5.83472 0
      vertex -18.57 -7.69194 5
      vertex -18.57 -7.69194 0
    endloop
  endfacet
  facet normal 0.740933 0.671579 0
    outer loop
      vertex -14.2128 -14.2128 5
      vertex -15.5375 -12.7513 0
      vertex -15.5375 -12.7513 5
    endloop
  endfacet
  facet normal 0.740933 0.671579 0
    outer loop
      vertex -15.5375 -12.7513 0
      vertex -14.2128 -14.2128 5
      vertex -14.2128 -14.2128 0
    endloop
  endfacet
  facet normal -0.857729 -0.514101 0
    outer loop
      vertex 17.7266 9.47507 0
      vertex 16.7125 11.167 5
      vertex 16.7125 11.167 0
    endloop
  endfacet
  facet normal -0.857729 -0.514101 0
    outer loop
      vertex 16.7125 11.167 5
      vertex 17.7266 9.47507 0
      vertex 17.7266 9.47507 5
    endloop
  endfacet
  facet normal -0.857729 0.514101 0
    outer loop
      vertex 16.7125 -11.167 0
      vertex 17.7266 -9.47507 5
      vertex 17.7266 -9.47507 0
    endloop
  endfacet
  facet normal -0.857729 0.514101 0
    outer loop
      vertex 17.7266 -9.47507 5
      vertex 16.7125 -11.167 0
      vertex 16.7125 -11.167 5
    endloop
  endfacet
  facet normal 0.242989 0.970029 -0
    outer loop
      vertex -3.92132 -19.7138 0
      vertex -5.83472 -19.2345 5
      vertex -3.92132 -19.7138 5
    endloop
  endfacet
  facet normal 0.242989 0.970029 0
    outer loop
      vertex -5.83472 -19.2345 5
      vertex -3.92132 -19.7138 0
      vertex -5.83472 -19.2345 0
    endloop
  endfacet
  facet normal 0.903981 -0.427573 0
    outer loop
      vertex -18.57 7.69194 5
      vertex -17.7266 9.47507 0
      vertex -17.7266 9.47507 5
    endloop
  endfacet
  facet normal 0.903981 -0.427573 0
    outer loop
      vertex -17.7266 9.47507 0
      vertex -18.57 7.69194 5
      vertex -18.57 7.69194 0
    endloop
  endfacet
  facet normal 0.146715 -0.989179 0
    outer loop
      vertex -3.92132 19.7138 0
      vertex -1.97014 20.0032 5
      vertex -3.92132 19.7138 5
    endloop
  endfacet
  facet normal 0.146715 -0.989179 0
    outer loop
      vertex -1.97014 20.0032 5
      vertex -3.92132 19.7138 0
      vertex -1.97014 20.0032 0
    endloop
  endfacet
  facet normal 0.998795 -0.0490744 0
    outer loop
      vertex -20.1 0 5
      vertex -20.0032 1.97014 0
      vertex -20.0032 1.97014 5
    endloop
  endfacet
  facet normal 0.998795 -0.0490744 0
    outer loop
      vertex -20.0032 1.97014 0
      vertex -20.1 0 5
      vertex -20.1 0 0
    endloop
  endfacet
  facet normal 0.740933 -0.671579 0
    outer loop
      vertex -15.5375 12.7513 5
      vertex -14.2128 14.2128 0
      vertex -14.2128 14.2128 5
    endloop
  endfacet
  facet normal 0.740933 -0.671579 0
    outer loop
      vertex -14.2128 14.2128 0
      vertex -15.5375 12.7513 5
      vertex -15.5375 12.7513 0
    endloop
  endfacet
  facet normal -0.740933 0.671579 0
    outer loop
      vertex 14.2128 -14.2128 0
      vertex 15.5375 -12.7513 5
      vertex 15.5375 -12.7513 0
    endloop
  endfacet
  facet normal -0.740933 0.671579 0
    outer loop
      vertex 15.5375 -12.7513 5
      vertex 14.2128 -14.2128 0
      vertex 14.2128 -14.2128 5
    endloop
  endfacet
  facet normal -0.514101 0.857729 0
    outer loop
      vertex 11.167 -16.7125 0
      vertex 9.47507 -17.7266 5
      vertex 11.167 -16.7125 5
    endloop
  endfacet
  facet normal -0.514101 0.857729 0
    outer loop
      vertex 9.47507 -17.7266 5
      vertex 11.167 -16.7125 0
      vertex 9.47507 -17.7266 0
    endloop
  endfacet
  facet normal -0.146715 0.989179 0
    outer loop
      vertex 3.92132 -19.7138 0
      vertex 1.97014 -20.0032 5
      vertex 3.92132 -19.7138 5
    endloop
  endfacet
  facet normal -0.146715 0.989179 0
    outer loop
      vertex 1.97014 -20.0032 5
      vertex 3.92132 -19.7138 0
      vertex 1.97014 -20.0032 0
    endloop
  endfacet
  facet normal 0.0490744 -0.998795 0
    outer loop
      vertex -1.97014 20.0032 0
      vertex 0 20.1 5
      vertex -1.97014 20.0032 5
    endloop
  endfacet
  facet normal 0.0490744 -0.998795 0
    outer loop
      vertex 0 20.1 5
      vertex -1.97014 20.0032 0
      vertex 0 20.1 0
    endloop
  endfacet
  facet normal 0.146715 0.989179 -0
    outer loop
      vertex -1.97014 -20.0032 0
      vertex -3.92132 -19.7138 5
      vertex -1.97014 -20.0032 5
    endloop
  endfacet
  facet normal 0.146715 0.989179 0
    outer loop
      vertex -3.92132 -19.7138 5
      vertex -1.97014 -20.0032 0
      vertex -3.92132 -19.7138 0
    endloop
  endfacet
  facet normal -0.146715 -0.989179 0
    outer loop
      vertex 1.97014 20.0032 0
      vertex 3.92132 19.7138 5
      vertex 1.97014 20.0032 5
    endloop
  endfacet
  facet normal -0.146715 -0.989179 -0
    outer loop
      vertex 3.92132 19.7138 5
      vertex 1.97014 20.0032 0
      vertex 3.92132 19.7138 0
    endloop
  endfacet
  facet normal -0.903981 0.427573 0
    outer loop
      vertex 17.7266 -9.47507 0
      vertex 18.57 -7.69194 5
      vertex 18.57 -7.69194 0
    endloop
  endfacet
  facet normal -0.903981 0.427573 0
    outer loop
      vertex 18.57 -7.69194 5
      vertex 17.7266 -9.47507 0
      vertex 17.7266 -9.47507 5
    endloop
  endfacet
  facet normal 0.0490744 0.998795 -0
    outer loop
      vertex 0 -20.1 0
      vertex -1.97014 -20.0032 5
      vertex 0 -20.1 5
    endloop
  endfacet
  facet normal 0.0490744 0.998795 0
    outer loop
      vertex -1.97014 -20.0032 5
      vertex 0 -20.1 0
      vertex -1.97014 -20.0032 0
    endloop
  endfacet
  facet normal 0.941548 -0.336879 0
    outer loop
      vertex -19.2345 5.83472 5
      vertex -18.57 7.69194 0
      vertex -18.57 7.69194 5
    endloop
  endfacet
  facet normal 0.941548 -0.336879 0
    outer loop
      vertex -18.57 7.69194 0
      vertex -19.2345 5.83472 5
      vertex -19.2345 5.83472 0
    endloop
  endfacet
  facet normal 0.998795 0.0490744 0
    outer loop
      vertex -20.0032 -1.97014 5
      vertex -20.1 0 0
      vertex -20.1 0 5
    endloop
  endfacet
  facet normal 0.998795 0.0490744 0
    outer loop
      vertex -20.1 0 0
      vertex -20.0032 -1.97014 5
      vertex -20.0032 -1.97014 0
    endloop
  endfacet
  facet normal 0.336879 0.941548 -0
    outer loop
      vertex -5.83472 -19.2345 0
      vertex -7.69194 -18.57 5
      vertex -5.83472 -19.2345 5
    endloop
  endfacet
  facet normal 0.336879 0.941548 0
    outer loop
      vertex -7.69194 -18.57 5
      vertex -5.83472 -19.2345 0
      vertex -7.69194 -18.57 0
    endloop
  endfacet
  facet normal -1 0 0
    outer loop
      vertex 21.6 -5.7 3
      vertex 21.6 5.7 11
      vertex 21.6 5.7 3
    endloop
  endfacet
  facet normal -1 -0 0
    outer loop
      vertex 21.6 5.7 11
      vertex 21.6 -5.7 3
      vertex 21.6 -5.7 11
    endloop
  endfacet
  facet normal 0 0 1
    outer loop
      vertex 21.6 5.7 3
      vertex 20.1 0 3
      vertex 21.6 -5.7 3
    endloop
  endfacet
  facet normal 0 0 1
    outer loop
      vertex 21.6 5.7 3
      vertex 20.0032 1.97014 3
      vertex 20.1 0 3
    endloop
  endfacet
  facet normal 0 0 1
    outer loop
      vertex 21.6 5.7 3
      vertex 19.7138 3.92132 3
      vertex 20.0032 1.97014 3
    endloop
  endfacet
  facet normal 0 0 1
    outer loop
      vertex 19.6 4.37557 3
      vertex 21.6 5.7 3
      vertex 19.6 5.7 3
    endloop
  endfacet
  facet normal 0 0 1
    outer loop
      vertex 21.6 5.7 3
      vertex 19.6 4.37557 3
      vertex 19.7138 3.92132 3
    endloop
  endfacet
  facet normal -0 0 1
    outer loop
      vertex 20.0032 -1.97014 3
      vertex 21.6 -5.7 3
      vertex 20.1 0 3
    endloop
  endfacet
  facet normal -0 0 1
    outer loop
      vertex 19.7138 -3.92132 3
      vertex 21.6 -5.7 3
      vertex 20.0032 -1.97014 3
    endloop
  endfacet
  facet normal -0 0 1
    outer loop
      vertex 19.6 -4.37557 3
      vertex 21.6 -5.7 3
      vertex 19.7138 -3.92132 3
    endloop
  endfacet
  facet normal 0 0 1
    outer loop
      vertex 21.6 -5.7 3
      vertex 19.6 -4.37557 3
      vertex 19.6 -5.7 3
    endloop
  endfacet
  facet normal 1 -0 0
    outer loop
      vertex 19.6 -5.7 11
      vertex 19.6 -4.37557 3
      vertex 19.6 -4.37557 11
    endloop
  endfacet
  facet normal 1 0 0
    outer loop
      vertex 19.6 -4.37557 3
      vertex 19.6 -5.7 11
      vertex 19.6 -5.7 3
    endloop
  endfacet
  facet normal 1 -0 0
    outer loop
      vertex 19.6 4.37557 11
      vertex 19.6 5.7 3
      vertex 19.6 5.7 11
    endloop
  endfacet
  facet normal 1 0 0
    outer loop
      vertex 19.6 5.7 3
      vertex 19.6 4.37557 11
      vertex 19.6 4.37557 3
    endloop
  endfacet
  facet normal 0 -1 0
    outer loop
      vertex 19.6 5.7 3
      vertex 21.6 5.7 11
      vertex 19.6 5.7 11
    endloop
  endfacet
  facet normal 0 -1 -0
    outer loop
      vertex 21.6 5.7 11
      vertex 19.6 5.7 3
      vertex 21.6 5.7 3
    endloop
  endfacet
  facet normal 0 1 -0
    outer loop
      vertex 21.6 -5.7 3
      vertex 19.6 -5.7 11
      vertex 21.6 -5.7 11
    endloop
  endfacet
  facet normal 0 1 0
    outer loop
      vertex 19.6 -5.7 11
      vertex 21.6 -5.7 3
      vertex 19.6 -5.7 3
    endloop
  endfacet
  facet normal -1 0 0
    outer loop
      vertex -22.1 2 0
      vertex -22.1 0 2
      vertex -22.1 2 2
    endloop
  endfacet
  facet normal -1 0 0
    outer loop
      vertex -22.1 -2 0
      vertex -22.1 0 2
      vertex -22.1 2 0
    endloop
  endfacet
  facet normal -1 -0 0
    outer loop
      vertex -22.1 0 2
      vertex -22.1 -2 0
      vertex -22.1 -2 2
    endloop
  endfacet
  facet normal 1 -0 0
    outer loop
      vertex -26.1 -2 2
      vertex -26.1 2 0
      vertex -26.1 2 2
    endloop
  endfacet
  facet normal 1 0 0
    outer loop
      vertex -26.1 2 0
      vertex -26.1 -2 2
      vertex -26.1 -2 0
    endloop
  endfacet
  facet normal 0 -1 0
    outer loop
      vertex -26.1 2 0
      vertex -22.1 2 2
      vertex -26.1 2 2
    endloop
  endfacet
  facet normal 0 -1 -0
    outer loop
      vertex -22.1 2 2
      vertex -26.1 2 0
      vertex -22.1 2 0
    endloop
  endfacet
  facet normal 0 1 -0
    outer loop
      vertex -22.1 -2 0
      vertex -26.1 -2 2
      vertex -22.1 -2 2
    endloop
  endfacet
  facet normal 0 1 0
    outer loop
      vertex -26.1 -2 2
      vertex -22.1 -2 0
      vertex -26.1 -2 0
    endloop
  endfacet
endsolid OpenSCAD_Model
