solid OpenSCAD_Model
  facet normal -0.376304 -0.926496 0
    outer loop
      vertex -16.6874 -26.8104 0
      vertex -13.547 -28.0859 4.6
      vertex -16.6874 -26.8104 4.6
    endloop
  endfacet
  facet normal -0.376304 -0.926496 -0
    outer loop
      vertex -13.547 -28.0859 4.6
      vertex -16.6874 -26.8104 0
      vertex -13.547 -28.0859 0
    endloop
  endfacet
  facet normal 0.614212 -0.789141 0
    outer loop
      vertex 22.4575 -23.4995 0
      vertex 25.0316 -21.496 4.6
      vertex 22.4575 -23.4995 4.6
    endloop
  endfacet
  facet normal 0.614212 -0.789141 0
    outer loop
      vertex 25.0316 -21.496 4.6
      vertex 22.4575 -23.4995 0
      vertex 25.0316 -21.496 0
    endloop
  endfacet
  facet normal 0.998367 -0.0571267 0
    outer loop
      vertex 35.2295 -2.97972 4.6
      vertex 35.4 0 0
      vertex 35.4 0 4.6
    endloop
  endfacet
  facet normal 0.998367 -0.0571267 0
    outer loop
      vertex 35.4 0 0
      vertex 35.2295 -2.97972 4.6
      vertex 35.2295 -2.97972 0
    endloop
  endfacet
  facet normal -0.998367 -0.0571267 0
    outer loop
      vertex -35.2295 -2.97972 0
      vertex -35.4 0 4.6
      vertex -35.4 0 0
    endloop
  endfacet
  facet normal -0.998367 -0.0571267 0
    outer loop
      vertex -35.4 0 4.6
      vertex -35.2295 -2.97972 0
      vertex -35.2295 -2.97972 4.6
    endloop
  endfacet
  facet normal 0.53721 0.843449 -0
    outer loop
      vertex 22.4575 23.4995 0
      vertex 19.6672 25.2767 4.6
      vertex 22.4575 23.4995 4.6
    endloop
  endfacet
  facet normal 0.53721 0.843449 0
    outer loop
      vertex 19.6672 25.2767 4.6
      vertex 22.4575 23.4995 0
      vertex 19.6672 25.2767 0
    endloop
  endfacet
  facet normal 0.98541 -0.170199 0
    outer loop
      vertex 34.7198 -5.93075 4.6
      vertex 35.2295 -2.97972 0
      vertex 35.2295 -2.97972 4.6
    endloop
  endfacet
  facet normal 0.98541 -0.170199 0
    outer loop
      vertex 35.2295 -2.97972 0
      vertex 34.7198 -5.93075 4.6
      vertex 34.7198 -5.93075 0
    endloop
  endfacet
  facet normal 0.376304 -0.926496 0
    outer loop
      vertex 13.547 -28.0859 0
      vertex 16.6874 -26.8104 4.6
      vertex 13.547 -28.0859 4.6
    endloop
  endfacet
  facet normal 0.376304 -0.926496 0
    outer loop
      vertex 16.6874 -26.8104 4.6
      vertex 13.547 -28.0859 0
      vertex 16.6874 -26.8104 0
    endloop
  endfacet
  facet normal -0.875941 -0.482419 0
    outer loop
      vertex -31.22 -14.3305 0
      vertex -32.7053 -11.6336 4.6
      vertex -32.7053 -11.6336 0
    endloop
  endfacet
  facet normal -0.875941 -0.482419 0
    outer loop
      vertex -32.7053 -11.6336 4.6
      vertex -31.22 -14.3305 0
      vertex -31.22 -14.3305 4.6
    endloop
  endfacet
  facet normal -0.457639 0.889138 0
    outer loop
      vertex -16.6874 26.8104 0
      vertex -19.6672 25.2767 4.6
      vertex -16.6874 26.8104 4.6
    endloop
  endfacet
  facet normal -0.457639 0.889138 0
    outer loop
      vertex -19.6672 25.2767 4.6
      vertex -16.6874 26.8104 0
      vertex -19.6672 25.2767 0
    endloop
  endfacet
  facet normal -0.53721 -0.843449 0
    outer loop
      vertex -22.4575 -23.4995 0
      vertex -19.6672 -25.2767 4.6
      vertex -22.4575 -23.4995 4.6
    endloop
  endfacet
  facet normal -0.53721 -0.843449 -0
    outer loop
      vertex -19.6672 -25.2767 4.6
      vertex -22.4575 -23.4995 0
      vertex -19.6672 -25.2767 0
    endloop
  endfacet
  facet normal 0.042155 0.999111 -0
    outer loop
      vertex 3.46981 30.2536 0
      vertex 0 30.4 4.6
      vertex 3.46981 30.2536 4.6
    endloop
  endfacet
  facet normal 0.042155 0.999111 0
    outer loop
      vertex 0 30.4 4.6
      vertex 3.46981 30.2536 0
      vertex 0 30.4 0
    endloop
  endfacet
  facet normal -0.126351 -0.991986 0
    outer loop
      vertex -6.9062 -29.8159 0
      vertex -3.46981 -30.2536 4.6
      vertex -6.9062 -29.8159 4.6
    endloop
  endfacet
  facet normal -0.126351 -0.991986 -0
    outer loop
      vertex -3.46981 -30.2536 4.6
      vertex -6.9062 -29.8159 0
      vertex -3.46981 -30.2536 0
    endloop
  endfacet
  facet normal 0.875941 -0.482419 0
    outer loop
      vertex 31.22 -14.3305 4.6
      vertex 32.7053 -11.6336 0
      vertex 32.7053 -11.6336 4.6
    endloop
  endfacet
  facet normal 0.875941 -0.482419 0
    outer loop
      vertex 32.7053 -11.6336 0
      vertex 31.22 -14.3305 4.6
      vertex 31.22 -14.3305 0
    endloop
  endfacet
  facet normal -0.042155 0.999111 0
    outer loop
      vertex 0 30.4 0
      vertex -3.46981 30.2536 4.6
      vertex 0 30.4 4.6
    endloop
  endfacet
  facet normal -0.042155 0.999111 0
    outer loop
      vertex -3.46981 30.2536 4.6
      vertex 0 30.4 0
      vertex -3.46981 30.2536 0
    endloop
  endfacet
  facet normal -0.998367 0.0571267 0
    outer loop
      vertex -35.4 0 0
      vertex -35.2295 2.97972 4.6
      vertex -35.2295 2.97972 0
    endloop
  endfacet
  facet normal -0.998367 0.0571267 0
    outer loop
      vertex -35.2295 2.97972 4.6
      vertex -35.4 0 0
      vertex -35.4 0 4.6
    endloop
  endfacet
  facet normal -0.923076 0.384617 0
    outer loop
      vertex -33.8757 8.82465 0
      vertex -32.7053 11.6336 4.6
      vertex -32.7053 11.6336 0
    endloop
  endfacet
  facet normal -0.923076 0.384617 0
    outer loop
      vertex -32.7053 11.6336 4.6
      vertex -33.8757 8.82465 0
      vertex -33.8757 8.82465 4.6
    endloop
  endfacet
  facet normal -0.923076 -0.384617 0
    outer loop
      vertex -32.7053 -11.6336 0
      vertex -33.8757 -8.82465 4.6
      vertex -33.8757 -8.82465 0
    endloop
  endfacet
  facet normal -0.923076 -0.384617 0
    outer loop
      vertex -33.8757 -8.82465 4.6
      vertex -32.7053 -11.6336 0
      vertex -32.7053 -11.6336 4.6
    endloop
  endfacet
  facet normal 0.293731 0.955888 -0
    outer loop
      vertex 13.547 28.0859 0
      vertex 10.2761 29.091 4.6
      vertex 13.547 28.0859 4.6
    endloop
  endfacet
  facet normal 0.293731 0.955888 0
    outer loop
      vertex 10.2761 29.091 4.6
      vertex 13.547 28.0859 0
      vertex 10.2761 29.091 0
    endloop
  endfacet
  facet normal -0.820008 0.572352 0
    outer loop
      vertex -31.22 14.3305 0
      vertex -29.434 16.8893 4.6
      vertex -29.434 16.8893 0
    endloop
  endfacet
  facet normal -0.820008 0.572352 0
    outer loop
      vertex -29.434 16.8893 4.6
      vertex -31.22 14.3305 0
      vertex -31.22 14.3305 4.6
    endloop
  endfacet
  facet normal -0.687776 -0.725923 0
    outer loop
      vertex -27.3646 -19.2856 0
      vertex -25.0316 -21.496 4.6
      vertex -27.3646 -19.2856 4.6
    endloop
  endfacet
  facet normal -0.687776 -0.725923 -0
    outer loop
      vertex -25.0316 -21.496 4.6
      vertex -27.3646 -19.2856 0
      vertex -25.0316 -21.496 0
    endloop
  endfacet
  facet normal -0.126351 0.991986 0
    outer loop
      vertex -3.46981 30.2536 0
      vertex -6.9062 29.8159 4.6
      vertex -3.46981 30.2536 4.6
    endloop
  endfacet
  facet normal -0.126351 0.991986 0
    outer loop
      vertex -6.9062 29.8159 4.6
      vertex -3.46981 30.2536 0
      vertex -6.9062 29.8159 0
    endloop
  endfacet
  facet normal 0.959996 -0.280014 0
    outer loop
      vertex 33.8757 -8.82465 4.6
      vertex 34.7198 -5.93075 0
      vertex 34.7198 -5.93075 4.6
    endloop
  endfacet
  facet normal 0.959996 -0.280014 0
    outer loop
      vertex 34.7198 -5.93075 0
      vertex 33.8757 -8.82465 4.6
      vertex 33.8757 -8.82465 0
    endloop
  endfacet
  facet normal -0.959996 0.280014 0
    outer loop
      vertex -34.7198 5.93075 0
      vertex -33.8757 8.82465 4.6
      vertex -33.8757 8.82465 0
    endloop
  endfacet
  facet normal -0.959996 0.280014 0
    outer loop
      vertex -33.8757 8.82465 4.6
      vertex -34.7198 5.93075 0
      vertex -34.7198 5.93075 4.6
    endloop
  endfacet
  facet normal 0.923076 -0.384617 0
    outer loop
      vertex 32.7053 -11.6336 4.6
      vertex 33.8757 -8.82465 0
      vertex 33.8757 -8.82465 4.6
    endloop
  endfacet
  facet normal 0.923076 -0.384617 0
    outer loop
      vertex 33.8757 -8.82465 0
      vertex 32.7053 -11.6336 4.6
      vertex 32.7053 -11.6336 0
    endloop
  endfacet
  facet normal 0.293731 -0.955888 0
    outer loop
      vertex 10.2761 -29.091 0
      vertex 13.547 -28.0859 4.6
      vertex 10.2761 -29.091 4.6
    endloop
  endfacet
  facet normal 0.293731 -0.955888 0
    outer loop
      vertex 13.547 -28.0859 4.6
      vertex 10.2761 -29.091 0
      vertex 13.547 -28.0859 0
    endloop
  endfacet
  facet normal 0.98541 0.170199 0
    outer loop
      vertex 35.2295 2.97972 4.6
      vertex 34.7198 5.93075 0
      vertex 34.7198 5.93075 4.6
    endloop
  endfacet
  facet normal 0.98541 0.170199 0
    outer loop
      vertex 34.7198 5.93075 0
      vertex 35.2295 2.97972 4.6
      vertex 35.2295 2.97972 0
    endloop
  endfacet
  facet normal 0.126351 0.991986 -0
    outer loop
      vertex 6.9062 29.8159 0
      vertex 3.46981 30.2536 4.6
      vertex 6.9062 29.8159 4.6
    endloop
  endfacet
  facet normal 0.126351 0.991986 0
    outer loop
      vertex 3.46981 30.2536 4.6
      vertex 6.9062 29.8159 0
      vertex 3.46981 30.2536 0
    endloop
  endfacet
  facet normal -0.2103 -0.977637 0
    outer loop
      vertex -10.2761 -29.091 0
      vertex -6.9062 -29.8159 4.6
      vertex -10.2761 -29.091 4.6
    endloop
  endfacet
  facet normal -0.2103 -0.977637 -0
    outer loop
      vertex -6.9062 -29.8159 4.6
      vertex -10.2761 -29.091 0
      vertex -6.9062 -29.8159 0
    endloop
  endfacet
  facet normal -0.98541 -0.170199 0
    outer loop
      vertex -34.7198 -5.93075 0
      vertex -35.2295 -2.97972 4.6
      vertex -35.2295 -2.97972 0
    endloop
  endfacet
  facet normal -0.98541 -0.170199 0
    outer loop
      vertex -35.2295 -2.97972 4.6
      vertex -34.7198 -5.93075 0
      vertex -34.7198 -5.93075 4.6
    endloop
  endfacet
  facet normal -0.457639 -0.889138 0
    outer loop
      vertex -19.6672 -25.2767 0
      vertex -16.6874 -26.8104 4.6
      vertex -19.6672 -25.2767 4.6
    endloop
  endfacet
  facet normal -0.457639 -0.889138 -0
    outer loop
      vertex -16.6874 -26.8104 4.6
      vertex -19.6672 -25.2767 0
      vertex -16.6874 -26.8104 0
    endloop
  endfacet
  facet normal 0.126351 -0.991986 0
    outer loop
      vertex 3.46981 -30.2536 0
      vertex 6.9062 -29.8159 4.6
      vertex 3.46981 -30.2536 4.6
    endloop
  endfacet
  facet normal 0.126351 -0.991986 0
    outer loop
      vertex 6.9062 -29.8159 4.6
      vertex 3.46981 -30.2536 0
      vertex 6.9062 -29.8159 0
    endloop
  endfacet
  facet normal -0.687776 0.725923 0
    outer loop
      vertex -25.0316 21.496 0
      vertex -27.3646 19.2856 4.6
      vertex -25.0316 21.496 4.6
    endloop
  endfacet
  facet normal -0.687776 0.725923 0
    outer loop
      vertex -27.3646 19.2856 4.6
      vertex -25.0316 21.496 0
      vertex -27.3646 19.2856 0
    endloop
  endfacet
  facet normal 0.2103 -0.977637 0
    outer loop
      vertex 6.9062 -29.8159 0
      vertex 10.2761 -29.091 4.6
      vertex 6.9062 -29.8159 4.6
    endloop
  endfacet
  facet normal 0.2103 -0.977637 0
    outer loop
      vertex 10.2761 -29.091 4.6
      vertex 6.9062 -29.8159 0
      vertex 10.2761 -29.091 0
    endloop
  endfacet
  facet normal 0.875941 0.482419 0
    outer loop
      vertex 32.7053 11.6336 4.6
      vertex 31.22 14.3305 0
      vertex 31.22 14.3305 4.6
    endloop
  endfacet
  facet normal 0.875941 0.482419 0
    outer loop
      vertex 31.22 14.3305 0
      vertex 32.7053 11.6336 4.6
      vertex 32.7053 11.6336 0
    endloop
  endfacet
  facet normal 0.457639 0.889138 -0
    outer loop
      vertex 19.6672 25.2767 0
      vertex 16.6874 26.8104 4.6
      vertex 19.6672 25.2767 4.6
    endloop
  endfacet
  facet normal 0.457639 0.889138 0
    outer loop
      vertex 16.6874 26.8104 4.6
      vertex 19.6672 25.2767 0
      vertex 16.6874 26.8104 0
    endloop
  endfacet
  facet normal 0.998367 0.0571267 0
    outer loop
      vertex 35.4 0 4.6
      vertex 35.2295 2.97972 0
      vertex 35.2295 2.97972 4.6
    endloop
  endfacet
  facet normal 0.998367 0.0571267 0
    outer loop
      vertex 35.2295 2.97972 0
      vertex 35.4 0 4.6
      vertex 35.4 0 0
    endloop
  endfacet
  facet normal 0.2103 0.977637 -0
    outer loop
      vertex 10.2761 29.091 0
      vertex 6.9062 29.8159 4.6
      vertex 10.2761 29.091 4.6
    endloop
  endfacet
  facet normal 0.2103 0.977637 0
    outer loop
      vertex 6.9062 29.8159 4.6
      vertex 10.2761 29.091 0
      vertex 6.9062 29.8159 0
    endloop
  endfacet
  facet normal 0.959996 0.280014 0
    outer loop
      vertex 34.7198 5.93075 4.6
      vertex 33.8757 8.82465 0
      vertex 33.8757 8.82465 4.6
    endloop
  endfacet
  facet normal 0.959996 0.280014 0
    outer loop
      vertex 33.8757 8.82465 0
      vertex 34.7198 5.93075 4.6
      vertex 34.7198 5.93075 0
    endloop
  endfacet
  facet normal -0.959996 -0.280014 0
    outer loop
      vertex -33.8757 -8.82465 0
      vertex -34.7198 -5.93075 4.6
      vertex -34.7198 -5.93075 0
    endloop
  endfacet
  facet normal -0.959996 -0.280014 0
    outer loop
      vertex -34.7198 -5.93075 4.6
      vertex -33.8757 -8.82465 0
      vertex -33.8757 -8.82465 4.6
    endloop
  endfacet
  facet normal 0.756844 -0.653596 0
    outer loop
      vertex 27.3646 -19.2856 4.6
      vertex 29.434 -16.8893 0
      vertex 29.434 -16.8893 4.6
    endloop
  endfacet
  facet normal 0.756844 -0.653596 0
    outer loop
      vertex 29.434 -16.8893 0
      vertex 27.3646 -19.2856 4.6
      vertex 27.3646 -19.2856 0
    endloop
  endfacet
  facet normal -0.98541 0.170199 0
    outer loop
      vertex -35.2295 2.97972 0
      vertex -34.7198 5.93075 4.6
      vertex -34.7198 5.93075 0
    endloop
  endfacet
  facet normal -0.98541 0.170199 0
    outer loop
      vertex -34.7198 5.93075 4.6
      vertex -35.2295 2.97972 0
      vertex -35.2295 2.97972 4.6
    endloop
  endfacet
  facet normal 0.820008 -0.572352 0
    outer loop
      vertex 29.434 -16.8893 4.6
      vertex 31.22 -14.3305 0
      vertex 31.22 -14.3305 4.6
    endloop
  endfacet
  facet normal 0.820008 -0.572352 0
    outer loop
      vertex 31.22 -14.3305 0
      vertex 29.434 -16.8893 4.6
      vertex 29.434 -16.8893 0
    endloop
  endfacet
  facet normal 0.614212 0.789141 -0
    outer loop
      vertex 25.0316 21.496 0
      vertex 22.4575 23.4995 4.6
      vertex 25.0316 21.496 4.6
    endloop
  endfacet
  facet normal 0.614212 0.789141 0
    outer loop
      vertex 22.4575 23.4995 4.6
      vertex 25.0316 21.496 0
      vertex 22.4575 23.4995 0
    endloop
  endfacet
  facet normal 0 0 -1
    outer loop
      vertex -16.6874 26.8104 0
      vertex -27.6903 0.956708 0
      vertex -19.6672 25.2767 0
    endloop
  endfacet
  facet normal 0 0 -1
    outer loop
      vertex -19.6672 25.2767 0
      vertex -27.6903 0.956708 0
      vertex -22.4575 23.4995 0
    endloop
  endfacet
  facet normal 0 0 -1
    outer loop
      vertex -27.7952 1.17849 0
      vertex -22.4575 23.4995 0
      vertex -27.6903 0.956708 0
    endloop
  endfacet
  facet normal 0 0 -1
    outer loop
      vertex -22.4575 23.4995 0
      vertex -27.7952 1.17849 0
      vertex -25.0316 21.496 0
    endloop
  endfacet
  facet normal 0 0 -1
    outer loop
      vertex -27.9213 1.38893 0
      vertex -25.0316 21.496 0
      vertex -27.7952 1.17849 0
    endloop
  endfacet
  facet normal 0 0 -1
    outer loop
      vertex -25.0316 21.496 0
      vertex -27.9213 1.38893 0
      vertex -27.3646 19.2856 0
    endloop
  endfacet
  facet normal 0 0 -1
    outer loop
      vertex -28.0675 1.58598 0
      vertex -27.3646 19.2856 0
      vertex -27.9213 1.38893 0
    endloop
  endfacet
  facet normal 0 0 -1
    outer loop
      vertex -28.2322 1.76777 0
      vertex -27.3646 19.2856 0
      vertex -28.0675 1.58598 0
    endloop
  endfacet
  facet normal 0 0 -1
    outer loop
      vertex -29.434 16.8893 0
      vertex -28.2322 1.76777 0
      vertex -28.414 1.93253 0
    endloop
  endfacet
  facet normal 0 0 -1
    outer loop
      vertex -31.22 14.3305 0
      vertex -28.414 1.93253 0
      vertex -28.6111 2.07867 0
    endloop
  endfacet
  facet normal 0 0 -1
    outer loop
      vertex -31.22 14.3305 0
      vertex -28.6111 2.07867 0
      vertex -28.8215 2.2048 0
    endloop
  endfacet
  facet normal 0 0 -1
    outer loop
      vertex -32.7053 11.6336 0
      vertex -28.8215 2.2048 0
      vertex -29.0433 2.3097 0
    endloop
  endfacet
  facet normal 0 0 -1
    outer loop
      vertex -32.7053 11.6336 0
      vertex -29.0433 2.3097 0
      vertex -29.2743 2.39235 0
    endloop
  endfacet
  facet normal 0 0 -1
    outer loop
      vertex -28.2322 1.76777 0
      vertex -29.434 16.8893 0
      vertex -27.3646 19.2856 0
    endloop
  endfacet
  facet normal 0 0 -1
    outer loop
      vertex -32.7053 11.6336 0
      vertex -29.2743 2.39235 0
      vertex -29.5123 2.45196 0
    endloop
  endfacet
  facet normal 0 0 -1
    outer loop
      vertex -33.8757 8.82465 0
      vertex -29.5123 2.45196 0
      vertex -29.755 2.48796 0
    endloop
  endfacet
  facet normal 0 0 -1
    outer loop
      vertex -33.8757 8.82465 0
      vertex -29.755 2.48796 0
      vertex -30 2.5 0
    endloop
  endfacet
  facet normal 0 0 -1
    outer loop
      vertex -33.8757 8.82465 0
      vertex -30 2.5 0
      vertex -30.245 2.48796 0
    endloop
  endfacet
  facet normal 0 0 -1
    outer loop
      vertex -34.7198 5.93075 0
      vertex -30.245 2.48796 0
      vertex -30.4877 2.45196 0
    endloop
  endfacet
  facet normal 0 0 -1
    outer loop
      vertex -34.7198 5.93075 0
      vertex -30.4877 2.45196 0
      vertex -30.7257 2.39235 0
    endloop
  endfacet
  facet normal 0 0 -1
    outer loop
      vertex -34.7198 5.93075 0
      vertex -30.7257 2.39235 0
      vertex -30.9567 2.3097 0
    endloop
  endfacet
  facet normal 0 0 -1
    outer loop
      vertex -34.7198 5.93075 0
      vertex -30.9567 2.3097 0
      vertex -31.1785 2.2048 0
    endloop
  endfacet
  facet normal 0 0 -1
    outer loop
      vertex -28.414 1.93253 0
      vertex -31.22 14.3305 0
      vertex -29.434 16.8893 0
    endloop
  endfacet
  facet normal 0 0 -1
    outer loop
      vertex -34.7198 5.93075 0
      vertex -31.1785 2.2048 0
      vertex -31.3889 2.07867 0
    endloop
  endfacet
  facet normal 0 0 -1
    outer loop
      vertex -35.2295 2.97972 0
      vertex -31.3889 2.07867 0
      vertex -31.586 1.93253 0
    endloop
  endfacet
  facet normal 0 0 -1
    outer loop
      vertex -35.2295 2.97972 0
      vertex -31.586 1.93253 0
      vertex -31.7678 1.76777 0
    endloop
  endfacet
  facet normal 0 0 -1
    outer loop
      vertex -35.2295 2.97972 0
      vertex -31.7678 1.76777 0
      vertex -31.9325 1.58598 0
    endloop
  endfacet
  facet normal 0 0 -1
    outer loop
      vertex -35.2295 2.97972 0
      vertex -31.9325 1.58598 0
      vertex -32.0787 1.38893 0
    endloop
  endfacet
  facet normal 0 0 -1
    outer loop
      vertex -35.2295 2.97972 0
      vertex -32.0787 1.38893 0
      vertex -32.2048 1.17849 0
    endloop
  endfacet
  facet normal 0 0 -1
    outer loop
      vertex -35.2295 2.97972 0
      vertex -32.2048 1.17849 0
      vertex -32.3097 0.956708 0
    endloop
  endfacet
  facet normal 0 0 -1
    outer loop
      vertex -35.2295 2.97972 0
      vertex -32.3097 0.956708 0
      vertex -32.3923 0.725711 0
    endloop
  endfacet
  facet normal 0 0 -1
    outer loop
      vertex -35.4 0 0
      vertex -32.3923 0.725711 0
      vertex -32.452 0.487725 0
    endloop
  endfacet
  facet normal 0 0 -1
    outer loop
      vertex -35.4 0 0
      vertex -32.452 0.487725 0
      vertex -32.488 0.245043 0
    endloop
  endfacet
  facet normal 0 0 -1
    outer loop
      vertex -28.8215 2.2048 0
      vertex -32.7053 11.6336 0
      vertex -31.22 14.3305 0
    endloop
  endfacet
  facet normal 0 0 -1
    outer loop
      vertex -35.4 0 0
      vertex -32.488 0.245043 0
      vertex -32.5 0 0
    endloop
  endfacet
  facet normal 0 0 -1
    outer loop
      vertex -35.4 0 0
      vertex -32.3923 -0.725711 0
      vertex -35.2295 -2.97972 0
    endloop
  endfacet
  facet normal 0 0 -1
    outer loop
      vertex -32.3923 -0.725711 0
      vertex -35.4 0 0
      vertex -32.452 -0.487725 0
    endloop
  endfacet
  facet normal 0 0 -1
    outer loop
      vertex -29.5123 2.45196 0
      vertex -33.8757 8.82465 0
      vertex -32.7053 11.6336 0
    endloop
  endfacet
  facet normal 0 0 -1
    outer loop
      vertex -32.452 -0.487725 0
      vertex -35.4 0 0
      vertex -32.488 -0.245043 0
    endloop
  endfacet
  facet normal 0 0 -1
    outer loop
      vertex -30.245 2.48796 0
      vertex -34.7198 5.93075 0
      vertex -33.8757 8.82465 0
    endloop
  endfacet
  facet normal 0 0 -1
    outer loop
      vertex -32.488 -0.245043 0
      vertex -35.4 0 0
      vertex -32.5 0 0
    endloop
  endfacet
  facet normal 0 0 -1
    outer loop
      vertex -31.3889 2.07867 0
      vertex -35.2295 2.97972 0
      vertex -34.7198 5.93075 0
    endloop
  endfacet
  facet normal -0 0 -1
    outer loop
      vertex -32.3923 0.725711 0
      vertex -35.4 0 0
      vertex -35.2295 2.97972 0
    endloop
  endfacet
  facet normal 0 0 -1
    outer loop
      vertex 32.3923 -0.725711 0
      vertex 35.4 0 0
      vertex 35.2295 -2.97972 0
    endloop
  endfacet
  facet normal 0 0 -1
    outer loop
      vertex 31.3889 -2.07867 0
      vertex 35.2295 -2.97972 0
      vertex 34.7198 -5.93075 0
    endloop
  endfacet
  facet normal 0 0 -1
    outer loop
      vertex 35.4 0 0
      vertex 32.452 -0.487725 0
      vertex 32.488 -0.245043 0
    endloop
  endfacet
  facet normal 0 0 -1
    outer loop
      vertex 30.245 -2.48796 0
      vertex 34.7198 -5.93075 0
      vertex 33.8757 -8.82465 0
    endloop
  endfacet
  facet normal 0 0 -1
    outer loop
      vertex 32.488 0.245043 0
      vertex 35.4 0 0
      vertex 32.5 0 0
    endloop
  endfacet
  facet normal 0 0 -1
    outer loop
      vertex 29.5123 -2.45196 0
      vertex 33.8757 -8.82465 0
      vertex 32.7053 -11.6336 0
    endloop
  endfacet
  facet normal 0 0 -1
    outer loop
      vertex 32.452 0.487725 0
      vertex 35.4 0 0
      vertex 32.488 0.245043 0
    endloop
  endfacet
  facet normal 0 0 -1
    outer loop
      vertex 35.4 0 0
      vertex 32.3923 0.725711 0
      vertex 35.2295 2.97972 0
    endloop
  endfacet
  facet normal 0 0 -1
    outer loop
      vertex 32.3923 0.725711 0
      vertex 35.4 0 0
      vertex 32.452 0.487725 0
    endloop
  endfacet
  facet normal -0 0 -1
    outer loop
      vertex 35.4 0 0
      vertex 32.488 -0.245043 0
      vertex 32.5 0 0
    endloop
  endfacet
  facet normal 0 0 -1
    outer loop
      vertex 35.4 0 0
      vertex 32.3923 -0.725711 0
      vertex 32.452 -0.487725 0
    endloop
  endfacet
  facet normal 0 0 -1
    outer loop
      vertex 35.2295 -2.97972 0
      vertex 32.3097 -0.956708 0
      vertex 32.3923 -0.725711 0
    endloop
  endfacet
  facet normal 0 0 -1
    outer loop
      vertex 35.2295 -2.97972 0
      vertex 32.2048 -1.17849 0
      vertex 32.3097 -0.956708 0
    endloop
  endfacet
  facet normal 0 0 -1
    outer loop
      vertex 35.2295 -2.97972 0
      vertex 32.0787 -1.38893 0
      vertex 32.2048 -1.17849 0
    endloop
  endfacet
  facet normal 0 0 -1
    outer loop
      vertex 35.2295 -2.97972 0
      vertex 31.9325 -1.58598 0
      vertex 32.0787 -1.38893 0
    endloop
  endfacet
  facet normal 0 0 -1
    outer loop
      vertex 35.2295 -2.97972 0
      vertex 31.7678 -1.76777 0
      vertex 31.9325 -1.58598 0
    endloop
  endfacet
  facet normal 0 0 -1
    outer loop
      vertex 35.2295 -2.97972 0
      vertex 31.586 -1.93253 0
      vertex 31.7678 -1.76777 0
    endloop
  endfacet
  facet normal 0 0 -1
    outer loop
      vertex 35.2295 -2.97972 0
      vertex 31.3889 -2.07867 0
      vertex 31.586 -1.93253 0
    endloop
  endfacet
  facet normal 0 0 -1
    outer loop
      vertex 28.8215 -2.2048 0
      vertex 32.7053 -11.6336 0
      vertex 31.22 -14.3305 0
    endloop
  endfacet
  facet normal 0 0 -1
    outer loop
      vertex 34.7198 -5.93075 0
      vertex 31.1785 -2.2048 0
      vertex 31.3889 -2.07867 0
    endloop
  endfacet
  facet normal 0 0 -1
    outer loop
      vertex 34.7198 -5.93075 0
      vertex 30.9567 -2.3097 0
      vertex 31.1785 -2.2048 0
    endloop
  endfacet
  facet normal 0 0 -1
    outer loop
      vertex 34.7198 -5.93075 0
      vertex 30.7257 -2.39235 0
      vertex 30.9567 -2.3097 0
    endloop
  endfacet
  facet normal 0 0 -1
    outer loop
      vertex 34.7198 -5.93075 0
      vertex 30.4877 -2.45196 0
      vertex 30.7257 -2.39235 0
    endloop
  endfacet
  facet normal 0 0 -1
    outer loop
      vertex 34.7198 -5.93075 0
      vertex 30.245 -2.48796 0
      vertex 30.4877 -2.45196 0
    endloop
  endfacet
  facet normal 0 0 -1
    outer loop
      vertex 33.8757 -8.82465 0
      vertex 30 -2.5 0
      vertex 30.245 -2.48796 0
    endloop
  endfacet
  facet normal 0 0 -1
    outer loop
      vertex 33.8757 -8.82465 0
      vertex 29.755 -2.48796 0
      vertex 30 -2.5 0
    endloop
  endfacet
  facet normal 0 0 -1
    outer loop
      vertex 33.8757 -8.82465 0
      vertex 29.5123 -2.45196 0
      vertex 29.755 -2.48796 0
    endloop
  endfacet
  facet normal 0 0 -1
    outer loop
      vertex 28.414 -1.93253 0
      vertex 31.22 -14.3305 0
      vertex 29.434 -16.8893 0
    endloop
  endfacet
  facet normal 0 0 -1
    outer loop
      vertex 32.7053 -11.6336 0
      vertex 29.2743 -2.39235 0
      vertex 29.5123 -2.45196 0
    endloop
  endfacet
  facet normal 0 0 -1
    outer loop
      vertex 32.7053 -11.6336 0
      vertex 29.0433 -2.3097 0
      vertex 29.2743 -2.39235 0
    endloop
  endfacet
  facet normal 0 0 -1
    outer loop
      vertex 32.7053 -11.6336 0
      vertex 28.8215 -2.2048 0
      vertex 29.0433 -2.3097 0
    endloop
  endfacet
  facet normal 0 0 -1
    outer loop
      vertex 31.22 -14.3305 0
      vertex 28.6111 -2.07867 0
      vertex 28.8215 -2.2048 0
    endloop
  endfacet
  facet normal 0 0 -1
    outer loop
      vertex 31.22 -14.3305 0
      vertex 28.414 -1.93253 0
      vertex 28.6111 -2.07867 0
    endloop
  endfacet
  facet normal 0 0 -1
    outer loop
      vertex 29.434 -16.8893 0
      vertex 28.2322 -1.76777 0
      vertex 28.414 -1.93253 0
    endloop
  endfacet
  facet normal 0 0 -1
    outer loop
      vertex 27.3646 -19.2856 0
      vertex 28.2322 -1.76777 0
      vertex 29.434 -16.8893 0
    endloop
  endfacet
  facet normal -0 0 -1
    outer loop
      vertex 28.2322 -1.76777 0
      vertex 27.3646 -19.2856 0
      vertex 28.0675 -1.58598 0
    endloop
  endfacet
  facet normal -0 0 -1
    outer loop
      vertex 28.0675 -1.58598 0
      vertex 27.3646 -19.2856 0
      vertex 27.9213 -1.38893 0
    endloop
  endfacet
  facet normal 0 0 -1
    outer loop
      vertex 25.0316 -21.496 0
      vertex 27.9213 -1.38893 0
      vertex 27.3646 -19.2856 0
    endloop
  endfacet
  facet normal -0 0 -1
    outer loop
      vertex 27.9213 -1.38893 0
      vertex 25.0316 -21.496 0
      vertex 27.7952 -1.17849 0
    endloop
  endfacet
  facet normal 0 0 -1
    outer loop
      vertex 22.4575 -23.4995 0
      vertex 27.7952 -1.17849 0
      vertex 25.0316 -21.496 0
    endloop
  endfacet
  facet normal -0 0 -1
    outer loop
      vertex 27.7952 -1.17849 0
      vertex 22.4575 -23.4995 0
      vertex 27.6903 -0.956708 0
    endloop
  endfacet
  facet normal 0 0 -1
    outer loop
      vertex 16.6874 -26.8104 0
      vertex 27.6903 -0.956708 0
      vertex 19.6672 -25.2767 0
    endloop
  endfacet
  facet normal 0 0 -1
    outer loop
      vertex 19.6672 -25.2767 0
      vertex 27.6903 -0.956708 0
      vertex 22.4575 -23.4995 0
    endloop
  endfacet
  facet normal 0 0 -1
    outer loop
      vertex 32.3097 0.956708 0
      vertex 35.2295 2.97972 0
      vertex 32.3923 0.725711 0
    endloop
  endfacet
  facet normal 0 0 -1
    outer loop
      vertex 32.2048 1.17849 0
      vertex 35.2295 2.97972 0
      vertex 32.3097 0.956708 0
    endloop
  endfacet
  facet normal 0 0 -1
    outer loop
      vertex 32.0787 1.38893 0
      vertex 35.2295 2.97972 0
      vertex 32.2048 1.17849 0
    endloop
  endfacet
  facet normal 0 0 -1
    outer loop
      vertex 31.9325 1.58598 0
      vertex 35.2295 2.97972 0
      vertex 32.0787 1.38893 0
    endloop
  endfacet
  facet normal 0 0 -1
    outer loop
      vertex 31.7678 1.76777 0
      vertex 35.2295 2.97972 0
      vertex 31.9325 1.58598 0
    endloop
  endfacet
  facet normal 0 0 -1
    outer loop
      vertex 31.586 1.93253 0
      vertex 35.2295 2.97972 0
      vertex 31.7678 1.76777 0
    endloop
  endfacet
  facet normal 0 0 -1
    outer loop
      vertex 31.3889 2.07867 0
      vertex 35.2295 2.97972 0
      vertex 31.586 1.93253 0
    endloop
  endfacet
  facet normal -0 0 -1
    outer loop
      vertex 35.2295 2.97972 0
      vertex 31.3889 2.07867 0
      vertex 34.7198 5.93075 0
    endloop
  endfacet
  facet normal 0 0 -1
    outer loop
      vertex 31.1785 2.2048 0
      vertex 34.7198 5.93075 0
      vertex 31.3889 2.07867 0
    endloop
  endfacet
  facet normal 0 0 -1
    outer loop
      vertex 30.9567 2.3097 0
      vertex 34.7198 5.93075 0
      vertex 31.1785 2.2048 0
    endloop
  endfacet
  facet normal 0 0 -1
    outer loop
      vertex 30.7257 2.39235 0
      vertex 34.7198 5.93075 0
      vertex 30.9567 2.3097 0
    endloop
  endfacet
  facet normal 0 0 -1
    outer loop
      vertex 30.4877 2.45196 0
      vertex 34.7198 5.93075 0
      vertex 30.7257 2.39235 0
    endloop
  endfacet
  facet normal 0 0 -1
    outer loop
      vertex 30.245 2.48796 0
      vertex 34.7198 5.93075 0
      vertex 30.4877 2.45196 0
    endloop
  endfacet
  facet normal -0 0 -1
    outer loop
      vertex 34.7198 5.93075 0
      vertex 30.245 2.48796 0
      vertex 33.8757 8.82465 0
    endloop
  endfacet
  facet normal 0 0 -1
    outer loop
      vertex 30 2.5 0
      vertex 33.8757 8.82465 0
      vertex 30.245 2.48796 0
    endloop
  endfacet
  facet normal 0 0 -1
    outer loop
      vertex 29.755 2.48796 0
      vertex 33.8757 8.82465 0
      vertex 30 2.5 0
    endloop
  endfacet
  facet normal 0 0 -1
    outer loop
      vertex 29.5123 2.45196 0
      vertex 33.8757 8.82465 0
      vertex 29.755 2.48796 0
    endloop
  endfacet
  facet normal -0 0 -1
    outer loop
      vertex 33.8757 8.82465 0
      vertex 29.5123 2.45196 0
      vertex 32.7053 11.6336 0
    endloop
  endfacet
  facet normal 0 0 -1
    outer loop
      vertex 29.2743 2.39235 0
      vertex 32.7053 11.6336 0
      vertex 29.5123 2.45196 0
    endloop
  endfacet
  facet normal 0 0 -1
    outer loop
      vertex 29.0433 2.3097 0
      vertex 32.7053 11.6336 0
      vertex 29.2743 2.39235 0
    endloop
  endfacet
  facet normal 0 0 -1
    outer loop
      vertex 28.8215 2.2048 0
      vertex 32.7053 11.6336 0
      vertex 29.0433 2.3097 0
    endloop
  endfacet
  facet normal -0 0 -1
    outer loop
      vertex 32.7053 11.6336 0
      vertex 28.8215 2.2048 0
      vertex 31.22 14.3305 0
    endloop
  endfacet
  facet normal 0 0 -1
    outer loop
      vertex 28.6111 2.07867 0
      vertex 31.22 14.3305 0
      vertex 28.8215 2.2048 0
    endloop
  endfacet
  facet normal 0 0 -1
    outer loop
      vertex 28.414 1.93253 0
      vertex 31.22 14.3305 0
      vertex 28.6111 2.07867 0
    endloop
  endfacet
  facet normal -0 0 -1
    outer loop
      vertex 31.22 14.3305 0
      vertex 28.414 1.93253 0
      vertex 29.434 16.8893 0
    endloop
  endfacet
  facet normal 0 0 -1
    outer loop
      vertex 28.2322 1.76777 0
      vertex 29.434 16.8893 0
      vertex 28.414 1.93253 0
    endloop
  endfacet
  facet normal 0 0 -1
    outer loop
      vertex 27.3646 19.2856 0
      vertex 28.2322 1.76777 0
      vertex 28.0675 1.58598 0
    endloop
  endfacet
  facet normal 0 0 -1
    outer loop
      vertex 27.3646 19.2856 0
      vertex 28.0675 1.58598 0
      vertex 27.9213 1.38893 0
    endloop
  endfacet
  facet normal 0 0 -1
    outer loop
      vertex 25.0316 21.496 0
      vertex 27.9213 1.38893 0
      vertex 27.7952 1.17849 0
    endloop
  endfacet
  facet normal 0 0 -1
    outer loop
      vertex 22.4575 23.4995 0
      vertex 27.7952 1.17849 0
      vertex 27.6903 0.956708 0
    endloop
  endfacet
  facet normal 0 0 -1
    outer loop
      vertex 16.6874 26.8104 0
      vertex 27.6903 0.956708 0
      vertex 27.6076 0.725711 0
    endloop
  endfacet
  facet normal 0 0 -1
    outer loop
      vertex 13.547 28.0859 0
      vertex 27.6076 0.725711 0
      vertex 27.548 0.487725 0
    endloop
  endfacet
  facet normal 0 0 -1
    outer loop
      vertex 6.9062 29.8159 0
      vertex 27.548 0.487725 0
      vertex 27.512 0.245043 0
    endloop
  endfacet
  facet normal 0 0 -1
    outer loop
      vertex 28.2322 1.76777 0
      vertex 27.3646 19.2856 0
      vertex 29.434 16.8893 0
    endloop
  endfacet
  facet normal 0 0 -1
    outer loop
      vertex -27.5 0 0
      vertex 27.512 0.245043 0
      vertex 27.5 0 0
    endloop
  endfacet
  facet normal -0 0 -1
    outer loop
      vertex 27.6903 -0.956708 0
      vertex 16.6874 -26.8104 0
      vertex 27.6076 -0.725711 0
    endloop
  endfacet
  facet normal 0 0 -1
    outer loop
      vertex 13.547 -28.0859 0
      vertex 27.6076 -0.725711 0
      vertex 16.6874 -26.8104 0
    endloop
  endfacet
  facet normal 0 0 -1
    outer loop
      vertex 27.9213 1.38893 0
      vertex 25.0316 21.496 0
      vertex 27.3646 19.2856 0
    endloop
  endfacet
  facet normal -0 0 -1
    outer loop
      vertex 27.6076 -0.725711 0
      vertex 13.547 -28.0859 0
      vertex 27.548 -0.487725 0
    endloop
  endfacet
  facet normal 0 0 -1
    outer loop
      vertex 27.7952 1.17849 0
      vertex 22.4575 23.4995 0
      vertex 25.0316 21.496 0
    endloop
  endfacet
  facet normal 0 0 -1
    outer loop
      vertex 10.2761 -29.091 0
      vertex 27.548 -0.487725 0
      vertex 13.547 -28.0859 0
    endloop
  endfacet
  facet normal 0 0 -1
    outer loop
      vertex 27.6903 0.956708 0
      vertex 19.6672 25.2767 0
      vertex 22.4575 23.4995 0
    endloop
  endfacet
  facet normal 0 0 -1
    outer loop
      vertex 6.9062 -29.8159 0
      vertex 27.548 -0.487725 0
      vertex 10.2761 -29.091 0
    endloop
  endfacet
  facet normal 0 0 -1
    outer loop
      vertex 27.6903 0.956708 0
      vertex 16.6874 26.8104 0
      vertex 19.6672 25.2767 0
    endloop
  endfacet
  facet normal -0 0 -1
    outer loop
      vertex 27.548 -0.487725 0
      vertex 6.9062 -29.8159 0
      vertex 27.512 -0.245043 0
    endloop
  endfacet
  facet normal 0 0 -1
    outer loop
      vertex 27.6076 0.725711 0
      vertex 13.547 28.0859 0
      vertex 16.6874 26.8104 0
    endloop
  endfacet
  facet normal 0 0 -1
    outer loop
      vertex 3.46981 -30.2536 0
      vertex 27.512 -0.245043 0
      vertex 6.9062 -29.8159 0
    endloop
  endfacet
  facet normal 0 0 -1
    outer loop
      vertex 27.548 0.487725 0
      vertex 10.2761 29.091 0
      vertex 13.547 28.0859 0
    endloop
  endfacet
  facet normal 0 0 -1
    outer loop
      vertex 0 -30.4 0
      vertex 27.512 -0.245043 0
      vertex 3.46981 -30.2536 0
    endloop
  endfacet
  facet normal 0 0 -1
    outer loop
      vertex -27.512 0.245043 0
      vertex 27.512 0.245043 0
      vertex -27.5 0 0
    endloop
  endfacet
  facet normal 0 0 -1
    outer loop
      vertex -27.512 -0.245043 0
      vertex 27.512 -0.245043 0
      vertex 0 -30.4 0
    endloop
  endfacet
  facet normal 0 0 -1
    outer loop
      vertex 27.548 0.487725 0
      vertex 6.9062 29.8159 0
      vertex 10.2761 29.091 0
    endloop
  endfacet
  facet normal 0 0 -1
    outer loop
      vertex 27.512 -0.245043 0
      vertex -27.512 -0.245043 0
      vertex 27.5 0 0
    endloop
  endfacet
  facet normal 0 0 -1
    outer loop
      vertex 27.512 0.245043 0
      vertex 3.46981 30.2536 0
      vertex 6.9062 29.8159 0
    endloop
  endfacet
  facet normal 0 0 -1
    outer loop
      vertex -27.512 -0.245043 0
      vertex 0 -30.4 0
      vertex -3.46981 -30.2536 0
    endloop
  endfacet
  facet normal 0 0 -1
    outer loop
      vertex 27.512 0.245043 0
      vertex 0 30.4 0
      vertex 3.46981 30.2536 0
    endloop
  endfacet
  facet normal 0 0 -1
    outer loop
      vertex -27.512 -0.245043 0
      vertex -3.46981 -30.2536 0
      vertex -6.9062 -29.8159 0
    endloop
  endfacet
  facet normal 0 0 -1
    outer loop
      vertex 27.512 0.245043 0
      vertex -27.512 0.245043 0
      vertex 0 30.4 0
    endloop
  endfacet
  facet normal 0 0 -1
    outer loop
      vertex -27.548 -0.487725 0
      vertex -6.9062 -29.8159 0
      vertex -10.2761 -29.091 0
    endloop
  endfacet
  facet normal 0 0 -1
    outer loop
      vertex 0 30.4 0
      vertex -27.512 0.245043 0
      vertex -3.46981 30.2536 0
    endloop
  endfacet
  facet normal 0 0 -1
    outer loop
      vertex -27.548 -0.487725 0
      vertex -10.2761 -29.091 0
      vertex -13.547 -28.0859 0
    endloop
  endfacet
  facet normal 0 0 -1
    outer loop
      vertex -3.46981 30.2536 0
      vertex -27.512 0.245043 0
      vertex -6.9062 29.8159 0
    endloop
  endfacet
  facet normal 0 0 -1
    outer loop
      vertex -27.6076 -0.725711 0
      vertex -13.547 -28.0859 0
      vertex -16.6874 -26.8104 0
    endloop
  endfacet
  facet normal 0 0 -1
    outer loop
      vertex -27.548 0.487725 0
      vertex -6.9062 29.8159 0
      vertex -27.512 0.245043 0
    endloop
  endfacet
  facet normal 0 0 -1
    outer loop
      vertex -27.6903 -0.956708 0
      vertex -16.6874 -26.8104 0
      vertex -19.6672 -25.2767 0
    endloop
  endfacet
  facet normal 0 0 -1
    outer loop
      vertex -6.9062 29.8159 0
      vertex -27.548 0.487725 0
      vertex -10.2761 29.091 0
    endloop
  endfacet
  facet normal 0 0 -1
    outer loop
      vertex -27.6903 -0.956708 0
      vertex -19.6672 -25.2767 0
      vertex -22.4575 -23.4995 0
    endloop
  endfacet
  facet normal 0 0 -1
    outer loop
      vertex -10.2761 29.091 0
      vertex -27.548 0.487725 0
      vertex -13.547 28.0859 0
    endloop
  endfacet
  facet normal 0 0 -1
    outer loop
      vertex -27.7952 -1.17849 0
      vertex -22.4575 -23.4995 0
      vertex -25.0316 -21.496 0
    endloop
  endfacet
  facet normal 0 0 -1
    outer loop
      vertex -27.6076 0.725711 0
      vertex -13.547 28.0859 0
      vertex -27.548 0.487725 0
    endloop
  endfacet
  facet normal 0 0 -1
    outer loop
      vertex -27.9213 -1.38893 0
      vertex -25.0316 -21.496 0
      vertex -27.3646 -19.2856 0
    endloop
  endfacet
  facet normal 0 0 -1
    outer loop
      vertex -13.547 28.0859 0
      vertex -27.6076 0.725711 0
      vertex -16.6874 26.8104 0
    endloop
  endfacet
  facet normal 0 0 -1
    outer loop
      vertex -27.6903 0.956708 0
      vertex -16.6874 26.8104 0
      vertex -27.6076 0.725711 0
    endloop
  endfacet
  facet normal -0 0 -1
    outer loop
      vertex 27.5 0 0
      vertex -27.512 -0.245043 0
      vertex -27.5 0 0
    endloop
  endfacet
  facet normal 0 0 -1
    outer loop
      vertex -6.9062 -29.8159 0
      vertex -27.548 -0.487725 0
      vertex -27.512 -0.245043 0
    endloop
  endfacet
  facet normal 0 0 -1
    outer loop
      vertex -13.547 -28.0859 0
      vertex -27.6076 -0.725711 0
      vertex -27.548 -0.487725 0
    endloop
  endfacet
  facet normal 0 0 -1
    outer loop
      vertex -16.6874 -26.8104 0
      vertex -27.6903 -0.956708 0
      vertex -27.6076 -0.725711 0
    endloop
  endfacet
  facet normal 0 0 -1
    outer loop
      vertex -22.4575 -23.4995 0
      vertex -27.7952 -1.17849 0
      vertex -27.6903 -0.956708 0
    endloop
  endfacet
  facet normal 0 0 -1
    outer loop
      vertex -25.0316 -21.496 0
      vertex -27.9213 -1.38893 0
      vertex -27.7952 -1.17849 0
    endloop
  endfacet
  facet normal 0 0 -1
    outer loop
      vertex -27.3646 -19.2856 0
      vertex -28.0675 -1.58598 0
      vertex -27.9213 -1.38893 0
    endloop
  endfacet
  facet normal 0 0 -1
    outer loop
      vertex -27.3646 -19.2856 0
      vertex -28.2322 -1.76777 0
      vertex -28.0675 -1.58598 0
    endloop
  endfacet
  facet normal 0 0 -1
    outer loop
      vertex -29.434 -16.8893 0
      vertex -28.2322 -1.76777 0
      vertex -27.3646 -19.2856 0
    endloop
  endfacet
  facet normal 0 0 -1
    outer loop
      vertex -28.2322 -1.76777 0
      vertex -29.434 -16.8893 0
      vertex -28.414 -1.93253 0
    endloop
  endfacet
  facet normal 0 0 -1
    outer loop
      vertex -31.22 -14.3305 0
      vertex -28.414 -1.93253 0
      vertex -29.434 -16.8893 0
    endloop
  endfacet
  facet normal 0 0 -1
    outer loop
      vertex -28.414 -1.93253 0
      vertex -31.22 -14.3305 0
      vertex -28.6111 -2.07867 0
    endloop
  endfacet
  facet normal 0 0 -1
    outer loop
      vertex -28.6111 -2.07867 0
      vertex -31.22 -14.3305 0
      vertex -28.8215 -2.2048 0
    endloop
  endfacet
  facet normal 0 0 -1
    outer loop
      vertex -32.7053 -11.6336 0
      vertex -28.8215 -2.2048 0
      vertex -31.22 -14.3305 0
    endloop
  endfacet
  facet normal 0 0 -1
    outer loop
      vertex -28.8215 -2.2048 0
      vertex -32.7053 -11.6336 0
      vertex -29.0433 -2.3097 0
    endloop
  endfacet
  facet normal 0 0 -1
    outer loop
      vertex -29.0433 -2.3097 0
      vertex -32.7053 -11.6336 0
      vertex -29.2743 -2.39235 0
    endloop
  endfacet
  facet normal 0 0 -1
    outer loop
      vertex -29.2743 -2.39235 0
      vertex -32.7053 -11.6336 0
      vertex -29.5123 -2.45196 0
    endloop
  endfacet
  facet normal 0 0 -1
    outer loop
      vertex -33.8757 -8.82465 0
      vertex -29.5123 -2.45196 0
      vertex -32.7053 -11.6336 0
    endloop
  endfacet
  facet normal 0 0 -1
    outer loop
      vertex -29.5123 -2.45196 0
      vertex -33.8757 -8.82465 0
      vertex -29.755 -2.48796 0
    endloop
  endfacet
  facet normal 0 0 -1
    outer loop
      vertex -29.755 -2.48796 0
      vertex -33.8757 -8.82465 0
      vertex -30 -2.5 0
    endloop
  endfacet
  facet normal -0 0 -1
    outer loop
      vertex -30 -2.5 0
      vertex -33.8757 -8.82465 0
      vertex -30.245 -2.48796 0
    endloop
  endfacet
  facet normal 0 0 -1
    outer loop
      vertex -34.7198 -5.93075 0
      vertex -30.245 -2.48796 0
      vertex -33.8757 -8.82465 0
    endloop
  endfacet
  facet normal -0 0 -1
    outer loop
      vertex -30.245 -2.48796 0
      vertex -34.7198 -5.93075 0
      vertex -30.4877 -2.45196 0
    endloop
  endfacet
  facet normal -0 0 -1
    outer loop
      vertex -30.4877 -2.45196 0
      vertex -34.7198 -5.93075 0
      vertex -30.7257 -2.39235 0
    endloop
  endfacet
  facet normal -0 0 -1
    outer loop
      vertex -30.7257 -2.39235 0
      vertex -34.7198 -5.93075 0
      vertex -30.9567 -2.3097 0
    endloop
  endfacet
  facet normal -0 0 -1
    outer loop
      vertex -30.9567 -2.3097 0
      vertex -34.7198 -5.93075 0
      vertex -31.1785 -2.2048 0
    endloop
  endfacet
  facet normal -0 0 -1
    outer loop
      vertex -31.1785 -2.2048 0
      vertex -34.7198 -5.93075 0
      vertex -31.3889 -2.07867 0
    endloop
  endfacet
  facet normal 0 0 -1
    outer loop
      vertex -35.2295 -2.97972 0
      vertex -31.3889 -2.07867 0
      vertex -34.7198 -5.93075 0
    endloop
  endfacet
  facet normal -0 0 -1
    outer loop
      vertex -31.3889 -2.07867 0
      vertex -35.2295 -2.97972 0
      vertex -31.586 -1.93253 0
    endloop
  endfacet
  facet normal -0 0 -1
    outer loop
      vertex -31.586 -1.93253 0
      vertex -35.2295 -2.97972 0
      vertex -31.7678 -1.76777 0
    endloop
  endfacet
  facet normal -0 0 -1
    outer loop
      vertex -31.7678 -1.76777 0
      vertex -35.2295 -2.97972 0
      vertex -31.9325 -1.58598 0
    endloop
  endfacet
  facet normal -0 0 -1
    outer loop
      vertex -31.9325 -1.58598 0
      vertex -35.2295 -2.97972 0
      vertex -32.0787 -1.38893 0
    endloop
  endfacet
  facet normal -0 0 -1
    outer loop
      vertex -32.0787 -1.38893 0
      vertex -35.2295 -2.97972 0
      vertex -32.2048 -1.17849 0
    endloop
  endfacet
  facet normal -0 0 -1
    outer loop
      vertex -32.3097 -0.956708 0
      vertex -35.2295 -2.97972 0
      vertex -32.3923 -0.725711 0
    endloop
  endfacet
  facet normal -0 0 -1
    outer loop
      vertex -32.2048 -1.17849 0
      vertex -35.2295 -2.97972 0
      vertex -32.3097 -0.956708 0
    endloop
  endfacet
  facet normal 0.923076 0.384617 0
    outer loop
      vertex 33.8757 8.82465 4.6
      vertex 32.7053 11.6336 0
      vertex 32.7053 11.6336 4.6
    endloop
  endfacet
  facet normal 0.923076 0.384617 0
    outer loop
      vertex 32.7053 11.6336 0
      vertex 33.8757 8.82465 4.6
      vertex 33.8757 8.82465 0
    endloop
  endfacet
  facet normal -0.820008 -0.572352 0
    outer loop
      vertex -29.434 -16.8893 0
      vertex -31.22 -14.3305 4.6
      vertex -31.22 -14.3305 0
    endloop
  endfacet
  facet normal -0.820008 -0.572352 0
    outer loop
      vertex -31.22 -14.3305 4.6
      vertex -29.434 -16.8893 0
      vertex -29.434 -16.8893 4.6
    endloop
  endfacet
  facet normal 0.457639 -0.889138 0
    outer loop
      vertex 16.6874 -26.8104 0
      vertex 19.6672 -25.2767 4.6
      vertex 16.6874 -26.8104 4.6
    endloop
  endfacet
  facet normal 0.457639 -0.889138 0
    outer loop
      vertex 19.6672 -25.2767 4.6
      vertex 16.6874 -26.8104 0
      vertex 19.6672 -25.2767 0
    endloop
  endfacet
  facet normal -0.614212 -0.789141 0
    outer loop
      vertex -25.0316 -21.496 0
      vertex -22.4575 -23.4995 4.6
      vertex -25.0316 -21.496 4.6
    endloop
  endfacet
  facet normal -0.614212 -0.789141 -0
    outer loop
      vertex -22.4575 -23.4995 4.6
      vertex -25.0316 -21.496 0
      vertex -22.4575 -23.4995 0
    endloop
  endfacet
  facet normal 0.042155 -0.999111 0
    outer loop
      vertex 0 -30.4 0
      vertex 3.46981 -30.2536 4.6
      vertex 0 -30.4 4.6
    endloop
  endfacet
  facet normal 0.042155 -0.999111 0
    outer loop
      vertex 3.46981 -30.2536 4.6
      vertex 0 -30.4 0
      vertex 3.46981 -30.2536 0
    endloop
  endfacet
  facet normal -0.614212 0.789141 0
    outer loop
      vertex -22.4575 23.4995 0
      vertex -25.0316 21.496 4.6
      vertex -22.4575 23.4995 4.6
    endloop
  endfacet
  facet normal -0.614212 0.789141 0
    outer loop
      vertex -25.0316 21.496 4.6
      vertex -22.4575 23.4995 0
      vertex -25.0316 21.496 0
    endloop
  endfacet
  facet normal 0.53721 -0.843449 0
    outer loop
      vertex 19.6672 -25.2767 0
      vertex 22.4575 -23.4995 4.6
      vertex 19.6672 -25.2767 4.6
    endloop
  endfacet
  facet normal 0.53721 -0.843449 0
    outer loop
      vertex 22.4575 -23.4995 4.6
      vertex 19.6672 -25.2767 0
      vertex 22.4575 -23.4995 0
    endloop
  endfacet
  facet normal -0.875941 0.482419 0
    outer loop
      vertex -32.7053 11.6336 0
      vertex -31.22 14.3305 4.6
      vertex -31.22 14.3305 0
    endloop
  endfacet
  facet normal -0.875941 0.482419 0
    outer loop
      vertex -31.22 14.3305 4.6
      vertex -32.7053 11.6336 0
      vertex -32.7053 11.6336 4.6
    endloop
  endfacet
  facet normal 0.687776 -0.725923 0
    outer loop
      vertex 25.0316 -21.496 0
      vertex 27.3646 -19.2856 4.6
      vertex 25.0316 -21.496 4.6
    endloop
  endfacet
  facet normal 0.687776 -0.725923 0
    outer loop
      vertex 27.3646 -19.2856 4.6
      vertex 25.0316 -21.496 0
      vertex 27.3646 -19.2856 0
    endloop
  endfacet
  facet normal -0.756844 0.653596 0
    outer loop
      vertex -29.434 16.8893 0
      vertex -27.3646 19.2856 4.6
      vertex -27.3646 19.2856 0
    endloop
  endfacet
  facet normal -0.756844 0.653596 0
    outer loop
      vertex -27.3646 19.2856 4.6
      vertex -29.434 16.8893 0
      vertex -29.434 16.8893 4.6
    endloop
  endfacet
  facet normal -0.2103 0.977637 0
    outer loop
      vertex -6.9062 29.8159 0
      vertex -10.2761 29.091 4.6
      vertex -6.9062 29.8159 4.6
    endloop
  endfacet
  facet normal -0.2103 0.977637 0
    outer loop
      vertex -10.2761 29.091 4.6
      vertex -6.9062 29.8159 0
      vertex -10.2761 29.091 0
    endloop
  endfacet
  facet normal 0.756844 0.653596 0
    outer loop
      vertex 29.434 16.8893 4.6
      vertex 27.3646 19.2856 0
      vertex 27.3646 19.2856 4.6
    endloop
  endfacet
  facet normal 0.756844 0.653596 0
    outer loop
      vertex 27.3646 19.2856 0
      vertex 29.434 16.8893 4.6
      vertex 29.434 16.8893 0
    endloop
  endfacet
  facet normal -0.53721 0.843449 0
    outer loop
      vertex -19.6672 25.2767 0
      vertex -22.4575 23.4995 4.6
      vertex -19.6672 25.2767 4.6
    endloop
  endfacet
  facet normal -0.53721 0.843449 0
    outer loop
      vertex -22.4575 23.4995 4.6
      vertex -19.6672 25.2767 0
      vertex -22.4575 23.4995 0
    endloop
  endfacet
  facet normal 0.687776 0.725923 -0
    outer loop
      vertex 27.3646 19.2856 0
      vertex 25.0316 21.496 4.6
      vertex 27.3646 19.2856 4.6
    endloop
  endfacet
  facet normal 0.687776 0.725923 0
    outer loop
      vertex 25.0316 21.496 4.6
      vertex 27.3646 19.2856 0
      vertex 25.0316 21.496 0
    endloop
  endfacet
  facet normal -0.293731 -0.955888 0
    outer loop
      vertex -13.547 -28.0859 0
      vertex -10.2761 -29.091 4.6
      vertex -13.547 -28.0859 4.6
    endloop
  endfacet
  facet normal -0.293731 -0.955888 -0
    outer loop
      vertex -10.2761 -29.091 4.6
      vertex -13.547 -28.0859 0
      vertex -10.2761 -29.091 0
    endloop
  endfacet
  facet normal -0.042155 -0.999111 0
    outer loop
      vertex -3.46981 -30.2536 0
      vertex 0 -30.4 4.6
      vertex -3.46981 -30.2536 4.6
    endloop
  endfacet
  facet normal -0.042155 -0.999111 -0
    outer loop
      vertex 0 -30.4 4.6
      vertex -3.46981 -30.2536 0
      vertex 0 -30.4 0
    endloop
  endfacet
  facet normal -0.756844 -0.653596 0
    outer loop
      vertex -27.3646 -19.2856 0
      vertex -29.434 -16.8893 4.6
      vertex -29.434 -16.8893 0
    endloop
  endfacet
  facet normal -0.756844 -0.653596 0
    outer loop
      vertex -29.434 -16.8893 4.6
      vertex -27.3646 -19.2856 0
      vertex -27.3646 -19.2856 4.6
    endloop
  endfacet
  facet normal 0.820008 0.572352 0
    outer loop
      vertex 31.22 14.3305 4.6
      vertex 29.434 16.8893 0
      vertex 29.434 16.8893 4.6
    endloop
  endfacet
  facet normal 0.820008 0.572352 0
    outer loop
      vertex 29.434 16.8893 0
      vertex 31.22 14.3305 4.6
      vertex 31.22 14.3305 0
    endloop
  endfacet
  facet normal -0.293731 0.955888 0
    outer loop
      vertex -10.2761 29.091 0
      vertex -13.547 28.0859 4.6
      vertex -10.2761 29.091 4.6
    endloop
  endfacet
  facet normal -0.293731 0.955888 0
    outer loop
      vertex -13.547 28.0859 4.6
      vertex -10.2761 29.091 0
      vertex -13.547 28.0859 0
    endloop
  endfacet
  facet normal 0 0 1
    outer loop
      vertex 33.8 0 4.6
      vertex 35.4 0 4.6
      vertex 35.2295 2.97972 4.6
    endloop
  endfacet
  facet normal 0 0 1
    outer loop
      vertex 33.6372 2.82289 4.6
      vertex 35.2295 2.97972 4.6
      vertex 34.7198 5.93075 4.6
    endloop
  endfacet
  facet normal 0 0 1
    outer loop
      vertex 35.4 0 4.6
      vertex 33.8 0 4.6
      vertex 35.2295 -2.97972 4.6
    endloop
  endfacet
  facet normal 0 0 1
    outer loop
      vertex 33.1505 5.6186 4.6
      vertex 34.7198 5.93075 4.6
      vertex 33.8757 8.82465 4.6
    endloop
  endfacet
  facet normal -0 0 1
    outer loop
      vertex 33.6372 -2.82289 4.6
      vertex 35.2295 -2.97972 4.6
      vertex 33.8 0 4.6
    endloop
  endfacet
  facet normal 0 0 1
    outer loop
      vertex 35.2295 -2.97972 4.6
      vertex 33.6372 -2.82289 4.6
      vertex 34.7198 -5.93075 4.6
    endloop
  endfacet
  facet normal 0 0 1
    outer loop
      vertex 35.2295 2.97972 4.6
      vertex 33.6372 2.82289 4.6
      vertex 33.8 0 4.6
    endloop
  endfacet
  facet normal 0 0 1
    outer loop
      vertex 34.7198 5.93075 4.6
      vertex 33.1505 5.6186 4.6
      vertex 33.6372 2.82289 4.6
    endloop
  endfacet
  facet normal 0 0 1
    outer loop
      vertex 32.3446 8.3602 4.6
      vertex 33.8757 8.82465 4.6
      vertex 32.7053 11.6336 4.6
    endloop
  endfacet
  facet normal 0 0 1
    outer loop
      vertex 33.8757 8.82465 4.6
      vertex 32.3446 8.3602 4.6
      vertex 33.1505 5.6186 4.6
    endloop
  endfacet
  facet normal 0 0 1
    outer loop
      vertex 32.7053 11.6336 4.6
      vertex 31.2271 11.0213 4.6
      vertex 32.3446 8.3602 4.6
    endloop
  endfacet
  facet normal 0 0 1
    outer loop
      vertex 31.22 14.3305 4.6
      vertex 31.2271 11.0213 4.6
      vertex 32.7053 11.6336 4.6
    endloop
  endfacet
  facet normal 0 0 1
    outer loop
      vertex 31.22 14.3305 4.6
      vertex 29.8089 13.5762 4.6
      vertex 31.2271 11.0213 4.6
    endloop
  endfacet
  facet normal 0 0 1
    outer loop
      vertex 29.434 16.8893 4.6
      vertex 29.8089 13.5762 4.6
      vertex 31.22 14.3305 4.6
    endloop
  endfacet
  facet normal 0 0 1
    outer loop
      vertex 29.434 16.8893 4.6
      vertex 28.1037 16.0004 4.6
      vertex 29.8089 13.5762 4.6
    endloop
  endfacet
  facet normal 0 0 1
    outer loop
      vertex 27.3646 19.2856 4.6
      vertex 28.1037 16.0004 4.6
      vertex 29.434 16.8893 4.6
    endloop
  endfacet
  facet normal 0 0 1
    outer loop
      vertex 27.3646 19.2856 4.6
      vertex 26.1278 18.2705 4.6
      vertex 28.1037 16.0004 4.6
    endloop
  endfacet
  facet normal 0 0 1
    outer loop
      vertex 25.0316 21.496 4.6
      vertex 26.1278 18.2705 4.6
      vertex 27.3646 19.2856 4.6
    endloop
  endfacet
  facet normal 0 0 1
    outer loop
      vertex 25.0316 21.496 4.6
      vertex 23.9002 20.3647 4.6
      vertex 26.1278 18.2705 4.6
    endloop
  endfacet
  facet normal 0 0 1
    outer loop
      vertex 22.4575 23.4995 4.6
      vertex 23.9002 20.3647 4.6
      vertex 25.0316 21.496 4.6
    endloop
  endfacet
  facet normal 0 0 1
    outer loop
      vertex 22.4575 23.4995 4.6
      vertex 21.4425 22.2627 4.6
      vertex 23.9002 20.3647 4.6
    endloop
  endfacet
  facet normal 0 0 1
    outer loop
      vertex 19.6672 25.2767 4.6
      vertex 21.4425 22.2627 4.6
      vertex 22.4575 23.4995 4.6
    endloop
  endfacet
  facet normal 0 0 1
    outer loop
      vertex 19.6672 25.2767 4.6
      vertex 18.7783 23.9463 4.6
      vertex 21.4425 22.2627 4.6
    endloop
  endfacet
  facet normal 0 0 1
    outer loop
      vertex 16.6874 26.8104 4.6
      vertex 18.7783 23.9463 4.6
      vertex 19.6672 25.2767 4.6
    endloop
  endfacet
  facet normal 0 0 1
    outer loop
      vertex 16.6874 26.8104 4.6
      vertex 15.9332 25.3993 4.6
      vertex 18.7783 23.9463 4.6
    endloop
  endfacet
  facet normal 0 0 1
    outer loop
      vertex 13.547 28.0859 4.6
      vertex 15.9332 25.3993 4.6
      vertex 16.6874 26.8104 4.6
    endloop
  endfacet
  facet normal 0 0 1
    outer loop
      vertex 13.547 28.0859 4.6
      vertex 12.9347 26.6077 4.6
      vertex 15.9332 25.3993 4.6
    endloop
  endfacet
  facet normal 0 0 1
    outer loop
      vertex 10.2761 29.091 4.6
      vertex 12.9347 26.6077 4.6
      vertex 13.547 28.0859 4.6
    endloop
  endfacet
  facet normal 0 0 1
    outer loop
      vertex 10.2761 29.091 4.6
      vertex 9.81162 27.5599 4.6
      vertex 12.9347 26.6077 4.6
    endloop
  endfacet
  facet normal 0 0 1
    outer loop
      vertex 6.9062 29.8159 4.6
      vertex 9.81162 27.5599 4.6
      vertex 10.2761 29.091 4.6
    endloop
  endfacet
  facet normal 0 0 1
    outer loop
      vertex 6.9062 29.8159 4.6
      vertex 6.59405 28.2466 4.6
      vertex 9.81162 27.5599 4.6
    endloop
  endfacet
  facet normal 0 0 1
    outer loop
      vertex 3.46981 30.2536 4.6
      vertex 6.59405 28.2466 4.6
      vertex 6.9062 29.8159 4.6
    endloop
  endfacet
  facet normal 0 0 1
    outer loop
      vertex 3.46981 30.2536 4.6
      vertex 3.31298 28.6613 4.6
      vertex 6.59405 28.2466 4.6
    endloop
  endfacet
  facet normal 0 0 1
    outer loop
      vertex 0 30.4 4.6
      vertex 3.31298 28.6613 4.6
      vertex 3.46981 30.2536 4.6
    endloop
  endfacet
  facet normal 0 0 1
    outer loop
      vertex 0 30.4 4.6
      vertex 0 28.8 4.6
      vertex 3.31298 28.6613 4.6
    endloop
  endfacet
  facet normal 0 0 1
    outer loop
      vertex 0 30.4 4.6
      vertex -3.31298 28.6613 4.6
      vertex 0 28.8 4.6
    endloop
  endfacet
  facet normal -0 0 1
    outer loop
      vertex -3.46981 30.2536 4.6
      vertex -3.31298 28.6613 4.6
      vertex 0 30.4 4.6
    endloop
  endfacet
  facet normal 0 0 1
    outer loop
      vertex -3.46981 30.2536 4.6
      vertex -6.59405 28.2466 4.6
      vertex -3.31298 28.6613 4.6
    endloop
  endfacet
  facet normal -0 0 1
    outer loop
      vertex -6.9062 29.8159 4.6
      vertex -6.59405 28.2466 4.6
      vertex -3.46981 30.2536 4.6
    endloop
  endfacet
  facet normal 0 0 1
    outer loop
      vertex -6.9062 29.8159 4.6
      vertex -9.81162 27.5599 4.6
      vertex -6.59405 28.2466 4.6
    endloop
  endfacet
  facet normal -0 0 1
    outer loop
      vertex -10.2761 29.091 4.6
      vertex -9.81162 27.5599 4.6
      vertex -6.9062 29.8159 4.6
    endloop
  endfacet
  facet normal 0 0 1
    outer loop
      vertex -10.2761 29.091 4.6
      vertex -12.9347 26.6077 4.6
      vertex -9.81162 27.5599 4.6
    endloop
  endfacet
  facet normal -0 0 1
    outer loop
      vertex -13.547 28.0859 4.6
      vertex -12.9347 26.6077 4.6
      vertex -10.2761 29.091 4.6
    endloop
  endfacet
  facet normal 0 0 1
    outer loop
      vertex -13.547 28.0859 4.6
      vertex -15.9332 25.3993 4.6
      vertex -12.9347 26.6077 4.6
    endloop
  endfacet
  facet normal -0 0 1
    outer loop
      vertex -16.6874 26.8104 4.6
      vertex -15.9332 25.3993 4.6
      vertex -13.547 28.0859 4.6
    endloop
  endfacet
  facet normal 0 0 1
    outer loop
      vertex -16.6874 26.8104 4.6
      vertex -18.7783 23.9463 4.6
      vertex -15.9332 25.3993 4.6
    endloop
  endfacet
  facet normal -0 0 1
    outer loop
      vertex -19.6672 25.2767 4.6
      vertex -18.7783 23.9463 4.6
      vertex -16.6874 26.8104 4.6
    endloop
  endfacet
  facet normal 0 0 1
    outer loop
      vertex -19.6672 25.2767 4.6
      vertex -21.4425 22.2627 4.6
      vertex -18.7783 23.9463 4.6
    endloop
  endfacet
  facet normal -0 0 1
    outer loop
      vertex -22.4575 23.4995 4.6
      vertex -21.4425 22.2627 4.6
      vertex -19.6672 25.2767 4.6
    endloop
  endfacet
  facet normal 0 0 1
    outer loop
      vertex -22.4575 23.4995 4.6
      vertex -23.9002 20.3647 4.6
      vertex -21.4425 22.2627 4.6
    endloop
  endfacet
  facet normal -0 0 1
    outer loop
      vertex -25.0316 21.496 4.6
      vertex -23.9002 20.3647 4.6
      vertex -22.4575 23.4995 4.6
    endloop
  endfacet
  facet normal 0 0 1
    outer loop
      vertex -25.0316 21.496 4.6
      vertex -26.1278 18.2705 4.6
      vertex -23.9002 20.3647 4.6
    endloop
  endfacet
  facet normal -0 0 1
    outer loop
      vertex -27.3646 19.2856 4.6
      vertex -26.1278 18.2705 4.6
      vertex -25.0316 21.496 4.6
    endloop
  endfacet
  facet normal 0 0 1
    outer loop
      vertex -27.3646 19.2856 4.6
      vertex -28.1037 16.0004 4.6
      vertex -26.1278 18.2705 4.6
    endloop
  endfacet
  facet normal -0 0 1
    outer loop
      vertex -29.434 16.8893 4.6
      vertex -28.1037 16.0004 4.6
      vertex -27.3646 19.2856 4.6
    endloop
  endfacet
  facet normal 0 0 1
    outer loop
      vertex -29.434 16.8893 4.6
      vertex -29.8089 13.5762 4.6
      vertex -28.1037 16.0004 4.6
    endloop
  endfacet
  facet normal -0 0 1
    outer loop
      vertex -31.22 14.3305 4.6
      vertex -29.8089 13.5762 4.6
      vertex -29.434 16.8893 4.6
    endloop
  endfacet
  facet normal 0 0 1
    outer loop
      vertex -31.22 14.3305 4.6
      vertex -31.2271 11.0213 4.6
      vertex -29.8089 13.5762 4.6
    endloop
  endfacet
  facet normal -0 0 1
    outer loop
      vertex -32.7053 11.6336 4.6
      vertex -31.2271 11.0213 4.6
      vertex -31.22 14.3305 4.6
    endloop
  endfacet
  facet normal 0 0 1
    outer loop
      vertex -31.2271 11.0213 4.6
      vertex -32.7053 11.6336 4.6
      vertex -32.3446 8.3602 4.6
    endloop
  endfacet
  facet normal -0 0 1
    outer loop
      vertex -33.8757 8.82465 4.6
      vertex -32.3446 8.3602 4.6
      vertex -32.7053 11.6336 4.6
    endloop
  endfacet
  facet normal 0 0 1
    outer loop
      vertex -32.3446 8.3602 4.6
      vertex -33.8757 8.82465 4.6
      vertex -33.1505 5.6186 4.6
    endloop
  endfacet
  facet normal 0 0 1
    outer loop
      vertex -33.1505 5.6186 4.6
      vertex -34.7198 5.93075 4.6
      vertex -33.6372 2.82289 4.6
    endloop
  endfacet
  facet normal -0 0 1
    outer loop
      vertex -34.7198 5.93075 4.6
      vertex -33.1505 5.6186 4.6
      vertex -33.8757 8.82465 4.6
    endloop
  endfacet
  facet normal -0 0 1
    outer loop
      vertex 33.1505 -5.6186 4.6
      vertex 34.7198 -5.93075 4.6
      vertex 33.6372 -2.82289 4.6
    endloop
  endfacet
  facet normal 0 0 1
    outer loop
      vertex 34.7198 -5.93075 4.6
      vertex 33.1505 -5.6186 4.6
      vertex 33.8757 -8.82465 4.6
    endloop
  endfacet
  facet normal -0 0 1
    outer loop
      vertex 32.3446 -8.3602 4.6
      vertex 33.8757 -8.82465 4.6
      vertex 33.1505 -5.6186 4.6
    endloop
  endfacet
  facet normal 0 0 1
    outer loop
      vertex 33.8757 -8.82465 4.6
      vertex 32.3446 -8.3602 4.6
      vertex 32.7053 -11.6336 4.6
    endloop
  endfacet
  facet normal -0 0 1
    outer loop
      vertex 31.2271 -11.0213 4.6
      vertex 32.7053 -11.6336 4.6
      vertex 32.3446 -8.3602 4.6
    endloop
  endfacet
  facet normal 0 0 1
    outer loop
      vertex 31.2271 -11.0213 4.6
      vertex 31.22 -14.3305 4.6
      vertex 32.7053 -11.6336 4.6
    endloop
  endfacet
  facet normal -0 0 1
    outer loop
      vertex 29.8089 -13.5762 4.6
      vertex 31.22 -14.3305 4.6
      vertex 31.2271 -11.0213 4.6
    endloop
  endfacet
  facet normal 0 0 1
    outer loop
      vertex 29.8089 -13.5762 4.6
      vertex 29.434 -16.8893 4.6
      vertex 31.22 -14.3305 4.6
    endloop
  endfacet
  facet normal -0 0 1
    outer loop
      vertex 28.1037 -16.0004 4.6
      vertex 29.434 -16.8893 4.6
      vertex 29.8089 -13.5762 4.6
    endloop
  endfacet
  facet normal 0 0 1
    outer loop
      vertex 28.1037 -16.0004 4.6
      vertex 27.3646 -19.2856 4.6
      vertex 29.434 -16.8893 4.6
    endloop
  endfacet
  facet normal -0 0 1
    outer loop
      vertex 26.1278 -18.2705 4.6
      vertex 27.3646 -19.2856 4.6
      vertex 28.1037 -16.0004 4.6
    endloop
  endfacet
  facet normal 0 0 1
    outer loop
      vertex 26.1278 -18.2705 4.6
      vertex 25.0316 -21.496 4.6
      vertex 27.3646 -19.2856 4.6
    endloop
  endfacet
  facet normal -0 0 1
    outer loop
      vertex 23.9002 -20.3647 4.6
      vertex 25.0316 -21.496 4.6
      vertex 26.1278 -18.2705 4.6
    endloop
  endfacet
  facet normal 0 0 1
    outer loop
      vertex 23.9002 -20.3647 4.6
      vertex 22.4575 -23.4995 4.6
      vertex 25.0316 -21.496 4.6
    endloop
  endfacet
  facet normal -0 0 1
    outer loop
      vertex 21.4425 -22.2627 4.6
      vertex 22.4575 -23.4995 4.6
      vertex 23.9002 -20.3647 4.6
    endloop
  endfacet
  facet normal 0 0 1
    outer loop
      vertex 21.4425 -22.2627 4.6
      vertex 19.6672 -25.2767 4.6
      vertex 22.4575 -23.4995 4.6
    endloop
  endfacet
  facet normal -0 0 1
    outer loop
      vertex 18.7783 -23.9463 4.6
      vertex 19.6672 -25.2767 4.6
      vertex 21.4425 -22.2627 4.6
    endloop
  endfacet
  facet normal 0 0 1
    outer loop
      vertex 18.7783 -23.9463 4.6
      vertex 16.6874 -26.8104 4.6
      vertex 19.6672 -25.2767 4.6
    endloop
  endfacet
  facet normal -0 0 1
    outer loop
      vertex 15.9332 -25.3993 4.6
      vertex 16.6874 -26.8104 4.6
      vertex 18.7783 -23.9463 4.6
    endloop
  endfacet
  facet normal 0 0 1
    outer loop
      vertex 15.9332 -25.3993 4.6
      vertex 13.547 -28.0859 4.6
      vertex 16.6874 -26.8104 4.6
    endloop
  endfacet
  facet normal -0 0 1
    outer loop
      vertex 12.9347 -26.6077 4.6
      vertex 13.547 -28.0859 4.6
      vertex 15.9332 -25.3993 4.6
    endloop
  endfacet
  facet normal 0 0 1
    outer loop
      vertex 12.9347 -26.6077 4.6
      vertex 10.2761 -29.091 4.6
      vertex 13.547 -28.0859 4.6
    endloop
  endfacet
  facet normal -0 0 1
    outer loop
      vertex 9.81162 -27.5599 4.6
      vertex 10.2761 -29.091 4.6
      vertex 12.9347 -26.6077 4.6
    endloop
  endfacet
  facet normal 0 0 1
    outer loop
      vertex 9.81162 -27.5599 4.6
      vertex 6.9062 -29.8159 4.6
      vertex 10.2761 -29.091 4.6
    endloop
  endfacet
  facet normal -0 0 1
    outer loop
      vertex 6.59405 -28.2466 4.6
      vertex 6.9062 -29.8159 4.6
      vertex 9.81162 -27.5599 4.6
    endloop
  endfacet
  facet normal 0 0 1
    outer loop
      vertex 6.59405 -28.2466 4.6
      vertex 3.46981 -30.2536 4.6
      vertex 6.9062 -29.8159 4.6
    endloop
  endfacet
  facet normal -0 0 1
    outer loop
      vertex 3.31298 -28.6613 4.6
      vertex 3.46981 -30.2536 4.6
      vertex 6.59405 -28.2466 4.6
    endloop
  endfacet
  facet normal 0 0 1
    outer loop
      vertex 0 -30.4 4.6
      vertex 3.31298 -28.6613 4.6
      vertex 0 -28.8 4.6
    endloop
  endfacet
  facet normal 0 0 1
    outer loop
      vertex 3.31298 -28.6613 4.6
      vertex 0 -30.4 4.6
      vertex 3.46981 -30.2536 4.6
    endloop
  endfacet
  facet normal 0 0 1
    outer loop
      vertex -3.31298 -28.6613 4.6
      vertex 0 -30.4 4.6
      vertex 0 -28.8 4.6
    endloop
  endfacet
  facet normal 0 0 1
    outer loop
      vertex -3.31298 -28.6613 4.6
      vertex -3.46981 -30.2536 4.6
      vertex 0 -30.4 4.6
    endloop
  endfacet
  facet normal 0 0 1
    outer loop
      vertex -6.59405 -28.2466 4.6
      vertex -3.46981 -30.2536 4.6
      vertex -3.31298 -28.6613 4.6
    endloop
  endfacet
  facet normal 0 0 1
    outer loop
      vertex -6.59405 -28.2466 4.6
      vertex -6.9062 -29.8159 4.6
      vertex -3.46981 -30.2536 4.6
    endloop
  endfacet
  facet normal 0 0 1
    outer loop
      vertex -9.81162 -27.5599 4.6
      vertex -6.9062 -29.8159 4.6
      vertex -6.59405 -28.2466 4.6
    endloop
  endfacet
  facet normal 0 0 1
    outer loop
      vertex -9.81162 -27.5599 4.6
      vertex -10.2761 -29.091 4.6
      vertex -6.9062 -29.8159 4.6
    endloop
  endfacet
  facet normal 0 0 1
    outer loop
      vertex -12.9347 -26.6077 4.6
      vertex -10.2761 -29.091 4.6
      vertex -9.81162 -27.5599 4.6
    endloop
  endfacet
  facet normal 0 0 1
    outer loop
      vertex -12.9347 -26.6077 4.6
      vertex -13.547 -28.0859 4.6
      vertex -10.2761 -29.091 4.6
    endloop
  endfacet
  facet normal 0 0 1
    outer loop
      vertex -15.9332 -25.3993 4.6
      vertex -13.547 -28.0859 4.6
      vertex -12.9347 -26.6077 4.6
    endloop
  endfacet
  facet normal 0 0 1
    outer loop
      vertex -15.9332 -25.3993 4.6
      vertex -16.6874 -26.8104 4.6
      vertex -13.547 -28.0859 4.6
    endloop
  endfacet
  facet normal 0 0 1
    outer loop
      vertex -18.7783 -23.9463 4.6
      vertex -16.6874 -26.8104 4.6
      vertex -15.9332 -25.3993 4.6
    endloop
  endfacet
  facet normal 0 0 1
    outer loop
      vertex -18.7783 -23.9463 4.6
      vertex -19.6672 -25.2767 4.6
      vertex -16.6874 -26.8104 4.6
    endloop
  endfacet
  facet normal 0 0 1
    outer loop
      vertex -21.4425 -22.2627 4.6
      vertex -19.6672 -25.2767 4.6
      vertex -18.7783 -23.9463 4.6
    endloop
  endfacet
  facet normal 0 0 1
    outer loop
      vertex -21.4425 -22.2627 4.6
      vertex -22.4575 -23.4995 4.6
      vertex -19.6672 -25.2767 4.6
    endloop
  endfacet
  facet normal 0 0 1
    outer loop
      vertex -23.9002 -20.3647 4.6
      vertex -22.4575 -23.4995 4.6
      vertex -21.4425 -22.2627 4.6
    endloop
  endfacet
  facet normal 0 0 1
    outer loop
      vertex -23.9002 -20.3647 4.6
      vertex -25.0316 -21.496 4.6
      vertex -22.4575 -23.4995 4.6
    endloop
  endfacet
  facet normal 0 0 1
    outer loop
      vertex -26.1278 -18.2705 4.6
      vertex -25.0316 -21.496 4.6
      vertex -23.9002 -20.3647 4.6
    endloop
  endfacet
  facet normal 0 0 1
    outer loop
      vertex -26.1278 -18.2705 4.6
      vertex -27.3646 -19.2856 4.6
      vertex -25.0316 -21.496 4.6
    endloop
  endfacet
  facet normal 0 0 1
    outer loop
      vertex -28.1037 -16.0004 4.6
      vertex -27.3646 -19.2856 4.6
      vertex -26.1278 -18.2705 4.6
    endloop
  endfacet
  facet normal 0 0 1
    outer loop
      vertex -28.1037 -16.0004 4.6
      vertex -29.434 -16.8893 4.6
      vertex -27.3646 -19.2856 4.6
    endloop
  endfacet
  facet normal 0 0 1
    outer loop
      vertex -29.8089 -13.5762 4.6
      vertex -29.434 -16.8893 4.6
      vertex -28.1037 -16.0004 4.6
    endloop
  endfacet
  facet normal 0 0 1
    outer loop
      vertex -29.8089 -13.5762 4.6
      vertex -31.22 -14.3305 4.6
      vertex -29.434 -16.8893 4.6
    endloop
  endfacet
  facet normal 0 0 1
    outer loop
      vertex -31.2271 -11.0213 4.6
      vertex -31.22 -14.3305 4.6
      vertex -29.8089 -13.5762 4.6
    endloop
  endfacet
  facet normal 0 0 1
    outer loop
      vertex -32.7053 -11.6336 4.6
      vertex -31.2271 -11.0213 4.6
      vertex -32.3446 -8.3602 4.6
    endloop
  endfacet
  facet normal 0 0 1
    outer loop
      vertex -31.2271 -11.0213 4.6
      vertex -32.7053 -11.6336 4.6
      vertex -31.22 -14.3305 4.6
    endloop
  endfacet
  facet normal 0 0 1
    outer loop
      vertex -33.8757 -8.82465 4.6
      vertex -32.3446 -8.3602 4.6
      vertex -33.1505 -5.6186 4.6
    endloop
  endfacet
  facet normal 0 0 1
    outer loop
      vertex -34.7198 -5.93075 4.6
      vertex -33.1505 -5.6186 4.6
      vertex -33.6372 -2.82289 4.6
    endloop
  endfacet
  facet normal 0 0 1
    outer loop
      vertex -32.3446 -8.3602 4.6
      vertex -33.8757 -8.82465 4.6
      vertex -32.7053 -11.6336 4.6
    endloop
  endfacet
  facet normal 0 0 1
    outer loop
      vertex -35.2295 -2.97972 4.6
      vertex -33.6372 -2.82289 4.6
      vertex -33.8 0 4.6
    endloop
  endfacet
  facet normal -0 0 1
    outer loop
      vertex -35.2295 2.97972 4.6
      vertex -33.6372 2.82289 4.6
      vertex -34.7198 5.93075 4.6
    endloop
  endfacet
  facet normal 0 0 1
    outer loop
      vertex -33.6372 2.82289 4.6
      vertex -35.2295 2.97972 4.6
      vertex -33.8 0 4.6
    endloop
  endfacet
  facet normal 0 0 1
    outer loop
      vertex -33.1505 -5.6186 4.6
      vertex -34.7198 -5.93075 4.6
      vertex -33.8757 -8.82465 4.6
    endloop
  endfacet
  facet normal 0 0 1
    outer loop
      vertex -35.4 0 4.6
      vertex -33.8 0 4.6
      vertex -35.2295 2.97972 4.6
    endloop
  endfacet
  facet normal 0 0 1
    outer loop
      vertex -33.6372 -2.82289 4.6
      vertex -35.2295 -2.97972 4.6
      vertex -34.7198 -5.93075 4.6
    endloop
  endfacet
  facet normal 0 0 1
    outer loop
      vertex -33.8 0 4.6
      vertex -35.4 0 4.6
      vertex -35.2295 -2.97972 4.6
    endloop
  endfacet
  facet normal -0.376304 0.926496 0
    outer loop
      vertex -13.547 28.0859 0
      vertex -16.6874 26.8104 4.6
      vertex -13.547 28.0859 4.6
    endloop
  endfacet
  facet normal -0.376304 0.926496 0
    outer loop
      vertex -16.6874 26.8104 4.6
      vertex -13.547 28.0859 0
      vertex -16.6874 26.8104 0
    endloop
  endfacet
  facet normal 0.376304 0.926496 -0
    outer loop
      vertex 16.6874 26.8104 0
      vertex 13.547 28.0859 4.6
      vertex 16.6874 26.8104 4.6
    endloop
  endfacet
  facet normal 0.376304 0.926496 0
    outer loop
      vertex 13.547 28.0859 4.6
      vertex 16.6874 26.8104 0
      vertex 13.547 28.0859 0
    endloop
  endfacet
  facet normal -0.998341 0.0575757 0
    outer loop
      vertex 33.6372 -2.82289 1.6
      vertex 33.8 0 4.6
      vertex 33.8 0 1.6
    endloop
  endfacet
  facet normal -0.998341 0.0575757 0
    outer loop
      vertex 33.8 0 4.6
      vertex 33.6372 -2.82289 1.6
      vertex 33.6372 -2.82289 4.6
    endloop
  endfacet
  facet normal 0.291637 0.956529 -0
    outer loop
      vertex -9.81162 -27.5599 1.6
      vertex -12.9347 -26.6077 4.6
      vertex -9.81162 -27.5599 4.6
    endloop
  endfacet
  facet normal 0.291637 0.956529 0
    outer loop
      vertex -12.9347 -26.6077 4.6
      vertex -9.81162 -27.5599 1.6
      vertex -12.9347 -26.6077 1.6
    endloop
  endfacet
  facet normal 0.87433 0.485332 0
    outer loop
      vertex -29.8089 -13.5762 4.6
      vertex -31.2271 -11.0213 1.6
      vertex -31.2271 -11.0213 4.6
    endloop
  endfacet
  facet normal 0.87433 0.485332 0
    outer loop
      vertex -31.2271 -11.0213 1.6
      vertex -29.8089 -13.5762 4.6
      vertex -29.8089 -13.5762 1.6
    endloop
  endfacet
  facet normal 0.998341 -0.0575757 0
    outer loop
      vertex -33.8 0 4.6
      vertex -33.6372 2.82289 1.6
      vertex -33.6372 2.82289 4.6
    endloop
  endfacet
  facet normal 0.998341 -0.0575757 0
    outer loop
      vertex -33.6372 2.82289 1.6
      vertex -33.8 0 4.6
      vertex -33.8 0 1.6
    endloop
  endfacet
  facet normal 0.041829 -0.999125 0
    outer loop
      vertex -3.31298 28.6613 1.6
      vertex 0 28.8 4.6
      vertex -3.31298 28.6613 4.6
    endloop
  endfacet
  facet normal 0.041829 -0.999125 0
    outer loop
      vertex 0 28.8 4.6
      vertex -3.31298 28.6613 1.6
      vertex 0 28.8 1.6
    endloop
  endfacet
  facet normal -0.684954 0.728586 0
    outer loop
      vertex 26.1278 -18.2705 1.6
      vertex 23.9002 -20.3647 4.6
      vertex 26.1278 -18.2705 4.6
    endloop
  endfacet
  facet normal -0.684954 0.728586 0
    outer loop
      vertex 23.9002 -20.3647 4.6
      vertex 26.1278 -18.2705 1.6
      vertex 23.9002 -20.3647 1.6
    endloop
  endfacet
  facet normal -0.125394 0.992107 0
    outer loop
      vertex 6.59405 -28.2466 1.6
      vertex 3.31298 -28.6613 4.6
      vertex 6.59405 -28.2466 4.6
    endloop
  endfacet
  facet normal -0.125394 0.992107 0
    outer loop
      vertex 3.31298 -28.6613 4.6
      vertex 6.59405 -28.2466 1.6
      vertex 3.31298 -28.6613 1.6
    endloop
  endfacet
  facet normal -0.454823 -0.890582 0
    outer loop
      vertex 15.9332 25.3993 1.6
      vertex 18.7783 23.9463 4.6
      vertex 15.9332 25.3993 4.6
    endloop
  endfacet
  facet normal -0.454823 -0.890582 -0
    outer loop
      vertex 18.7783 23.9463 4.6
      vertex 15.9332 25.3993 1.6
      vertex 18.7783 23.9463 1.6
    endloop
  endfacet
  facet normal 0.125394 0.992107 -0
    outer loop
      vertex -3.31298 -28.6613 1.6
      vertex -6.59405 -28.2466 4.6
      vertex -3.31298 -28.6613 4.6
    endloop
  endfacet
  facet normal 0.125394 0.992107 0
    outer loop
      vertex -6.59405 -28.2466 4.6
      vertex -3.31298 -28.6613 1.6
      vertex -6.59405 -28.2466 1.6
    endloop
  endfacet
  facet normal -0.611219 0.791461 0
    outer loop
      vertex 23.9002 -20.3647 1.6
      vertex 21.4425 -22.2627 4.6
      vertex 23.9002 -20.3647 4.6
    endloop
  endfacet
  facet normal -0.611219 0.791461 0
    outer loop
      vertex 21.4425 -22.2627 4.6
      vertex 23.9002 -20.3647 1.6
      vertex 21.4425 -22.2627 1.6
    endloop
  endfacet
  facet normal -0.87433 -0.485332 0
    outer loop
      vertex 31.2271 11.0213 1.6
      vertex 29.8089 13.5762 4.6
      vertex 29.8089 13.5762 1.6
    endloop
  endfacet
  facet normal -0.87433 -0.485332 0
    outer loop
      vertex 29.8089 13.5762 4.6
      vertex 31.2271 11.0213 1.6
      vertex 31.2271 11.0213 4.6
    endloop
  endfacet
  facet normal 0.754293 0.656538 0
    outer loop
      vertex -26.1278 -18.2705 4.6
      vertex -28.1037 -16.0004 1.6
      vertex -28.1037 -16.0004 4.6
    endloop
  endfacet
  facet normal 0.754293 0.656538 0
    outer loop
      vertex -28.1037 -16.0004 1.6
      vertex -26.1278 -18.2705 4.6
      vertex -26.1278 -18.2705 1.6
    endloop
  endfacet
  facet normal -0.611219 -0.791461 0
    outer loop
      vertex 21.4425 22.2627 1.6
      vertex 23.9002 20.3647 4.6
      vertex 21.4425 22.2627 4.6
    endloop
  endfacet
  facet normal -0.611219 -0.791461 -0
    outer loop
      vertex 23.9002 20.3647 4.6
      vertex 21.4425 22.2627 1.6
      vertex 23.9002 20.3647 1.6
    endloop
  endfacet
  facet normal -0.922002 0.387185 0
    outer loop
      vertex 31.2271 -11.0213 1.6
      vertex 32.3446 -8.3602 4.6
      vertex 32.3446 -8.3602 1.6
    endloop
  endfacet
  facet normal -0.922002 0.387185 0
    outer loop
      vertex 32.3446 -8.3602 4.6
      vertex 31.2271 -11.0213 1.6
      vertex 31.2271 -11.0213 4.6
    endloop
  endfacet
  facet normal 0.81792 0.575331 0
    outer loop
      vertex -28.1037 -16.0004 4.6
      vertex -29.8089 -13.5762 1.6
      vertex -29.8089 -13.5762 4.6
    endloop
  endfacet
  facet normal 0.81792 0.575331 0
    outer loop
      vertex -29.8089 -13.5762 1.6
      vertex -28.1037 -16.0004 4.6
      vertex -28.1037 -16.0004 1.6
    endloop
  endfacet
  facet normal 0.959408 0.28202 0
    outer loop
      vertex -32.3446 -8.3602 4.6
      vertex -33.1505 -5.6186 1.6
      vertex -33.1505 -5.6186 4.6
    endloop
  endfacet
  facet normal 0.959408 0.28202 0
    outer loop
      vertex -33.1505 -5.6186 1.6
      vertex -32.3446 -8.3602 4.6
      vertex -32.3446 -8.3602 1.6
    endloop
  endfacet
  facet normal 0.041829 0.999125 -0
    outer loop
      vertex 0 -28.8 1.6
      vertex -3.31298 -28.6613 4.6
      vertex 0 -28.8 4.6
    endloop
  endfacet
  facet normal 0.041829 0.999125 0
    outer loop
      vertex -3.31298 -28.6613 4.6
      vertex 0 -28.8 1.6
      vertex -3.31298 -28.6613 1.6
    endloop
  endfacet
  facet normal -0.041829 0.999125 0
    outer loop
      vertex 3.31298 -28.6613 1.6
      vertex 0 -28.8 4.6
      vertex 3.31298 -28.6613 4.6
    endloop
  endfacet
  facet normal -0.041829 0.999125 0
    outer loop
      vertex 0 -28.8 4.6
      vertex 3.31298 -28.6613 1.6
      vertex 0 -28.8 1.6
    endloop
  endfacet
  facet normal -0.81792 0.575331 0
    outer loop
      vertex 28.1037 -16.0004 1.6
      vertex 29.8089 -13.5762 4.6
      vertex 29.8089 -13.5762 1.6
    endloop
  endfacet
  facet normal -0.81792 0.575331 0
    outer loop
      vertex 29.8089 -13.5762 4.6
      vertex 28.1037 -16.0004 1.6
      vertex 28.1037 -16.0004 4.6
    endloop
  endfacet
  facet normal -0.534208 0.845353 0
    outer loop
      vertex 21.4425 -22.2627 1.6
      vertex 18.7783 -23.9463 4.6
      vertex 21.4425 -22.2627 4.6
    endloop
  endfacet
  facet normal -0.534208 0.845353 0
    outer loop
      vertex 18.7783 -23.9463 4.6
      vertex 21.4425 -22.2627 1.6
      vertex 18.7783 -23.9463 1.6
    endloop
  endfacet
  facet normal 0.985183 -0.171509 0
    outer loop
      vertex -33.6372 2.82289 4.6
      vertex -33.1505 5.6186 1.6
      vertex -33.1505 5.6186 4.6
    endloop
  endfacet
  facet normal 0.985183 -0.171509 0
    outer loop
      vertex -33.1505 5.6186 1.6
      vertex -33.6372 2.82289 4.6
      vertex -33.6372 2.82289 1.6
    endloop
  endfacet
  facet normal 0.125394 -0.992107 0
    outer loop
      vertex -6.59405 28.2466 1.6
      vertex -3.31298 28.6613 4.6
      vertex -6.59405 28.2466 4.6
    endloop
  endfacet
  facet normal 0.125394 -0.992107 0
    outer loop
      vertex -3.31298 28.6613 4.6
      vertex -6.59405 28.2466 1.6
      vertex -3.31298 28.6613 1.6
    endloop
  endfacet
  facet normal 0.998341 0.0575757 0
    outer loop
      vertex -33.6372 -2.82289 4.6
      vertex -33.8 0 1.6
      vertex -33.8 0 4.6
    endloop
  endfacet
  facet normal 0.998341 0.0575757 0
    outer loop
      vertex -33.8 0 1.6
      vertex -33.6372 -2.82289 4.6
      vertex -33.6372 -2.82289 1.6
    endloop
  endfacet
  facet normal -0.373789 0.927514 0
    outer loop
      vertex 15.9332 -25.3993 1.6
      vertex 12.9347 -26.6077 4.6
      vertex 15.9332 -25.3993 4.6
    endloop
  endfacet
  facet normal -0.373789 0.927514 0
    outer loop
      vertex 12.9347 -26.6077 4.6
      vertex 15.9332 -25.3993 1.6
      vertex 12.9347 -26.6077 1.6
    endloop
  endfacet
  facet normal 0.985183 0.171509 0
    outer loop
      vertex -33.1505 -5.6186 4.6
      vertex -33.6372 -2.82289 1.6
      vertex -33.6372 -2.82289 4.6
    endloop
  endfacet
  facet normal 0.985183 0.171509 0
    outer loop
      vertex -33.6372 -2.82289 1.6
      vertex -33.1505 -5.6186 4.6
      vertex -33.1505 -5.6186 1.6
    endloop
  endfacet
  facet normal 0.534208 0.845353 -0
    outer loop
      vertex -18.7783 -23.9463 1.6
      vertex -21.4425 -22.2627 4.6
      vertex -18.7783 -23.9463 4.6
    endloop
  endfacet
  facet normal 0.534208 0.845353 0
    outer loop
      vertex -21.4425 -22.2627 4.6
      vertex -18.7783 -23.9463 1.6
      vertex -21.4425 -22.2627 1.6
    endloop
  endfacet
  facet normal 0.922002 0.387185 0
    outer loop
      vertex -31.2271 -11.0213 4.6
      vertex -32.3446 -8.3602 1.6
      vertex -32.3446 -8.3602 4.6
    endloop
  endfacet
  facet normal 0.922002 0.387185 0
    outer loop
      vertex -32.3446 -8.3602 1.6
      vertex -31.2271 -11.0213 4.6
      vertex -31.2271 -11.0213 1.6
    endloop
  endfacet
  facet normal -0.754293 0.656538 0
    outer loop
      vertex 26.1278 -18.2705 1.6
      vertex 28.1037 -16.0004 4.6
      vertex 28.1037 -16.0004 1.6
    endloop
  endfacet
  facet normal -0.754293 0.656538 0
    outer loop
      vertex 28.1037 -16.0004 4.6
      vertex 26.1278 -18.2705 1.6
      vertex 26.1278 -18.2705 4.6
    endloop
  endfacet
  facet normal 0.959408 -0.28202 0
    outer loop
      vertex -33.1505 5.6186 4.6
      vertex -32.3446 8.3602 1.6
      vertex -32.3446 8.3602 4.6
    endloop
  endfacet
  facet normal 0.959408 -0.28202 0
    outer loop
      vertex -32.3446 8.3602 1.6
      vertex -33.1505 5.6186 4.6
      vertex -33.1505 5.6186 1.6
    endloop
  endfacet
  facet normal -0.87433 0.485332 0
    outer loop
      vertex 29.8089 -13.5762 1.6
      vertex 31.2271 -11.0213 4.6
      vertex 31.2271 -11.0213 1.6
    endloop
  endfacet
  facet normal -0.87433 0.485332 0
    outer loop
      vertex 31.2271 -11.0213 4.6
      vertex 29.8089 -13.5762 1.6
      vertex 29.8089 -13.5762 4.6
    endloop
  endfacet
  facet normal 0.684954 -0.728586 0
    outer loop
      vertex -26.1278 18.2705 1.6
      vertex -23.9002 20.3647 4.6
      vertex -26.1278 18.2705 4.6
    endloop
  endfacet
  facet normal 0.684954 -0.728586 0
    outer loop
      vertex -23.9002 20.3647 4.6
      vertex -26.1278 18.2705 1.6
      vertex -23.9002 20.3647 1.6
    endloop
  endfacet
  facet normal 0.87433 -0.485332 0
    outer loop
      vertex -31.2271 11.0213 4.6
      vertex -29.8089 13.5762 1.6
      vertex -29.8089 13.5762 4.6
    endloop
  endfacet
  facet normal 0.87433 -0.485332 0
    outer loop
      vertex -29.8089 13.5762 1.6
      vertex -31.2271 11.0213 4.6
      vertex -31.2271 11.0213 1.6
    endloop
  endfacet
  facet normal -0.534208 -0.845353 0
    outer loop
      vertex 18.7783 23.9463 1.6
      vertex 21.4425 22.2627 4.6
      vertex 18.7783 23.9463 4.6
    endloop
  endfacet
  facet normal -0.534208 -0.845353 -0
    outer loop
      vertex 21.4425 22.2627 4.6
      vertex 18.7783 23.9463 1.6
      vertex 21.4425 22.2627 1.6
    endloop
  endfacet
  facet normal -0.959408 0.28202 0
    outer loop
      vertex 32.3446 -8.3602 1.6
      vertex 33.1505 -5.6186 4.6
      vertex 33.1505 -5.6186 1.6
    endloop
  endfacet
  facet normal -0.959408 0.28202 0
    outer loop
      vertex 33.1505 -5.6186 4.6
      vertex 32.3446 -8.3602 1.6
      vertex 32.3446 -8.3602 4.6
    endloop
  endfacet
  facet normal 0.611219 -0.791461 0
    outer loop
      vertex -23.9002 20.3647 1.6
      vertex -21.4425 22.2627 4.6
      vertex -23.9002 20.3647 4.6
    endloop
  endfacet
  facet normal 0.611219 -0.791461 0
    outer loop
      vertex -21.4425 22.2627 4.6
      vertex -23.9002 20.3647 1.6
      vertex -21.4425 22.2627 1.6
    endloop
  endfacet
  facet normal 0.208721 -0.977975 0
    outer loop
      vertex -9.81162 27.5599 1.6
      vertex -6.59405 28.2466 4.6
      vertex -9.81162 27.5599 4.6
    endloop
  endfacet
  facet normal 0.208721 -0.977975 0
    outer loop
      vertex -6.59405 28.2466 4.6
      vertex -9.81162 27.5599 1.6
      vertex -6.59405 28.2466 1.6
    endloop
  endfacet
  facet normal -0.454823 0.890582 0
    outer loop
      vertex 18.7783 -23.9463 1.6
      vertex 15.9332 -25.3993 4.6
      vertex 18.7783 -23.9463 4.6
    endloop
  endfacet
  facet normal -0.454823 0.890582 0
    outer loop
      vertex 15.9332 -25.3993 4.6
      vertex 18.7783 -23.9463 1.6
      vertex 15.9332 -25.3993 1.6
    endloop
  endfacet
  facet normal -0.81792 -0.575331 0
    outer loop
      vertex 29.8089 13.5762 1.6
      vertex 28.1037 16.0004 4.6
      vertex 28.1037 16.0004 1.6
    endloop
  endfacet
  facet normal -0.81792 -0.575331 0
    outer loop
      vertex 28.1037 16.0004 4.6
      vertex 29.8089 13.5762 1.6
      vertex 29.8089 13.5762 4.6
    endloop
  endfacet
  facet normal 0.208721 0.977975 -0
    outer loop
      vertex -6.59405 -28.2466 1.6
      vertex -9.81162 -27.5599 4.6
      vertex -6.59405 -28.2466 4.6
    endloop
  endfacet
  facet normal 0.208721 0.977975 0
    outer loop
      vertex -9.81162 -27.5599 4.6
      vertex -6.59405 -28.2466 1.6
      vertex -9.81162 -27.5599 1.6
    endloop
  endfacet
  facet normal -0.985183 0.171509 0
    outer loop
      vertex 33.1505 -5.6186 1.6
      vertex 33.6372 -2.82289 4.6
      vertex 33.6372 -2.82289 1.6
    endloop
  endfacet
  facet normal -0.985183 0.171509 0
    outer loop
      vertex 33.6372 -2.82289 4.6
      vertex 33.1505 -5.6186 1.6
      vertex 33.1505 -5.6186 4.6
    endloop
  endfacet
  facet normal -0.208721 0.977975 0
    outer loop
      vertex 9.81162 -27.5599 1.6
      vertex 6.59405 -28.2466 4.6
      vertex 9.81162 -27.5599 4.6
    endloop
  endfacet
  facet normal -0.208721 0.977975 0
    outer loop
      vertex 6.59405 -28.2466 4.6
      vertex 9.81162 -27.5599 1.6
      vertex 6.59405 -28.2466 1.6
    endloop
  endfacet
  facet normal 0.534208 -0.845353 0
    outer loop
      vertex -21.4425 22.2627 1.6
      vertex -18.7783 23.9463 4.6
      vertex -21.4425 22.2627 4.6
    endloop
  endfacet
  facet normal 0.534208 -0.845353 0
    outer loop
      vertex -18.7783 23.9463 4.6
      vertex -21.4425 22.2627 1.6
      vertex -18.7783 23.9463 1.6
    endloop
  endfacet
  facet normal 0.454823 0.890582 -0
    outer loop
      vertex -15.9332 -25.3993 1.6
      vertex -18.7783 -23.9463 4.6
      vertex -15.9332 -25.3993 4.6
    endloop
  endfacet
  facet normal 0.454823 0.890582 0
    outer loop
      vertex -18.7783 -23.9463 4.6
      vertex -15.9332 -25.3993 1.6
      vertex -18.7783 -23.9463 1.6
    endloop
  endfacet
  facet normal 0.922002 -0.387185 0
    outer loop
      vertex -32.3446 8.3602 4.6
      vertex -31.2271 11.0213 1.6
      vertex -31.2271 11.0213 4.6
    endloop
  endfacet
  facet normal 0.922002 -0.387185 0
    outer loop
      vertex -31.2271 11.0213 1.6
      vertex -32.3446 8.3602 4.6
      vertex -32.3446 8.3602 1.6
    endloop
  endfacet
  facet normal 0.373789 0.927514 -0
    outer loop
      vertex -12.9347 -26.6077 1.6
      vertex -15.9332 -25.3993 4.6
      vertex -12.9347 -26.6077 4.6
    endloop
  endfacet
  facet normal 0.373789 0.927514 0
    outer loop
      vertex -15.9332 -25.3993 4.6
      vertex -12.9347 -26.6077 1.6
      vertex -15.9332 -25.3993 1.6
    endloop
  endfacet
  facet normal -0.208721 -0.977975 0
    outer loop
      vertex 6.59405 28.2466 1.6
      vertex 9.81162 27.5599 4.6
      vertex 6.59405 28.2466 4.6
    endloop
  endfacet
  facet normal -0.208721 -0.977975 -0
    outer loop
      vertex 9.81162 27.5599 4.6
      vertex 6.59405 28.2466 1.6
      vertex 9.81162 27.5599 1.6
    endloop
  endfacet
  facet normal -0.291637 0.956529 0
    outer loop
      vertex 12.9347 -26.6077 1.6
      vertex 9.81162 -27.5599 4.6
      vertex 12.9347 -26.6077 4.6
    endloop
  endfacet
  facet normal -0.291637 0.956529 0
    outer loop
      vertex 9.81162 -27.5599 4.6
      vertex 12.9347 -26.6077 1.6
      vertex 9.81162 -27.5599 1.6
    endloop
  endfacet
  facet normal 0.81792 -0.575331 0
    outer loop
      vertex -29.8089 13.5762 4.6
      vertex -28.1037 16.0004 1.6
      vertex -28.1037 16.0004 4.6
    endloop
  endfacet
  facet normal 0.81792 -0.575331 0
    outer loop
      vertex -28.1037 16.0004 1.6
      vertex -29.8089 13.5762 4.6
      vertex -29.8089 13.5762 1.6
    endloop
  endfacet
  facet normal -0.754293 -0.656538 0
    outer loop
      vertex 28.1037 16.0004 1.6
      vertex 26.1278 18.2705 4.6
      vertex 26.1278 18.2705 1.6
    endloop
  endfacet
  facet normal -0.754293 -0.656538 0
    outer loop
      vertex 26.1278 18.2705 4.6
      vertex 28.1037 16.0004 1.6
      vertex 28.1037 16.0004 4.6
    endloop
  endfacet
  facet normal -0.684954 -0.728586 0
    outer loop
      vertex 23.9002 20.3647 1.6
      vertex 26.1278 18.2705 4.6
      vertex 23.9002 20.3647 4.6
    endloop
  endfacet
  facet normal -0.684954 -0.728586 -0
    outer loop
      vertex 26.1278 18.2705 4.6
      vertex 23.9002 20.3647 1.6
      vertex 26.1278 18.2705 1.6
    endloop
  endfacet
  facet normal -0.373789 -0.927514 0
    outer loop
      vertex 12.9347 26.6077 1.6
      vertex 15.9332 25.3993 4.6
      vertex 12.9347 26.6077 4.6
    endloop
  endfacet
  facet normal -0.373789 -0.927514 -0
    outer loop
      vertex 15.9332 25.3993 4.6
      vertex 12.9347 26.6077 1.6
      vertex 15.9332 25.3993 1.6
    endloop
  endfacet
  facet normal 0.754293 -0.656538 0
    outer loop
      vertex -28.1037 16.0004 4.6
      vertex -26.1278 18.2705 1.6
      vertex -26.1278 18.2705 4.6
    endloop
  endfacet
  facet normal 0.754293 -0.656538 0
    outer loop
      vertex -26.1278 18.2705 1.6
      vertex -28.1037 16.0004 4.6
      vertex -28.1037 16.0004 1.6
    endloop
  endfacet
  facet normal 0.291637 -0.956529 0
    outer loop
      vertex -12.9347 26.6077 1.6
      vertex -9.81162 27.5599 4.6
      vertex -12.9347 26.6077 4.6
    endloop
  endfacet
  facet normal 0.291637 -0.956529 0
    outer loop
      vertex -9.81162 27.5599 4.6
      vertex -12.9347 26.6077 1.6
      vertex -9.81162 27.5599 1.6
    endloop
  endfacet
  facet normal -0.125394 -0.992107 0
    outer loop
      vertex 3.31298 28.6613 1.6
      vertex 6.59405 28.2466 4.6
      vertex 3.31298 28.6613 4.6
    endloop
  endfacet
  facet normal -0.125394 -0.992107 -0
    outer loop
      vertex 6.59405 28.2466 4.6
      vertex 3.31298 28.6613 1.6
      vertex 6.59405 28.2466 1.6
    endloop
  endfacet
  facet normal -0.041829 -0.999125 0
    outer loop
      vertex 0 28.8 1.6
      vertex 3.31298 28.6613 4.6
      vertex 0 28.8 4.6
    endloop
  endfacet
  facet normal -0.041829 -0.999125 -0
    outer loop
      vertex 3.31298 28.6613 4.6
      vertex 0 28.8 1.6
      vertex 3.31298 28.6613 1.6
    endloop
  endfacet
  facet normal 0.684954 0.728586 -0
    outer loop
      vertex -23.9002 -20.3647 1.6
      vertex -26.1278 -18.2705 4.6
      vertex -23.9002 -20.3647 4.6
    endloop
  endfacet
  facet normal 0.684954 0.728586 0
    outer loop
      vertex -26.1278 -18.2705 4.6
      vertex -23.9002 -20.3647 1.6
      vertex -26.1278 -18.2705 1.6
    endloop
  endfacet
  facet normal 0.611219 0.791461 -0
    outer loop
      vertex -21.4425 -22.2627 1.6
      vertex -23.9002 -20.3647 4.6
      vertex -21.4425 -22.2627 4.6
    endloop
  endfacet
  facet normal 0.611219 0.791461 0
    outer loop
      vertex -23.9002 -20.3647 4.6
      vertex -21.4425 -22.2627 1.6
      vertex -23.9002 -20.3647 1.6
    endloop
  endfacet
  facet normal -0.922002 -0.387185 0
    outer loop
      vertex 32.3446 8.3602 1.6
      vertex 31.2271 11.0213 4.6
      vertex 31.2271 11.0213 1.6
    endloop
  endfacet
  facet normal -0.922002 -0.387185 0
    outer loop
      vertex 31.2271 11.0213 4.6
      vertex 32.3446 8.3602 1.6
      vertex 32.3446 8.3602 4.6
    endloop
  endfacet
  facet normal -0.291637 -0.956529 0
    outer loop
      vertex 9.81162 27.5599 1.6
      vertex 12.9347 26.6077 4.6
      vertex 9.81162 27.5599 4.6
    endloop
  endfacet
  facet normal -0.291637 -0.956529 -0
    outer loop
      vertex 12.9347 26.6077 4.6
      vertex 9.81162 27.5599 1.6
      vertex 12.9347 26.6077 1.6
    endloop
  endfacet
  facet normal 0.373789 -0.927514 0
    outer loop
      vertex -15.9332 25.3993 1.6
      vertex -12.9347 26.6077 4.6
      vertex -15.9332 25.3993 4.6
    endloop
  endfacet
  facet normal 0.373789 -0.927514 0
    outer loop
      vertex -12.9347 26.6077 4.6
      vertex -15.9332 25.3993 1.6
      vertex -12.9347 26.6077 1.6
    endloop
  endfacet
  facet normal 0.454823 -0.890582 0
    outer loop
      vertex -18.7783 23.9463 1.6
      vertex -15.9332 25.3993 4.6
      vertex -18.7783 23.9463 4.6
    endloop
  endfacet
  facet normal 0.454823 -0.890582 0
    outer loop
      vertex -15.9332 25.3993 4.6
      vertex -18.7783 23.9463 1.6
      vertex -15.9332 25.3993 1.6
    endloop
  endfacet
  facet normal -0.959408 -0.28202 0
    outer loop
      vertex 33.1505 5.6186 1.6
      vertex 32.3446 8.3602 4.6
      vertex 32.3446 8.3602 1.6
    endloop
  endfacet
  facet normal -0.959408 -0.28202 0
    outer loop
      vertex 32.3446 8.3602 4.6
      vertex 33.1505 5.6186 1.6
      vertex 33.1505 5.6186 4.6
    endloop
  endfacet
  facet normal -0.985183 -0.171509 0
    outer loop
      vertex 33.6372 2.82289 1.6
      vertex 33.1505 5.6186 4.6
      vertex 33.1505 5.6186 1.6
    endloop
  endfacet
  facet normal -0.985183 -0.171509 0
    outer loop
      vertex 33.1505 5.6186 4.6
      vertex 33.6372 2.82289 1.6
      vertex 33.6372 2.82289 4.6
    endloop
  endfacet
  facet normal -0.998341 -0.0575757 0
    outer loop
      vertex 33.8 0 1.6
      vertex 33.6372 2.82289 4.6
      vertex 33.6372 2.82289 1.6
    endloop
  endfacet
  facet normal -0.998341 -0.0575757 0
    outer loop
      vertex 33.6372 2.82289 4.6
      vertex 33.8 0 1.6
      vertex 33.8 0 4.6
    endloop
  endfacet
  facet normal 0.989176 0.146737 0
    outer loop
      vertex -4.76324 9.76955 11.6
      vertex -4.80284 10.0365 1.6
      vertex -4.80284 10.0365 11.6
    endloop
  endfacet
  facet normal 0.989176 0.146737 0
    outer loop
      vertex -4.80284 10.0365 1.6
      vertex -4.76324 9.76955 11.6
      vertex -4.76324 9.76955 1.6
    endloop
  endfacet
  facet normal 0.998796 0.0490598 0
    outer loop
      vertex -4.75 9.5 11.6
      vertex -4.76324 9.76955 1.6
      vertex -4.76324 9.76955 11.6
    endloop
  endfacet
  facet normal 0.998796 0.0490598 0
    outer loop
      vertex -4.76324 9.76955 1.6
      vertex -4.75 9.5 11.6
      vertex -4.75 9.5 1.6
    endloop
  endfacet
  facet normal 0.970038 0.242954 0
    outer loop
      vertex -4.80284 10.0365 11.6
      vertex -4.86841 10.2983 1.6
      vertex -4.86841 10.2983 11.6
    endloop
  endfacet
  facet normal 0.970038 0.242954 0
    outer loop
      vertex -4.86841 10.2983 1.6
      vertex -4.80284 10.0365 11.6
      vertex -4.80284 10.0365 1.6
    endloop
  endfacet
  facet normal 0.595555 0.803314 -0
    outer loop
      vertex -5.75542 11.6258 1.6
      vertex -5.97218 11.7865 11.6
      vertex -5.75542 11.6258 11.6
    endloop
  endfacet
  facet normal 0.595555 0.803314 0
    outer loop
      vertex -5.97218 11.7865 11.6
      vertex -5.75542 11.6258 1.6
      vertex -5.97218 11.7865 1.6
    endloop
  endfacet
  facet normal 0.427602 0.903967 -0
    outer loop
      vertex -6.20366 11.9253 1.6
      vertex -6.44762 12.0407 11.6
      vertex -6.20366 11.9253 11.6
    endloop
  endfacet
  facet normal 0.427602 0.903967 0
    outer loop
      vertex -6.44762 12.0407 11.6
      vertex -6.20366 11.9253 1.6
      vertex -6.44762 12.0407 1.6
    endloop
  endfacet
  facet normal -0.336829 0.941566 0
    outer loop
      vertex -8.29828 12.1316 1.6
      vertex -8.55238 12.0407 11.6
      vertex -8.29828 12.1316 11.6
    endloop
  endfacet
  facet normal -0.336829 0.941566 0
    outer loop
      vertex -8.55238 12.0407 11.6
      vertex -8.29828 12.1316 1.6
      vertex -8.55238 12.0407 1.6
    endloop
  endfacet
  facet normal -0.0490598 -0.998796 0
    outer loop
      vertex -7.76955 6.76324 1.6
      vertex -7.5 6.75 11.6
      vertex -7.76955 6.76324 11.6
    endloop
  endfacet
  facet normal -0.0490598 -0.998796 -0
    outer loop
      vertex -7.5 6.75 11.6
      vertex -7.76955 6.76324 1.6
      vertex -7.5 6.75 1.6
    endloop
  endfacet
  facet normal 0.80326 0.595628 0
    outer loop
      vertex -5.21346 11.0278 11.6
      vertex -5.37422 11.2446 1.6
      vertex -5.37422 11.2446 11.6
    endloop
  endfacet
  facet normal 0.80326 0.595628 0
    outer loop
      vertex -5.37422 11.2446 1.6
      vertex -5.21346 11.0278 11.6
      vertex -5.21346 11.0278 1.6
    endloop
  endfacet
  facet normal -0.336895 -0.941542 0
    outer loop
      vertex -8.55238 6.95933 1.6
      vertex -8.29828 6.86841 11.6
      vertex -8.55238 6.95933 11.6
    endloop
  endfacet
  facet normal -0.336895 -0.941542 -0
    outer loop
      vertex -8.29828 6.86841 11.6
      vertex -8.55238 6.95933 1.6
      vertex -8.29828 6.86841 1.6
    endloop
  endfacet
  facet normal 0.740939 -0.671573 0
    outer loop
      vertex -5.55546 7.55546 11.6
      vertex -5.37422 7.75542 1.6
      vertex -5.37422 7.75542 11.6
    endloop
  endfacet
  facet normal 0.740939 -0.671573 0
    outer loop
      vertex -5.37422 7.75542 1.6
      vertex -5.55546 7.55546 11.6
      vertex -5.55546 7.55546 1.6
    endloop
  endfacet
  facet normal -0.998803 -0.0489119 0
    outer loop
      vertex -10.2368 9.23045 1.6
      vertex -10.25 9.5 11.6
      vertex -10.25 9.5 1.6
    endloop
  endfacet
  facet normal -0.998803 -0.0489119 0
    outer loop
      vertex -10.25 9.5 11.6
      vertex -10.2368 9.23045 1.6
      vertex -10.2368 9.23045 11.6
    endloop
  endfacet
  facet normal 0.970033 -0.242972 0
    outer loop
      vertex -4.86841 8.70172 11.6
      vertex -4.80284 8.9635 1.6
      vertex -4.80284 8.9635 11.6
    endloop
  endfacet
  facet normal 0.970033 -0.242972 0
    outer loop
      vertex -4.80284 8.9635 1.6
      vertex -4.86841 8.70172 11.6
      vertex -4.86841 8.70172 1.6
    endloop
  endfacet
  facet normal 0.903981 -0.427572 0
    outer loop
      vertex -5.07472 8.20366 11.6
      vertex -4.95933 8.44762 1.6
      vertex -4.95933 8.44762 11.6
    endloop
  endfacet
  facet normal 0.903981 -0.427572 0
    outer loop
      vertex -4.95933 8.44762 1.6
      vertex -5.07472 8.20366 11.6
      vertex -5.07472 8.20366 1.6
    endloop
  endfacet
  facet normal -0.80326 0.595628 0
    outer loop
      vertex -9.78654 11.0278 1.6
      vertex -9.62578 11.2446 11.6
      vertex -9.62578 11.2446 1.6
    endloop
  endfacet
  facet normal -0.80326 0.595628 0
    outer loop
      vertex -9.62578 11.2446 11.6
      vertex -9.78654 11.0278 1.6
      vertex -9.78654 11.0278 11.6
    endloop
  endfacet
  facet normal -0.903938 -0.427663 0
    outer loop
      vertex -9.92528 8.20366 1.6
      vertex -10.0407 8.44762 11.6
      vertex -10.0407 8.44762 1.6
    endloop
  endfacet
  facet normal -0.903938 -0.427663 0
    outer loop
      vertex -10.0407 8.44762 11.6
      vertex -9.92528 8.20366 1.6
      vertex -9.92528 8.20366 11.6
    endloop
  endfacet
  facet normal -0.514256 0.857637 0
    outer loop
      vertex -8.79634 11.9253 1.6
      vertex -9.02782 11.7865 11.6
      vertex -8.79634 11.9253 11.6
    endloop
  endfacet
  facet normal -0.514256 0.857637 0
    outer loop
      vertex -9.02782 11.7865 11.6
      vertex -8.79634 11.9253 1.6
      vertex -9.02782 11.7865 1.6
    endloop
  endfacet
  facet normal 0.671573 -0.740939 0
    outer loop
      vertex -5.75542 7.37422 1.6
      vertex -5.55546 7.55546 11.6
      vertex -5.75542 7.37422 11.6
    endloop
  endfacet
  facet normal 0.671573 -0.740939 0
    outer loop
      vertex -5.55546 7.55546 11.6
      vertex -5.75542 7.37422 1.6
      vertex -5.55546 7.55546 1.6
    endloop
  endfacet
  facet normal -0.740838 0.671683 0
    outer loop
      vertex -9.62578 11.2446 1.6
      vertex -9.44454 11.4445 11.6
      vertex -9.44454 11.4445 1.6
    endloop
  endfacet
  facet normal -0.740838 0.671683 0
    outer loop
      vertex -9.44454 11.4445 11.6
      vertex -9.62578 11.2446 1.6
      vertex -9.62578 11.2446 11.6
    endloop
  endfacet
  facet normal 0.146737 -0.989176 0
    outer loop
      vertex -7.23045 6.76324 1.6
      vertex -6.9635 6.80284 11.6
      vertex -7.23045 6.76324 11.6
    endloop
  endfacet
  facet normal 0.146737 -0.989176 0
    outer loop
      vertex -6.9635 6.80284 11.6
      vertex -7.23045 6.76324 1.6
      vertex -6.9635 6.80284 1.6
    endloop
  endfacet
  facet normal -0.989176 -0.146737 0
    outer loop
      vertex -10.1972 8.9635 1.6
      vertex -10.2368 9.23045 11.6
      vertex -10.2368 9.23045 1.6
    endloop
  endfacet
  facet normal -0.989176 -0.146737 0
    outer loop
      vertex -10.2368 9.23045 11.6
      vertex -10.1972 8.9635 1.6
      vertex -10.1972 8.9635 11.6
    endloop
  endfacet
  facet normal 0.941542 -0.336895 0
    outer loop
      vertex -4.95933 8.44762 11.6
      vertex -4.86841 8.70172 1.6
      vertex -4.86841 8.70172 11.6
    endloop
  endfacet
  facet normal 0.941542 -0.336895 0
    outer loop
      vertex -4.86841 8.70172 1.6
      vertex -4.95933 8.44762 11.6
      vertex -4.95933 8.44762 1.6
    endloop
  endfacet
  facet normal 0.336895 -0.941542 0
    outer loop
      vertex -6.70172 6.86841 1.6
      vertex -6.44762 6.95933 11.6
      vertex -6.70172 6.86841 11.6
    endloop
  endfacet
  facet normal 0.336895 -0.941542 0
    outer loop
      vertex -6.44762 6.95933 11.6
      vertex -6.70172 6.86841 1.6
      vertex -6.44762 6.95933 1.6
    endloop
  endfacet
  facet normal -0.857735 -0.514092 0
    outer loop
      vertex -9.78654 7.97218 1.6
      vertex -9.92528 8.20366 11.6
      vertex -9.92528 8.20366 1.6
    endloop
  endfacet
  facet normal -0.857735 -0.514092 0
    outer loop
      vertex -9.92528 8.20366 11.6
      vertex -9.78654 7.97218 1.6
      vertex -9.78654 7.97218 11.6
    endloop
  endfacet
  facet normal -0.941566 0.336829 0
    outer loop
      vertex -10.1316 10.2983 1.6
      vertex -10.0407 10.5524 11.6
      vertex -10.0407 10.5524 1.6
    endloop
  endfacet
  facet normal -0.941566 0.336829 0
    outer loop
      vertex -10.0407 10.5524 11.6
      vertex -10.1316 10.2983 1.6
      vertex -10.1316 10.2983 11.6
    endloop
  endfacet
  facet normal -0.146737 0.989176 0
    outer loop
      vertex -7.76955 12.2368 1.6
      vertex -8.0365 12.1972 11.6
      vertex -7.76955 12.2368 11.6
    endloop
  endfacet
  facet normal -0.146737 0.989176 0
    outer loop
      vertex -8.0365 12.1972 11.6
      vertex -7.76955 12.2368 1.6
      vertex -8.0365 12.1972 1.6
    endloop
  endfacet
  facet normal -0.970007 -0.243076 0
    outer loop
      vertex -10.1316 8.70172 1.6
      vertex -10.1972 8.9635 11.6
      vertex -10.1972 8.9635 1.6
    endloop
  endfacet
  facet normal -0.970007 -0.243076 0
    outer loop
      vertex -10.1972 8.9635 11.6
      vertex -10.1316 8.70172 1.6
      vertex -10.1316 8.70172 11.6
    endloop
  endfacet
  facet normal -0.671695 0.740828 0
    outer loop
      vertex -9.24458 11.6258 1.6
      vertex -9.44454 11.4445 11.6
      vertex -9.24458 11.6258 11.6
    endloop
  endfacet
  facet normal -0.671695 0.740828 0
    outer loop
      vertex -9.44454 11.4445 11.6
      vertex -9.24458 11.6258 1.6
      vertex -9.44454 11.4445 1.6
    endloop
  endfacet
  facet normal 0.336829 0.941566 -0
    outer loop
      vertex -6.44762 12.0407 1.6
      vertex -6.70172 12.1316 11.6
      vertex -6.44762 12.0407 11.6
    endloop
  endfacet
  facet normal 0.336829 0.941566 0
    outer loop
      vertex -6.70172 12.1316 11.6
      vertex -6.44762 12.0407 1.6
      vertex -6.70172 12.1316 1.6
    endloop
  endfacet
  facet normal -0.989176 0.146737 0
    outer loop
      vertex -10.2368 9.76955 1.6
      vertex -10.1972 10.0365 11.6
      vertex -10.1972 10.0365 1.6
    endloop
  endfacet
  facet normal -0.989176 0.146737 0
    outer loop
      vertex -10.1972 10.0365 11.6
      vertex -10.2368 9.76955 1.6
      vertex -10.2368 9.76955 11.6
    endloop
  endfacet
  facet normal 0.989176 -0.146737 0
    outer loop
      vertex -4.80284 8.9635 11.6
      vertex -4.76324 9.23045 1.6
      vertex -4.76324 9.23045 11.6
    endloop
  endfacet
  facet normal 0.989176 -0.146737 0
    outer loop
      vertex -4.76324 9.23045 1.6
      vertex -4.80284 8.9635 11.6
      vertex -4.80284 8.9635 1.6
    endloop
  endfacet
  facet normal 0.998796 -0.0490598 0
    outer loop
      vertex -4.76324 9.23045 11.6
      vertex -4.75 9.5 1.6
      vertex -4.75 9.5 11.6
    endloop
  endfacet
  facet normal 0.998796 -0.0490598 0
    outer loop
      vertex -4.75 9.5 1.6
      vertex -4.76324 9.23045 11.6
      vertex -4.76324 9.23045 1.6
    endloop
  endfacet
  facet normal 0.146737 0.989176 -0
    outer loop
      vertex -6.9635 12.1972 1.6
      vertex -7.23045 12.2368 11.6
      vertex -6.9635 12.1972 11.6
    endloop
  endfacet
  facet normal 0.146737 0.989176 0
    outer loop
      vertex -7.23045 12.2368 11.6
      vertex -6.9635 12.1972 1.6
      vertex -7.23045 12.2368 1.6
    endloop
  endfacet
  facet normal 0.514256 0.857637 -0
    outer loop
      vertex -5.97218 11.7865 1.6
      vertex -6.20366 11.9253 11.6
      vertex -5.97218 11.7865 11.6
    endloop
  endfacet
  facet normal 0.514256 0.857637 0
    outer loop
      vertex -6.20366 11.9253 11.6
      vertex -5.97218 11.7865 1.6
      vertex -6.20366 11.9253 1.6
    endloop
  endfacet
  facet normal -0.427602 0.903967 0
    outer loop
      vertex -8.55238 12.0407 1.6
      vertex -8.79634 11.9253 11.6
      vertex -8.55238 12.0407 11.6
    endloop
  endfacet
  facet normal -0.427602 0.903967 0
    outer loop
      vertex -8.79634 11.9253 11.6
      vertex -8.55238 12.0407 1.6
      vertex -8.79634 11.9253 1.6
    endloop
  endfacet
  facet normal 0.740838 0.671683 0
    outer loop
      vertex -5.37422 11.2446 11.6
      vertex -5.55546 11.4445 1.6
      vertex -5.55546 11.4445 11.6
    endloop
  endfacet
  facet normal 0.740838 0.671683 0
    outer loop
      vertex -5.55546 11.4445 1.6
      vertex -5.37422 11.2446 11.6
      vertex -5.37422 11.2446 1.6
    endloop
  endfacet
  facet normal 0.595699 -0.803208 0
    outer loop
      vertex -5.97218 7.21346 1.6
      vertex -5.75542 7.37422 11.6
      vertex -5.97218 7.21346 11.6
    endloop
  endfacet
  facet normal 0.595699 -0.803208 0
    outer loop
      vertex -5.75542 7.37422 11.6
      vertex -5.97218 7.21346 1.6
      vertex -5.75542 7.37422 1.6
    endloop
  endfacet
  facet normal 0.427572 -0.903981 0
    outer loop
      vertex -6.44762 6.95933 1.6
      vertex -6.20366 7.07472 11.6
      vertex -6.44762 6.95933 11.6
    endloop
  endfacet
  facet normal 0.427572 -0.903981 0
    outer loop
      vertex -6.20366 7.07472 11.6
      vertex -6.44762 6.95933 1.6
      vertex -6.20366 7.07472 1.6
    endloop
  endfacet
  facet normal 0.941542 0.336895 0
    outer loop
      vertex -4.86841 10.2983 11.6
      vertex -4.95933 10.5524 1.6
      vertex -4.95933 10.5524 11.6
    endloop
  endfacet
  facet normal 0.941542 0.336895 0
    outer loop
      vertex -4.95933 10.5524 1.6
      vertex -4.86841 10.2983 11.6
      vertex -4.86841 10.2983 1.6
    endloop
  endfacet
  facet normal -0.803208 -0.595699 0
    outer loop
      vertex -9.62578 7.75542 1.6
      vertex -9.78654 7.97218 11.6
      vertex -9.78654 7.97218 1.6
    endloop
  endfacet
  facet normal -0.803208 -0.595699 0
    outer loop
      vertex -9.78654 7.97218 11.6
      vertex -9.62578 7.75542 1.6
      vertex -9.62578 7.75542 11.6
    endloop
  endfacet
  facet normal 0.903941 0.427658 0
    outer loop
      vertex -4.95933 10.5524 11.6
      vertex -5.07472 10.7963 1.6
      vertex -5.07472 10.7963 11.6
    endloop
  endfacet
  facet normal 0.903941 0.427658 0
    outer loop
      vertex -5.07472 10.7963 1.6
      vertex -4.95933 10.5524 11.6
      vertex -4.95933 10.5524 1.6
    endloop
  endfacet
  facet normal -0.0489119 0.998803 0
    outer loop
      vertex -7.5 12.25 1.6
      vertex -7.76955 12.2368 11.6
      vertex -7.5 12.25 11.6
    endloop
  endfacet
  facet normal -0.0489119 0.998803 0
    outer loop
      vertex -7.76955 12.2368 11.6
      vertex -7.5 12.25 1.6
      vertex -7.76955 12.2368 1.6
    endloop
  endfacet
  facet normal 0.857754 0.51406 0
    outer loop
      vertex -5.07472 10.7963 11.6
      vertex -5.21346 11.0278 1.6
      vertex -5.21346 11.0278 11.6
    endloop
  endfacet
  facet normal 0.857754 0.51406 0
    outer loop
      vertex -5.21346 11.0278 1.6
      vertex -5.07472 10.7963 11.6
      vertex -5.07472 10.7963 1.6
    endloop
  endfacet
  facet normal -0.595555 0.803314 0
    outer loop
      vertex -9.02782 11.7865 1.6
      vertex -9.24458 11.6258 11.6
      vertex -9.02782 11.7865 11.6
    endloop
  endfacet
  facet normal -0.595555 0.803314 0
    outer loop
      vertex -9.24458 11.6258 11.6
      vertex -9.02782 11.7865 1.6
      vertex -9.24458 11.6258 1.6
    endloop
  endfacet
  facet normal -0.903898 0.427749 0
    outer loop
      vertex -10.0407 10.5524 1.6
      vertex -9.92528 10.7963 11.6
      vertex -9.92528 10.7963 1.6
    endloop
  endfacet
  facet normal -0.903898 0.427749 0
    outer loop
      vertex -9.92528 10.7963 11.6
      vertex -10.0407 10.5524 1.6
      vertex -10.0407 10.5524 11.6
    endloop
  endfacet
  facet normal -0.242972 -0.970033 0
    outer loop
      vertex -8.29828 6.86841 1.6
      vertex -8.0365 6.80284 11.6
      vertex -8.29828 6.86841 11.6
    endloop
  endfacet
  facet normal -0.242972 -0.970033 -0
    outer loop
      vertex -8.0365 6.80284 11.6
      vertex -8.29828 6.86841 1.6
      vertex -8.0365 6.80284 1.6
    endloop
  endfacet
  facet normal -0.740939 -0.671573 0
    outer loop
      vertex -9.44454 7.55546 1.6
      vertex -9.62578 7.75542 11.6
      vertex -9.62578 7.75542 1.6
    endloop
  endfacet
  facet normal -0.740939 -0.671573 0
    outer loop
      vertex -9.62578 7.75542 11.6
      vertex -9.44454 7.55546 1.6
      vertex -9.44454 7.55546 11.6
    endloop
  endfacet
  facet normal 0.0489119 0.998803 -0
    outer loop
      vertex -7.23045 12.2368 1.6
      vertex -7.5 12.25 11.6
      vertex -7.23045 12.2368 11.6
    endloop
  endfacet
  facet normal 0.0489119 0.998803 0
    outer loop
      vertex -7.5 12.25 11.6
      vertex -7.23045 12.2368 1.6
      vertex -7.5 12.25 1.6
    endloop
  endfacet
  facet normal -0.243076 0.970007 0
    outer loop
      vertex -8.0365 12.1972 1.6
      vertex -8.29828 12.1316 11.6
      vertex -8.0365 12.1972 11.6
    endloop
  endfacet
  facet normal -0.243076 0.970007 0
    outer loop
      vertex -8.29828 12.1316 11.6
      vertex -8.0365 12.1972 1.6
      vertex -8.29828 12.1316 1.6
    endloop
  endfacet
  facet normal -0.514092 -0.857735 0
    outer loop
      vertex -9.02782 7.21346 1.6
      vertex -8.79634 7.07472 11.6
      vertex -9.02782 7.21346 11.6
    endloop
  endfacet
  facet normal -0.514092 -0.857735 -0
    outer loop
      vertex -8.79634 7.07472 11.6
      vertex -9.02782 7.21346 1.6
      vertex -8.79634 7.07472 1.6
    endloop
  endfacet
  facet normal 0.803208 -0.595699 0
    outer loop
      vertex -5.37422 7.75542 11.6
      vertex -5.21346 7.97218 1.6
      vertex -5.21346 7.97218 11.6
    endloop
  endfacet
  facet normal 0.803208 -0.595699 0
    outer loop
      vertex -5.21346 7.97218 1.6
      vertex -5.37422 7.75542 11.6
      vertex -5.37422 7.75542 1.6
    endloop
  endfacet
  facet normal -0.941566 -0.336829 0
    outer loop
      vertex -10.0407 8.44762 1.6
      vertex -10.1316 8.70172 11.6
      vertex -10.1316 8.70172 1.6
    endloop
  endfacet
  facet normal -0.941566 -0.336829 0
    outer loop
      vertex -10.1316 8.70172 11.6
      vertex -10.0407 8.44762 1.6
      vertex -10.0407 8.44762 11.6
    endloop
  endfacet
  facet normal 0.0490598 -0.998796 0
    outer loop
      vertex -7.5 6.75 1.6
      vertex -7.23045 6.76324 11.6
      vertex -7.5 6.75 11.6
    endloop
  endfacet
  facet normal 0.0490598 -0.998796 0
    outer loop
      vertex -7.23045 6.76324 11.6
      vertex -7.5 6.75 1.6
      vertex -7.23045 6.76324 1.6
    endloop
  endfacet
  facet normal -0.671573 -0.740939 0
    outer loop
      vertex -9.44454 7.55546 1.6
      vertex -9.24458 7.37422 11.6
      vertex -9.44454 7.55546 11.6
    endloop
  endfacet
  facet normal -0.671573 -0.740939 -0
    outer loop
      vertex -9.24458 7.37422 11.6
      vertex -9.44454 7.55546 1.6
      vertex -9.24458 7.37422 1.6
    endloop
  endfacet
  facet normal -0.146737 -0.989176 0
    outer loop
      vertex -8.0365 6.80284 1.6
      vertex -7.76955 6.76324 11.6
      vertex -8.0365 6.80284 11.6
    endloop
  endfacet
  facet normal -0.146737 -0.989176 -0
    outer loop
      vertex -7.76955 6.76324 11.6
      vertex -8.0365 6.80284 1.6
      vertex -7.76955 6.76324 1.6
    endloop
  endfacet
  facet normal -0.970012 0.243059 0
    outer loop
      vertex -10.1972 10.0365 1.6
      vertex -10.1316 10.2983 11.6
      vertex -10.1316 10.2983 1.6
    endloop
  endfacet
  facet normal -0.970012 0.243059 0
    outer loop
      vertex -10.1316 10.2983 11.6
      vertex -10.1972 10.0365 1.6
      vertex -10.1972 10.0365 11.6
    endloop
  endfacet
  facet normal 0.242972 -0.970033 0
    outer loop
      vertex -6.9635 6.80284 1.6
      vertex -6.70172 6.86841 11.6
      vertex -6.9635 6.80284 11.6
    endloop
  endfacet
  facet normal 0.242972 -0.970033 0
    outer loop
      vertex -6.70172 6.86841 11.6
      vertex -6.9635 6.80284 1.6
      vertex -6.70172 6.86841 1.6
    endloop
  endfacet
  facet normal 0.671695 0.740828 -0
    outer loop
      vertex -5.55546 11.4445 1.6
      vertex -5.75542 11.6258 11.6
      vertex -5.55546 11.4445 11.6
    endloop
  endfacet
  facet normal 0.671695 0.740828 0
    outer loop
      vertex -5.75542 11.6258 11.6
      vertex -5.55546 11.4445 1.6
      vertex -5.75542 11.6258 1.6
    endloop
  endfacet
  facet normal 0.514092 -0.857735 0
    outer loop
      vertex -6.20366 7.07472 1.6
      vertex -5.97218 7.21346 11.6
      vertex -6.20366 7.07472 11.6
    endloop
  endfacet
  facet normal 0.514092 -0.857735 0
    outer loop
      vertex -5.97218 7.21346 11.6
      vertex -6.20366 7.07472 1.6
      vertex -5.97218 7.21346 1.6
    endloop
  endfacet
  facet normal 0.857735 -0.514092 0
    outer loop
      vertex -5.21346 7.97218 11.6
      vertex -5.07472 8.20366 1.6
      vertex -5.07472 8.20366 11.6
    endloop
  endfacet
  facet normal 0.857735 -0.514092 0
    outer loop
      vertex -5.07472 8.20366 1.6
      vertex -5.21346 7.97218 11.6
      vertex -5.21346 7.97218 1.6
    endloop
  endfacet
  facet normal -0.857754 0.51406 0
    outer loop
      vertex -9.92528 10.7963 1.6
      vertex -9.78654 11.0278 11.6
      vertex -9.78654 11.0278 1.6
    endloop
  endfacet
  facet normal -0.857754 0.51406 0
    outer loop
      vertex -9.78654 11.0278 11.6
      vertex -9.92528 10.7963 1.6
      vertex -9.92528 10.7963 11.6
    endloop
  endfacet
  facet normal -0.595699 -0.803208 0
    outer loop
      vertex -9.24458 7.37422 1.6
      vertex -9.02782 7.21346 11.6
      vertex -9.24458 7.37422 11.6
    endloop
  endfacet
  facet normal -0.595699 -0.803208 -0
    outer loop
      vertex -9.02782 7.21346 11.6
      vertex -9.24458 7.37422 1.6
      vertex -9.02782 7.21346 1.6
    endloop
  endfacet
  facet normal 0 0 1
    outer loop
      vertex -5.9 9.5 11.6
      vertex -4.75 9.5 11.6
      vertex -4.76324 9.76955 11.6
    endloop
  endfacet
  facet normal 0 0 1
    outer loop
      vertex -5.9077 9.65683 11.6
      vertex -4.76324 9.76955 11.6
      vertex -4.80284 10.0365 11.6
    endloop
  endfacet
  facet normal 0 0 1
    outer loop
      vertex -4.75 9.5 11.6
      vertex -5.9 9.5 11.6
      vertex -4.76324 9.23045 11.6
    endloop
  endfacet
  facet normal 0 0 1
    outer loop
      vertex -5.93074 9.81214 11.6
      vertex -4.80284 10.0365 11.6
      vertex -4.86841 10.2983 11.6
    endloop
  endfacet
  facet normal -0 0 1
    outer loop
      vertex -5.9077 9.34317 11.6
      vertex -4.76324 9.23045 11.6
      vertex -5.9 9.5 11.6
    endloop
  endfacet
  facet normal 0 0 1
    outer loop
      vertex -5.96889 9.96445 11.6
      vertex -4.86841 10.2983 11.6
      vertex -4.95933 10.5524 11.6
    endloop
  endfacet
  facet normal 0 0 1
    outer loop
      vertex -4.76324 9.23045 11.6
      vertex -5.9077 9.34317 11.6
      vertex -4.80284 8.9635 11.6
    endloop
  endfacet
  facet normal 0 0 1
    outer loop
      vertex -6.02179 10.1123 11.6
      vertex -4.95933 10.5524 11.6
      vertex -5.07472 10.7963 11.6
    endloop
  endfacet
  facet normal -0 0 1
    outer loop
      vertex -5.93074 9.18785 11.6
      vertex -4.80284 8.9635 11.6
      vertex -5.9077 9.34317 11.6
    endloop
  endfacet
  facet normal 0 0 1
    outer loop
      vertex -6.08893 10.2542 11.6
      vertex -5.07472 10.7963 11.6
      vertex -5.21346 11.0278 11.6
    endloop
  endfacet
  facet normal 0 0 1
    outer loop
      vertex -4.80284 8.9635 11.6
      vertex -5.93074 9.18785 11.6
      vertex -4.86841 8.70172 11.6
    endloop
  endfacet
  facet normal 0 0 1
    outer loop
      vertex -6.16965 10.3889 11.6
      vertex -5.21346 11.0278 11.6
      vertex -5.37422 11.2446 11.6
    endloop
  endfacet
  facet normal -0 0 1
    outer loop
      vertex -5.96889 9.03554 11.6
      vertex -4.86841 8.70172 11.6
      vertex -5.93074 9.18785 11.6
    endloop
  endfacet
  facet normal 0 0 1
    outer loop
      vertex -6.26318 10.515 11.6
      vertex -5.37422 11.2446 11.6
      vertex -5.55546 11.4445 11.6
    endloop
  endfacet
  facet normal 0 0 1
    outer loop
      vertex -4.86841 8.70172 11.6
      vertex -5.96889 9.03554 11.6
      vertex -4.95933 8.44762 11.6
    endloop
  endfacet
  facet normal 0 0 1
    outer loop
      vertex -6.36863 10.6314 11.6
      vertex -5.55546 11.4445 11.6
      vertex -5.75542 11.6258 11.6
    endloop
  endfacet
  facet normal -0 0 1
    outer loop
      vertex -6.02179 8.88771 11.6
      vertex -4.95933 8.44762 11.6
      vertex -5.96889 9.03554 11.6
    endloop
  endfacet
  facet normal 0 0 1
    outer loop
      vertex -4.95933 8.44762 11.6
      vertex -6.02179 8.88771 11.6
      vertex -5.07472 8.20366 11.6
    endloop
  endfacet
  facet normal 0 0 1
    outer loop
      vertex -4.76324 9.76955 11.6
      vertex -5.9077 9.65683 11.6
      vertex -5.9 9.5 11.6
    endloop
  endfacet
  facet normal 0 0 1
    outer loop
      vertex -4.80284 10.0365 11.6
      vertex -5.93074 9.81214 11.6
      vertex -5.9077 9.65683 11.6
    endloop
  endfacet
  facet normal 0 0 1
    outer loop
      vertex -4.86841 10.2983 11.6
      vertex -5.96889 9.96445 11.6
      vertex -5.93074 9.81214 11.6
    endloop
  endfacet
  facet normal 0 0 1
    outer loop
      vertex -6.48497 10.7368 11.6
      vertex -5.75542 11.6258 11.6
      vertex -5.97218 11.7865 11.6
    endloop
  endfacet
  facet normal 0 0 1
    outer loop
      vertex -4.95933 10.5524 11.6
      vertex -6.02179 10.1123 11.6
      vertex -5.96889 9.96445 11.6
    endloop
  endfacet
  facet normal 0 0 1
    outer loop
      vertex -5.07472 10.7963 11.6
      vertex -6.08893 10.2542 11.6
      vertex -6.02179 10.1123 11.6
    endloop
  endfacet
  facet normal 0 0 1
    outer loop
      vertex -5.21346 11.0278 11.6
      vertex -6.16965 10.3889 11.6
      vertex -6.08893 10.2542 11.6
    endloop
  endfacet
  facet normal 0 0 1
    outer loop
      vertex -6.61109 10.8304 11.6
      vertex -5.97218 11.7865 11.6
      vertex -6.20366 11.9253 11.6
    endloop
  endfacet
  facet normal 0 0 1
    outer loop
      vertex -5.37422 11.2446 11.6
      vertex -6.26318 10.515 11.6
      vertex -6.16965 10.3889 11.6
    endloop
  endfacet
  facet normal 0 0 1
    outer loop
      vertex -5.55546 11.4445 11.6
      vertex -6.36863 10.6314 11.6
      vertex -6.26318 10.515 11.6
    endloop
  endfacet
  facet normal 0 0 1
    outer loop
      vertex -6.74576 10.9111 11.6
      vertex -6.20366 11.9253 11.6
      vertex -6.44762 12.0407 11.6
    endloop
  endfacet
  facet normal 0 0 1
    outer loop
      vertex -5.75542 11.6258 11.6
      vertex -6.48497 10.7368 11.6
      vertex -6.36863 10.6314 11.6
    endloop
  endfacet
  facet normal 0 0 1
    outer loop
      vertex -5.97218 11.7865 11.6
      vertex -6.61109 10.8304 11.6
      vertex -6.48497 10.7368 11.6
    endloop
  endfacet
  facet normal 0 0 1
    outer loop
      vertex -6.88771 10.9782 11.6
      vertex -6.44762 12.0407 11.6
      vertex -6.70172 12.1316 11.6
    endloop
  endfacet
  facet normal 0 0 1
    outer loop
      vertex -6.20366 11.9253 11.6
      vertex -6.74576 10.9111 11.6
      vertex -6.61109 10.8304 11.6
    endloop
  endfacet
  facet normal 0 0 1
    outer loop
      vertex -6.44762 12.0407 11.6
      vertex -6.88771 10.9782 11.6
      vertex -6.74576 10.9111 11.6
    endloop
  endfacet
  facet normal 0 0 1
    outer loop
      vertex -7.03554 11.0311 11.6
      vertex -6.70172 12.1316 11.6
      vertex -6.9635 12.1972 11.6
    endloop
  endfacet
  facet normal 0 0 1
    outer loop
      vertex -6.70172 12.1316 11.6
      vertex -7.03554 11.0311 11.6
      vertex -6.88771 10.9782 11.6
    endloop
  endfacet
  facet normal 0 0 1
    outer loop
      vertex -6.9635 12.1972 11.6
      vertex -7.18785 11.0693 11.6
      vertex -7.03554 11.0311 11.6
    endloop
  endfacet
  facet normal 0 0 1
    outer loop
      vertex -7.23045 12.2368 11.6
      vertex -7.18785 11.0693 11.6
      vertex -6.9635 12.1972 11.6
    endloop
  endfacet
  facet normal 0 0 1
    outer loop
      vertex -7.23045 12.2368 11.6
      vertex -7.34317 11.0923 11.6
      vertex -7.18785 11.0693 11.6
    endloop
  endfacet
  facet normal 0 0 1
    outer loop
      vertex -7.5 12.25 11.6
      vertex -7.34317 11.0923 11.6
      vertex -7.23045 12.2368 11.6
    endloop
  endfacet
  facet normal 0 0 1
    outer loop
      vertex -7.5 12.25 11.6
      vertex -7.5 11.1 11.6
      vertex -7.34317 11.0923 11.6
    endloop
  endfacet
  facet normal 0 0 1
    outer loop
      vertex -7.5 12.25 11.6
      vertex -7.65683 11.0923 11.6
      vertex -7.5 11.1 11.6
    endloop
  endfacet
  facet normal -0 0 1
    outer loop
      vertex -7.76955 12.2368 11.6
      vertex -7.65683 11.0923 11.6
      vertex -7.5 12.25 11.6
    endloop
  endfacet
  facet normal 0 0 1
    outer loop
      vertex -7.76955 12.2368 11.6
      vertex -7.81214 11.0693 11.6
      vertex -7.65683 11.0923 11.6
    endloop
  endfacet
  facet normal -0 0 1
    outer loop
      vertex -8.0365 12.1972 11.6
      vertex -7.81214 11.0693 11.6
      vertex -7.76955 12.2368 11.6
    endloop
  endfacet
  facet normal 0 0 1
    outer loop
      vertex -7.81214 11.0693 11.6
      vertex -8.0365 12.1972 11.6
      vertex -7.96445 11.0311 11.6
    endloop
  endfacet
  facet normal -0 0 1
    outer loop
      vertex -8.29828 12.1316 11.6
      vertex -7.96445 11.0311 11.6
      vertex -8.0365 12.1972 11.6
    endloop
  endfacet
  facet normal 0 0 1
    outer loop
      vertex -7.96445 11.0311 11.6
      vertex -8.29828 12.1316 11.6
      vertex -8.11229 10.9782 11.6
    endloop
  endfacet
  facet normal -0 0 1
    outer loop
      vertex -8.55238 12.0407 11.6
      vertex -8.11229 10.9782 11.6
      vertex -8.29828 12.1316 11.6
    endloop
  endfacet
  facet normal 0 0 1
    outer loop
      vertex -8.11229 10.9782 11.6
      vertex -8.55238 12.0407 11.6
      vertex -8.25423 10.9111 11.6
    endloop
  endfacet
  facet normal -0 0 1
    outer loop
      vertex -8.79634 11.9253 11.6
      vertex -8.25423 10.9111 11.6
      vertex -8.55238 12.0407 11.6
    endloop
  endfacet
  facet normal 0 0 1
    outer loop
      vertex -8.25423 10.9111 11.6
      vertex -8.79634 11.9253 11.6
      vertex -8.38891 10.8304 11.6
    endloop
  endfacet
  facet normal -0 0 1
    outer loop
      vertex -9.02782 11.7865 11.6
      vertex -8.38891 10.8304 11.6
      vertex -8.79634 11.9253 11.6
    endloop
  endfacet
  facet normal 0 0 1
    outer loop
      vertex -8.38891 10.8304 11.6
      vertex -9.02782 11.7865 11.6
      vertex -8.51503 10.7368 11.6
    endloop
  endfacet
  facet normal -0 0 1
    outer loop
      vertex -9.24458 11.6258 11.6
      vertex -8.51503 10.7368 11.6
      vertex -9.02782 11.7865 11.6
    endloop
  endfacet
  facet normal 0 0 1
    outer loop
      vertex -8.51503 10.7368 11.6
      vertex -9.24458 11.6258 11.6
      vertex -8.63137 10.6314 11.6
    endloop
  endfacet
  facet normal -0 0 1
    outer loop
      vertex -9.44454 11.4445 11.6
      vertex -8.63137 10.6314 11.6
      vertex -9.24458 11.6258 11.6
    endloop
  endfacet
  facet normal 0 0 1
    outer loop
      vertex -8.63137 10.6314 11.6
      vertex -9.44454 11.4445 11.6
      vertex -8.73682 10.515 11.6
    endloop
  endfacet
  facet normal -0 0 1
    outer loop
      vertex -9.62578 11.2446 11.6
      vertex -8.73682 10.515 11.6
      vertex -9.44454 11.4445 11.6
    endloop
  endfacet
  facet normal 0 0 1
    outer loop
      vertex -8.73682 10.515 11.6
      vertex -9.62578 11.2446 11.6
      vertex -8.83035 10.3889 11.6
    endloop
  endfacet
  facet normal -0 0 1
    outer loop
      vertex -9.78654 11.0278 11.6
      vertex -8.83035 10.3889 11.6
      vertex -9.62578 11.2446 11.6
    endloop
  endfacet
  facet normal 0 0 1
    outer loop
      vertex -8.83035 10.3889 11.6
      vertex -9.78654 11.0278 11.6
      vertex -8.91107 10.2542 11.6
    endloop
  endfacet
  facet normal -0 0 1
    outer loop
      vertex -9.92528 10.7963 11.6
      vertex -8.91107 10.2542 11.6
      vertex -9.78654 11.0278 11.6
    endloop
  endfacet
  facet normal 0 0 1
    outer loop
      vertex -8.91107 10.2542 11.6
      vertex -9.92528 10.7963 11.6
      vertex -8.97821 10.1123 11.6
    endloop
  endfacet
  facet normal -0 0 1
    outer loop
      vertex -6.08893 8.74576 11.6
      vertex -5.07472 8.20366 11.6
      vertex -6.02179 8.88771 11.6
    endloop
  endfacet
  facet normal 0 0 1
    outer loop
      vertex -5.07472 8.20366 11.6
      vertex -6.08893 8.74576 11.6
      vertex -5.21346 7.97218 11.6
    endloop
  endfacet
  facet normal -0 0 1
    outer loop
      vertex -6.16965 8.61109 11.6
      vertex -5.21346 7.97218 11.6
      vertex -6.08893 8.74576 11.6
    endloop
  endfacet
  facet normal 0 0 1
    outer loop
      vertex -5.21346 7.97218 11.6
      vertex -6.16965 8.61109 11.6
      vertex -5.37422 7.75542 11.6
    endloop
  endfacet
  facet normal -0 0 1
    outer loop
      vertex -6.26318 8.48497 11.6
      vertex -5.37422 7.75542 11.6
      vertex -6.16965 8.61109 11.6
    endloop
  endfacet
  facet normal 0 0 1
    outer loop
      vertex -5.37422 7.75542 11.6
      vertex -6.26318 8.48497 11.6
      vertex -5.55546 7.55546 11.6
    endloop
  endfacet
  facet normal -0 0 1
    outer loop
      vertex -6.36863 8.36863 11.6
      vertex -5.55546 7.55546 11.6
      vertex -6.26318 8.48497 11.6
    endloop
  endfacet
  facet normal 0 0 1
    outer loop
      vertex -5.55546 7.55546 11.6
      vertex -6.36863 8.36863 11.6
      vertex -5.75542 7.37422 11.6
    endloop
  endfacet
  facet normal -0 0 1
    outer loop
      vertex -6.48497 8.26318 11.6
      vertex -5.75542 7.37422 11.6
      vertex -6.36863 8.36863 11.6
    endloop
  endfacet
  facet normal 0 0 1
    outer loop
      vertex -5.75542 7.37422 11.6
      vertex -6.48497 8.26318 11.6
      vertex -5.97218 7.21346 11.6
    endloop
  endfacet
  facet normal -0 0 1
    outer loop
      vertex -6.61109 8.16965 11.6
      vertex -5.97218 7.21346 11.6
      vertex -6.48497 8.26318 11.6
    endloop
  endfacet
  facet normal 0 0 1
    outer loop
      vertex -5.97218 7.21346 11.6
      vertex -6.61109 8.16965 11.6
      vertex -6.20366 7.07472 11.6
    endloop
  endfacet
  facet normal -0 0 1
    outer loop
      vertex -6.74576 8.08893 11.6
      vertex -6.20366 7.07472 11.6
      vertex -6.61109 8.16965 11.6
    endloop
  endfacet
  facet normal 0 0 1
    outer loop
      vertex -6.20366 7.07472 11.6
      vertex -6.74576 8.08893 11.6
      vertex -6.44762 6.95933 11.6
    endloop
  endfacet
  facet normal -0 0 1
    outer loop
      vertex -6.88771 8.02179 11.6
      vertex -6.44762 6.95933 11.6
      vertex -6.74576 8.08893 11.6
    endloop
  endfacet
  facet normal 0 0 1
    outer loop
      vertex -6.44762 6.95933 11.6
      vertex -6.88771 8.02179 11.6
      vertex -6.70172 6.86841 11.6
    endloop
  endfacet
  facet normal -0 0 1
    outer loop
      vertex -7.03554 7.96889 11.6
      vertex -6.70172 6.86841 11.6
      vertex -6.88771 8.02179 11.6
    endloop
  endfacet
  facet normal 0 0 1
    outer loop
      vertex -6.70172 6.86841 11.6
      vertex -7.03554 7.96889 11.6
      vertex -6.9635 6.80284 11.6
    endloop
  endfacet
  facet normal -0 0 1
    outer loop
      vertex -7.18785 7.93074 11.6
      vertex -6.9635 6.80284 11.6
      vertex -7.03554 7.96889 11.6
    endloop
  endfacet
  facet normal 0 0 1
    outer loop
      vertex -7.18785 7.93074 11.6
      vertex -7.23045 6.76324 11.6
      vertex -6.9635 6.80284 11.6
    endloop
  endfacet
  facet normal -0 0 1
    outer loop
      vertex -7.34317 7.9077 11.6
      vertex -7.23045 6.76324 11.6
      vertex -7.18785 7.93074 11.6
    endloop
  endfacet
  facet normal -0 0 1
    outer loop
      vertex -7.5 7.9 11.6
      vertex -7.23045 6.76324 11.6
      vertex -7.34317 7.9077 11.6
    endloop
  endfacet
  facet normal 0 0 1
    outer loop
      vertex -7.5 7.9 11.6
      vertex -7.5 6.75 11.6
      vertex -7.23045 6.76324 11.6
    endloop
  endfacet
  facet normal 0 0 1
    outer loop
      vertex -7.65683 7.9077 11.6
      vertex -7.5 6.75 11.6
      vertex -7.5 7.9 11.6
    endloop
  endfacet
  facet normal 0 0 1
    outer loop
      vertex -7.65683 7.9077 11.6
      vertex -7.76955 6.76324 11.6
      vertex -7.5 6.75 11.6
    endloop
  endfacet
  facet normal 0 0 1
    outer loop
      vertex -7.81214 7.93074 11.6
      vertex -7.76955 6.76324 11.6
      vertex -7.65683 7.9077 11.6
    endloop
  endfacet
  facet normal 0 0 1
    outer loop
      vertex -8.0365 6.80284 11.6
      vertex -7.81214 7.93074 11.6
      vertex -7.96445 7.96889 11.6
    endloop
  endfacet
  facet normal 0 0 1
    outer loop
      vertex -7.81214 7.93074 11.6
      vertex -8.0365 6.80284 11.6
      vertex -7.76955 6.76324 11.6
    endloop
  endfacet
  facet normal 0 0 1
    outer loop
      vertex -8.29828 6.86841 11.6
      vertex -7.96445 7.96889 11.6
      vertex -8.11229 8.02179 11.6
    endloop
  endfacet
  facet normal 0 0 1
    outer loop
      vertex -8.55238 6.95933 11.6
      vertex -8.11229 8.02179 11.6
      vertex -8.25423 8.08893 11.6
    endloop
  endfacet
  facet normal 0 0 1
    outer loop
      vertex -7.96445 7.96889 11.6
      vertex -8.29828 6.86841 11.6
      vertex -8.0365 6.80284 11.6
    endloop
  endfacet
  facet normal 0 0 1
    outer loop
      vertex -8.79634 7.07472 11.6
      vertex -8.25423 8.08893 11.6
      vertex -8.38891 8.16965 11.6
    endloop
  endfacet
  facet normal 0 0 1
    outer loop
      vertex -9.02782 7.21346 11.6
      vertex -8.38891 8.16965 11.6
      vertex -8.51503 8.26318 11.6
    endloop
  endfacet
  facet normal 0 0 1
    outer loop
      vertex -8.11229 8.02179 11.6
      vertex -8.55238 6.95933 11.6
      vertex -8.29828 6.86841 11.6
    endloop
  endfacet
  facet normal 0 0 1
    outer loop
      vertex -9.24458 7.37422 11.6
      vertex -8.51503 8.26318 11.6
      vertex -8.63137 8.36863 11.6
    endloop
  endfacet
  facet normal 0 0 1
    outer loop
      vertex -9.44454 7.55546 11.6
      vertex -8.63137 8.36863 11.6
      vertex -8.73682 8.48497 11.6
    endloop
  endfacet
  facet normal 0 0 1
    outer loop
      vertex -8.25423 8.08893 11.6
      vertex -8.79634 7.07472 11.6
      vertex -8.55238 6.95933 11.6
    endloop
  endfacet
  facet normal 0 0 1
    outer loop
      vertex -9.62578 7.75542 11.6
      vertex -8.73682 8.48497 11.6
      vertex -8.83035 8.61109 11.6
    endloop
  endfacet
  facet normal 0 0 1
    outer loop
      vertex -9.78654 7.97218 11.6
      vertex -8.83035 8.61109 11.6
      vertex -8.91107 8.74576 11.6
    endloop
  endfacet
  facet normal 0 0 1
    outer loop
      vertex -9.92528 8.20366 11.6
      vertex -8.91107 8.74576 11.6
      vertex -8.97821 8.88771 11.6
    endloop
  endfacet
  facet normal 0 0 1
    outer loop
      vertex -8.38891 8.16965 11.6
      vertex -9.02782 7.21346 11.6
      vertex -8.79634 7.07472 11.6
    endloop
  endfacet
  facet normal 0 0 1
    outer loop
      vertex -10.0407 8.44762 11.6
      vertex -8.97821 8.88771 11.6
      vertex -9.0311 9.03554 11.6
    endloop
  endfacet
  facet normal 0 0 1
    outer loop
      vertex -10.1316 8.70172 11.6
      vertex -9.0311 9.03554 11.6
      vertex -9.06926 9.18785 11.6
    endloop
  endfacet
  facet normal 0 0 1
    outer loop
      vertex -10.1972 8.9635 11.6
      vertex -9.06926 9.18785 11.6
      vertex -9.09229 9.34317 11.6
    endloop
  endfacet
  facet normal 0 0 1
    outer loop
      vertex -10.2368 9.23045 11.6
      vertex -9.09229 9.34317 11.6
      vertex -9.1 9.5 11.6
    endloop
  endfacet
  facet normal -0 0 1
    outer loop
      vertex -10.0407 10.5524 11.6
      vertex -8.97821 10.1123 11.6
      vertex -9.92528 10.7963 11.6
    endloop
  endfacet
  facet normal 0 0 1
    outer loop
      vertex -8.51503 8.26318 11.6
      vertex -9.24458 7.37422 11.6
      vertex -9.02782 7.21346 11.6
    endloop
  endfacet
  facet normal 0 0 1
    outer loop
      vertex -8.97821 10.1123 11.6
      vertex -10.0407 10.5524 11.6
      vertex -9.0311 9.96445 11.6
    endloop
  endfacet
  facet normal 0 0 1
    outer loop
      vertex -8.63137 8.36863 11.6
      vertex -9.44454 7.55546 11.6
      vertex -9.24458 7.37422 11.6
    endloop
  endfacet
  facet normal -0 0 1
    outer loop
      vertex -10.1316 10.2983 11.6
      vertex -9.0311 9.96445 11.6
      vertex -10.0407 10.5524 11.6
    endloop
  endfacet
  facet normal 0 0 1
    outer loop
      vertex -8.73682 8.48497 11.6
      vertex -9.62578 7.75542 11.6
      vertex -9.44454 7.55546 11.6
    endloop
  endfacet
  facet normal 0 0 1
    outer loop
      vertex -9.0311 9.96445 11.6
      vertex -10.1316 10.2983 11.6
      vertex -9.06926 9.81214 11.6
    endloop
  endfacet
  facet normal 0 0 1
    outer loop
      vertex -8.83035 8.61109 11.6
      vertex -9.78654 7.97218 11.6
      vertex -9.62578 7.75542 11.6
    endloop
  endfacet
  facet normal -0 0 1
    outer loop
      vertex -10.1972 10.0365 11.6
      vertex -9.06926 9.81214 11.6
      vertex -10.1316 10.2983 11.6
    endloop
  endfacet
  facet normal 0 0 1
    outer loop
      vertex -8.91107 8.74576 11.6
      vertex -9.92528 8.20366 11.6
      vertex -9.78654 7.97218 11.6
    endloop
  endfacet
  facet normal 0 0 1
    outer loop
      vertex -9.06926 9.81214 11.6
      vertex -10.1972 10.0365 11.6
      vertex -9.09229 9.65683 11.6
    endloop
  endfacet
  facet normal 0 0 1
    outer loop
      vertex -8.97821 8.88771 11.6
      vertex -10.0407 8.44762 11.6
      vertex -9.92528 8.20366 11.6
    endloop
  endfacet
  facet normal -0 0 1
    outer loop
      vertex -10.2368 9.76955 11.6
      vertex -9.09229 9.65683 11.6
      vertex -10.1972 10.0365 11.6
    endloop
  endfacet
  facet normal 0 0 1
    outer loop
      vertex -9.0311 9.03554 11.6
      vertex -10.1316 8.70172 11.6
      vertex -10.0407 8.44762 11.6
    endloop
  endfacet
  facet normal 0 0 1
    outer loop
      vertex -9.09229 9.65683 11.6
      vertex -10.2368 9.76955 11.6
      vertex -9.1 9.5 11.6
    endloop
  endfacet
  facet normal 0 0 1
    outer loop
      vertex -9.06926 9.18785 11.6
      vertex -10.1972 8.9635 11.6
      vertex -10.1316 8.70172 11.6
    endloop
  endfacet
  facet normal 0 0 1
    outer loop
      vertex -10.25 9.5 11.6
      vertex -9.1 9.5 11.6
      vertex -10.2368 9.76955 11.6
    endloop
  endfacet
  facet normal 0 0 1
    outer loop
      vertex -9.09229 9.34317 11.6
      vertex -10.2368 9.23045 11.6
      vertex -10.1972 8.9635 11.6
    endloop
  endfacet
  facet normal 0 0 1
    outer loop
      vertex -9.1 9.5 11.6
      vertex -10.25 9.5 11.6
      vertex -10.2368 9.23045 11.6
    endloop
  endfacet
  facet normal 0.243076 0.970007 -0
    outer loop
      vertex -6.70172 12.1316 1.6
      vertex -6.9635 12.1972 11.6
      vertex -6.70172 12.1316 11.6
    endloop
  endfacet
  facet normal 0.243076 0.970007 0
    outer loop
      vertex -6.9635 12.1972 11.6
      vertex -6.70172 12.1316 1.6
      vertex -6.9635 12.1972 1.6
    endloop
  endfacet
  facet normal -0.998803 0.0489119 0
    outer loop
      vertex -10.25 9.5 1.6
      vertex -10.2368 9.76955 11.6
      vertex -10.2368 9.76955 1.6
    endloop
  endfacet
  facet normal -0.998803 0.0489119 0
    outer loop
      vertex -10.2368 9.76955 11.6
      vertex -10.25 9.5 1.6
      vertex -10.25 9.5 11.6
    endloop
  endfacet
  facet normal -0.427572 -0.903981 0
    outer loop
      vertex -8.79634 7.07472 1.6
      vertex -8.55238 6.95933 11.6
      vertex -8.79634 7.07472 11.6
    endloop
  endfacet
  facet normal -0.427572 -0.903981 -0
    outer loop
      vertex -8.55238 6.95933 11.6
      vertex -8.79634 7.07472 1.6
      vertex -8.55238 6.95933 1.6
    endloop
  endfacet
  facet normal 0.989176 0.146737 0
    outer loop
      vertex 15.7368 -8.73045 11.6
      vertex 15.6972 -8.4635 1.6
      vertex 15.6972 -8.4635 11.6
    endloop
  endfacet
  facet normal 0.989176 0.146737 0
    outer loop
      vertex 15.6972 -8.4635 1.6
      vertex 15.7368 -8.73045 11.6
      vertex 15.7368 -8.73045 1.6
    endloop
  endfacet
  facet normal 0.998803 0.0489119 0
    outer loop
      vertex 15.75 -9 11.6
      vertex 15.7368 -8.73045 1.6
      vertex 15.7368 -8.73045 11.6
    endloop
  endfacet
  facet normal 0.998803 0.0489119 0
    outer loop
      vertex 15.7368 -8.73045 1.6
      vertex 15.75 -9 11.6
      vertex 15.75 -9 1.6
    endloop
  endfacet
  facet normal 0.970007 0.243076 0
    outer loop
      vertex 15.6972 -8.4635 11.6
      vertex 15.6316 -8.20172 1.6
      vertex 15.6316 -8.20172 11.6
    endloop
  endfacet
  facet normal 0.970007 0.243076 0
    outer loop
      vertex 15.6316 -8.20172 1.6
      vertex 15.6972 -8.4635 11.6
      vertex 15.6972 -8.4635 1.6
    endloop
  endfacet
  facet normal -0.14671 0.98918 0
    outer loop
      vertex 12.7305 -6.26324 1.6
      vertex 12.4635 -6.30284 11.6
      vertex 12.7305 -6.26324 11.6
    endloop
  endfacet
  facet normal -0.14671 0.98918 0
    outer loop
      vertex 12.4635 -6.30284 11.6
      vertex 12.7305 -6.26324 1.6
      vertex 12.4635 -6.30284 1.6
    endloop
  endfacet
  facet normal 0.803314 0.595555 0
    outer loop
      vertex 15.2865 -7.47218 11.6
      vertex 15.1258 -7.25542 1.6
      vertex 15.1258 -7.25542 11.6
    endloop
  endfacet
  facet normal 0.803314 0.595555 0
    outer loop
      vertex 15.1258 -7.25542 1.6
      vertex 15.2865 -7.47218 11.6
      vertex 15.2865 -7.47218 1.6
    endloop
  endfacet
  facet normal 0.514223 -0.857656 0
    outer loop
      vertex 14.2963 -11.4253 1.6
      vertex 14.5278 -11.2865 11.6
      vertex 14.2963 -11.4253 11.6
    endloop
  endfacet
  facet normal 0.514223 -0.857656 0
    outer loop
      vertex 14.5278 -11.2865 11.6
      vertex 14.2963 -11.4253 1.6
      vertex 14.5278 -11.2865 1.6
    endloop
  endfacet
  facet normal 0.595628 0.80326 -0
    outer loop
      vertex 14.7446 -6.87422 1.6
      vertex 14.5278 -6.71346 11.6
      vertex 14.7446 -6.87422 11.6
    endloop
  endfacet
  facet normal 0.595628 0.80326 0
    outer loop
      vertex 14.5278 -6.71346 11.6
      vertex 14.7446 -6.87422 1.6
      vertex 14.5278 -6.71346 1.6
    endloop
  endfacet
  facet normal -0.989176 0.146737 0
    outer loop
      vertex 10.2632 -8.73045 1.6
      vertex 10.3028 -8.4635 11.6
      vertex 10.3028 -8.4635 1.6
    endloop
  endfacet
  facet normal -0.989176 0.146737 0
    outer loop
      vertex 10.3028 -8.4635 11.6
      vertex 10.2632 -8.73045 1.6
      vertex 10.2632 -8.73045 11.6
    endloop
  endfacet
  facet normal -0.970007 0.243076 0
    outer loop
      vertex 10.3028 -8.4635 1.6
      vertex 10.3684 -8.20172 11.6
      vertex 10.3684 -8.20172 1.6
    endloop
  endfacet
  facet normal -0.970007 0.243076 0
    outer loop
      vertex 10.3684 -8.20172 11.6
      vertex 10.3028 -8.4635 1.6
      vertex 10.3028 -8.4635 11.6
    endloop
  endfacet
  facet normal 0.998803 -0.0489119 0
    outer loop
      vertex 15.7368 -9.26955 11.6
      vertex 15.75 -9 1.6
      vertex 15.75 -9 11.6
    endloop
  endfacet
  facet normal 0.998803 -0.0489119 0
    outer loop
      vertex 15.75 -9 1.6
      vertex 15.7368 -9.26955 11.6
      vertex 15.7368 -9.26955 1.6
    endloop
  endfacet
  facet normal -0.242954 0.970038 0
    outer loop
      vertex 12.4635 -6.30284 1.6
      vertex 12.2017 -6.36841 11.6
      vertex 12.4635 -6.30284 11.6
    endloop
  endfacet
  facet normal -0.242954 0.970038 0
    outer loop
      vertex 12.2017 -6.36841 11.6
      vertex 12.4635 -6.30284 1.6
      vertex 12.2017 -6.36841 1.6
    endloop
  endfacet
  facet normal 0.427658 0.903941 -0
    outer loop
      vertex 14.2963 -6.57472 1.6
      vertex 14.0524 -6.45933 11.6
      vertex 14.2963 -6.57472 11.6
    endloop
  endfacet
  facet normal 0.427658 0.903941 0
    outer loop
      vertex 14.0524 -6.45933 11.6
      vertex 14.2963 -6.57472 1.6
      vertex 14.0524 -6.45933 1.6
    endloop
  endfacet
  facet normal -0.989176 -0.146737 0
    outer loop
      vertex 10.3028 -9.5365 1.6
      vertex 10.2632 -9.26955 11.6
      vertex 10.2632 -9.26955 1.6
    endloop
  endfacet
  facet normal -0.989176 -0.146737 0
    outer loop
      vertex 10.2632 -9.26955 11.6
      vertex 10.3028 -9.5365 1.6
      vertex 10.3028 -9.5365 11.6
    endloop
  endfacet
  facet normal 0.671805 -0.740728 0
    outer loop
      vertex 14.7446 -11.1258 1.6
      vertex 14.9445 -10.9445 11.6
      vertex 14.7446 -11.1258 11.6
    endloop
  endfacet
  facet normal 0.671805 -0.740728 0
    outer loop
      vertex 14.9445 -10.9445 11.6
      vertex 14.7446 -11.1258 1.6
      vertex 14.9445 -10.9445 1.6
    endloop
  endfacet
  facet normal -0.427658 0.903941 0
    outer loop
      vertex 11.9476 -6.45933 1.6
      vertex 11.7037 -6.57472 11.6
      vertex 11.9476 -6.45933 11.6
    endloop
  endfacet
  facet normal -0.427658 0.903941 0
    outer loop
      vertex 11.7037 -6.57472 11.6
      vertex 11.9476 -6.45933 1.6
      vertex 11.7037 -6.57472 1.6
    endloop
  endfacet
  facet normal 0.970007 -0.243076 0
    outer loop
      vertex 15.6316 -9.79828 11.6
      vertex 15.6972 -9.5365 1.6
      vertex 15.6972 -9.5365 11.6
    endloop
  endfacet
  facet normal 0.970007 -0.243076 0
    outer loop
      vertex 15.6972 -9.5365 1.6
      vertex 15.6316 -9.79828 11.6
      vertex 15.6316 -9.79828 1.6
    endloop
  endfacet
  facet normal -0.595485 -0.803367 0
    outer loop
      vertex 11.2554 -11.1258 1.6
      vertex 11.4722 -11.2865 11.6
      vertex 11.2554 -11.1258 11.6
    endloop
  endfacet
  facet normal -0.595485 -0.803367 -0
    outer loop
      vertex 11.4722 -11.2865 11.6
      vertex 11.2554 -11.1258 1.6
      vertex 11.4722 -11.2865 1.6
    endloop
  endfacet
  facet normal 0.0490688 0.998795 -0
    outer loop
      vertex 13.2695 -6.26324 1.6
      vertex 13 -6.25 11.6
      vertex 13.2695 -6.26324 11.6
    endloop
  endfacet
  facet normal 0.0490688 0.998795 0
    outer loop
      vertex 13 -6.25 11.6
      vertex 13.2695 -6.26324 1.6
      vertex 13 -6.25 1.6
    endloop
  endfacet
  facet normal -0.803367 -0.595485 0
    outer loop
      vertex 10.8742 -10.7446 1.6
      vertex 10.7135 -10.5278 11.6
      vertex 10.7135 -10.5278 1.6
    endloop
  endfacet
  facet normal -0.803367 -0.595485 0
    outer loop
      vertex 10.7135 -10.5278 11.6
      vertex 10.8742 -10.7446 1.6
      vertex 10.8742 -10.7446 11.6
    endloop
  endfacet
  facet normal 0.803367 -0.595485 0
    outer loop
      vertex 15.1258 -10.7446 11.6
      vertex 15.2865 -10.5278 1.6
      vertex 15.2865 -10.5278 11.6
    endloop
  endfacet
  facet normal 0.803367 -0.595485 0
    outer loop
      vertex 15.2865 -10.5278 1.6
      vertex 15.1258 -10.7446 11.6
      vertex 15.1258 -10.7446 1.6
    endloop
  endfacet
  facet normal -0.51406 0.857754 0
    outer loop
      vertex 11.7037 -6.57472 1.6
      vertex 11.4722 -6.71346 11.6
      vertex 11.7037 -6.57472 11.6
    endloop
  endfacet
  facet normal -0.51406 0.857754 0
    outer loop
      vertex 11.4722 -6.71346 11.6
      vertex 11.7037 -6.57472 1.6
      vertex 11.4722 -6.71346 1.6
    endloop
  endfacet
  facet normal 0.336895 0.941542 -0
    outer loop
      vertex 14.0524 -6.45933 1.6
      vertex 13.7983 -6.36841 11.6
      vertex 14.0524 -6.45933 11.6
    endloop
  endfacet
  facet normal 0.336895 0.941542 0
    outer loop
      vertex 13.7983 -6.36841 11.6
      vertex 14.0524 -6.45933 1.6
      vertex 13.7983 -6.36841 1.6
    endloop
  endfacet
  facet normal -0.740728 -0.671805 0
    outer loop
      vertex 11.0555 -10.9445 1.6
      vertex 10.8742 -10.7446 11.6
      vertex 10.8742 -10.7446 1.6
    endloop
  endfacet
  facet normal -0.740728 -0.671805 0
    outer loop
      vertex 10.8742 -10.7446 11.6
      vertex 11.0555 -10.9445 1.6
      vertex 11.0555 -10.9445 11.6
    endloop
  endfacet
  facet normal 0.51406 0.857754 -0
    outer loop
      vertex 14.5278 -6.71346 1.6
      vertex 14.2963 -6.57472 11.6
      vertex 14.5278 -6.71346 11.6
    endloop
  endfacet
  facet normal 0.51406 0.857754 0
    outer loop
      vertex 14.2963 -6.57472 11.6
      vertex 14.5278 -6.71346 1.6
      vertex 14.2963 -6.57472 1.6
    endloop
  endfacet
  facet normal -0.941566 0.336829 0
    outer loop
      vertex 10.3684 -8.20172 1.6
      vertex 10.4593 -7.94762 11.6
      vertex 10.4593 -7.94762 1.6
    endloop
  endfacet
  facet normal -0.941566 0.336829 0
    outer loop
      vertex 10.4593 -7.94762 11.6
      vertex 10.3684 -8.20172 1.6
      vertex 10.3684 -8.20172 11.6
    endloop
  endfacet
  facet normal -0.941574 -0.336806 0
    outer loop
      vertex 10.4593 -10.0524 1.6
      vertex 10.3684 -9.79828 11.6
      vertex 10.3684 -9.79828 1.6
    endloop
  endfacet
  facet normal -0.941574 -0.336806 0
    outer loop
      vertex 10.3684 -9.79828 11.6
      vertex 10.4593 -10.0524 1.6
      vertex 10.4593 -10.0524 11.6
    endloop
  endfacet
  facet normal 0 0 1
    outer loop
      vertex 14.6 -9 11.6
      vertex 15.75 -9 11.6
      vertex 15.7368 -8.73045 11.6
    endloop
  endfacet
  facet normal 0 0 1
    outer loop
      vertex 14.5923 -8.84317 11.6
      vertex 15.7368 -8.73045 11.6
      vertex 15.6972 -8.4635 11.6
    endloop
  endfacet
  facet normal 0 0 1
    outer loop
      vertex 15.75 -9 11.6
      vertex 14.6 -9 11.6
      vertex 15.7368 -9.26955 11.6
    endloop
  endfacet
  facet normal 0 0 1
    outer loop
      vertex 14.5693 -8.68785 11.6
      vertex 15.6972 -8.4635 11.6
      vertex 15.6316 -8.20172 11.6
    endloop
  endfacet
  facet normal -0 0 1
    outer loop
      vertex 14.5923 -9.15683 11.6
      vertex 15.7368 -9.26955 11.6
      vertex 14.6 -9 11.6
    endloop
  endfacet
  facet normal 0 0 1
    outer loop
      vertex 14.5311 -8.53554 11.6
      vertex 15.6316 -8.20172 11.6
      vertex 15.5407 -7.94762 11.6
    endloop
  endfacet
  facet normal 0 0 1
    outer loop
      vertex 15.7368 -9.26955 11.6
      vertex 14.5923 -9.15683 11.6
      vertex 15.6972 -9.5365 11.6
    endloop
  endfacet
  facet normal 0 0 1
    outer loop
      vertex 14.4782 -8.38771 11.6
      vertex 15.5407 -7.94762 11.6
      vertex 15.4253 -7.70366 11.6
    endloop
  endfacet
  facet normal -0 0 1
    outer loop
      vertex 14.5693 -9.31214 11.6
      vertex 15.6972 -9.5365 11.6
      vertex 14.5923 -9.15683 11.6
    endloop
  endfacet
  facet normal 0 0 1
    outer loop
      vertex 14.4111 -8.24576 11.6
      vertex 15.4253 -7.70366 11.6
      vertex 15.2865 -7.47218 11.6
    endloop
  endfacet
  facet normal 0 0 1
    outer loop
      vertex 15.6972 -9.5365 11.6
      vertex 14.5693 -9.31214 11.6
      vertex 15.6316 -9.79828 11.6
    endloop
  endfacet
  facet normal 0 0 1
    outer loop
      vertex 14.3304 -8.11109 11.6
      vertex 15.2865 -7.47218 11.6
      vertex 15.1258 -7.25542 11.6
    endloop
  endfacet
  facet normal -0 0 1
    outer loop
      vertex 14.5311 -9.46445 11.6
      vertex 15.6316 -9.79828 11.6
      vertex 14.5693 -9.31214 11.6
    endloop
  endfacet
  facet normal 0 0 1
    outer loop
      vertex 14.2368 -7.98497 11.6
      vertex 15.1258 -7.25542 11.6
      vertex 14.9445 -7.05546 11.6
    endloop
  endfacet
  facet normal 0 0 1
    outer loop
      vertex 15.6316 -9.79828 11.6
      vertex 14.5311 -9.46445 11.6
      vertex 15.5407 -10.0524 11.6
    endloop
  endfacet
  facet normal 0 0 1
    outer loop
      vertex 14.1314 -7.86863 11.6
      vertex 14.9445 -7.05546 11.6
      vertex 14.7446 -6.87422 11.6
    endloop
  endfacet
  facet normal -0 0 1
    outer loop
      vertex 14.4782 -9.61229 11.6
      vertex 15.5407 -10.0524 11.6
      vertex 14.5311 -9.46445 11.6
    endloop
  endfacet
  facet normal 0 0 1
    outer loop
      vertex 15.5407 -10.0524 11.6
      vertex 14.4782 -9.61229 11.6
      vertex 15.4253 -10.2963 11.6
    endloop
  endfacet
  facet normal 0 0 1
    outer loop
      vertex 15.7368 -8.73045 11.6
      vertex 14.5923 -8.84317 11.6
      vertex 14.6 -9 11.6
    endloop
  endfacet
  facet normal 0 0 1
    outer loop
      vertex 15.6972 -8.4635 11.6
      vertex 14.5693 -8.68785 11.6
      vertex 14.5923 -8.84317 11.6
    endloop
  endfacet
  facet normal 0 0 1
    outer loop
      vertex 15.6316 -8.20172 11.6
      vertex 14.5311 -8.53554 11.6
      vertex 14.5693 -8.68785 11.6
    endloop
  endfacet
  facet normal 0 0 1
    outer loop
      vertex 14.015 -7.76318 11.6
      vertex 14.7446 -6.87422 11.6
      vertex 14.5278 -6.71346 11.6
    endloop
  endfacet
  facet normal 0 0 1
    outer loop
      vertex 15.5407 -7.94762 11.6
      vertex 14.4782 -8.38771 11.6
      vertex 14.5311 -8.53554 11.6
    endloop
  endfacet
  facet normal 0 0 1
    outer loop
      vertex 15.4253 -7.70366 11.6
      vertex 14.4111 -8.24576 11.6
      vertex 14.4782 -8.38771 11.6
    endloop
  endfacet
  facet normal 0 0 1
    outer loop
      vertex 15.2865 -7.47218 11.6
      vertex 14.3304 -8.11109 11.6
      vertex 14.4111 -8.24576 11.6
    endloop
  endfacet
  facet normal 0 0 1
    outer loop
      vertex 13.8889 -7.66965 11.6
      vertex 14.5278 -6.71346 11.6
      vertex 14.2963 -6.57472 11.6
    endloop
  endfacet
  facet normal 0 0 1
    outer loop
      vertex 15.1258 -7.25542 11.6
      vertex 14.2368 -7.98497 11.6
      vertex 14.3304 -8.11109 11.6
    endloop
  endfacet
  facet normal 0 0 1
    outer loop
      vertex 14.9445 -7.05546 11.6
      vertex 14.1314 -7.86863 11.6
      vertex 14.2368 -7.98497 11.6
    endloop
  endfacet
  facet normal 0 0 1
    outer loop
      vertex 13.7542 -7.58893 11.6
      vertex 14.2963 -6.57472 11.6
      vertex 14.0524 -6.45933 11.6
    endloop
  endfacet
  facet normal 0 0 1
    outer loop
      vertex 14.7446 -6.87422 11.6
      vertex 14.015 -7.76318 11.6
      vertex 14.1314 -7.86863 11.6
    endloop
  endfacet
  facet normal 0 0 1
    outer loop
      vertex 14.5278 -6.71346 11.6
      vertex 13.8889 -7.66965 11.6
      vertex 14.015 -7.76318 11.6
    endloop
  endfacet
  facet normal 0 0 1
    outer loop
      vertex 13.6123 -7.52179 11.6
      vertex 14.0524 -6.45933 11.6
      vertex 13.7983 -6.36841 11.6
    endloop
  endfacet
  facet normal 0 0 1
    outer loop
      vertex 14.2963 -6.57472 11.6
      vertex 13.7542 -7.58893 11.6
      vertex 13.8889 -7.66965 11.6
    endloop
  endfacet
  facet normal 0 0 1
    outer loop
      vertex 14.0524 -6.45933 11.6
      vertex 13.6123 -7.52179 11.6
      vertex 13.7542 -7.58893 11.6
    endloop
  endfacet
  facet normal 0 0 1
    outer loop
      vertex 13.4645 -7.46889 11.6
      vertex 13.7983 -6.36841 11.6
      vertex 13.5365 -6.30284 11.6
    endloop
  endfacet
  facet normal 0 0 1
    outer loop
      vertex 13.7983 -6.36841 11.6
      vertex 13.4645 -7.46889 11.6
      vertex 13.6123 -7.52179 11.6
    endloop
  endfacet
  facet normal 0 0 1
    outer loop
      vertex 13.5365 -6.30284 11.6
      vertex 13.3121 -7.43074 11.6
      vertex 13.4645 -7.46889 11.6
    endloop
  endfacet
  facet normal 0 0 1
    outer loop
      vertex 13.2695 -6.26324 11.6
      vertex 13.3121 -7.43074 11.6
      vertex 13.5365 -6.30284 11.6
    endloop
  endfacet
  facet normal 0 0 1
    outer loop
      vertex 13.2695 -6.26324 11.6
      vertex 13.1568 -7.4077 11.6
      vertex 13.3121 -7.43074 11.6
    endloop
  endfacet
  facet normal 0 0 1
    outer loop
      vertex 13 -6.25 11.6
      vertex 13.1568 -7.4077 11.6
      vertex 13.2695 -6.26324 11.6
    endloop
  endfacet
  facet normal 0 0 1
    outer loop
      vertex 13 -6.25 11.6
      vertex 13 -7.4 11.6
      vertex 13.1568 -7.4077 11.6
    endloop
  endfacet
  facet normal 0 0 1
    outer loop
      vertex 13 -6.25 11.6
      vertex 12.8432 -7.4077 11.6
      vertex 13 -7.4 11.6
    endloop
  endfacet
  facet normal -0 0 1
    outer loop
      vertex 12.7305 -6.26324 11.6
      vertex 12.8432 -7.4077 11.6
      vertex 13 -6.25 11.6
    endloop
  endfacet
  facet normal 0 0 1
    outer loop
      vertex 12.7305 -6.26324 11.6
      vertex 12.6879 -7.43074 11.6
      vertex 12.8432 -7.4077 11.6
    endloop
  endfacet
  facet normal -0 0 1
    outer loop
      vertex 12.4635 -6.30284 11.6
      vertex 12.6879 -7.43074 11.6
      vertex 12.7305 -6.26324 11.6
    endloop
  endfacet
  facet normal 0 0 1
    outer loop
      vertex 12.6879 -7.43074 11.6
      vertex 12.4635 -6.30284 11.6
      vertex 12.5355 -7.46889 11.6
    endloop
  endfacet
  facet normal -0 0 1
    outer loop
      vertex 12.2017 -6.36841 11.6
      vertex 12.5355 -7.46889 11.6
      vertex 12.4635 -6.30284 11.6
    endloop
  endfacet
  facet normal 0 0 1
    outer loop
      vertex 12.5355 -7.46889 11.6
      vertex 12.2017 -6.36841 11.6
      vertex 12.3877 -7.52179 11.6
    endloop
  endfacet
  facet normal -0 0 1
    outer loop
      vertex 11.9476 -6.45933 11.6
      vertex 12.3877 -7.52179 11.6
      vertex 12.2017 -6.36841 11.6
    endloop
  endfacet
  facet normal 0 0 1
    outer loop
      vertex 12.3877 -7.52179 11.6
      vertex 11.9476 -6.45933 11.6
      vertex 12.2458 -7.58893 11.6
    endloop
  endfacet
  facet normal -0 0 1
    outer loop
      vertex 11.7037 -6.57472 11.6
      vertex 12.2458 -7.58893 11.6
      vertex 11.9476 -6.45933 11.6
    endloop
  endfacet
  facet normal 0 0 1
    outer loop
      vertex 12.2458 -7.58893 11.6
      vertex 11.7037 -6.57472 11.6
      vertex 12.1111 -7.66965 11.6
    endloop
  endfacet
  facet normal -0 0 1
    outer loop
      vertex 11.4722 -6.71346 11.6
      vertex 12.1111 -7.66965 11.6
      vertex 11.7037 -6.57472 11.6
    endloop
  endfacet
  facet normal 0 0 1
    outer loop
      vertex 12.1111 -7.66965 11.6
      vertex 11.4722 -6.71346 11.6
      vertex 11.985 -7.76318 11.6
    endloop
  endfacet
  facet normal -0 0 1
    outer loop
      vertex 11.2554 -6.87422 11.6
      vertex 11.985 -7.76318 11.6
      vertex 11.4722 -6.71346 11.6
    endloop
  endfacet
  facet normal 0 0 1
    outer loop
      vertex 11.985 -7.76318 11.6
      vertex 11.2554 -6.87422 11.6
      vertex 11.8686 -7.86863 11.6
    endloop
  endfacet
  facet normal -0 0 1
    outer loop
      vertex 11.0555 -7.05546 11.6
      vertex 11.8686 -7.86863 11.6
      vertex 11.2554 -6.87422 11.6
    endloop
  endfacet
  facet normal 0 0 1
    outer loop
      vertex 11.8686 -7.86863 11.6
      vertex 11.0555 -7.05546 11.6
      vertex 11.7632 -7.98497 11.6
    endloop
  endfacet
  facet normal -0 0 1
    outer loop
      vertex 10.8742 -7.25542 11.6
      vertex 11.7632 -7.98497 11.6
      vertex 11.0555 -7.05546 11.6
    endloop
  endfacet
  facet normal 0 0 1
    outer loop
      vertex 11.7632 -7.98497 11.6
      vertex 10.8742 -7.25542 11.6
      vertex 11.6696 -8.11109 11.6
    endloop
  endfacet
  facet normal -0 0 1
    outer loop
      vertex 10.7135 -7.47218 11.6
      vertex 11.6696 -8.11109 11.6
      vertex 10.8742 -7.25542 11.6
    endloop
  endfacet
  facet normal 0 0 1
    outer loop
      vertex 11.6696 -8.11109 11.6
      vertex 10.7135 -7.47218 11.6
      vertex 11.5889 -8.24576 11.6
    endloop
  endfacet
  facet normal -0 0 1
    outer loop
      vertex 10.5747 -7.70366 11.6
      vertex 11.5889 -8.24576 11.6
      vertex 10.7135 -7.47218 11.6
    endloop
  endfacet
  facet normal 0 0 1
    outer loop
      vertex 11.5889 -8.24576 11.6
      vertex 10.5747 -7.70366 11.6
      vertex 11.5218 -8.38771 11.6
    endloop
  endfacet
  facet normal -0 0 1
    outer loop
      vertex 14.4111 -9.75423 11.6
      vertex 15.4253 -10.2963 11.6
      vertex 14.4782 -9.61229 11.6
    endloop
  endfacet
  facet normal 0 0 1
    outer loop
      vertex 15.4253 -10.2963 11.6
      vertex 14.4111 -9.75423 11.6
      vertex 15.2865 -10.5278 11.6
    endloop
  endfacet
  facet normal -0 0 1
    outer loop
      vertex 14.3304 -9.88891 11.6
      vertex 15.2865 -10.5278 11.6
      vertex 14.4111 -9.75423 11.6
    endloop
  endfacet
  facet normal 0 0 1
    outer loop
      vertex 15.2865 -10.5278 11.6
      vertex 14.3304 -9.88891 11.6
      vertex 15.1258 -10.7446 11.6
    endloop
  endfacet
  facet normal -0 0 1
    outer loop
      vertex 14.2368 -10.015 11.6
      vertex 15.1258 -10.7446 11.6
      vertex 14.3304 -9.88891 11.6
    endloop
  endfacet
  facet normal 0 0 1
    outer loop
      vertex 15.1258 -10.7446 11.6
      vertex 14.2368 -10.015 11.6
      vertex 14.9445 -10.9445 11.6
    endloop
  endfacet
  facet normal -0 0 1
    outer loop
      vertex 14.1314 -10.1314 11.6
      vertex 14.9445 -10.9445 11.6
      vertex 14.2368 -10.015 11.6
    endloop
  endfacet
  facet normal 0 0 1
    outer loop
      vertex 14.9445 -10.9445 11.6
      vertex 14.1314 -10.1314 11.6
      vertex 14.7446 -11.1258 11.6
    endloop
  endfacet
  facet normal -0 0 1
    outer loop
      vertex 14.015 -10.2368 11.6
      vertex 14.7446 -11.1258 11.6
      vertex 14.1314 -10.1314 11.6
    endloop
  endfacet
  facet normal 0 0 1
    outer loop
      vertex 14.7446 -11.1258 11.6
      vertex 14.015 -10.2368 11.6
      vertex 14.5278 -11.2865 11.6
    endloop
  endfacet
  facet normal -0 0 1
    outer loop
      vertex 13.8889 -10.3304 11.6
      vertex 14.5278 -11.2865 11.6
      vertex 14.015 -10.2368 11.6
    endloop
  endfacet
  facet normal 0 0 1
    outer loop
      vertex 14.5278 -11.2865 11.6
      vertex 13.8889 -10.3304 11.6
      vertex 14.2963 -11.4253 11.6
    endloop
  endfacet
  facet normal -0 0 1
    outer loop
      vertex 13.7542 -10.4111 11.6
      vertex 14.2963 -11.4253 11.6
      vertex 13.8889 -10.3304 11.6
    endloop
  endfacet
  facet normal 0 0 1
    outer loop
      vertex 14.2963 -11.4253 11.6
      vertex 13.7542 -10.4111 11.6
      vertex 14.0524 -11.5407 11.6
    endloop
  endfacet
  facet normal -0 0 1
    outer loop
      vertex 13.6123 -10.4782 11.6
      vertex 14.0524 -11.5407 11.6
      vertex 13.7542 -10.4111 11.6
    endloop
  endfacet
  facet normal 0 0 1
    outer loop
      vertex 14.0524 -11.5407 11.6
      vertex 13.6123 -10.4782 11.6
      vertex 13.7983 -11.6316 11.6
    endloop
  endfacet
  facet normal -0 0 1
    outer loop
      vertex 13.4645 -10.5311 11.6
      vertex 13.7983 -11.6316 11.6
      vertex 13.6123 -10.4782 11.6
    endloop
  endfacet
  facet normal 0 0 1
    outer loop
      vertex 13.7983 -11.6316 11.6
      vertex 13.4645 -10.5311 11.6
      vertex 13.5365 -11.6972 11.6
    endloop
  endfacet
  facet normal -0 0 1
    outer loop
      vertex 13.3121 -10.5693 11.6
      vertex 13.5365 -11.6972 11.6
      vertex 13.4645 -10.5311 11.6
    endloop
  endfacet
  facet normal 0 0 1
    outer loop
      vertex 13.3121 -10.5693 11.6
      vertex 13.2695 -11.7368 11.6
      vertex 13.5365 -11.6972 11.6
    endloop
  endfacet
  facet normal -0 0 1
    outer loop
      vertex 13.1568 -10.5923 11.6
      vertex 13.2695 -11.7368 11.6
      vertex 13.3121 -10.5693 11.6
    endloop
  endfacet
  facet normal -0 0 1
    outer loop
      vertex 13 -10.6 11.6
      vertex 13.2695 -11.7368 11.6
      vertex 13.1568 -10.5923 11.6
    endloop
  endfacet
  facet normal 0 0 1
    outer loop
      vertex 13 -10.6 11.6
      vertex 13 -11.75 11.6
      vertex 13.2695 -11.7368 11.6
    endloop
  endfacet
  facet normal 0 0 1
    outer loop
      vertex 12.8432 -10.5923 11.6
      vertex 13 -11.75 11.6
      vertex 13 -10.6 11.6
    endloop
  endfacet
  facet normal 0 0 1
    outer loop
      vertex 12.8432 -10.5923 11.6
      vertex 12.7305 -11.7368 11.6
      vertex 13 -11.75 11.6
    endloop
  endfacet
  facet normal 0 0 1
    outer loop
      vertex 12.6879 -10.5693 11.6
      vertex 12.7305 -11.7368 11.6
      vertex 12.8432 -10.5923 11.6
    endloop
  endfacet
  facet normal 0 0 1
    outer loop
      vertex 12.4635 -11.6972 11.6
      vertex 12.6879 -10.5693 11.6
      vertex 12.5355 -10.5311 11.6
    endloop
  endfacet
  facet normal 0 0 1
    outer loop
      vertex 12.6879 -10.5693 11.6
      vertex 12.4635 -11.6972 11.6
      vertex 12.7305 -11.7368 11.6
    endloop
  endfacet
  facet normal 0 0 1
    outer loop
      vertex 12.2017 -11.6316 11.6
      vertex 12.5355 -10.5311 11.6
      vertex 12.3877 -10.4782 11.6
    endloop
  endfacet
  facet normal 0 0 1
    outer loop
      vertex 11.9476 -11.5407 11.6
      vertex 12.3877 -10.4782 11.6
      vertex 12.2458 -10.4111 11.6
    endloop
  endfacet
  facet normal 0 0 1
    outer loop
      vertex 12.5355 -10.5311 11.6
      vertex 12.2017 -11.6316 11.6
      vertex 12.4635 -11.6972 11.6
    endloop
  endfacet
  facet normal 0 0 1
    outer loop
      vertex 11.7037 -11.4253 11.6
      vertex 12.2458 -10.4111 11.6
      vertex 12.1111 -10.3304 11.6
    endloop
  endfacet
  facet normal 0 0 1
    outer loop
      vertex 11.4722 -11.2865 11.6
      vertex 12.1111 -10.3304 11.6
      vertex 11.985 -10.2368 11.6
    endloop
  endfacet
  facet normal 0 0 1
    outer loop
      vertex 12.3877 -10.4782 11.6
      vertex 11.9476 -11.5407 11.6
      vertex 12.2017 -11.6316 11.6
    endloop
  endfacet
  facet normal 0 0 1
    outer loop
      vertex 11.2554 -11.1258 11.6
      vertex 11.985 -10.2368 11.6
      vertex 11.8686 -10.1314 11.6
    endloop
  endfacet
  facet normal 0 0 1
    outer loop
      vertex 11.0555 -10.9445 11.6
      vertex 11.8686 -10.1314 11.6
      vertex 11.7632 -10.015 11.6
    endloop
  endfacet
  facet normal 0 0 1
    outer loop
      vertex 12.2458 -10.4111 11.6
      vertex 11.7037 -11.4253 11.6
      vertex 11.9476 -11.5407 11.6
    endloop
  endfacet
  facet normal 0 0 1
    outer loop
      vertex 10.8742 -10.7446 11.6
      vertex 11.7632 -10.015 11.6
      vertex 11.6696 -9.88891 11.6
    endloop
  endfacet
  facet normal 0 0 1
    outer loop
      vertex 10.7135 -10.5278 11.6
      vertex 11.6696 -9.88891 11.6
      vertex 11.5889 -9.75423 11.6
    endloop
  endfacet
  facet normal 0 0 1
    outer loop
      vertex 10.5747 -10.2963 11.6
      vertex 11.5889 -9.75423 11.6
      vertex 11.5218 -9.61229 11.6
    endloop
  endfacet
  facet normal 0 0 1
    outer loop
      vertex 12.1111 -10.3304 11.6
      vertex 11.4722 -11.2865 11.6
      vertex 11.7037 -11.4253 11.6
    endloop
  endfacet
  facet normal 0 0 1
    outer loop
      vertex 10.4593 -10.0524 11.6
      vertex 11.5218 -9.61229 11.6
      vertex 11.4689 -9.46445 11.6
    endloop
  endfacet
  facet normal 0 0 1
    outer loop
      vertex 10.3684 -9.79828 11.6
      vertex 11.4689 -9.46445 11.6
      vertex 11.4307 -9.31214 11.6
    endloop
  endfacet
  facet normal 0 0 1
    outer loop
      vertex 10.3028 -9.5365 11.6
      vertex 11.4307 -9.31214 11.6
      vertex 11.4077 -9.15683 11.6
    endloop
  endfacet
  facet normal 0 0 1
    outer loop
      vertex 10.2632 -9.26955 11.6
      vertex 11.4077 -9.15683 11.6
      vertex 11.4 -9 11.6
    endloop
  endfacet
  facet normal -0 0 1
    outer loop
      vertex 10.4593 -7.94762 11.6
      vertex 11.5218 -8.38771 11.6
      vertex 10.5747 -7.70366 11.6
    endloop
  endfacet
  facet normal 0 0 1
    outer loop
      vertex 11.985 -10.2368 11.6
      vertex 11.2554 -11.1258 11.6
      vertex 11.4722 -11.2865 11.6
    endloop
  endfacet
  facet normal 0 0 1
    outer loop
      vertex 11.5218 -8.38771 11.6
      vertex 10.4593 -7.94762 11.6
      vertex 11.4689 -8.53554 11.6
    endloop
  endfacet
  facet normal 0 0 1
    outer loop
      vertex 11.8686 -10.1314 11.6
      vertex 11.0555 -10.9445 11.6
      vertex 11.2554 -11.1258 11.6
    endloop
  endfacet
  facet normal -0 0 1
    outer loop
      vertex 10.3684 -8.20172 11.6
      vertex 11.4689 -8.53554 11.6
      vertex 10.4593 -7.94762 11.6
    endloop
  endfacet
  facet normal 0 0 1
    outer loop
      vertex 11.7632 -10.015 11.6
      vertex 10.8742 -10.7446 11.6
      vertex 11.0555 -10.9445 11.6
    endloop
  endfacet
  facet normal 0 0 1
    outer loop
      vertex 11.4689 -8.53554 11.6
      vertex 10.3684 -8.20172 11.6
      vertex 11.4307 -8.68785 11.6
    endloop
  endfacet
  facet normal 0 0 1
    outer loop
      vertex 11.6696 -9.88891 11.6
      vertex 10.7135 -10.5278 11.6
      vertex 10.8742 -10.7446 11.6
    endloop
  endfacet
  facet normal -0 0 1
    outer loop
      vertex 10.3028 -8.4635 11.6
      vertex 11.4307 -8.68785 11.6
      vertex 10.3684 -8.20172 11.6
    endloop
  endfacet
  facet normal 0 0 1
    outer loop
      vertex 11.5889 -9.75423 11.6
      vertex 10.5747 -10.2963 11.6
      vertex 10.7135 -10.5278 11.6
    endloop
  endfacet
  facet normal 0 0 1
    outer loop
      vertex 11.4307 -8.68785 11.6
      vertex 10.3028 -8.4635 11.6
      vertex 11.4077 -8.84317 11.6
    endloop
  endfacet
  facet normal 0 0 1
    outer loop
      vertex 11.5218 -9.61229 11.6
      vertex 10.4593 -10.0524 11.6
      vertex 10.5747 -10.2963 11.6
    endloop
  endfacet
  facet normal -0 0 1
    outer loop
      vertex 10.2632 -8.73045 11.6
      vertex 11.4077 -8.84317 11.6
      vertex 10.3028 -8.4635 11.6
    endloop
  endfacet
  facet normal 0 0 1
    outer loop
      vertex 11.4689 -9.46445 11.6
      vertex 10.3684 -9.79828 11.6
      vertex 10.4593 -10.0524 11.6
    endloop
  endfacet
  facet normal 0 0 1
    outer loop
      vertex 11.4077 -8.84317 11.6
      vertex 10.2632 -8.73045 11.6
      vertex 11.4 -9 11.6
    endloop
  endfacet
  facet normal 0 0 1
    outer loop
      vertex 11.4307 -9.31214 11.6
      vertex 10.3028 -9.5365 11.6
      vertex 10.3684 -9.79828 11.6
    endloop
  endfacet
  facet normal 0 0 1
    outer loop
      vertex 10.25 -9 11.6
      vertex 11.4 -9 11.6
      vertex 10.2632 -8.73045 11.6
    endloop
  endfacet
  facet normal 0 0 1
    outer loop
      vertex 11.4077 -9.15683 11.6
      vertex 10.2632 -9.26955 11.6
      vertex 10.3028 -9.5365 11.6
    endloop
  endfacet
  facet normal 0 0 1
    outer loop
      vertex 11.4 -9 11.6
      vertex 10.25 -9 11.6
      vertex 10.2632 -9.26955 11.6
    endloop
  endfacet
  facet normal 0.903967 0.427602 0
    outer loop
      vertex 15.5407 -7.94762 11.6
      vertex 15.4253 -7.70366 1.6
      vertex 15.4253 -7.70366 11.6
    endloop
  endfacet
  facet normal 0.903967 0.427602 0
    outer loop
      vertex 15.4253 -7.70366 1.6
      vertex 15.5407 -7.94762 11.6
      vertex 15.5407 -7.94762 1.6
    endloop
  endfacet
  facet normal -0.970007 -0.243076 0
    outer loop
      vertex 10.3684 -9.79828 1.6
      vertex 10.3028 -9.5365 11.6
      vertex 10.3028 -9.5365 1.6
    endloop
  endfacet
  facet normal -0.970007 -0.243076 0
    outer loop
      vertex 10.3028 -9.5365 11.6
      vertex 10.3684 -9.79828 1.6
      vertex 10.3684 -9.79828 11.6
    endloop
  endfacet
  facet normal 0.740728 -0.671805 0
    outer loop
      vertex 14.9445 -10.9445 11.6
      vertex 15.1258 -10.7446 1.6
      vertex 15.1258 -10.7446 11.6
    endloop
  endfacet
  facet normal 0.740728 -0.671805 0
    outer loop
      vertex 15.1258 -10.7446 1.6
      vertex 14.9445 -10.9445 11.6
      vertex 14.9445 -10.9445 1.6
    endloop
  endfacet
  facet normal 0.14671 -0.98918 0
    outer loop
      vertex 13.2695 -11.7368 1.6
      vertex 13.5365 -11.6972 11.6
      vertex 13.2695 -11.7368 11.6
    endloop
  endfacet
  facet normal 0.14671 -0.98918 0
    outer loop
      vertex 13.5365 -11.6972 11.6
      vertex 13.2695 -11.7368 1.6
      vertex 13.5365 -11.6972 1.6
    endloop
  endfacet
  facet normal -0.0490688 0.998795 0
    outer loop
      vertex 13 -6.25 1.6
      vertex 12.7305 -6.26324 11.6
      vertex 13 -6.25 11.6
    endloop
  endfacet
  facet normal -0.0490688 0.998795 0
    outer loop
      vertex 12.7305 -6.26324 11.6
      vertex 13 -6.25 1.6
      vertex 12.7305 -6.26324 1.6
    endloop
  endfacet
  facet normal 0.671683 0.740838 -0
    outer loop
      vertex 14.9445 -7.05546 1.6
      vertex 14.7446 -6.87422 11.6
      vertex 14.9445 -7.05546 11.6
    endloop
  endfacet
  facet normal 0.671683 0.740838 0
    outer loop
      vertex 14.7446 -6.87422 11.6
      vertex 14.9445 -7.05546 1.6
      vertex 14.7446 -6.87422 1.6
    endloop
  endfacet
  facet normal 0.941566 0.336829 0
    outer loop
      vertex 15.6316 -8.20172 11.6
      vertex 15.5407 -7.94762 1.6
      vertex 15.5407 -7.94762 11.6
    endloop
  endfacet
  facet normal 0.941566 0.336829 0
    outer loop
      vertex 15.5407 -7.94762 1.6
      vertex 15.6316 -8.20172 11.6
      vertex 15.6316 -8.20172 1.6
    endloop
  endfacet
  facet normal -0.903926 -0.427688 0
    outer loop
      vertex 10.5747 -10.2963 1.6
      vertex 10.4593 -10.0524 11.6
      vertex 10.4593 -10.0524 1.6
    endloop
  endfacet
  facet normal -0.903926 -0.427688 0
    outer loop
      vertex 10.4593 -10.0524 11.6
      vertex 10.5747 -10.2963 1.6
      vertex 10.5747 -10.2963 11.6
    endloop
  endfacet
  facet normal -0.595628 0.80326 0
    outer loop
      vertex 11.4722 -6.71346 1.6
      vertex 11.2554 -6.87422 11.6
      vertex 11.4722 -6.71346 11.6
    endloop
  endfacet
  facet normal -0.595628 0.80326 0
    outer loop
      vertex 11.2554 -6.87422 11.6
      vertex 11.4722 -6.71346 1.6
      vertex 11.2554 -6.87422 1.6
    endloop
  endfacet
  facet normal 0.243059 -0.970012 0
    outer loop
      vertex 13.5365 -11.6972 1.6
      vertex 13.7983 -11.6316 11.6
      vertex 13.5365 -11.6972 11.6
    endloop
  endfacet
  facet normal 0.243059 -0.970012 0
    outer loop
      vertex 13.7983 -11.6316 11.6
      vertex 13.5365 -11.6972 1.6
      vertex 13.7983 -11.6316 1.6
    endloop
  endfacet
  facet normal 0.427688 -0.903926 0
    outer loop
      vertex 14.0524 -11.5407 1.6
      vertex 14.2963 -11.4253 11.6
      vertex 14.0524 -11.5407 11.6
    endloop
  endfacet
  facet normal 0.427688 -0.903926 0
    outer loop
      vertex 14.2963 -11.4253 11.6
      vertex 14.0524 -11.5407 1.6
      vertex 14.2963 -11.4253 1.6
    endloop
  endfacet
  facet normal 0.989176 -0.146737 0
    outer loop
      vertex 15.6972 -9.5365 11.6
      vertex 15.7368 -9.26955 1.6
      vertex 15.7368 -9.26955 11.6
    endloop
  endfacet
  facet normal 0.989176 -0.146737 0
    outer loop
      vertex 15.7368 -9.26955 1.6
      vertex 15.6972 -9.5365 11.6
      vertex 15.6972 -9.5365 1.6
    endloop
  endfacet
  facet normal -0.336895 0.941542 0
    outer loop
      vertex 12.2017 -6.36841 1.6
      vertex 11.9476 -6.45933 11.6
      vertex 12.2017 -6.36841 11.6
    endloop
  endfacet
  facet normal -0.336895 0.941542 0
    outer loop
      vertex 11.9476 -6.45933 11.6
      vertex 12.2017 -6.36841 1.6
      vertex 11.9476 -6.45933 1.6
    endloop
  endfacet
  facet normal -0.427688 -0.903926 0
    outer loop
      vertex 11.7037 -11.4253 1.6
      vertex 11.9476 -11.5407 11.6
      vertex 11.7037 -11.4253 11.6
    endloop
  endfacet
  facet normal -0.427688 -0.903926 -0
    outer loop
      vertex 11.9476 -11.5407 11.6
      vertex 11.7037 -11.4253 1.6
      vertex 11.9476 -11.5407 1.6
    endloop
  endfacet
  facet normal 0.857637 0.514256 0
    outer loop
      vertex 15.4253 -7.70366 11.6
      vertex 15.2865 -7.47218 1.6
      vertex 15.2865 -7.47218 11.6
    endloop
  endfacet
  facet normal 0.857637 0.514256 0
    outer loop
      vertex 15.2865 -7.47218 1.6
      vertex 15.4253 -7.70366 11.6
      vertex 15.4253 -7.70366 1.6
    endloop
  endfacet
  facet normal -0.243059 -0.970012 0
    outer loop
      vertex 12.2017 -11.6316 1.6
      vertex 12.4635 -11.6972 11.6
      vertex 12.2017 -11.6316 11.6
    endloop
  endfacet
  facet normal -0.243059 -0.970012 -0
    outer loop
      vertex 12.4635 -11.6972 11.6
      vertex 12.2017 -11.6316 1.6
      vertex 12.4635 -11.6972 1.6
    endloop
  endfacet
  facet normal -0.671683 0.740838 0
    outer loop
      vertex 11.2554 -6.87422 1.6
      vertex 11.0555 -7.05546 11.6
      vertex 11.2554 -6.87422 11.6
    endloop
  endfacet
  facet normal -0.671683 0.740838 0
    outer loop
      vertex 11.0555 -7.05546 11.6
      vertex 11.2554 -6.87422 1.6
      vertex 11.0555 -7.05546 1.6
    endloop
  endfacet
  facet normal 0.740828 0.671695 0
    outer loop
      vertex 15.1258 -7.25542 11.6
      vertex 14.9445 -7.05546 1.6
      vertex 14.9445 -7.05546 11.6
    endloop
  endfacet
  facet normal 0.740828 0.671695 0
    outer loop
      vertex 14.9445 -7.05546 1.6
      vertex 15.1258 -7.25542 11.6
      vertex 15.1258 -7.25542 1.6
    endloop
  endfacet
  facet normal -0.740828 0.671695 0
    outer loop
      vertex 10.8742 -7.25542 1.6
      vertex 11.0555 -7.05546 11.6
      vertex 11.0555 -7.05546 1.6
    endloop
  endfacet
  facet normal -0.740828 0.671695 0
    outer loop
      vertex 11.0555 -7.05546 11.6
      vertex 10.8742 -7.25542 1.6
      vertex 10.8742 -7.25542 11.6
    endloop
  endfacet
  facet normal 0.903926 -0.427688 0
    outer loop
      vertex 15.4253 -10.2963 11.6
      vertex 15.5407 -10.0524 1.6
      vertex 15.5407 -10.0524 11.6
    endloop
  endfacet
  facet normal 0.903926 -0.427688 0
    outer loop
      vertex 15.5407 -10.0524 1.6
      vertex 15.4253 -10.2963 11.6
      vertex 15.4253 -10.2963 1.6
    endloop
  endfacet
  facet normal 0.0489209 -0.998803 0
    outer loop
      vertex 13 -11.75 1.6
      vertex 13.2695 -11.7368 11.6
      vertex 13 -11.75 11.6
    endloop
  endfacet
  facet normal 0.0489209 -0.998803 0
    outer loop
      vertex 13.2695 -11.7368 11.6
      vertex 13 -11.75 1.6
      vertex 13.2695 -11.7368 1.6
    endloop
  endfacet
  facet normal -0.671805 -0.740728 0
    outer loop
      vertex 11.0555 -10.9445 1.6
      vertex 11.2554 -11.1258 11.6
      vertex 11.0555 -10.9445 11.6
    endloop
  endfacet
  facet normal -0.671805 -0.740728 -0
    outer loop
      vertex 11.2554 -11.1258 11.6
      vertex 11.0555 -10.9445 1.6
      vertex 11.2554 -11.1258 1.6
    endloop
  endfacet
  facet normal -0.803314 0.595555 0
    outer loop
      vertex 10.7135 -7.47218 1.6
      vertex 10.8742 -7.25542 11.6
      vertex 10.8742 -7.25542 1.6
    endloop
  endfacet
  facet normal -0.803314 0.595555 0
    outer loop
      vertex 10.8742 -7.25542 11.6
      vertex 10.7135 -7.47218 1.6
      vertex 10.7135 -7.47218 11.6
    endloop
  endfacet
  facet normal 0.941574 -0.336806 0
    outer loop
      vertex 15.5407 -10.0524 11.6
      vertex 15.6316 -9.79828 1.6
      vertex 15.6316 -9.79828 11.6
    endloop
  endfacet
  facet normal 0.941574 -0.336806 0
    outer loop
      vertex 15.6316 -9.79828 1.6
      vertex 15.5407 -10.0524 11.6
      vertex 15.5407 -10.0524 1.6
    endloop
  endfacet
  facet normal -0.0489209 -0.998803 0
    outer loop
      vertex 12.7305 -11.7368 1.6
      vertex 13 -11.75 11.6
      vertex 12.7305 -11.7368 11.6
    endloop
  endfacet
  facet normal -0.0489209 -0.998803 -0
    outer loop
      vertex 13 -11.75 11.6
      vertex 12.7305 -11.7368 1.6
      vertex 13 -11.75 1.6
    endloop
  endfacet
  facet normal 0.595485 -0.803367 0
    outer loop
      vertex 14.5278 -11.2865 1.6
      vertex 14.7446 -11.1258 11.6
      vertex 14.5278 -11.2865 11.6
    endloop
  endfacet
  facet normal 0.595485 -0.803367 0
    outer loop
      vertex 14.7446 -11.1258 11.6
      vertex 14.5278 -11.2865 1.6
      vertex 14.7446 -11.1258 1.6
    endloop
  endfacet
  facet normal 0.857656 -0.514223 0
    outer loop
      vertex 15.2865 -10.5278 11.6
      vertex 15.4253 -10.2963 1.6
      vertex 15.4253 -10.2963 11.6
    endloop
  endfacet
  facet normal 0.857656 -0.514223 0
    outer loop
      vertex 15.4253 -10.2963 1.6
      vertex 15.2865 -10.5278 11.6
      vertex 15.2865 -10.5278 1.6
    endloop
  endfacet
  facet normal -0.14671 -0.98918 0
    outer loop
      vertex 12.4635 -11.6972 1.6
      vertex 12.7305 -11.7368 11.6
      vertex 12.4635 -11.6972 11.6
    endloop
  endfacet
  facet normal -0.14671 -0.98918 -0
    outer loop
      vertex 12.7305 -11.7368 11.6
      vertex 12.4635 -11.6972 1.6
      vertex 12.7305 -11.7368 1.6
    endloop
  endfacet
  facet normal -0.903967 0.427602 0
    outer loop
      vertex 10.4593 -7.94762 1.6
      vertex 10.5747 -7.70366 11.6
      vertex 10.5747 -7.70366 1.6
    endloop
  endfacet
  facet normal -0.903967 0.427602 0
    outer loop
      vertex 10.5747 -7.70366 11.6
      vertex 10.4593 -7.94762 1.6
      vertex 10.4593 -7.94762 11.6
    endloop
  endfacet
  facet normal 0.14671 0.98918 -0
    outer loop
      vertex 13.5365 -6.30284 1.6
      vertex 13.2695 -6.26324 11.6
      vertex 13.5365 -6.30284 11.6
    endloop
  endfacet
  facet normal 0.14671 0.98918 0
    outer loop
      vertex 13.2695 -6.26324 11.6
      vertex 13.5365 -6.30284 1.6
      vertex 13.2695 -6.26324 1.6
    endloop
  endfacet
  facet normal -0.998803 0.0489119 0
    outer loop
      vertex 10.25 -9 1.6
      vertex 10.2632 -8.73045 11.6
      vertex 10.2632 -8.73045 1.6
    endloop
  endfacet
  facet normal -0.998803 0.0489119 0
    outer loop
      vertex 10.2632 -8.73045 11.6
      vertex 10.25 -9 1.6
      vertex 10.25 -9 11.6
    endloop
  endfacet
  facet normal -0.998803 -0.0489119 0
    outer loop
      vertex 10.2632 -9.26955 1.6
      vertex 10.25 -9 11.6
      vertex 10.25 -9 1.6
    endloop
  endfacet
  facet normal -0.998803 -0.0489119 0
    outer loop
      vertex 10.25 -9 11.6
      vertex 10.2632 -9.26955 1.6
      vertex 10.2632 -9.26955 11.6
    endloop
  endfacet
  facet normal 0.336829 -0.941566 0
    outer loop
      vertex 13.7983 -11.6316 1.6
      vertex 14.0524 -11.5407 11.6
      vertex 13.7983 -11.6316 11.6
    endloop
  endfacet
  facet normal 0.336829 -0.941566 0
    outer loop
      vertex 14.0524 -11.5407 11.6
      vertex 13.7983 -11.6316 1.6
      vertex 14.0524 -11.5407 1.6
    endloop
  endfacet
  facet normal -0.857656 -0.514223 0
    outer loop
      vertex 10.7135 -10.5278 1.6
      vertex 10.5747 -10.2963 11.6
      vertex 10.5747 -10.2963 1.6
    endloop
  endfacet
  facet normal -0.857656 -0.514223 0
    outer loop
      vertex 10.5747 -10.2963 11.6
      vertex 10.7135 -10.5278 1.6
      vertex 10.7135 -10.5278 11.6
    endloop
  endfacet
  facet normal 0.242954 0.970038 -0
    outer loop
      vertex 13.7983 -6.36841 1.6
      vertex 13.5365 -6.30284 11.6
      vertex 13.7983 -6.36841 11.6
    endloop
  endfacet
  facet normal 0.242954 0.970038 0
    outer loop
      vertex 13.5365 -6.30284 11.6
      vertex 13.7983 -6.36841 1.6
      vertex 13.5365 -6.30284 1.6
    endloop
  endfacet
  facet normal -0.857637 0.514256 0
    outer loop
      vertex 10.5747 -7.70366 1.6
      vertex 10.7135 -7.47218 11.6
      vertex 10.7135 -7.47218 1.6
    endloop
  endfacet
  facet normal -0.857637 0.514256 0
    outer loop
      vertex 10.7135 -7.47218 11.6
      vertex 10.5747 -7.70366 1.6
      vertex 10.5747 -7.70366 11.6
    endloop
  endfacet
  facet normal -0.336829 -0.941566 0
    outer loop
      vertex 11.9476 -11.5407 1.6
      vertex 12.2017 -11.6316 11.6
      vertex 11.9476 -11.5407 11.6
    endloop
  endfacet
  facet normal -0.336829 -0.941566 -0
    outer loop
      vertex 12.2017 -11.6316 11.6
      vertex 11.9476 -11.5407 1.6
      vertex 12.2017 -11.6316 1.6
    endloop
  endfacet
  facet normal -0.514223 -0.857656 0
    outer loop
      vertex 11.4722 -11.2865 1.6
      vertex 11.7037 -11.4253 11.6
      vertex 11.4722 -11.2865 11.6
    endloop
  endfacet
  facet normal -0.514223 -0.857656 -0
    outer loop
      vertex 11.7037 -11.4253 11.6
      vertex 11.4722 -11.2865 1.6
      vertex 11.7037 -11.4253 1.6
    endloop
  endfacet
  facet normal 0 0 1
    outer loop
      vertex -27.6903 -0.956708 1.6
      vertex -8.55238 6.95933 1.6
      vertex -27.6076 -0.725711 1.6
    endloop
  endfacet
  facet normal 0 0 1
    outer loop
      vertex -8.55238 6.95933 1.6
      vertex -27.6903 -0.956708 1.6
      vertex -8.29828 6.86841 1.6
    endloop
  endfacet
  facet normal 0 0 1
    outer loop
      vertex -27.7952 -1.17849 1.6
      vertex -8.29828 6.86841 1.6
      vertex -27.6903 -0.956708 1.6
    endloop
  endfacet
  facet normal 0 0 1
    outer loop
      vertex -8.29828 6.86841 1.6
      vertex -27.7952 -1.17849 1.6
      vertex -23.9002 -20.3647 1.6
    endloop
  endfacet
  facet normal 0 0 1
    outer loop
      vertex -23.9002 -20.3647 1.6
      vertex -27.7952 -1.17849 1.6
      vertex -26.1278 -18.2705 1.6
    endloop
  endfacet
  facet normal -0 0 1
    outer loop
      vertex -27.9213 -1.38893 1.6
      vertex -26.1278 -18.2705 1.6
      vertex -27.7952 -1.17849 1.6
    endloop
  endfacet
  facet normal 0 0 1
    outer loop
      vertex -28.1037 -16.0004 1.6
      vertex -27.9213 -1.38893 1.6
      vertex -28.0675 -1.58598 1.6
    endloop
  endfacet
  facet normal 0 0 1
    outer loop
      vertex -27.9213 -1.38893 1.6
      vertex -28.1037 -16.0004 1.6
      vertex -26.1278 -18.2705 1.6
    endloop
  endfacet
  facet normal -0 0 1
    outer loop
      vertex -28.2322 -1.76777 1.6
      vertex -28.1037 -16.0004 1.6
      vertex -28.0675 -1.58598 1.6
    endloop
  endfacet
  facet normal 0 0 1
    outer loop
      vertex -29.8089 -13.5762 1.6
      vertex -28.2322 -1.76777 1.6
      vertex -28.414 -1.93253 1.6
    endloop
  endfacet
  facet normal 0 0 1
    outer loop
      vertex -31.2271 -11.0213 1.6
      vertex -28.414 -1.93253 1.6
      vertex -28.6111 -2.07867 1.6
    endloop
  endfacet
  facet normal 0 0 1
    outer loop
      vertex -31.2271 -11.0213 1.6
      vertex -28.6111 -2.07867 1.6
      vertex -28.8215 -2.2048 1.6
    endloop
  endfacet
  facet normal 0 0 1
    outer loop
      vertex -31.2271 -11.0213 1.6
      vertex -28.8215 -2.2048 1.6
      vertex -29.0433 -2.3097 1.6
    endloop
  endfacet
  facet normal 0 0 1
    outer loop
      vertex -32.3446 -8.3602 1.6
      vertex -29.0433 -2.3097 1.6
      vertex -29.2743 -2.39235 1.6
    endloop
  endfacet
  facet normal 0 0 1
    outer loop
      vertex -32.3446 -8.3602 1.6
      vertex -29.2743 -2.39235 1.6
      vertex -29.5123 -2.45196 1.6
    endloop
  endfacet
  facet normal 0 0 1
    outer loop
      vertex -32.3446 -8.3602 1.6
      vertex -29.5123 -2.45196 1.6
      vertex -29.755 -2.48796 1.6
    endloop
  endfacet
  facet normal 0 0 1
    outer loop
      vertex -28.2322 -1.76777 1.6
      vertex -29.8089 -13.5762 1.6
      vertex -28.1037 -16.0004 1.6
    endloop
  endfacet
  facet normal 0 0 1
    outer loop
      vertex -33.1505 -5.6186 1.6
      vertex -29.755 -2.48796 1.6
      vertex -30 -2.5 1.6
    endloop
  endfacet
  facet normal 0 0 1
    outer loop
      vertex -33.1505 -5.6186 1.6
      vertex -30 -2.5 1.6
      vertex -30.245 -2.48796 1.6
    endloop
  endfacet
  facet normal 0 0 1
    outer loop
      vertex -33.1505 -5.6186 1.6
      vertex -30.245 -2.48796 1.6
      vertex -30.4877 -2.45196 1.6
    endloop
  endfacet
  facet normal 0 0 1
    outer loop
      vertex -33.1505 -5.6186 1.6
      vertex -30.4877 -2.45196 1.6
      vertex -30.7257 -2.39235 1.6
    endloop
  endfacet
  facet normal 0 0 1
    outer loop
      vertex -33.1505 -5.6186 1.6
      vertex -30.7257 -2.39235 1.6
      vertex -30.9567 -2.3097 1.6
    endloop
  endfacet
  facet normal 0 0 1
    outer loop
      vertex -33.1505 -5.6186 1.6
      vertex -30.9567 -2.3097 1.6
      vertex -31.1785 -2.2048 1.6
    endloop
  endfacet
  facet normal 0 0 1
    outer loop
      vertex -28.414 -1.93253 1.6
      vertex -31.2271 -11.0213 1.6
      vertex -29.8089 -13.5762 1.6
    endloop
  endfacet
  facet normal 0 0 1
    outer loop
      vertex -33.6372 -2.82289 1.6
      vertex -31.1785 -2.2048 1.6
      vertex -31.3889 -2.07867 1.6
    endloop
  endfacet
  facet normal 0 0 1
    outer loop
      vertex -33.6372 -2.82289 1.6
      vertex -31.3889 -2.07867 1.6
      vertex -31.586 -1.93253 1.6
    endloop
  endfacet
  facet normal 0 0 1
    outer loop
      vertex -33.6372 -2.82289 1.6
      vertex -31.586 -1.93253 1.6
      vertex -31.7678 -1.76777 1.6
    endloop
  endfacet
  facet normal 0 0 1
    outer loop
      vertex -33.6372 -2.82289 1.6
      vertex -31.7678 -1.76777 1.6
      vertex -31.9325 -1.58598 1.6
    endloop
  endfacet
  facet normal 0 0 1
    outer loop
      vertex -33.6372 -2.82289 1.6
      vertex -31.9325 -1.58598 1.6
      vertex -32.0787 -1.38893 1.6
    endloop
  endfacet
  facet normal 0 0 1
    outer loop
      vertex -33.6372 -2.82289 1.6
      vertex -32.0787 -1.38893 1.6
      vertex -32.2048 -1.17849 1.6
    endloop
  endfacet
  facet normal 0 0 1
    outer loop
      vertex -33.6372 -2.82289 1.6
      vertex -32.2048 -1.17849 1.6
      vertex -32.3097 -0.956708 1.6
    endloop
  endfacet
  facet normal 0 0 1
    outer loop
      vertex -29.0433 -2.3097 1.6
      vertex -32.3446 -8.3602 1.6
      vertex -31.2271 -11.0213 1.6
    endloop
  endfacet
  facet normal 0 0 1
    outer loop
      vertex -33.8 0 1.6
      vertex -32.3097 -0.956708 1.6
      vertex -32.3923 -0.725711 1.6
    endloop
  endfacet
  facet normal 0 0 1
    outer loop
      vertex -33.8 0 1.6
      vertex -32.3923 -0.725711 1.6
      vertex -32.452 -0.487725 1.6
    endloop
  endfacet
  facet normal 0 0 1
    outer loop
      vertex -33.8 0 1.6
      vertex -32.452 -0.487725 1.6
      vertex -32.488 -0.245043 1.6
    endloop
  endfacet
  facet normal -0 0 1
    outer loop
      vertex -33.8 0 1.6
      vertex -32.488 -0.245043 1.6
      vertex -32.5 0 1.6
    endloop
  endfacet
  facet normal 0 0 1
    outer loop
      vertex -32.452 0.487725 1.6
      vertex -33.8 0 1.6
      vertex -32.488 0.245043 1.6
    endloop
  endfacet
  facet normal 0 0 1
    outer loop
      vertex -29.755 -2.48796 1.6
      vertex -33.1505 -5.6186 1.6
      vertex -32.3446 -8.3602 1.6
    endloop
  endfacet
  facet normal 0 0 1
    outer loop
      vertex -32.488 0.245043 1.6
      vertex -33.8 0 1.6
      vertex -32.5 0 1.6
    endloop
  endfacet
  facet normal 0 0 1
    outer loop
      vertex -31.1785 -2.2048 1.6
      vertex -33.6372 -2.82289 1.6
      vertex -33.1505 -5.6186 1.6
    endloop
  endfacet
  facet normal 0 0 1
    outer loop
      vertex -32.3097 -0.956708 1.6
      vertex -33.8 0 1.6
      vertex -33.6372 -2.82289 1.6
    endloop
  endfacet
  facet normal 0 0 1
    outer loop
      vertex 10.8742 -7.25542 1.6
      vertex -5.55546 7.55546 1.6
      vertex 10.7135 -7.47218 1.6
    endloop
  endfacet
  facet normal -0 0 1
    outer loop
      vertex -5.75542 7.37422 1.6
      vertex 10.7135 -7.47218 1.6
      vertex -5.55546 7.55546 1.6
    endloop
  endfacet
  facet normal 0 0 1
    outer loop
      vertex 10.7135 -7.47218 1.6
      vertex -5.75542 7.37422 1.6
      vertex 10.5747 -7.70366 1.6
    endloop
  endfacet
  facet normal -0 0 1
    outer loop
      vertex -5.97218 7.21346 1.6
      vertex 10.5747 -7.70366 1.6
      vertex -5.75542 7.37422 1.6
    endloop
  endfacet
  facet normal 0 0 1
    outer loop
      vertex 10.5747 -7.70366 1.6
      vertex -5.97218 7.21346 1.6
      vertex 10.4593 -7.94762 1.6
    endloop
  endfacet
  facet normal -0 0 1
    outer loop
      vertex -6.20366 7.07472 1.6
      vertex 10.4593 -7.94762 1.6
      vertex -5.97218 7.21346 1.6
    endloop
  endfacet
  facet normal 0 0 1
    outer loop
      vertex 10.4593 -7.94762 1.6
      vertex -6.20366 7.07472 1.6
      vertex 10.3684 -8.20172 1.6
    endloop
  endfacet
  facet normal -0 0 1
    outer loop
      vertex -6.44762 6.95933 1.6
      vertex 10.3684 -8.20172 1.6
      vertex -6.20366 7.07472 1.6
    endloop
  endfacet
  facet normal 0 0 1
    outer loop
      vertex 10.3684 -8.20172 1.6
      vertex -6.44762 6.95933 1.6
      vertex 10.3028 -8.4635 1.6
    endloop
  endfacet
  facet normal -0 0 1
    outer loop
      vertex -6.70172 6.86841 1.6
      vertex 10.3028 -8.4635 1.6
      vertex -6.44762 6.95933 1.6
    endloop
  endfacet
  facet normal 0 0 1
    outer loop
      vertex 10.3028 -8.4635 1.6
      vertex -6.70172 6.86841 1.6
      vertex 10.2632 -8.73045 1.6
    endloop
  endfacet
  facet normal -0 0 1
    outer loop
      vertex -6.9635 6.80284 1.6
      vertex 10.2632 -8.73045 1.6
      vertex -6.70172 6.86841 1.6
    endloop
  endfacet
  facet normal 0 0 1
    outer loop
      vertex 10.2632 -8.73045 1.6
      vertex -6.9635 6.80284 1.6
      vertex 10.25 -9 1.6
    endloop
  endfacet
  facet normal -0 0 1
    outer loop
      vertex -7.23045 6.76324 1.6
      vertex 10.25 -9 1.6
      vertex -6.9635 6.80284 1.6
    endloop
  endfacet
  facet normal 0 0 1
    outer loop
      vertex 10.25 -9 1.6
      vertex -6.59405 -28.2466 1.6
      vertex -3.31298 -28.6613 1.6
    endloop
  endfacet
  facet normal -0 0 1
    outer loop
      vertex -7.5 6.75 1.6
      vertex 10.25 -9 1.6
      vertex -7.23045 6.76324 1.6
    endloop
  endfacet
  facet normal 0 0 1
    outer loop
      vertex 10.25 -9 1.6
      vertex -7.5 6.75 1.6
      vertex -12.9347 -26.6077 1.6
    endloop
  endfacet
  facet normal 0 0 1
    outer loop
      vertex -15.9332 -25.3993 1.6
      vertex -7.5 6.75 1.6
      vertex -7.76955 6.76324 1.6
    endloop
  endfacet
  facet normal 0 0 1
    outer loop
      vertex -18.7783 -23.9463 1.6
      vertex -7.76955 6.76324 1.6
      vertex -8.0365 6.80284 1.6
    endloop
  endfacet
  facet normal 0 0 1
    outer loop
      vertex -21.4425 -22.2627 1.6
      vertex -8.0365 6.80284 1.6
      vertex -8.29828 6.86841 1.6
    endloop
  endfacet
  facet normal 0 0 1
    outer loop
      vertex -8.79634 7.07472 1.6
      vertex -27.6076 -0.725711 1.6
      vertex -8.55238 6.95933 1.6
    endloop
  endfacet
  facet normal 0 0 1
    outer loop
      vertex -27.548 -0.487725 1.6
      vertex -9.02782 7.21346 1.6
      vertex -27.512 -0.245043 1.6
    endloop
  endfacet
  facet normal 0 0 1
    outer loop
      vertex -9.24458 7.37422 1.6
      vertex -27.512 -0.245043 1.6
      vertex -9.02782 7.21346 1.6
    endloop
  endfacet
  facet normal 0 0 1
    outer loop
      vertex -27.512 -0.245043 1.6
      vertex -9.24458 7.37422 1.6
      vertex -27.5 0 1.6
    endloop
  endfacet
  facet normal 0 0 1
    outer loop
      vertex -27.5 0 1.6
      vertex -9.24458 7.37422 1.6
      vertex -9.44454 7.55546 1.6
    endloop
  endfacet
  facet normal 0 0 1
    outer loop
      vertex -27.5 0 1.6
      vertex -9.44454 7.55546 1.6
      vertex -9.62578 7.75542 1.6
    endloop
  endfacet
  facet normal 0 0 1
    outer loop
      vertex -27.548 0.487725 1.6
      vertex -9.62578 7.75542 1.6
      vertex -9.78654 7.97218 1.6
    endloop
  endfacet
  facet normal 0 0 1
    outer loop
      vertex 10.25 -9 1.6
      vertex -9.81162 -27.5599 1.6
      vertex -6.59405 -28.2466 1.6
    endloop
  endfacet
  facet normal 0 0 1
    outer loop
      vertex -27.6076 0.725711 1.6
      vertex -9.78654 7.97218 1.6
      vertex -9.92528 8.20366 1.6
    endloop
  endfacet
  facet normal 0 0 1
    outer loop
      vertex -27.6903 0.956708 1.6
      vertex -9.92528 8.20366 1.6
      vertex -10.0407 8.44762 1.6
    endloop
  endfacet
  facet normal 0 0 1
    outer loop
      vertex -27.7952 1.17849 1.6
      vertex -10.0407 8.44762 1.6
      vertex -10.1316 8.70172 1.6
    endloop
  endfacet
  facet normal 0 0 1
    outer loop
      vertex -27.9213 1.38893 1.6
      vertex -10.1316 8.70172 1.6
      vertex -10.1972 8.9635 1.6
    endloop
  endfacet
  facet normal 0 0 1
    outer loop
      vertex -28.0675 1.58598 1.6
      vertex -10.1972 8.9635 1.6
      vertex -10.2368 9.23045 1.6
    endloop
  endfacet
  facet normal 0 0 1
    outer loop
      vertex -28.2322 1.76777 1.6
      vertex -10.2368 9.23045 1.6
      vertex -10.25 9.5 1.6
    endloop
  endfacet
  facet normal 0 0 1
    outer loop
      vertex -10.0407 10.5524 1.6
      vertex -23.9002 20.3647 1.6
      vertex -10.1316 10.2983 1.6
    endloop
  endfacet
  facet normal 0 0 1
    outer loop
      vertex -9.02782 7.21346 1.6
      vertex -27.548 -0.487725 1.6
      vertex -8.79634 7.07472 1.6
    endloop
  endfacet
  facet normal -0 0 1
    outer loop
      vertex -26.1278 18.2705 1.6
      vertex -10.1316 10.2983 1.6
      vertex -23.9002 20.3647 1.6
    endloop
  endfacet
  facet normal 0 0 1
    outer loop
      vertex 10.25 -9 1.6
      vertex -12.9347 -26.6077 1.6
      vertex -9.81162 -27.5599 1.6
    endloop
  endfacet
  facet normal 0 0 1
    outer loop
      vertex -10.1316 10.2983 1.6
      vertex -26.1278 18.2705 1.6
      vertex -10.1972 10.0365 1.6
    endloop
  endfacet
  facet normal 0 0 1
    outer loop
      vertex -7.5 6.75 1.6
      vertex -15.9332 -25.3993 1.6
      vertex -12.9347 -26.6077 1.6
    endloop
  endfacet
  facet normal 0 0 1
    outer loop
      vertex -10.1972 10.0365 1.6
      vertex -26.1278 18.2705 1.6
      vertex -10.2368 9.76955 1.6
    endloop
  endfacet
  facet normal 0 0 1
    outer loop
      vertex -7.76955 6.76324 1.6
      vertex -18.7783 -23.9463 1.6
      vertex -15.9332 -25.3993 1.6
    endloop
  endfacet
  facet normal -0 0 1
    outer loop
      vertex -28.1037 16.0004 1.6
      vertex -10.2368 9.76955 1.6
      vertex -26.1278 18.2705 1.6
    endloop
  endfacet
  facet normal 0 0 1
    outer loop
      vertex -8.0365 6.80284 1.6
      vertex -21.4425 -22.2627 1.6
      vertex -18.7783 -23.9463 1.6
    endloop
  endfacet
  facet normal 0 0 1
    outer loop
      vertex -10.2368 9.76955 1.6
      vertex -28.1037 16.0004 1.6
      vertex -10.25 9.5 1.6
    endloop
  endfacet
  facet normal 0 0 1
    outer loop
      vertex -8.29828 6.86841 1.6
      vertex -23.9002 -20.3647 1.6
      vertex -21.4425 -22.2627 1.6
    endloop
  endfacet
  facet normal 0 0 1
    outer loop
      vertex -27.6076 -0.725711 1.6
      vertex -8.79634 7.07472 1.6
      vertex -27.548 -0.487725 1.6
    endloop
  endfacet
  facet normal 0 0 1
    outer loop
      vertex -9.62578 7.75542 1.6
      vertex -27.512 0.245043 1.6
      vertex -27.5 0 1.6
    endloop
  endfacet
  facet normal 0 0 1
    outer loop
      vertex -9.62578 7.75542 1.6
      vertex -27.548 0.487725 1.6
      vertex -27.512 0.245043 1.6
    endloop
  endfacet
  facet normal 0 0 1
    outer loop
      vertex -9.78654 7.97218 1.6
      vertex -27.6076 0.725711 1.6
      vertex -27.548 0.487725 1.6
    endloop
  endfacet
  facet normal 0 0 1
    outer loop
      vertex -9.92528 8.20366 1.6
      vertex -27.6903 0.956708 1.6
      vertex -27.6076 0.725711 1.6
    endloop
  endfacet
  facet normal 0 0 1
    outer loop
      vertex -10.0407 8.44762 1.6
      vertex -27.7952 1.17849 1.6
      vertex -27.6903 0.956708 1.6
    endloop
  endfacet
  facet normal 0 0 1
    outer loop
      vertex -10.1316 8.70172 1.6
      vertex -27.9213 1.38893 1.6
      vertex -27.7952 1.17849 1.6
    endloop
  endfacet
  facet normal 0 0 1
    outer loop
      vertex -28.2322 1.76777 1.6
      vertex -10.25 9.5 1.6
      vertex -28.1037 16.0004 1.6
    endloop
  endfacet
  facet normal 0 0 1
    outer loop
      vertex -10.1972 8.9635 1.6
      vertex -28.0675 1.58598 1.6
      vertex -27.9213 1.38893 1.6
    endloop
  endfacet
  facet normal 0 0 1
    outer loop
      vertex -10.2368 9.23045 1.6
      vertex -28.2322 1.76777 1.6
      vertex -28.0675 1.58598 1.6
    endloop
  endfacet
  facet normal -0 0 1
    outer loop
      vertex -29.8089 13.5762 1.6
      vertex -28.2322 1.76777 1.6
      vertex -28.1037 16.0004 1.6
    endloop
  endfacet
  facet normal 0 0 1
    outer loop
      vertex -28.2322 1.76777 1.6
      vertex -29.8089 13.5762 1.6
      vertex -28.414 1.93253 1.6
    endloop
  endfacet
  facet normal -0 0 1
    outer loop
      vertex -31.2271 11.0213 1.6
      vertex -28.414 1.93253 1.6
      vertex -29.8089 13.5762 1.6
    endloop
  endfacet
  facet normal 0 0 1
    outer loop
      vertex -28.414 1.93253 1.6
      vertex -31.2271 11.0213 1.6
      vertex -28.6111 2.07867 1.6
    endloop
  endfacet
  facet normal 0 0 1
    outer loop
      vertex -28.6111 2.07867 1.6
      vertex -31.2271 11.0213 1.6
      vertex -28.8215 2.2048 1.6
    endloop
  endfacet
  facet normal 0 0 1
    outer loop
      vertex -28.8215 2.2048 1.6
      vertex -31.2271 11.0213 1.6
      vertex -29.0433 2.3097 1.6
    endloop
  endfacet
  facet normal -0 0 1
    outer loop
      vertex -32.3446 8.3602 1.6
      vertex -29.0433 2.3097 1.6
      vertex -31.2271 11.0213 1.6
    endloop
  endfacet
  facet normal 0 0 1
    outer loop
      vertex -29.0433 2.3097 1.6
      vertex -32.3446 8.3602 1.6
      vertex -29.2743 2.39235 1.6
    endloop
  endfacet
  facet normal 0 0 1
    outer loop
      vertex -29.2743 2.39235 1.6
      vertex -32.3446 8.3602 1.6
      vertex -29.5123 2.45196 1.6
    endloop
  endfacet
  facet normal 0 0 1
    outer loop
      vertex -29.5123 2.45196 1.6
      vertex -32.3446 8.3602 1.6
      vertex -29.755 2.48796 1.6
    endloop
  endfacet
  facet normal -0 0 1
    outer loop
      vertex -33.1505 5.6186 1.6
      vertex -29.755 2.48796 1.6
      vertex -32.3446 8.3602 1.6
    endloop
  endfacet
  facet normal 0 0 1
    outer loop
      vertex -29.755 2.48796 1.6
      vertex -33.1505 5.6186 1.6
      vertex -30 2.5 1.6
    endloop
  endfacet
  facet normal 0 0 1
    outer loop
      vertex -30 2.5 1.6
      vertex -33.1505 5.6186 1.6
      vertex -30.245 2.48796 1.6
    endloop
  endfacet
  facet normal 0 0 1
    outer loop
      vertex -30.245 2.48796 1.6
      vertex -33.1505 5.6186 1.6
      vertex -30.4877 2.45196 1.6
    endloop
  endfacet
  facet normal 0 0 1
    outer loop
      vertex -30.4877 2.45196 1.6
      vertex -33.1505 5.6186 1.6
      vertex -30.7257 2.39235 1.6
    endloop
  endfacet
  facet normal 0 0 1
    outer loop
      vertex -30.7257 2.39235 1.6
      vertex -33.1505 5.6186 1.6
      vertex -30.9567 2.3097 1.6
    endloop
  endfacet
  facet normal 0 0 1
    outer loop
      vertex -30.9567 2.3097 1.6
      vertex -33.1505 5.6186 1.6
      vertex -31.1785 2.2048 1.6
    endloop
  endfacet
  facet normal -0 0 1
    outer loop
      vertex -33.6372 2.82289 1.6
      vertex -31.1785 2.2048 1.6
      vertex -33.1505 5.6186 1.6
    endloop
  endfacet
  facet normal 0 0 1
    outer loop
      vertex -31.1785 2.2048 1.6
      vertex -33.6372 2.82289 1.6
      vertex -31.3889 2.07867 1.6
    endloop
  endfacet
  facet normal 0 0 1
    outer loop
      vertex -31.3889 2.07867 1.6
      vertex -33.6372 2.82289 1.6
      vertex -31.586 1.93253 1.6
    endloop
  endfacet
  facet normal 0 0 1
    outer loop
      vertex -31.586 1.93253 1.6
      vertex -33.6372 2.82289 1.6
      vertex -31.7678 1.76777 1.6
    endloop
  endfacet
  facet normal 0 0 1
    outer loop
      vertex -31.7678 1.76777 1.6
      vertex -33.6372 2.82289 1.6
      vertex -31.9325 1.58598 1.6
    endloop
  endfacet
  facet normal 0 0 1
    outer loop
      vertex -31.9325 1.58598 1.6
      vertex -33.6372 2.82289 1.6
      vertex -32.0787 1.38893 1.6
    endloop
  endfacet
  facet normal 0 0 1
    outer loop
      vertex -32.0787 1.38893 1.6
      vertex -33.6372 2.82289 1.6
      vertex -32.2048 1.17849 1.6
    endloop
  endfacet
  facet normal 0 0 1
    outer loop
      vertex -32.2048 1.17849 1.6
      vertex -33.6372 2.82289 1.6
      vertex -32.3097 0.956708 1.6
    endloop
  endfacet
  facet normal 0 0 1
    outer loop
      vertex -33.8 0 1.6
      vertex -32.3097 0.956708 1.6
      vertex -33.6372 2.82289 1.6
    endloop
  endfacet
  facet normal 0 0 1
    outer loop
      vertex -32.3097 0.956708 1.6
      vertex -33.8 0 1.6
      vertex -32.3923 0.725711 1.6
    endloop
  endfacet
  facet normal 0 0 1
    outer loop
      vertex -32.3923 0.725711 1.6
      vertex -33.8 0 1.6
      vertex -32.452 0.487725 1.6
    endloop
  endfacet
  facet normal -0 0 1
    outer loop
      vertex 15.4253 -10.2963 1.6
      vertex 26.1278 -18.2705 1.6
      vertex 15.5407 -10.0524 1.6
    endloop
  endfacet
  facet normal -0 0 1
    outer loop
      vertex 15.2865 -10.5278 1.6
      vertex 26.1278 -18.2705 1.6
      vertex 15.4253 -10.2963 1.6
    endloop
  endfacet
  facet normal 0 0 1
    outer loop
      vertex 26.1278 -18.2705 1.6
      vertex 15.2865 -10.5278 1.6
      vertex 23.9002 -20.3647 1.6
    endloop
  endfacet
  facet normal -0 0 1
    outer loop
      vertex 15.1258 -10.7446 1.6
      vertex 23.9002 -20.3647 1.6
      vertex 15.2865 -10.5278 1.6
    endloop
  endfacet
  facet normal -0 0 1
    outer loop
      vertex 14.9445 -10.9445 1.6
      vertex 23.9002 -20.3647 1.6
      vertex 15.1258 -10.7446 1.6
    endloop
  endfacet
  facet normal -0 0 1
    outer loop
      vertex 14.7446 -11.1258 1.6
      vertex 23.9002 -20.3647 1.6
      vertex 14.9445 -10.9445 1.6
    endloop
  endfacet
  facet normal 0 0 1
    outer loop
      vertex 23.9002 -20.3647 1.6
      vertex 14.7446 -11.1258 1.6
      vertex 21.4425 -22.2627 1.6
    endloop
  endfacet
  facet normal -0 0 1
    outer loop
      vertex 14.5278 -11.2865 1.6
      vertex 21.4425 -22.2627 1.6
      vertex 14.7446 -11.1258 1.6
    endloop
  endfacet
  facet normal -0 0 1
    outer loop
      vertex 14.2963 -11.4253 1.6
      vertex 21.4425 -22.2627 1.6
      vertex 14.5278 -11.2865 1.6
    endloop
  endfacet
  facet normal -0 0 1
    outer loop
      vertex 14.0524 -11.5407 1.6
      vertex 21.4425 -22.2627 1.6
      vertex 14.2963 -11.4253 1.6
    endloop
  endfacet
  facet normal 0 0 1
    outer loop
      vertex 21.4425 -22.2627 1.6
      vertex 14.0524 -11.5407 1.6
      vertex 18.7783 -23.9463 1.6
    endloop
  endfacet
  facet normal -0 0 1
    outer loop
      vertex 13.7983 -11.6316 1.6
      vertex 18.7783 -23.9463 1.6
      vertex 14.0524 -11.5407 1.6
    endloop
  endfacet
  facet normal -0 0 1
    outer loop
      vertex 13.5365 -11.6972 1.6
      vertex 18.7783 -23.9463 1.6
      vertex 13.7983 -11.6316 1.6
    endloop
  endfacet
  facet normal -0 0 1
    outer loop
      vertex 13.2695 -11.7368 1.6
      vertex 18.7783 -23.9463 1.6
      vertex 13.5365 -11.6972 1.6
    endloop
  endfacet
  facet normal 0 0 1
    outer loop
      vertex 18.7783 -23.9463 1.6
      vertex 13.2695 -11.7368 1.6
      vertex 15.9332 -25.3993 1.6
    endloop
  endfacet
  facet normal -0 0 1
    outer loop
      vertex 13 -11.75 1.6
      vertex 15.9332 -25.3993 1.6
      vertex 13.2695 -11.7368 1.6
    endloop
  endfacet
  facet normal 0 0 1
    outer loop
      vertex 12.7305 -11.7368 1.6
      vertex 15.9332 -25.3993 1.6
      vertex 13 -11.75 1.6
    endloop
  endfacet
  facet normal 0 0 1
    outer loop
      vertex 15.9332 -25.3993 1.6
      vertex 12.7305 -11.7368 1.6
      vertex 12.9347 -26.6077 1.6
    endloop
  endfacet
  facet normal 0 0 1
    outer loop
      vertex 12.4635 -11.6972 1.6
      vertex 12.9347 -26.6077 1.6
      vertex 12.7305 -11.7368 1.6
    endloop
  endfacet
  facet normal 0 0 1
    outer loop
      vertex 12.2017 -11.6316 1.6
      vertex 12.9347 -26.6077 1.6
      vertex 12.4635 -11.6972 1.6
    endloop
  endfacet
  facet normal 0 0 1
    outer loop
      vertex 11.9476 -11.5407 1.6
      vertex 12.9347 -26.6077 1.6
      vertex 12.2017 -11.6316 1.6
    endloop
  endfacet
  facet normal 0 0 1
    outer loop
      vertex 9.81162 -27.5599 1.6
      vertex 11.9476 -11.5407 1.6
      vertex 11.7037 -11.4253 1.6
    endloop
  endfacet
  facet normal 0 0 1
    outer loop
      vertex 9.81162 -27.5599 1.6
      vertex 11.7037 -11.4253 1.6
      vertex 11.4722 -11.2865 1.6
    endloop
  endfacet
  facet normal 0 0 1
    outer loop
      vertex 6.59405 -28.2466 1.6
      vertex 11.4722 -11.2865 1.6
      vertex 11.2554 -11.1258 1.6
    endloop
  endfacet
  facet normal 0 0 1
    outer loop
      vertex 6.59405 -28.2466 1.6
      vertex 11.2554 -11.1258 1.6
      vertex 11.0555 -10.9445 1.6
    endloop
  endfacet
  facet normal 0 0 1
    outer loop
      vertex 3.31298 -28.6613 1.6
      vertex 11.0555 -10.9445 1.6
      vertex 10.8742 -10.7446 1.6
    endloop
  endfacet
  facet normal 0 0 1
    outer loop
      vertex 3.31298 -28.6613 1.6
      vertex 10.8742 -10.7446 1.6
      vertex 10.7135 -10.5278 1.6
    endloop
  endfacet
  facet normal 0 0 1
    outer loop
      vertex 0 -28.8 1.6
      vertex 10.7135 -10.5278 1.6
      vertex 10.5747 -10.2963 1.6
    endloop
  endfacet
  facet normal 0 0 1
    outer loop
      vertex -3.31298 -28.6613 1.6
      vertex 10.5747 -10.2963 1.6
      vertex 10.4593 -10.0524 1.6
    endloop
  endfacet
  facet normal 0 0 1
    outer loop
      vertex -3.31298 -28.6613 1.6
      vertex 10.4593 -10.0524 1.6
      vertex 10.3684 -9.79828 1.6
    endloop
  endfacet
  facet normal 0 0 1
    outer loop
      vertex -3.31298 -28.6613 1.6
      vertex 10.3684 -9.79828 1.6
      vertex 10.3028 -9.5365 1.6
    endloop
  endfacet
  facet normal 0 0 1
    outer loop
      vertex 11.9476 -11.5407 1.6
      vertex 9.81162 -27.5599 1.6
      vertex 12.9347 -26.6077 1.6
    endloop
  endfacet
  facet normal 0 0 1
    outer loop
      vertex -3.31298 -28.6613 1.6
      vertex 10.3028 -9.5365 1.6
      vertex 10.2632 -9.26955 1.6
    endloop
  endfacet
  facet normal 0 0 1
    outer loop
      vertex -3.31298 -28.6613 1.6
      vertex 10.2632 -9.26955 1.6
      vertex 10.25 -9 1.6
    endloop
  endfacet
  facet normal 0 0 1
    outer loop
      vertex 11.0555 -7.05546 1.6
      vertex -5.37422 7.75542 1.6
      vertex 10.8742 -7.25542 1.6
    endloop
  endfacet
  facet normal 0 0 1
    outer loop
      vertex -5.07472 10.7963 1.6
      vertex 9.81162 27.5599 1.6
      vertex 6.59405 28.2466 1.6
    endloop
  endfacet
  facet normal -0 0 1
    outer loop
      vertex -5.55546 7.55546 1.6
      vertex 10.8742 -7.25542 1.6
      vertex -5.37422 7.75542 1.6
    endloop
  endfacet
  facet normal 0 0 1
    outer loop
      vertex -5.21346 11.0278 1.6
      vertex 6.59405 28.2466 1.6
      vertex 3.31298 28.6613 1.6
    endloop
  endfacet
  facet normal 0 0 1
    outer loop
      vertex 11.4722 -11.2865 1.6
      vertex 6.59405 -28.2466 1.6
      vertex 9.81162 -27.5599 1.6
    endloop
  endfacet
  facet normal 0 0 1
    outer loop
      vertex -5.55546 11.4445 1.6
      vertex 3.31298 28.6613 1.6
      vertex 0 28.8 1.6
    endloop
  endfacet
  facet normal 0 0 1
    outer loop
      vertex 11.0555 -10.9445 1.6
      vertex 3.31298 -28.6613 1.6
      vertex 6.59405 -28.2466 1.6
    endloop
  endfacet
  facet normal 0 0 1
    outer loop
      vertex -5.97218 11.7865 1.6
      vertex 0 28.8 1.6
      vertex -3.31298 28.6613 1.6
    endloop
  endfacet
  facet normal 0 0 1
    outer loop
      vertex 10.7135 -10.5278 1.6
      vertex 0 -28.8 1.6
      vertex 3.31298 -28.6613 1.6
    endloop
  endfacet
  facet normal 0 0 1
    outer loop
      vertex 10.5747 -10.2963 1.6
      vertex -3.31298 -28.6613 1.6
      vertex 0 -28.8 1.6
    endloop
  endfacet
  facet normal 0 0 1
    outer loop
      vertex 9.81162 27.5599 1.6
      vertex -4.76324 9.76955 1.6
      vertex -4.75 9.5 1.6
    endloop
  endfacet
  facet normal 0 0 1
    outer loop
      vertex 9.81162 27.5599 1.6
      vertex -4.80284 10.0365 1.6
      vertex -4.76324 9.76955 1.6
    endloop
  endfacet
  facet normal 0 0 1
    outer loop
      vertex 9.81162 27.5599 1.6
      vertex -4.86841 10.2983 1.6
      vertex -4.80284 10.0365 1.6
    endloop
  endfacet
  facet normal 0 0 1
    outer loop
      vertex 9.81162 27.5599 1.6
      vertex -4.95933 10.5524 1.6
      vertex -4.86841 10.2983 1.6
    endloop
  endfacet
  facet normal 0 0 1
    outer loop
      vertex 9.81162 27.5599 1.6
      vertex -5.07472 10.7963 1.6
      vertex -4.95933 10.5524 1.6
    endloop
  endfacet
  facet normal 0 0 1
    outer loop
      vertex 6.59405 28.2466 1.6
      vertex -5.21346 11.0278 1.6
      vertex -5.07472 10.7963 1.6
    endloop
  endfacet
  facet normal 0 0 1
    outer loop
      vertex 3.31298 28.6613 1.6
      vertex -5.37422 11.2446 1.6
      vertex -5.21346 11.0278 1.6
    endloop
  endfacet
  facet normal 0 0 1
    outer loop
      vertex 3.31298 28.6613 1.6
      vertex -5.55546 11.4445 1.6
      vertex -5.37422 11.2446 1.6
    endloop
  endfacet
  facet normal 0 0 1
    outer loop
      vertex 0 28.8 1.6
      vertex -5.75542 11.6258 1.6
      vertex -5.55546 11.4445 1.6
    endloop
  endfacet
  facet normal 0 0 1
    outer loop
      vertex 0 28.8 1.6
      vertex -5.97218 11.7865 1.6
      vertex -5.75542 11.6258 1.6
    endloop
  endfacet
  facet normal 0 0 1
    outer loop
      vertex -3.31298 28.6613 1.6
      vertex -6.20366 11.9253 1.6
      vertex -5.97218 11.7865 1.6
    endloop
  endfacet
  facet normal 0 0 1
    outer loop
      vertex -3.31298 28.6613 1.6
      vertex -6.44762 12.0407 1.6
      vertex -6.20366 11.9253 1.6
    endloop
  endfacet
  facet normal 0 0 1
    outer loop
      vertex -6.70172 12.1316 1.6
      vertex -3.31298 28.6613 1.6
      vertex -6.59405 28.2466 1.6
    endloop
  endfacet
  facet normal 0 0 1
    outer loop
      vertex -3.31298 28.6613 1.6
      vertex -6.70172 12.1316 1.6
      vertex -6.44762 12.0407 1.6
    endloop
  endfacet
  facet normal 0 0 1
    outer loop
      vertex -6.59405 28.2466 1.6
      vertex -6.9635 12.1972 1.6
      vertex -6.70172 12.1316 1.6
    endloop
  endfacet
  facet normal 0 0 1
    outer loop
      vertex -6.59405 28.2466 1.6
      vertex -7.23045 12.2368 1.6
      vertex -6.9635 12.1972 1.6
    endloop
  endfacet
  facet normal -0 0 1
    outer loop
      vertex -9.81162 27.5599 1.6
      vertex -7.23045 12.2368 1.6
      vertex -6.59405 28.2466 1.6
    endloop
  endfacet
  facet normal 0 0 1
    outer loop
      vertex -7.23045 12.2368 1.6
      vertex -9.81162 27.5599 1.6
      vertex -7.5 12.25 1.6
    endloop
  endfacet
  facet normal 0 0 1
    outer loop
      vertex -7.5 12.25 1.6
      vertex -9.81162 27.5599 1.6
      vertex -7.76955 12.2368 1.6
    endloop
  endfacet
  facet normal 0 0 1
    outer loop
      vertex -7.76955 12.2368 1.6
      vertex -9.81162 27.5599 1.6
      vertex -8.0365 12.1972 1.6
    endloop
  endfacet
  facet normal -0 0 1
    outer loop
      vertex -12.9347 26.6077 1.6
      vertex -8.0365 12.1972 1.6
      vertex -9.81162 27.5599 1.6
    endloop
  endfacet
  facet normal 0 0 1
    outer loop
      vertex -8.0365 12.1972 1.6
      vertex -12.9347 26.6077 1.6
      vertex -8.29828 12.1316 1.6
    endloop
  endfacet
  facet normal 0 0 1
    outer loop
      vertex -8.29828 12.1316 1.6
      vertex -12.9347 26.6077 1.6
      vertex -8.55238 12.0407 1.6
    endloop
  endfacet
  facet normal -0 0 1
    outer loop
      vertex -15.9332 25.3993 1.6
      vertex -8.55238 12.0407 1.6
      vertex -12.9347 26.6077 1.6
    endloop
  endfacet
  facet normal 0 0 1
    outer loop
      vertex -8.55238 12.0407 1.6
      vertex -15.9332 25.3993 1.6
      vertex -8.79634 11.9253 1.6
    endloop
  endfacet
  facet normal 0 0 1
    outer loop
      vertex -8.79634 11.9253 1.6
      vertex -15.9332 25.3993 1.6
      vertex -9.02782 11.7865 1.6
    endloop
  endfacet
  facet normal 0 0 1
    outer loop
      vertex -9.02782 11.7865 1.6
      vertex -15.9332 25.3993 1.6
      vertex -9.24458 11.6258 1.6
    endloop
  endfacet
  facet normal -0 0 1
    outer loop
      vertex -18.7783 23.9463 1.6
      vertex -9.24458 11.6258 1.6
      vertex -15.9332 25.3993 1.6
    endloop
  endfacet
  facet normal 0 0 1
    outer loop
      vertex -9.24458 11.6258 1.6
      vertex -18.7783 23.9463 1.6
      vertex -9.44454 11.4445 1.6
    endloop
  endfacet
  facet normal 0 0 1
    outer loop
      vertex -9.44454 11.4445 1.6
      vertex -18.7783 23.9463 1.6
      vertex -9.62578 11.2446 1.6
    endloop
  endfacet
  facet normal -0 0 1
    outer loop
      vertex -21.4425 22.2627 1.6
      vertex -9.62578 11.2446 1.6
      vertex -18.7783 23.9463 1.6
    endloop
  endfacet
  facet normal 0 0 1
    outer loop
      vertex -9.62578 11.2446 1.6
      vertex -21.4425 22.2627 1.6
      vertex -9.78654 11.0278 1.6
    endloop
  endfacet
  facet normal 0 0 1
    outer loop
      vertex -9.78654 11.0278 1.6
      vertex -21.4425 22.2627 1.6
      vertex -9.92528 10.7963 1.6
    endloop
  endfacet
  facet normal -0 0 1
    outer loop
      vertex -23.9002 20.3647 1.6
      vertex -9.92528 10.7963 1.6
      vertex -21.4425 22.2627 1.6
    endloop
  endfacet
  facet normal 0 0 1
    outer loop
      vertex -9.92528 10.7963 1.6
      vertex -23.9002 20.3647 1.6
      vertex -10.0407 10.5524 1.6
    endloop
  endfacet
  facet normal -0 0 1
    outer loop
      vertex 32.3097 0.956708 1.6
      vertex 33.8 0 1.6
      vertex 33.6372 2.82289 1.6
    endloop
  endfacet
  facet normal 0 0 1
    outer loop
      vertex 31.1785 2.2048 1.6
      vertex 33.6372 2.82289 1.6
      vertex 33.1505 5.6186 1.6
    endloop
  endfacet
  facet normal 0 0 1
    outer loop
      vertex 33.8 0 1.6
      vertex 32.452 0.487725 1.6
      vertex 32.488 0.245043 1.6
    endloop
  endfacet
  facet normal 0 0 1
    outer loop
      vertex 32.452 -0.487725 1.6
      vertex 33.8 0 1.6
      vertex 32.488 -0.245043 1.6
    endloop
  endfacet
  facet normal 0 0 1
    outer loop
      vertex 32.488 -0.245043 1.6
      vertex 33.8 0 1.6
      vertex 32.5 0 1.6
    endloop
  endfacet
  facet normal 0 0 1
    outer loop
      vertex 33.8 0 1.6
      vertex 32.488 0.245043 1.6
      vertex 32.5 0 1.6
    endloop
  endfacet
  facet normal 0 0 1
    outer loop
      vertex 33.8 0 1.6
      vertex 32.3923 0.725711 1.6
      vertex 32.452 0.487725 1.6
    endloop
  endfacet
  facet normal 0 0 1
    outer loop
      vertex 29.755 2.48796 1.6
      vertex 33.1505 5.6186 1.6
      vertex 32.3446 8.3602 1.6
    endloop
  endfacet
  facet normal 0 0 1
    outer loop
      vertex 33.8 0 1.6
      vertex 32.3097 0.956708 1.6
      vertex 32.3923 0.725711 1.6
    endloop
  endfacet
  facet normal 0 0 1
    outer loop
      vertex 33.6372 2.82289 1.6
      vertex 32.2048 1.17849 1.6
      vertex 32.3097 0.956708 1.6
    endloop
  endfacet
  facet normal 0 0 1
    outer loop
      vertex 33.6372 2.82289 1.6
      vertex 32.0787 1.38893 1.6
      vertex 32.2048 1.17849 1.6
    endloop
  endfacet
  facet normal 0 0 1
    outer loop
      vertex 33.6372 2.82289 1.6
      vertex 31.9325 1.58598 1.6
      vertex 32.0787 1.38893 1.6
    endloop
  endfacet
  facet normal 0 0 1
    outer loop
      vertex 33.6372 2.82289 1.6
      vertex 31.7678 1.76777 1.6
      vertex 31.9325 1.58598 1.6
    endloop
  endfacet
  facet normal 0 0 1
    outer loop
      vertex 33.6372 2.82289 1.6
      vertex 31.586 1.93253 1.6
      vertex 31.7678 1.76777 1.6
    endloop
  endfacet
  facet normal 0 0 1
    outer loop
      vertex 33.6372 2.82289 1.6
      vertex 31.3889 2.07867 1.6
      vertex 31.586 1.93253 1.6
    endloop
  endfacet
  facet normal 0 0 1
    outer loop
      vertex 29.0433 2.3097 1.6
      vertex 32.3446 8.3602 1.6
      vertex 31.2271 11.0213 1.6
    endloop
  endfacet
  facet normal 0 0 1
    outer loop
      vertex 33.6372 2.82289 1.6
      vertex 31.1785 2.2048 1.6
      vertex 31.3889 2.07867 1.6
    endloop
  endfacet
  facet normal 0 0 1
    outer loop
      vertex 33.1505 5.6186 1.6
      vertex 30.9567 2.3097 1.6
      vertex 31.1785 2.2048 1.6
    endloop
  endfacet
  facet normal 0 0 1
    outer loop
      vertex 33.1505 5.6186 1.6
      vertex 30.7257 2.39235 1.6
      vertex 30.9567 2.3097 1.6
    endloop
  endfacet
  facet normal 0 0 1
    outer loop
      vertex 33.1505 5.6186 1.6
      vertex 30.4877 2.45196 1.6
      vertex 30.7257 2.39235 1.6
    endloop
  endfacet
  facet normal 0 0 1
    outer loop
      vertex 33.1505 5.6186 1.6
      vertex 30.245 2.48796 1.6
      vertex 30.4877 2.45196 1.6
    endloop
  endfacet
  facet normal 0 0 1
    outer loop
      vertex 33.1505 5.6186 1.6
      vertex 30 2.5 1.6
      vertex 30.245 2.48796 1.6
    endloop
  endfacet
  facet normal 0 0 1
    outer loop
      vertex 28.414 1.93253 1.6
      vertex 31.2271 11.0213 1.6
      vertex 29.8089 13.5762 1.6
    endloop
  endfacet
  facet normal 0 0 1
    outer loop
      vertex 33.1505 5.6186 1.6
      vertex 29.755 2.48796 1.6
      vertex 30 2.5 1.6
    endloop
  endfacet
  facet normal 0 0 1
    outer loop
      vertex 32.3446 8.3602 1.6
      vertex 29.5123 2.45196 1.6
      vertex 29.755 2.48796 1.6
    endloop
  endfacet
  facet normal 0 0 1
    outer loop
      vertex 32.3446 8.3602 1.6
      vertex 29.2743 2.39235 1.6
      vertex 29.5123 2.45196 1.6
    endloop
  endfacet
  facet normal 0 0 1
    outer loop
      vertex 32.3446 8.3602 1.6
      vertex 29.0433 2.3097 1.6
      vertex 29.2743 2.39235 1.6
    endloop
  endfacet
  facet normal 0 0 1
    outer loop
      vertex 31.2271 11.0213 1.6
      vertex 28.8215 2.2048 1.6
      vertex 29.0433 2.3097 1.6
    endloop
  endfacet
  facet normal 0 0 1
    outer loop
      vertex 31.2271 11.0213 1.6
      vertex 28.6111 2.07867 1.6
      vertex 28.8215 2.2048 1.6
    endloop
  endfacet
  facet normal 0 0 1
    outer loop
      vertex 31.2271 11.0213 1.6
      vertex 28.414 1.93253 1.6
      vertex 28.6111 2.07867 1.6
    endloop
  endfacet
  facet normal 0 0 1
    outer loop
      vertex 29.8089 13.5762 1.6
      vertex 28.2322 1.76777 1.6
      vertex 28.414 1.93253 1.6
    endloop
  endfacet
  facet normal 0 0 1
    outer loop
      vertex 28.1037 16.0004 1.6
      vertex 28.2322 1.76777 1.6
      vertex 29.8089 13.5762 1.6
    endloop
  endfacet
  facet normal 0 0 1
    outer loop
      vertex 28.1037 16.0004 1.6
      vertex 28.0675 1.58598 1.6
      vertex 28.2322 1.76777 1.6
    endloop
  endfacet
  facet normal 0 0 1
    outer loop
      vertex 28.1037 16.0004 1.6
      vertex 27.9213 1.38893 1.6
      vertex 28.0675 1.58598 1.6
    endloop
  endfacet
  facet normal 0 0 1
    outer loop
      vertex 26.1278 18.2705 1.6
      vertex 27.9213 1.38893 1.6
      vertex 28.1037 16.0004 1.6
    endloop
  endfacet
  facet normal 0 0 1
    outer loop
      vertex 27.9213 1.38893 1.6
      vertex 26.1278 18.2705 1.6
      vertex 27.7952 1.17849 1.6
    endloop
  endfacet
  facet normal 0 0 1
    outer loop
      vertex 13.2695 -6.26324 1.6
      vertex 27.7952 1.17849 1.6
      vertex 26.1278 18.2705 1.6
    endloop
  endfacet
  facet normal 0 -0 1
    outer loop
      vertex 13.5365 -6.30284 1.6
      vertex 27.7952 1.17849 1.6
      vertex 13.2695 -6.26324 1.6
    endloop
  endfacet
  facet normal 0 0 1
    outer loop
      vertex 27.7952 1.17849 1.6
      vertex 13.5365 -6.30284 1.6
      vertex 27.6903 0.956708 1.6
    endloop
  endfacet
  facet normal 0 -0 1
    outer loop
      vertex 13.7983 -6.36841 1.6
      vertex 27.6903 0.956708 1.6
      vertex 13.5365 -6.30284 1.6
    endloop
  endfacet
  facet normal 0 0 1
    outer loop
      vertex 27.6903 0.956708 1.6
      vertex 13.7983 -6.36841 1.6
      vertex 27.6076 0.725711 1.6
    endloop
  endfacet
  facet normal 0 0 1
    outer loop
      vertex 32.3923 -0.725711 1.6
      vertex 33.8 0 1.6
      vertex 32.452 -0.487725 1.6
    endloop
  endfacet
  facet normal 0 0 1
    outer loop
      vertex 32.3097 -0.956708 1.6
      vertex 33.8 0 1.6
      vertex 32.3923 -0.725711 1.6
    endloop
  endfacet
  facet normal 0 0 1
    outer loop
      vertex 33.8 0 1.6
      vertex 32.3097 -0.956708 1.6
      vertex 33.6372 -2.82289 1.6
    endloop
  endfacet
  facet normal -0 0 1
    outer loop
      vertex 32.2048 -1.17849 1.6
      vertex 33.6372 -2.82289 1.6
      vertex 32.3097 -0.956708 1.6
    endloop
  endfacet
  facet normal -0 0 1
    outer loop
      vertex 32.0787 -1.38893 1.6
      vertex 33.6372 -2.82289 1.6
      vertex 32.2048 -1.17849 1.6
    endloop
  endfacet
  facet normal -0 0 1
    outer loop
      vertex 31.9325 -1.58598 1.6
      vertex 33.6372 -2.82289 1.6
      vertex 32.0787 -1.38893 1.6
    endloop
  endfacet
  facet normal -0 0 1
    outer loop
      vertex 31.7678 -1.76777 1.6
      vertex 33.6372 -2.82289 1.6
      vertex 31.9325 -1.58598 1.6
    endloop
  endfacet
  facet normal -0 0 1
    outer loop
      vertex 31.586 -1.93253 1.6
      vertex 33.6372 -2.82289 1.6
      vertex 31.7678 -1.76777 1.6
    endloop
  endfacet
  facet normal -0 0 1
    outer loop
      vertex 31.3889 -2.07867 1.6
      vertex 33.6372 -2.82289 1.6
      vertex 31.586 -1.93253 1.6
    endloop
  endfacet
  facet normal -0 0 1
    outer loop
      vertex 31.1785 -2.2048 1.6
      vertex 33.6372 -2.82289 1.6
      vertex 31.3889 -2.07867 1.6
    endloop
  endfacet
  facet normal 0 0 1
    outer loop
      vertex 33.6372 -2.82289 1.6
      vertex 31.1785 -2.2048 1.6
      vertex 33.1505 -5.6186 1.6
    endloop
  endfacet
  facet normal -0 0 1
    outer loop
      vertex 30.9567 -2.3097 1.6
      vertex 33.1505 -5.6186 1.6
      vertex 31.1785 -2.2048 1.6
    endloop
  endfacet
  facet normal -0 0 1
    outer loop
      vertex 30.7257 -2.39235 1.6
      vertex 33.1505 -5.6186 1.6
      vertex 30.9567 -2.3097 1.6
    endloop
  endfacet
  facet normal -0 0 1
    outer loop
      vertex 30.4877 -2.45196 1.6
      vertex 33.1505 -5.6186 1.6
      vertex 30.7257 -2.39235 1.6
    endloop
  endfacet
  facet normal -0 0 1
    outer loop
      vertex 30.245 -2.48796 1.6
      vertex 33.1505 -5.6186 1.6
      vertex 30.4877 -2.45196 1.6
    endloop
  endfacet
  facet normal -0 0 1
    outer loop
      vertex 30 -2.5 1.6
      vertex 33.1505 -5.6186 1.6
      vertex 30.245 -2.48796 1.6
    endloop
  endfacet
  facet normal 0 0 1
    outer loop
      vertex 29.755 -2.48796 1.6
      vertex 33.1505 -5.6186 1.6
      vertex 30 -2.5 1.6
    endloop
  endfacet
  facet normal 0 0 1
    outer loop
      vertex 33.1505 -5.6186 1.6
      vertex 29.755 -2.48796 1.6
      vertex 32.3446 -8.3602 1.6
    endloop
  endfacet
  facet normal 0 0 1
    outer loop
      vertex 29.5123 -2.45196 1.6
      vertex 32.3446 -8.3602 1.6
      vertex 29.755 -2.48796 1.6
    endloop
  endfacet
  facet normal 0 0 1
    outer loop
      vertex 29.2743 -2.39235 1.6
      vertex 32.3446 -8.3602 1.6
      vertex 29.5123 -2.45196 1.6
    endloop
  endfacet
  facet normal 0 0 1
    outer loop
      vertex 29.0433 -2.3097 1.6
      vertex 32.3446 -8.3602 1.6
      vertex 29.2743 -2.39235 1.6
    endloop
  endfacet
  facet normal 0 0 1
    outer loop
      vertex 32.3446 -8.3602 1.6
      vertex 29.0433 -2.3097 1.6
      vertex 31.2271 -11.0213 1.6
    endloop
  endfacet
  facet normal 0 0 1
    outer loop
      vertex 28.8215 -2.2048 1.6
      vertex 31.2271 -11.0213 1.6
      vertex 29.0433 -2.3097 1.6
    endloop
  endfacet
  facet normal 0 0 1
    outer loop
      vertex 28.6111 -2.07867 1.6
      vertex 31.2271 -11.0213 1.6
      vertex 28.8215 -2.2048 1.6
    endloop
  endfacet
  facet normal 0 0 1
    outer loop
      vertex 28.414 -1.93253 1.6
      vertex 31.2271 -11.0213 1.6
      vertex 28.6111 -2.07867 1.6
    endloop
  endfacet
  facet normal -0 0 1
    outer loop
      vertex 15.7368 -8.73045 1.6
      vertex 31.2271 -11.0213 1.6
      vertex 28.414 -1.93253 1.6
    endloop
  endfacet
  facet normal 0 0 1
    outer loop
      vertex 15.7368 -8.73045 1.6
      vertex 28.414 -1.93253 1.6
      vertex 28.2322 -1.76777 1.6
    endloop
  endfacet
  facet normal 0 0 1
    outer loop
      vertex 31.2271 -11.0213 1.6
      vertex 15.7368 -8.73045 1.6
      vertex 29.8089 -13.5762 1.6
    endloop
  endfacet
  facet normal 0 0 1
    outer loop
      vertex 15.6972 -8.4635 1.6
      vertex 28.2322 -1.76777 1.6
      vertex 28.0675 -1.58598 1.6
    endloop
  endfacet
  facet normal 0 0 1
    outer loop
      vertex 15.6316 -8.20172 1.6
      vertex 28.0675 -1.58598 1.6
      vertex 27.9213 -1.38893 1.6
    endloop
  endfacet
  facet normal 0 0 1
    outer loop
      vertex 15.5407 -7.94762 1.6
      vertex 27.9213 -1.38893 1.6
      vertex 27.7952 -1.17849 1.6
    endloop
  endfacet
  facet normal 0 0 1
    outer loop
      vertex 15.4253 -7.70366 1.6
      vertex 27.7952 -1.17849 1.6
      vertex 27.6903 -0.956708 1.6
    endloop
  endfacet
  facet normal 0 0 1
    outer loop
      vertex 15.2865 -7.47218 1.6
      vertex 27.6903 -0.956708 1.6
      vertex 27.6076 -0.725711 1.6
    endloop
  endfacet
  facet normal 0 0 1
    outer loop
      vertex 15.1258 -7.25542 1.6
      vertex 27.6076 -0.725711 1.6
      vertex 27.548 -0.487725 1.6
    endloop
  endfacet
  facet normal 0 0 1
    outer loop
      vertex 14.9445 -7.05546 1.6
      vertex 27.548 -0.487725 1.6
      vertex 27.512 -0.245043 1.6
    endloop
  endfacet
  facet normal 0 0 1
    outer loop
      vertex 14.7446 -6.87422 1.6
      vertex 27.512 -0.245043 1.6
      vertex 27.5 0 1.6
    endloop
  endfacet
  facet normal 0 -0 1
    outer loop
      vertex 14.0524 -6.45933 1.6
      vertex 27.6076 0.725711 1.6
      vertex 13.7983 -6.36841 1.6
    endloop
  endfacet
  facet normal 0 0 1
    outer loop
      vertex 27.7952 -1.17849 1.6
      vertex 15.4253 -7.70366 1.6
      vertex 15.5407 -7.94762 1.6
    endloop
  endfacet
  facet normal 0 0 1
    outer loop
      vertex 13.2695 -6.26324 1.6
      vertex 26.1278 18.2705 1.6
      vertex 23.9002 20.3647 1.6
    endloop
  endfacet
  facet normal 0 0 1
    outer loop
      vertex 28.0675 -1.58598 1.6
      vertex 15.6316 -8.20172 1.6
      vertex 15.6972 -8.4635 1.6
    endloop
  endfacet
  facet normal 0 0 1
    outer loop
      vertex 13 -6.25 1.6
      vertex 23.9002 20.3647 1.6
      vertex 21.4425 22.2627 1.6
    endloop
  endfacet
  facet normal 0 0 1
    outer loop
      vertex 29.8089 -13.5762 1.6
      vertex 15.7368 -8.73045 1.6
      vertex 15.75 -9 1.6
    endloop
  endfacet
  facet normal 0 0 1
    outer loop
      vertex 12.7305 -6.26324 1.6
      vertex 21.4425 22.2627 1.6
      vertex 18.7783 23.9463 1.6
    endloop
  endfacet
  facet normal -0 0 1
    outer loop
      vertex 15.6972 -9.5365 1.6
      vertex 29.8089 -13.5762 1.6
      vertex 15.7368 -9.26955 1.6
    endloop
  endfacet
  facet normal 0 0 1
    outer loop
      vertex -4.75 9.5 1.6
      vertex 18.7783 23.9463 1.6
      vertex 15.9332 25.3993 1.6
    endloop
  endfacet
  facet normal -0 0 1
    outer loop
      vertex 15.6316 -9.79828 1.6
      vertex 28.1037 -16.0004 1.6
      vertex 15.6972 -9.5365 1.6
    endloop
  endfacet
  facet normal 0 0 1
    outer loop
      vertex 28.1037 -16.0004 1.6
      vertex 15.5407 -10.0524 1.6
      vertex 26.1278 -18.2705 1.6
    endloop
  endfacet
  facet normal -0 0 1
    outer loop
      vertex 15.5407 -10.0524 1.6
      vertex 28.1037 -16.0004 1.6
      vertex 15.6316 -9.79828 1.6
    endloop
  endfacet
  facet normal 0 0 1
    outer loop
      vertex 29.8089 -13.5762 1.6
      vertex 15.6972 -9.5365 1.6
      vertex 28.1037 -16.0004 1.6
    endloop
  endfacet
  facet normal -0 0 1
    outer loop
      vertex 15.7368 -9.26955 1.6
      vertex 29.8089 -13.5762 1.6
      vertex 15.75 -9 1.6
    endloop
  endfacet
  facet normal 0 0 1
    outer loop
      vertex 28.2322 -1.76777 1.6
      vertex 15.6972 -8.4635 1.6
      vertex 15.7368 -8.73045 1.6
    endloop
  endfacet
  facet normal 0 0 1
    outer loop
      vertex 27.9213 -1.38893 1.6
      vertex 15.5407 -7.94762 1.6
      vertex 15.6316 -8.20172 1.6
    endloop
  endfacet
  facet normal 0 0 1
    outer loop
      vertex 27.6903 -0.956708 1.6
      vertex 15.2865 -7.47218 1.6
      vertex 15.4253 -7.70366 1.6
    endloop
  endfacet
  facet normal 0 0 1
    outer loop
      vertex 27.6076 -0.725711 1.6
      vertex 15.1258 -7.25542 1.6
      vertex 15.2865 -7.47218 1.6
    endloop
  endfacet
  facet normal 0 0 1
    outer loop
      vertex 27.548 -0.487725 1.6
      vertex 14.9445 -7.05546 1.6
      vertex 15.1258 -7.25542 1.6
    endloop
  endfacet
  facet normal 0 0 1
    outer loop
      vertex 27.512 -0.245043 1.6
      vertex 14.7446 -6.87422 1.6
      vertex 14.9445 -7.05546 1.6
    endloop
  endfacet
  facet normal 0 0 1
    outer loop
      vertex 27.5 0 1.6
      vertex 14.5278 -6.71346 1.6
      vertex 14.7446 -6.87422 1.6
    endloop
  endfacet
  facet normal 0 0 1
    outer loop
      vertex 27.512 0.245043 1.6
      vertex 14.5278 -6.71346 1.6
      vertex 27.5 0 1.6
    endloop
  endfacet
  facet normal 0 -0 1
    outer loop
      vertex 14.5278 -6.71346 1.6
      vertex 27.512 0.245043 1.6
      vertex 14.2963 -6.57472 1.6
    endloop
  endfacet
  facet normal 0 0 1
    outer loop
      vertex 27.548 0.487725 1.6
      vertex 14.2963 -6.57472 1.6
      vertex 27.512 0.245043 1.6
    endloop
  endfacet
  facet normal 0 -0 1
    outer loop
      vertex 14.2963 -6.57472 1.6
      vertex 27.548 0.487725 1.6
      vertex 14.0524 -6.45933 1.6
    endloop
  endfacet
  facet normal 0 0 1
    outer loop
      vertex 27.6076 0.725711 1.6
      vertex 14.0524 -6.45933 1.6
      vertex 27.548 0.487725 1.6
    endloop
  endfacet
  facet normal 0 0 1
    outer loop
      vertex 23.9002 20.3647 1.6
      vertex 13 -6.25 1.6
      vertex 13.2695 -6.26324 1.6
    endloop
  endfacet
  facet normal 0 0 1
    outer loop
      vertex -4.75 9.5 1.6
      vertex 15.9332 25.3993 1.6
      vertex 12.9347 26.6077 1.6
    endloop
  endfacet
  facet normal 0 0 1
    outer loop
      vertex 21.4425 22.2627 1.6
      vertex 12.7305 -6.26324 1.6
      vertex 13 -6.25 1.6
    endloop
  endfacet
  facet normal -0 0 1
    outer loop
      vertex -4.75 9.5 1.6
      vertex 12.7305 -6.26324 1.6
      vertex 18.7783 23.9463 1.6
    endloop
  endfacet
  facet normal 0 0 1
    outer loop
      vertex 12.7305 -6.26324 1.6
      vertex -4.75 9.5 1.6
      vertex 12.4635 -6.30284 1.6
    endloop
  endfacet
  facet normal -0 0 1
    outer loop
      vertex -4.76324 9.23045 1.6
      vertex 12.4635 -6.30284 1.6
      vertex -4.75 9.5 1.6
    endloop
  endfacet
  facet normal 0 0 1
    outer loop
      vertex -4.75 9.5 1.6
      vertex 12.9347 26.6077 1.6
      vertex 9.81162 27.5599 1.6
    endloop
  endfacet
  facet normal 0 0 1
    outer loop
      vertex 12.4635 -6.30284 1.6
      vertex -4.76324 9.23045 1.6
      vertex 12.2017 -6.36841 1.6
    endloop
  endfacet
  facet normal -0 0 1
    outer loop
      vertex -4.80284 8.9635 1.6
      vertex 12.2017 -6.36841 1.6
      vertex -4.76324 9.23045 1.6
    endloop
  endfacet
  facet normal 0 0 1
    outer loop
      vertex 12.2017 -6.36841 1.6
      vertex -4.80284 8.9635 1.6
      vertex 11.9476 -6.45933 1.6
    endloop
  endfacet
  facet normal -0 0 1
    outer loop
      vertex -4.86841 8.70172 1.6
      vertex 11.9476 -6.45933 1.6
      vertex -4.80284 8.9635 1.6
    endloop
  endfacet
  facet normal 0 0 1
    outer loop
      vertex 11.9476 -6.45933 1.6
      vertex -4.86841 8.70172 1.6
      vertex 11.7037 -6.57472 1.6
    endloop
  endfacet
  facet normal -0 0 1
    outer loop
      vertex -4.95933 8.44762 1.6
      vertex 11.7037 -6.57472 1.6
      vertex -4.86841 8.70172 1.6
    endloop
  endfacet
  facet normal 0 0 1
    outer loop
      vertex 11.7037 -6.57472 1.6
      vertex -4.95933 8.44762 1.6
      vertex 11.4722 -6.71346 1.6
    endloop
  endfacet
  facet normal -0 0 1
    outer loop
      vertex -5.07472 8.20366 1.6
      vertex 11.4722 -6.71346 1.6
      vertex -4.95933 8.44762 1.6
    endloop
  endfacet
  facet normal 0 0 1
    outer loop
      vertex 11.4722 -6.71346 1.6
      vertex -5.07472 8.20366 1.6
      vertex 11.2554 -6.87422 1.6
    endloop
  endfacet
  facet normal -0 0 1
    outer loop
      vertex -5.21346 7.97218 1.6
      vertex 11.2554 -6.87422 1.6
      vertex -5.07472 8.20366 1.6
    endloop
  endfacet
  facet normal -0 0 1
    outer loop
      vertex -5.37422 7.75542 1.6
      vertex 11.0555 -7.05546 1.6
      vertex -5.21346 7.97218 1.6
    endloop
  endfacet
  facet normal 0 0 1
    outer loop
      vertex 11.2554 -6.87422 1.6
      vertex -5.21346 7.97218 1.6
      vertex 11.0555 -7.05546 1.6
    endloop
  endfacet
  facet normal 0.336901 -0.94154 0
    outer loop
      vertex -8.11229 10.9782 2.6
      vertex -7.96445 11.0311 11.6
      vertex -8.11229 10.9782 11.6
    endloop
  endfacet
  facet normal 0.336901 -0.94154 0
    outer loop
      vertex -7.96445 11.0311 11.6
      vertex -8.11229 10.9782 2.6
      vertex -7.96445 11.0311 2.6
    endloop
  endfacet
  facet normal -0.989175 -0.146743 0
    outer loop
      vertex -5.9077 9.65683 2.6
      vertex -5.93074 9.81214 11.6
      vertex -5.93074 9.81214 2.6
    endloop
  endfacet
  facet normal -0.989175 -0.146743 0
    outer loop
      vertex -5.93074 9.81214 11.6
      vertex -5.9077 9.65683 2.6
      vertex -5.9077 9.65683 11.6
    endloop
  endfacet
  facet normal -0.998797 -0.0490387 0
    outer loop
      vertex -5.9 9.5 2.6
      vertex -5.9077 9.65683 11.6
      vertex -5.9077 9.65683 2.6
    endloop
  endfacet
  facet normal -0.998797 -0.0490387 0
    outer loop
      vertex -5.9077 9.65683 11.6
      vertex -5.9 9.5 2.6
      vertex -5.9 9.5 11.6
    endloop
  endfacet
  facet normal -0.970034 -0.24297 0
    outer loop
      vertex -5.93074 9.81214 2.6
      vertex -5.96889 9.96445 11.6
      vertex -5.96889 9.96445 2.6
    endloop
  endfacet
  facet normal -0.970034 -0.24297 0
    outer loop
      vertex -5.96889 9.96445 11.6
      vertex -5.93074 9.81214 2.6
      vertex -5.93074 9.81214 11.6
    endloop
  endfacet
  facet normal 0.427594 0.903971 -0
    outer loop
      vertex -8.11229 8.02179 2.6
      vertex -8.25423 8.08893 11.6
      vertex -8.11229 8.02179 11.6
    endloop
  endfacet
  facet normal 0.427594 0.903971 0
    outer loop
      vertex -8.25423 8.08893 11.6
      vertex -8.11229 8.02179 2.6
      vertex -8.25423 8.08893 2.6
    endloop
  endfacet
  facet normal -0.671578 0.740933 0
    outer loop
      vertex -6.36863 8.36863 2.6
      vertex -6.48497 8.26318 11.6
      vertex -6.36863 8.36863 11.6
    endloop
  endfacet
  facet normal -0.671578 0.740933 0
    outer loop
      vertex -6.48497 8.26318 11.6
      vertex -6.36863 8.36863 2.6
      vertex -6.48497 8.26318 2.6
    endloop
  endfacet
  facet normal -0.903925 -0.427692 0
    outer loop
      vertex -6.02179 10.1123 2.6
      vertex -6.08893 10.2542 11.6
      vertex -6.08893 10.2542 2.6
    endloop
  endfacet
  facet normal -0.903925 -0.427692 0
    outer loop
      vertex -6.08893 10.2542 11.6
      vertex -6.02179 10.1123 2.6
      vertex -6.02179 10.1123 11.6
    endloop
  endfacet
  facet normal -0.336921 0.941533 0
    outer loop
      vertex -6.88771 8.02179 2.6
      vertex -7.03554 7.96889 11.6
      vertex -6.88771 8.02179 11.6
    endloop
  endfacet
  facet normal -0.336921 0.941533 0
    outer loop
      vertex -7.03554 7.96889 11.6
      vertex -6.88771 8.02179 2.6
      vertex -7.03554 7.96889 2.6
    endloop
  endfacet
  facet normal -0.998797 0.0490387 0
    outer loop
      vertex -5.9077 9.34317 2.6
      vertex -5.9 9.5 11.6
      vertex -5.9 9.5 2.6
    endloop
  endfacet
  facet normal -0.998797 0.0490387 0
    outer loop
      vertex -5.9 9.5 11.6
      vertex -5.9077 9.34317 2.6
      vertex -5.9077 9.34317 11.6
    endloop
  endfacet
  facet normal 0.803184 -0.595732 0
    outer loop
      vertex -8.83035 10.3889 11.6
      vertex -8.73682 10.515 2.6
      vertex -8.73682 10.515 11.6
    endloop
  endfacet
  facet normal 0.803184 -0.595732 0
    outer loop
      vertex -8.73682 10.515 2.6
      vertex -8.83035 10.3889 11.6
      vertex -8.83035 10.3889 2.6
    endloop
  endfacet
  facet normal -0.803229 0.595671 0
    outer loop
      vertex -6.26318 8.48497 2.6
      vertex -6.16965 8.61109 11.6
      vertex -6.16965 8.61109 2.6
    endloop
  endfacet
  facet normal -0.803229 0.595671 0
    outer loop
      vertex -6.16965 8.61109 11.6
      vertex -6.26318 8.48497 2.6
      vertex -6.26318 8.48497 11.6
    endloop
  endfacet
  facet normal -0.941533 0.336921 0
    outer loop
      vertex -6.02179 8.88771 2.6
      vertex -5.96889 9.03554 11.6
      vertex -5.96889 9.03554 2.6
    endloop
  endfacet
  facet normal -0.941533 0.336921 0
    outer loop
      vertex -5.96889 9.03554 11.6
      vertex -6.02179 8.88771 2.6
      vertex -6.02179 8.88771 11.6
    endloop
  endfacet
  facet normal 0.51399 -0.857796 0
    outer loop
      vertex -8.38891 10.8304 2.6
      vertex -8.25423 10.9111 11.6
      vertex -8.38891 10.8304 11.6
    endloop
  endfacet
  facet normal 0.51399 -0.857796 0
    outer loop
      vertex -8.25423 10.9111 11.6
      vertex -8.38891 10.8304 2.6
      vertex -8.25423 10.9111 2.6
    endloop
  endfacet
  facet normal 0.903925 -0.427692 0
    outer loop
      vertex -8.97821 10.1123 11.6
      vertex -8.91107 10.2542 2.6
      vertex -8.91107 10.2542 11.6
    endloop
  endfacet
  facet normal 0.903925 -0.427692 0
    outer loop
      vertex -8.91107 10.2542 2.6
      vertex -8.97821 10.1123 11.6
      vertex -8.97821 10.1123 2.6
    endloop
  endfacet
  facet normal -0.0490387 -0.998797 0
    outer loop
      vertex -7.5 11.1 2.6
      vertex -7.34317 11.0923 11.6
      vertex -7.5 11.1 11.6
    endloop
  endfacet
  facet normal -0.0490387 -0.998797 -0
    outer loop
      vertex -7.34317 11.0923 11.6
      vertex -7.5 11.1 2.6
      vertex -7.34317 11.0923 2.6
    endloop
  endfacet
  facet normal 0.740933 0.671578 0
    outer loop
      vertex -8.63137 8.36863 11.6
      vertex -8.73682 8.48497 2.6
      vertex -8.73682 8.48497 11.6
    endloop
  endfacet
  facet normal 0.740933 0.671578 0
    outer loop
      vertex -8.73682 8.48497 2.6
      vertex -8.63137 8.36863 11.6
      vertex -8.63137 8.36863 2.6
    endloop
  endfacet
  facet normal 0.146493 -0.989212 0
    outer loop
      vertex -7.81214 11.0693 2.6
      vertex -7.65683 11.0923 11.6
      vertex -7.81214 11.0693 11.6
    endloop
  endfacet
  facet normal 0.146493 -0.989212 0
    outer loop
      vertex -7.65683 11.0923 11.6
      vertex -7.81214 11.0693 2.6
      vertex -7.65683 11.0923 2.6
    endloop
  endfacet
  facet normal 0.24327 -0.969959 0
    outer loop
      vertex -7.96445 11.0311 2.6
      vertex -7.81214 11.0693 11.6
      vertex -7.96445 11.0311 11.6
    endloop
  endfacet
  facet normal 0.24327 -0.969959 0
    outer loop
      vertex -7.81214 11.0693 11.6
      vertex -7.96445 11.0311 2.6
      vertex -7.81214 11.0693 2.6
    endloop
  endfacet
  facet normal 0.903983 0.427569 0
    outer loop
      vertex -8.91107 8.74576 11.6
      vertex -8.97821 8.88771 2.6
      vertex -8.97821 8.88771 11.6
    endloop
  endfacet
  facet normal 0.903983 0.427569 0
    outer loop
      vertex -8.97821 8.88771 2.6
      vertex -8.91107 8.74576 11.6
      vertex -8.91107 8.74576 2.6
    endloop
  endfacet
  facet normal 0.970019 0.24303 0
    outer loop
      vertex -9.0311 9.03554 11.6
      vertex -9.06926 9.18785 2.6
      vertex -9.06926 9.18785 11.6
    endloop
  endfacet
  facet normal 0.970019 0.24303 0
    outer loop
      vertex -9.06926 9.18785 2.6
      vertex -9.0311 9.03554 11.6
      vertex -9.0311 9.03554 2.6
    endloop
  endfacet
  facet normal 0.0490387 -0.998797 0
    outer loop
      vertex -7.65683 11.0923 2.6
      vertex -7.5 11.1 11.6
      vertex -7.65683 11.0923 11.6
    endloop
  endfacet
  facet normal 0.0490387 -0.998797 0
    outer loop
      vertex -7.5 11.1 11.6
      vertex -7.65683 11.0923 2.6
      vertex -7.5 11.1 2.6
    endloop
  endfacet
  facet normal -0.0490387 0.998797 0
    outer loop
      vertex -7.34317 7.9077 2.6
      vertex -7.5 7.9 11.6
      vertex -7.34317 7.9077 11.6
    endloop
  endfacet
  facet normal -0.0490387 0.998797 0
    outer loop
      vertex -7.5 7.9 11.6
      vertex -7.34317 7.9077 2.6
      vertex -7.5 7.9 2.6
    endloop
  endfacet
  facet normal -0.427361 -0.904081 0
    outer loop
      vertex -6.88771 10.9782 2.6
      vertex -6.74576 10.9111 11.6
      vertex -6.88771 10.9782 11.6
    endloop
  endfacet
  facet normal -0.427361 -0.904081 -0
    outer loop
      vertex -6.74576 10.9111 11.6
      vertex -6.88771 10.9782 2.6
      vertex -6.74576 10.9111 2.6
    endloop
  endfacet
  facet normal -0.146733 0.989176 0
    outer loop
      vertex -7.18785 7.93074 2.6
      vertex -7.34317 7.9077 11.6
      vertex -7.18785 7.93074 11.6
    endloop
  endfacet
  facet normal -0.146733 0.989176 0
    outer loop
      vertex -7.34317 7.9077 11.6
      vertex -7.18785 7.93074 2.6
      vertex -7.34317 7.9077 2.6
    endloop
  endfacet
  facet normal -0.146484 -0.989213 0
    outer loop
      vertex -7.34317 11.0923 2.6
      vertex -7.18785 11.0693 11.6
      vertex -7.34317 11.0923 11.6
    endloop
  endfacet
  facet normal -0.146484 -0.989213 -0
    outer loop
      vertex -7.18785 11.0693 11.6
      vertex -7.34317 11.0923 2.6
      vertex -7.18785 11.0693 2.6
    endloop
  endfacet
  facet normal -0.941547 -0.336881 0
    outer loop
      vertex -5.96889 9.96445 2.6
      vertex -6.02179 10.1123 11.6
      vertex -6.02179 10.1123 2.6
    endloop
  endfacet
  facet normal -0.941547 -0.336881 0
    outer loop
      vertex -6.02179 10.1123 11.6
      vertex -5.96889 9.96445 2.6
      vertex -5.96889 9.96445 11.6
    endloop
  endfacet
  facet normal -0.803184 -0.595732 0
    outer loop
      vertex -6.16965 10.3889 2.6
      vertex -6.26318 10.515 11.6
      vertex -6.26318 10.515 2.6
    endloop
  endfacet
  facet normal -0.803184 -0.595732 0
    outer loop
      vertex -6.26318 10.515 11.6
      vertex -6.16965 10.3889 2.6
      vertex -6.16965 10.3889 11.6
    endloop
  endfacet
  facet normal -0.740933 0.671578 0
    outer loop
      vertex -6.36863 8.36863 2.6
      vertex -6.26318 8.48497 11.6
      vertex -6.26318 8.48497 2.6
    endloop
  endfacet
  facet normal -0.740933 0.671578 0
    outer loop
      vertex -6.26318 8.48497 11.6
      vertex -6.36863 8.36863 2.6
      vertex -6.36863 8.36863 11.6
    endloop
  endfacet
  facet normal -0.671404 -0.741092 0
    outer loop
      vertex -6.48497 10.7368 2.6
      vertex -6.36863 10.6314 11.6
      vertex -6.48497 10.7368 11.6
    endloop
  endfacet
  facet normal -0.671404 -0.741092 -0
    outer loop
      vertex -6.36863 10.6314 11.6
      vertex -6.48497 10.7368 2.6
      vertex -6.36863 10.6314 2.6
    endloop
  endfacet
  facet normal 0.146743 0.989175 -0
    outer loop
      vertex -7.65683 7.9077 2.6
      vertex -7.81214 7.93074 11.6
      vertex -7.65683 7.9077 11.6
    endloop
  endfacet
  facet normal 0.146743 0.989175 0
    outer loop
      vertex -7.81214 7.93074 11.6
      vertex -7.65683 7.9077 2.6
      vertex -7.81214 7.93074 2.6
    endloop
  endfacet
  facet normal -0.24327 -0.969959 0
    outer loop
      vertex -7.18785 11.0693 2.6
      vertex -7.03554 11.0311 11.6
      vertex -7.18785 11.0693 11.6
    endloop
  endfacet
  facet normal -0.24327 -0.969959 -0
    outer loop
      vertex -7.03554 11.0311 11.6
      vertex -7.18785 11.0693 2.6
      vertex -7.03554 11.0311 2.6
    endloop
  endfacet
  facet normal 0.803229 0.595671 0
    outer loop
      vertex -8.73682 8.48497 11.6
      vertex -8.83035 8.61109 2.6
      vertex -8.83035 8.61109 11.6
    endloop
  endfacet
  facet normal 0.803229 0.595671 0
    outer loop
      vertex -8.83035 8.61109 2.6
      vertex -8.73682 8.48497 11.6
      vertex -8.73682 8.48497 2.6
    endloop
  endfacet
  facet normal -0.741106 -0.671388 0
    outer loop
      vertex -6.26318 10.515 2.6
      vertex -6.36863 10.6314 11.6
      vertex -6.36863 10.6314 2.6
    endloop
  endfacet
  facet normal -0.741106 -0.671388 0
    outer loop
      vertex -6.36863 10.6314 11.6
      vertex -6.26318 10.515 2.6
      vertex -6.26318 10.515 11.6
    endloop
  endfacet
  facet normal -0.24297 0.970034 0
    outer loop
      vertex -7.03554 7.96889 2.6
      vertex -7.18785 7.93074 11.6
      vertex -7.03554 7.96889 11.6
    endloop
  endfacet
  facet normal -0.24297 0.970034 0
    outer loop
      vertex -7.18785 7.93074 11.6
      vertex -7.03554 7.96889 2.6
      vertex -7.18785 7.93074 2.6
    endloop
  endfacet
  facet normal -0.427569 0.903983 0
    outer loop
      vertex -6.74576 8.08893 2.6
      vertex -6.88771 8.02179 11.6
      vertex -6.74576 8.08893 11.6
    endloop
  endfacet
  facet normal -0.427569 0.903983 0
    outer loop
      vertex -6.88771 8.02179 11.6
      vertex -6.74576 8.08893 2.6
      vertex -6.88771 8.02179 2.6
    endloop
  endfacet
  facet normal 0.24297 0.970034 -0
    outer loop
      vertex -7.81214 7.93074 2.6
      vertex -7.96445 7.96889 11.6
      vertex -7.81214 7.93074 11.6
    endloop
  endfacet
  facet normal 0.24297 0.970034 0
    outer loop
      vertex -7.96445 7.96889 11.6
      vertex -7.81214 7.93074 2.6
      vertex -7.96445 7.96889 2.6
    endloop
  endfacet
  facet normal 0.857723 0.514112 0
    outer loop
      vertex -8.83035 8.61109 11.6
      vertex -8.91107 8.74576 2.6
      vertex -8.91107 8.74576 11.6
    endloop
  endfacet
  facet normal 0.857723 0.514112 0
    outer loop
      vertex -8.91107 8.74576 2.6
      vertex -8.83035 8.61109 11.6
      vertex -8.83035 8.61109 2.6
    endloop
  endfacet
  facet normal -0.595958 -0.803015 0
    outer loop
      vertex -6.61109 10.8304 2.6
      vertex -6.48497 10.7368 11.6
      vertex -6.61109 10.8304 11.6
    endloop
  endfacet
  facet normal -0.595958 -0.803015 -0
    outer loop
      vertex -6.48497 10.7368 11.6
      vertex -6.61109 10.8304 2.6
      vertex -6.48497 10.7368 2.6
    endloop
  endfacet
  facet normal -0.514018 -0.857779 0
    outer loop
      vertex -6.74576 10.9111 2.6
      vertex -6.61109 10.8304 11.6
      vertex -6.74576 10.9111 11.6
    endloop
  endfacet
  facet normal -0.514018 -0.857779 -0
    outer loop
      vertex -6.61109 10.8304 11.6
      vertex -6.74576 10.9111 2.6
      vertex -6.61109 10.8304 2.6
    endloop
  endfacet
  facet normal 0.427385 -0.90407 0
    outer loop
      vertex -8.25423 10.9111 2.6
      vertex -8.11229 10.9782 11.6
      vertex -8.25423 10.9111 11.6
    endloop
  endfacet
  facet normal 0.427385 -0.90407 0
    outer loop
      vertex -8.11229 10.9782 11.6
      vertex -8.25423 10.9111 2.6
      vertex -8.11229 10.9782 2.6
    endloop
  endfacet
  facet normal -0.595671 0.803229 0
    outer loop
      vertex -6.48497 8.26318 2.6
      vertex -6.61109 8.16965 11.6
      vertex -6.48497 8.26318 11.6
    endloop
  endfacet
  facet normal -0.595671 0.803229 0
    outer loop
      vertex -6.61109 8.16965 11.6
      vertex -6.48497 8.26318 2.6
      vertex -6.61109 8.16965 2.6
    endloop
  endfacet
  facet normal -0.970034 0.24297 0
    outer loop
      vertex -5.96889 9.03554 2.6
      vertex -5.93074 9.18785 11.6
      vertex -5.93074 9.18785 2.6
    endloop
  endfacet
  facet normal -0.970034 0.24297 0
    outer loop
      vertex -5.93074 9.18785 11.6
      vertex -5.96889 9.03554 2.6
      vertex -5.96889 9.03554 11.6
    endloop
  endfacet
  facet normal -0.336921 -0.941533 0
    outer loop
      vertex -7.03554 11.0311 2.6
      vertex -6.88771 10.9782 11.6
      vertex -7.03554 11.0311 11.6
    endloop
  endfacet
  facet normal -0.336921 -0.941533 -0
    outer loop
      vertex -6.88771 10.9782 11.6
      vertex -7.03554 11.0311 2.6
      vertex -6.88771 10.9782 2.6
    endloop
  endfacet
  facet normal -0.989176 0.146733 0
    outer loop
      vertex -5.93074 9.18785 2.6
      vertex -5.9077 9.34317 11.6
      vertex -5.9077 9.34317 2.6
    endloop
  endfacet
  facet normal -0.989176 0.146733 0
    outer loop
      vertex -5.9077 9.34317 11.6
      vertex -5.93074 9.18785 2.6
      vertex -5.93074 9.18785 11.6
    endloop
  endfacet
  facet normal 0.671404 -0.741092 0
    outer loop
      vertex -8.63137 10.6314 2.6
      vertex -8.51503 10.7368 11.6
      vertex -8.63137 10.6314 11.6
    endloop
  endfacet
  facet normal 0.671404 -0.741092 0
    outer loop
      vertex -8.51503 10.7368 11.6
      vertex -8.63137 10.6314 2.6
      vertex -8.51503 10.7368 2.6
    endloop
  endfacet
  facet normal -0.857774 -0.514027 0
    outer loop
      vertex -6.08893 10.2542 2.6
      vertex -6.16965 10.3889 11.6
      vertex -6.16965 10.3889 2.6
    endloop
  endfacet
  facet normal -0.857774 -0.514027 0
    outer loop
      vertex -6.16965 10.3889 11.6
      vertex -6.08893 10.2542 2.6
      vertex -6.08893 10.2542 11.6
    endloop
  endfacet
  facet normal 0.941553 0.336865 0
    outer loop
      vertex -8.97821 8.88771 11.6
      vertex -9.0311 9.03554 2.6
      vertex -9.0311 9.03554 11.6
    endloop
  endfacet
  facet normal 0.941553 0.336865 0
    outer loop
      vertex -9.0311 9.03554 2.6
      vertex -8.97821 8.88771 11.6
      vertex -8.97821 8.88771 2.6
    endloop
  endfacet
  facet normal 0.0490387 0.998797 -0
    outer loop
      vertex -7.5 7.9 2.6
      vertex -7.65683 7.9077 11.6
      vertex -7.5 7.9 11.6
    endloop
  endfacet
  facet normal 0.0490387 0.998797 0
    outer loop
      vertex -7.65683 7.9077 11.6
      vertex -7.5 7.9 2.6
      vertex -7.65683 7.9077 2.6
    endloop
  endfacet
  facet normal 0.514084 0.85774 -0
    outer loop
      vertex -8.25423 8.08893 2.6
      vertex -8.38891 8.16965 11.6
      vertex -8.25423 8.08893 11.6
    endloop
  endfacet
  facet normal 0.514084 0.85774 0
    outer loop
      vertex -8.38891 8.16965 11.6
      vertex -8.25423 8.08893 2.6
      vertex -8.38891 8.16965 2.6
    endloop
  endfacet
  facet normal 0.741106 -0.671388 0
    outer loop
      vertex -8.73682 10.515 11.6
      vertex -8.63137 10.6314 2.6
      vertex -8.63137 10.6314 11.6
    endloop
  endfacet
  facet normal 0.741106 -0.671388 0
    outer loop
      vertex -8.63137 10.6314 2.6
      vertex -8.73682 10.515 11.6
      vertex -8.73682 10.515 2.6
    endloop
  endfacet
  facet normal 0.857774 -0.514027 0
    outer loop
      vertex -8.91107 10.2542 11.6
      vertex -8.83035 10.3889 2.6
      vertex -8.83035 10.3889 11.6
    endloop
  endfacet
  facet normal 0.857774 -0.514027 0
    outer loop
      vertex -8.83035 10.3889 2.6
      vertex -8.91107 10.2542 11.6
      vertex -8.91107 10.2542 2.6
    endloop
  endfacet
  facet normal 0.989185 0.146671 0
    outer loop
      vertex -9.06926 9.18785 11.6
      vertex -9.09229 9.34317 2.6
      vertex -9.09229 9.34317 11.6
    endloop
  endfacet
  facet normal 0.989185 0.146671 0
    outer loop
      vertex -9.09229 9.34317 2.6
      vertex -9.06926 9.18785 11.6
      vertex -9.06926 9.18785 2.6
    endloop
  endfacet
  facet normal 0.336901 0.94154 -0
    outer loop
      vertex -7.96445 7.96889 2.6
      vertex -8.11229 8.02179 11.6
      vertex -7.96445 7.96889 11.6
    endloop
  endfacet
  facet normal 0.336901 0.94154 0
    outer loop
      vertex -8.11229 8.02179 11.6
      vertex -7.96445 7.96889 2.6
      vertex -8.11229 8.02179 2.6
    endloop
  endfacet
  facet normal 0.989184 -0.14668 0
    outer loop
      vertex -9.09229 9.65683 11.6
      vertex -9.06926 9.81214 2.6
      vertex -9.06926 9.81214 11.6
    endloop
  endfacet
  facet normal 0.989184 -0.14668 0
    outer loop
      vertex -9.06926 9.81214 2.6
      vertex -9.09229 9.65683 11.6
      vertex -9.09229 9.65683 2.6
    endloop
  endfacet
  facet normal 0 0 1
    outer loop
      vertex -5.9077 9.65683 2.6
      vertex -5.9077 9.34317 2.6
      vertex -5.9 9.5 2.6
    endloop
  endfacet
  facet normal 0 0 1
    outer loop
      vertex -5.93074 9.81214 2.6
      vertex -5.9077 9.34317 2.6
      vertex -5.9077 9.65683 2.6
    endloop
  endfacet
  facet normal 0 0 1
    outer loop
      vertex -5.93074 9.81214 2.6
      vertex -5.93074 9.18785 2.6
      vertex -5.9077 9.34317 2.6
    endloop
  endfacet
  facet normal 0 0 1
    outer loop
      vertex -5.96889 9.96445 2.6
      vertex -5.93074 9.18785 2.6
      vertex -5.93074 9.81214 2.6
    endloop
  endfacet
  facet normal 0 0 1
    outer loop
      vertex -5.96889 9.96445 2.6
      vertex -5.96889 9.03554 2.6
      vertex -5.93074 9.18785 2.6
    endloop
  endfacet
  facet normal 0 0 1
    outer loop
      vertex -6.02179 10.1123 2.6
      vertex -5.96889 9.03554 2.6
      vertex -5.96889 9.96445 2.6
    endloop
  endfacet
  facet normal 0 0 1
    outer loop
      vertex -6.02179 10.1123 2.6
      vertex -6.02179 8.88771 2.6
      vertex -5.96889 9.03554 2.6
    endloop
  endfacet
  facet normal 0 0 1
    outer loop
      vertex -6.08893 10.2542 2.6
      vertex -6.02179 8.88771 2.6
      vertex -6.02179 10.1123 2.6
    endloop
  endfacet
  facet normal 0 0 1
    outer loop
      vertex -6.08893 10.2542 2.6
      vertex -6.08893 8.74576 2.6
      vertex -6.02179 8.88771 2.6
    endloop
  endfacet
  facet normal 0 0 1
    outer loop
      vertex -6.16965 10.3889 2.6
      vertex -6.08893 8.74576 2.6
      vertex -6.08893 10.2542 2.6
    endloop
  endfacet
  facet normal 0 0 1
    outer loop
      vertex -6.16965 10.3889 2.6
      vertex -6.16965 8.61109 2.6
      vertex -6.08893 8.74576 2.6
    endloop
  endfacet
  facet normal 0 0 1
    outer loop
      vertex -6.26318 10.515 2.6
      vertex -6.16965 8.61109 2.6
      vertex -6.16965 10.3889 2.6
    endloop
  endfacet
  facet normal 0 0 1
    outer loop
      vertex -6.26318 10.515 2.6
      vertex -6.26318 8.48497 2.6
      vertex -6.16965 8.61109 2.6
    endloop
  endfacet
  facet normal 0 0 1
    outer loop
      vertex -6.36863 10.6314 2.6
      vertex -6.26318 8.48497 2.6
      vertex -6.26318 10.515 2.6
    endloop
  endfacet
  facet normal 0 0 1
    outer loop
      vertex -6.36863 10.6314 2.6
      vertex -6.36863 8.36863 2.6
      vertex -6.26318 8.48497 2.6
    endloop
  endfacet
  facet normal 0 0 1
    outer loop
      vertex -6.48497 10.7368 2.6
      vertex -6.36863 8.36863 2.6
      vertex -6.36863 10.6314 2.6
    endloop
  endfacet
  facet normal 0 0 1
    outer loop
      vertex -6.48497 10.7368 2.6
      vertex -6.48497 8.26318 2.6
      vertex -6.36863 8.36863 2.6
    endloop
  endfacet
  facet normal 0 0 1
    outer loop
      vertex -6.61109 10.8304 2.6
      vertex -6.48497 8.26318 2.6
      vertex -6.48497 10.7368 2.6
    endloop
  endfacet
  facet normal 0 0 1
    outer loop
      vertex -6.61109 10.8304 2.6
      vertex -6.61109 8.16965 2.6
      vertex -6.48497 8.26318 2.6
    endloop
  endfacet
  facet normal 0 0 1
    outer loop
      vertex -6.74576 10.9111 2.6
      vertex -6.61109 8.16965 2.6
      vertex -6.61109 10.8304 2.6
    endloop
  endfacet
  facet normal 0 0 1
    outer loop
      vertex -6.74576 10.9111 2.6
      vertex -6.74576 8.08893 2.6
      vertex -6.61109 8.16965 2.6
    endloop
  endfacet
  facet normal 0 0 1
    outer loop
      vertex -6.88771 10.9782 2.6
      vertex -6.74576 8.08893 2.6
      vertex -6.74576 10.9111 2.6
    endloop
  endfacet
  facet normal 0 0 1
    outer loop
      vertex -6.88771 10.9782 2.6
      vertex -6.88771 8.02179 2.6
      vertex -6.74576 8.08893 2.6
    endloop
  endfacet
  facet normal 0 0 1
    outer loop
      vertex -7.03554 11.0311 2.6
      vertex -6.88771 8.02179 2.6
      vertex -6.88771 10.9782 2.6
    endloop
  endfacet
  facet normal 0 0 1
    outer loop
      vertex -7.03554 11.0311 2.6
      vertex -7.03554 7.96889 2.6
      vertex -6.88771 8.02179 2.6
    endloop
  endfacet
  facet normal 0 0 1
    outer loop
      vertex -7.18785 11.0693 2.6
      vertex -7.03554 7.96889 2.6
      vertex -7.03554 11.0311 2.6
    endloop
  endfacet
  facet normal 0 0 1
    outer loop
      vertex -7.18785 11.0693 2.6
      vertex -7.18785 7.93074 2.6
      vertex -7.03554 7.96889 2.6
    endloop
  endfacet
  facet normal 0 0 1
    outer loop
      vertex -7.34317 11.0923 2.6
      vertex -7.18785 7.93074 2.6
      vertex -7.18785 11.0693 2.6
    endloop
  endfacet
  facet normal 0 0 1
    outer loop
      vertex -7.34317 11.0923 2.6
      vertex -7.34317 7.9077 2.6
      vertex -7.18785 7.93074 2.6
    endloop
  endfacet
  facet normal 0 0 1
    outer loop
      vertex -7.5 11.1 2.6
      vertex -7.34317 7.9077 2.6
      vertex -7.34317 11.0923 2.6
    endloop
  endfacet
  facet normal 0 0 1
    outer loop
      vertex -7.5 11.1 2.6
      vertex -7.5 7.9 2.6
      vertex -7.34317 7.9077 2.6
    endloop
  endfacet
  facet normal -0 0 1
    outer loop
      vertex -7.65683 11.0923 2.6
      vertex -7.5 7.9 2.6
      vertex -7.5 11.1 2.6
    endloop
  endfacet
  facet normal 0 0 1
    outer loop
      vertex -7.65683 11.0923 2.6
      vertex -7.65683 7.9077 2.6
      vertex -7.5 7.9 2.6
    endloop
  endfacet
  facet normal -0 0 1
    outer loop
      vertex -7.81214 11.0693 2.6
      vertex -7.65683 7.9077 2.6
      vertex -7.65683 11.0923 2.6
    endloop
  endfacet
  facet normal 0 0 1
    outer loop
      vertex -7.81214 11.0693 2.6
      vertex -7.81214 7.93074 2.6
      vertex -7.65683 7.9077 2.6
    endloop
  endfacet
  facet normal -0 0 1
    outer loop
      vertex -7.96445 11.0311 2.6
      vertex -7.81214 7.93074 2.6
      vertex -7.81214 11.0693 2.6
    endloop
  endfacet
  facet normal 0 0 1
    outer loop
      vertex -7.96445 11.0311 2.6
      vertex -7.96445 7.96889 2.6
      vertex -7.81214 7.93074 2.6
    endloop
  endfacet
  facet normal -0 0 1
    outer loop
      vertex -8.11229 10.9782 2.6
      vertex -7.96445 7.96889 2.6
      vertex -7.96445 11.0311 2.6
    endloop
  endfacet
  facet normal 0 0 1
    outer loop
      vertex -8.11229 10.9782 2.6
      vertex -8.11229 8.02179 2.6
      vertex -7.96445 7.96889 2.6
    endloop
  endfacet
  facet normal -0 0 1
    outer loop
      vertex -8.25423 10.9111 2.6
      vertex -8.11229 8.02179 2.6
      vertex -8.11229 10.9782 2.6
    endloop
  endfacet
  facet normal 0 0 1
    outer loop
      vertex -8.25423 10.9111 2.6
      vertex -8.25423 8.08893 2.6
      vertex -8.11229 8.02179 2.6
    endloop
  endfacet
  facet normal -0 0 1
    outer loop
      vertex -8.38891 10.8304 2.6
      vertex -8.25423 8.08893 2.6
      vertex -8.25423 10.9111 2.6
    endloop
  endfacet
  facet normal 0 0 1
    outer loop
      vertex -8.38891 10.8304 2.6
      vertex -8.38891 8.16965 2.6
      vertex -8.25423 8.08893 2.6
    endloop
  endfacet
  facet normal -0 0 1
    outer loop
      vertex -8.51503 10.7368 2.6
      vertex -8.38891 8.16965 2.6
      vertex -8.38891 10.8304 2.6
    endloop
  endfacet
  facet normal 0 0 1
    outer loop
      vertex -8.51503 10.7368 2.6
      vertex -8.51503 8.26318 2.6
      vertex -8.38891 8.16965 2.6
    endloop
  endfacet
  facet normal -0 0 1
    outer loop
      vertex -8.63137 10.6314 2.6
      vertex -8.51503 8.26318 2.6
      vertex -8.51503 10.7368 2.6
    endloop
  endfacet
  facet normal 0 0 1
    outer loop
      vertex -8.63137 10.6314 2.6
      vertex -8.63137 8.36863 2.6
      vertex -8.51503 8.26318 2.6
    endloop
  endfacet
  facet normal -0 0 1
    outer loop
      vertex -8.73682 10.515 2.6
      vertex -8.63137 8.36863 2.6
      vertex -8.63137 10.6314 2.6
    endloop
  endfacet
  facet normal 0 0 1
    outer loop
      vertex -8.73682 10.515 2.6
      vertex -8.73682 8.48497 2.6
      vertex -8.63137 8.36863 2.6
    endloop
  endfacet
  facet normal -0 0 1
    outer loop
      vertex -8.83035 10.3889 2.6
      vertex -8.73682 8.48497 2.6
      vertex -8.73682 10.515 2.6
    endloop
  endfacet
  facet normal 0 0 1
    outer loop
      vertex -8.83035 10.3889 2.6
      vertex -8.83035 8.61109 2.6
      vertex -8.73682 8.48497 2.6
    endloop
  endfacet
  facet normal -0 0 1
    outer loop
      vertex -8.91107 10.2542 2.6
      vertex -8.83035 8.61109 2.6
      vertex -8.83035 10.3889 2.6
    endloop
  endfacet
  facet normal 0 0 1
    outer loop
      vertex -8.91107 10.2542 2.6
      vertex -8.91107 8.74576 2.6
      vertex -8.83035 8.61109 2.6
    endloop
  endfacet
  facet normal -0 0 1
    outer loop
      vertex -8.97821 10.1123 2.6
      vertex -8.91107 8.74576 2.6
      vertex -8.91107 10.2542 2.6
    endloop
  endfacet
  facet normal 0 0 1
    outer loop
      vertex -8.97821 10.1123 2.6
      vertex -8.97821 8.88771 2.6
      vertex -8.91107 8.74576 2.6
    endloop
  endfacet
  facet normal -0 0 1
    outer loop
      vertex -9.0311 9.96445 2.6
      vertex -8.97821 8.88771 2.6
      vertex -8.97821 10.1123 2.6
    endloop
  endfacet
  facet normal 0 0 1
    outer loop
      vertex -9.0311 9.96445 2.6
      vertex -9.0311 9.03554 2.6
      vertex -8.97821 8.88771 2.6
    endloop
  endfacet
  facet normal -0 0 1
    outer loop
      vertex -9.06926 9.81214 2.6
      vertex -9.0311 9.03554 2.6
      vertex -9.0311 9.96445 2.6
    endloop
  endfacet
  facet normal 0 0 1
    outer loop
      vertex -9.06926 9.81214 2.6
      vertex -9.06926 9.18785 2.6
      vertex -9.0311 9.03554 2.6
    endloop
  endfacet
  facet normal -0 0 1
    outer loop
      vertex -9.09229 9.65683 2.6
      vertex -9.06926 9.18785 2.6
      vertex -9.06926 9.81214 2.6
    endloop
  endfacet
  facet normal 0 0 1
    outer loop
      vertex -9.09229 9.65683 2.6
      vertex -9.09229 9.34317 2.6
      vertex -9.06926 9.18785 2.6
    endloop
  endfacet
  facet normal 0 -0 1
    outer loop
      vertex -9.09229 9.34317 2.6
      vertex -9.09229 9.65683 2.6
      vertex -9.1 9.5 2.6
    endloop
  endfacet
  facet normal -0.903983 0.427569 0
    outer loop
      vertex -6.08893 8.74576 2.6
      vertex -6.02179 8.88771 11.6
      vertex -6.02179 8.88771 2.6
    endloop
  endfacet
  facet normal -0.903983 0.427569 0
    outer loop
      vertex -6.02179 8.88771 11.6
      vertex -6.08893 8.74576 2.6
      vertex -6.08893 8.74576 11.6
    endloop
  endfacet
  facet normal 0.595958 -0.803015 0
    outer loop
      vertex -8.51503 10.7368 2.6
      vertex -8.38891 10.8304 11.6
      vertex -8.51503 10.7368 11.6
    endloop
  endfacet
  facet normal 0.595958 -0.803015 0
    outer loop
      vertex -8.38891 10.8304 11.6
      vertex -8.51503 10.7368 2.6
      vertex -8.38891 10.8304 2.6
    endloop
  endfacet
  facet normal -0.514112 0.857723 0
    outer loop
      vertex -6.61109 8.16965 2.6
      vertex -6.74576 8.08893 11.6
      vertex -6.61109 8.16965 11.6
    endloop
  endfacet
  facet normal -0.514112 0.857723 0
    outer loop
      vertex -6.74576 8.08893 11.6
      vertex -6.61109 8.16965 2.6
      vertex -6.74576 8.08893 2.6
    endloop
  endfacet
  facet normal -0.857723 0.514112 0
    outer loop
      vertex -6.16965 8.61109 2.6
      vertex -6.08893 8.74576 11.6
      vertex -6.08893 8.74576 2.6
    endloop
  endfacet
  facet normal -0.857723 0.514112 0
    outer loop
      vertex -6.08893 8.74576 11.6
      vertex -6.16965 8.61109 2.6
      vertex -6.16965 8.61109 11.6
    endloop
  endfacet
  facet normal 0.970019 -0.24303 0
    outer loop
      vertex -9.06926 9.81214 11.6
      vertex -9.0311 9.96445 2.6
      vertex -9.0311 9.96445 11.6
    endloop
  endfacet
  facet normal 0.970019 -0.24303 0
    outer loop
      vertex -9.0311 9.96445 2.6
      vertex -9.06926 9.81214 11.6
      vertex -9.06926 9.81214 2.6
    endloop
  endfacet
  facet normal 0.941567 -0.336824 0
    outer loop
      vertex -9.0311 9.96445 11.6
      vertex -8.97821 10.1123 2.6
      vertex -8.97821 10.1123 11.6
    endloop
  endfacet
  facet normal 0.941567 -0.336824 0
    outer loop
      vertex -8.97821 10.1123 2.6
      vertex -9.0311 9.96445 11.6
      vertex -9.0311 9.96445 2.6
    endloop
  endfacet
  facet normal 0.671578 0.740933 -0
    outer loop
      vertex -8.51503 8.26318 2.6
      vertex -8.63137 8.36863 11.6
      vertex -8.51503 8.26318 11.6
    endloop
  endfacet
  facet normal 0.671578 0.740933 0
    outer loop
      vertex -8.63137 8.36863 11.6
      vertex -8.51503 8.26318 2.6
      vertex -8.63137 8.36863 2.6
    endloop
  endfacet
  facet normal 0.595671 0.803229 -0
    outer loop
      vertex -8.38891 8.16965 2.6
      vertex -8.51503 8.26318 11.6
      vertex -8.38891 8.16965 11.6
    endloop
  endfacet
  facet normal 0.595671 0.803229 0
    outer loop
      vertex -8.51503 8.26318 11.6
      vertex -8.38891 8.16965 2.6
      vertex -8.51503 8.26318 2.6
    endloop
  endfacet
  facet normal 0.998794 -0.0491022 0
    outer loop
      vertex -9.1 9.5 11.6
      vertex -9.09229 9.65683 2.6
      vertex -9.09229 9.65683 11.6
    endloop
  endfacet
  facet normal 0.998794 -0.0491022 0
    outer loop
      vertex -9.09229 9.65683 2.6
      vertex -9.1 9.5 11.6
      vertex -9.1 9.5 2.6
    endloop
  endfacet
  facet normal 0.998794 0.0491022 0
    outer loop
      vertex -9.09229 9.34317 11.6
      vertex -9.1 9.5 2.6
      vertex -9.1 9.5 11.6
    endloop
  endfacet
  facet normal 0.998794 0.0491022 0
    outer loop
      vertex -9.1 9.5 2.6
      vertex -9.09229 9.34317 11.6
      vertex -9.09229 9.34317 2.6
    endloop
  endfacet
  facet normal 0.146502 0.98921 -0
    outer loop
      vertex 12.8432 -10.5923 2.6
      vertex 12.6879 -10.5693 11.6
      vertex 12.8432 -10.5923 11.6
    endloop
  endfacet
  facet normal 0.146502 0.98921 0
    outer loop
      vertex 12.6879 -10.5693 11.6
      vertex 12.8432 -10.5923 2.6
      vertex 12.6879 -10.5693 2.6
    endloop
  endfacet
  facet normal -0.989213 -0.146484 0
    outer loop
      vertex 14.5923 -8.84317 2.6
      vertex 14.5693 -8.68785 11.6
      vertex 14.5693 -8.68785 2.6
    endloop
  endfacet
  facet normal -0.989213 -0.146484 0
    outer loop
      vertex 14.5693 -8.68785 11.6
      vertex 14.5923 -8.84317 2.6
      vertex 14.5923 -8.84317 11.6
    endloop
  endfacet
  facet normal -0.998797 -0.0490387 0
    outer loop
      vertex 14.6 -9 2.6
      vertex 14.5923 -8.84317 11.6
      vertex 14.5923 -8.84317 2.6
    endloop
  endfacet
  facet normal -0.998797 -0.0490387 0
    outer loop
      vertex 14.5923 -8.84317 11.6
      vertex 14.6 -9 2.6
      vertex 14.6 -9 11.6
    endloop
  endfacet
  facet normal -0.969959 -0.24327 0
    outer loop
      vertex 14.5693 -8.68785 2.6
      vertex 14.5311 -8.53554 11.6
      vertex 14.5311 -8.53554 2.6
    endloop
  endfacet
  facet normal -0.969959 -0.24327 0
    outer loop
      vertex 14.5311 -8.53554 11.6
      vertex 14.5693 -8.68785 2.6
      vertex 14.5693 -8.68785 11.6
    endloop
  endfacet
  facet normal 0.969959 -0.24327 0
    outer loop
      vertex 11.4307 -8.68785 11.6
      vertex 11.4689 -8.53554 2.6
      vertex 11.4689 -8.53554 11.6
    endloop
  endfacet
  facet normal 0.969959 -0.24327 0
    outer loop
      vertex 11.4689 -8.53554 2.6
      vertex 11.4307 -8.68785 11.6
      vertex 11.4307 -8.68785 2.6
    endloop
  endfacet
  facet normal 0.90407 0.427385 0
    outer loop
      vertex 11.5889 -9.75423 11.6
      vertex 11.5218 -9.61229 2.6
      vertex 11.5218 -9.61229 11.6
    endloop
  endfacet
  facet normal 0.90407 0.427385 0
    outer loop
      vertex 11.5218 -9.61229 2.6
      vertex 11.5889 -9.75423 11.6
      vertex 11.5889 -9.75423 2.6
    endloop
  endfacet
  facet normal -0.513934 0.85783 0
    outer loop
      vertex 13.8889 -10.3304 2.6
      vertex 13.7542 -10.4111 11.6
      vertex 13.8889 -10.3304 11.6
    endloop
  endfacet
  facet normal -0.513934 0.85783 0
    outer loop
      vertex 13.7542 -10.4111 11.6
      vertex 13.8889 -10.3304 2.6
      vertex 13.7542 -10.4111 2.6
    endloop
  endfacet
  facet normal 0.514027 -0.857774 0
    outer loop
      vertex 12.1111 -7.66965 2.6
      vertex 12.2458 -7.58893 11.6
      vertex 12.1111 -7.66965 11.6
    endloop
  endfacet
  facet normal 0.514027 -0.857774 0
    outer loop
      vertex 12.2458 -7.58893 11.6
      vertex 12.1111 -7.66965 2.6
      vertex 12.2458 -7.58893 2.6
    endloop
  endfacet
  facet normal -0.146502 0.98921 0
    outer loop
      vertex 13.3121 -10.5693 2.6
      vertex 13.1568 -10.5923 11.6
      vertex 13.3121 -10.5693 11.6
    endloop
  endfacet
  facet normal -0.146502 0.98921 0
    outer loop
      vertex 13.1568 -10.5923 11.6
      vertex 13.3121 -10.5693 2.6
      vertex 13.1568 -10.5923 2.6
    endloop
  endfacet
  facet normal -0.741092 -0.671404 0
    outer loop
      vertex 14.2368 -7.98497 2.6
      vertex 14.1314 -7.86863 11.6
      vertex 14.1314 -7.86863 2.6
    endloop
  endfacet
  facet normal -0.741092 -0.671404 0
    outer loop
      vertex 14.1314 -7.86863 11.6
      vertex 14.2368 -7.98497 2.6
      vertex 14.2368 -7.98497 11.6
    endloop
  endfacet
  facet normal -0.427484 0.904023 0
    outer loop
      vertex 13.7542 -10.4111 2.6
      vertex 13.6123 -10.4782 11.6
      vertex 13.7542 -10.4111 11.6
    endloop
  endfacet
  facet normal -0.427484 0.904023 0
    outer loop
      vertex 13.6123 -10.4782 11.6
      vertex 13.7542 -10.4111 2.6
      vertex 13.6123 -10.4782 2.6
    endloop
  endfacet
  facet normal -0.427692 -0.903925 0
    outer loop
      vertex 13.6123 -7.52179 2.6
      vertex 13.7542 -7.58893 11.6
      vertex 13.6123 -7.52179 11.6
    endloop
  endfacet
  facet normal -0.427692 -0.903925 -0
    outer loop
      vertex 13.7542 -7.58893 11.6
      vertex 13.6123 -7.52179 2.6
      vertex 13.7542 -7.58893 2.6
    endloop
  endfacet
  facet normal 0.969959 0.24327 0
    outer loop
      vertex 11.4689 -9.46445 11.6
      vertex 11.4307 -9.31214 2.6
      vertex 11.4307 -9.31214 11.6
    endloop
  endfacet
  facet normal 0.969959 0.24327 0
    outer loop
      vertex 11.4307 -9.31214 2.6
      vertex 11.4689 -9.46445 11.6
      vertex 11.4689 -9.46445 2.6
    endloop
  endfacet
  facet normal -0.802948 0.59605 0
    outer loop
      vertex 14.2368 -10.015 2.6
      vertex 14.3304 -9.88891 11.6
      vertex 14.3304 -9.88891 2.6
    endloop
  endfacet
  facet normal -0.802948 0.59605 0
    outer loop
      vertex 14.3304 -9.88891 11.6
      vertex 14.2368 -10.015 2.6
      vertex 14.2368 -10.015 11.6
    endloop
  endfacet
  facet normal -0.671388 -0.741106 0
    outer loop
      vertex 14.015 -7.76318 2.6
      vertex 14.1314 -7.86863 11.6
      vertex 14.015 -7.76318 11.6
    endloop
  endfacet
  facet normal -0.671388 -0.741106 -0
    outer loop
      vertex 14.1314 -7.86863 11.6
      vertex 14.015 -7.76318 2.6
      vertex 14.1314 -7.86863 2.6
    endloop
  endfacet
  facet normal 0.596019 0.80297 -0
    outer loop
      vertex 12.1111 -10.3304 2.6
      vertex 11.985 -10.2368 11.6
      vertex 12.1111 -10.3304 11.6
    endloop
  endfacet
  facet normal 0.596019 0.80297 0
    outer loop
      vertex 11.985 -10.2368 11.6
      vertex 12.1111 -10.3304 2.6
      vertex 11.985 -10.2368 2.6
    endloop
  endfacet
  facet normal 0.671388 -0.741106 0
    outer loop
      vertex 11.8686 -7.86863 2.6
      vertex 11.985 -7.76318 11.6
      vertex 11.8686 -7.86863 11.6
    endloop
  endfacet
  facet normal 0.671388 -0.741106 0
    outer loop
      vertex 11.985 -7.76318 11.6
      vertex 11.8686 -7.86863 2.6
      vertex 11.985 -7.76318 2.6
    endloop
  endfacet
  facet normal 0 0 1
    outer loop
      vertex 14.5923 -8.84317 2.6
      vertex 14.5923 -9.15683 2.6
      vertex 14.6 -9 2.6
    endloop
  endfacet
  facet normal 0 0 1
    outer loop
      vertex 14.5693 -8.68785 2.6
      vertex 14.5923 -9.15683 2.6
      vertex 14.5923 -8.84317 2.6
    endloop
  endfacet
  facet normal 0 0 1
    outer loop
      vertex 14.5693 -8.68785 2.6
      vertex 14.5693 -9.31214 2.6
      vertex 14.5923 -9.15683 2.6
    endloop
  endfacet
  facet normal 0 0 1
    outer loop
      vertex 14.5311 -8.53554 2.6
      vertex 14.5693 -9.31214 2.6
      vertex 14.5693 -8.68785 2.6
    endloop
  endfacet
  facet normal 0 0 1
    outer loop
      vertex 14.5311 -8.53554 2.6
      vertex 14.5311 -9.46445 2.6
      vertex 14.5693 -9.31214 2.6
    endloop
  endfacet
  facet normal 0 0 1
    outer loop
      vertex 14.4782 -8.38771 2.6
      vertex 14.5311 -9.46445 2.6
      vertex 14.5311 -8.53554 2.6
    endloop
  endfacet
  facet normal 0 0 1
    outer loop
      vertex 14.4782 -8.38771 2.6
      vertex 14.4782 -9.61229 2.6
      vertex 14.5311 -9.46445 2.6
    endloop
  endfacet
  facet normal 0 0 1
    outer loop
      vertex 14.4111 -8.24576 2.6
      vertex 14.4782 -9.61229 2.6
      vertex 14.4782 -8.38771 2.6
    endloop
  endfacet
  facet normal 0 0 1
    outer loop
      vertex 14.4111 -8.24576 2.6
      vertex 14.4111 -9.75423 2.6
      vertex 14.4782 -9.61229 2.6
    endloop
  endfacet
  facet normal 0 0 1
    outer loop
      vertex 14.3304 -8.11109 2.6
      vertex 14.4111 -9.75423 2.6
      vertex 14.4111 -8.24576 2.6
    endloop
  endfacet
  facet normal 0 0 1
    outer loop
      vertex 14.3304 -8.11109 2.6
      vertex 14.3304 -9.88891 2.6
      vertex 14.4111 -9.75423 2.6
    endloop
  endfacet
  facet normal 0 0 1
    outer loop
      vertex 14.2368 -7.98497 2.6
      vertex 14.3304 -9.88891 2.6
      vertex 14.3304 -8.11109 2.6
    endloop
  endfacet
  facet normal 0 0 1
    outer loop
      vertex 14.2368 -7.98497 2.6
      vertex 14.2368 -10.015 2.6
      vertex 14.3304 -9.88891 2.6
    endloop
  endfacet
  facet normal 0 0 1
    outer loop
      vertex 14.1314 -7.86863 2.6
      vertex 14.2368 -10.015 2.6
      vertex 14.2368 -7.98497 2.6
    endloop
  endfacet
  facet normal 0 0 1
    outer loop
      vertex 14.1314 -7.86863 2.6
      vertex 14.1314 -10.1314 2.6
      vertex 14.2368 -10.015 2.6
    endloop
  endfacet
  facet normal 0 0 1
    outer loop
      vertex 14.015 -7.76318 2.6
      vertex 14.1314 -10.1314 2.6
      vertex 14.1314 -7.86863 2.6
    endloop
  endfacet
  facet normal 0 0 1
    outer loop
      vertex 14.015 -7.76318 2.6
      vertex 14.015 -10.2368 2.6
      vertex 14.1314 -10.1314 2.6
    endloop
  endfacet
  facet normal 0 0 1
    outer loop
      vertex 13.8889 -7.66965 2.6
      vertex 14.015 -10.2368 2.6
      vertex 14.015 -7.76318 2.6
    endloop
  endfacet
  facet normal 0 0 1
    outer loop
      vertex 13.8889 -7.66965 2.6
      vertex 13.8889 -10.3304 2.6
      vertex 14.015 -10.2368 2.6
    endloop
  endfacet
  facet normal 0 0 1
    outer loop
      vertex 13.7542 -7.58893 2.6
      vertex 13.8889 -10.3304 2.6
      vertex 13.8889 -7.66965 2.6
    endloop
  endfacet
  facet normal 0 0 1
    outer loop
      vertex 13.7542 -7.58893 2.6
      vertex 13.7542 -10.4111 2.6
      vertex 13.8889 -10.3304 2.6
    endloop
  endfacet
  facet normal 0 0 1
    outer loop
      vertex 13.6123 -7.52179 2.6
      vertex 13.7542 -10.4111 2.6
      vertex 13.7542 -7.58893 2.6
    endloop
  endfacet
  facet normal 0 0 1
    outer loop
      vertex 13.6123 -7.52179 2.6
      vertex 13.6123 -10.4782 2.6
      vertex 13.7542 -10.4111 2.6
    endloop
  endfacet
  facet normal 0 0 1
    outer loop
      vertex 13.4645 -7.46889 2.6
      vertex 13.6123 -10.4782 2.6
      vertex 13.6123 -7.52179 2.6
    endloop
  endfacet
  facet normal 0 0 1
    outer loop
      vertex 13.4645 -7.46889 2.6
      vertex 13.4645 -10.5311 2.6
      vertex 13.6123 -10.4782 2.6
    endloop
  endfacet
  facet normal 0 0 1
    outer loop
      vertex 13.3121 -7.43074 2.6
      vertex 13.4645 -10.5311 2.6
      vertex 13.4645 -7.46889 2.6
    endloop
  endfacet
  facet normal 0 0 1
    outer loop
      vertex 13.3121 -7.43074 2.6
      vertex 13.3121 -10.5693 2.6
      vertex 13.4645 -10.5311 2.6
    endloop
  endfacet
  facet normal 0 0 1
    outer loop
      vertex 13.1568 -7.4077 2.6
      vertex 13.3121 -10.5693 2.6
      vertex 13.3121 -7.43074 2.6
    endloop
  endfacet
  facet normal 0 0 1
    outer loop
      vertex 13.1568 -7.4077 2.6
      vertex 13.1568 -10.5923 2.6
      vertex 13.3121 -10.5693 2.6
    endloop
  endfacet
  facet normal 0 0 1
    outer loop
      vertex 13 -7.4 2.6
      vertex 13.1568 -10.5923 2.6
      vertex 13.1568 -7.4077 2.6
    endloop
  endfacet
  facet normal 0 0 1
    outer loop
      vertex 13 -7.4 2.6
      vertex 13 -10.6 2.6
      vertex 13.1568 -10.5923 2.6
    endloop
  endfacet
  facet normal -0 0 1
    outer loop
      vertex 12.8432 -7.4077 2.6
      vertex 13 -10.6 2.6
      vertex 13 -7.4 2.6
    endloop
  endfacet
  facet normal 0 0 1
    outer loop
      vertex 12.8432 -7.4077 2.6
      vertex 12.8432 -10.5923 2.6
      vertex 13 -10.6 2.6
    endloop
  endfacet
  facet normal -0 0 1
    outer loop
      vertex 12.6879 -7.43074 2.6
      vertex 12.8432 -10.5923 2.6
      vertex 12.8432 -7.4077 2.6
    endloop
  endfacet
  facet normal 0 0 1
    outer loop
      vertex 12.6879 -7.43074 2.6
      vertex 12.6879 -10.5693 2.6
      vertex 12.8432 -10.5923 2.6
    endloop
  endfacet
  facet normal -0 0 1
    outer loop
      vertex 12.5355 -7.46889 2.6
      vertex 12.6879 -10.5693 2.6
      vertex 12.6879 -7.43074 2.6
    endloop
  endfacet
  facet normal 0 0 1
    outer loop
      vertex 12.5355 -7.46889 2.6
      vertex 12.5355 -10.5311 2.6
      vertex 12.6879 -10.5693 2.6
    endloop
  endfacet
  facet normal -0 0 1
    outer loop
      vertex 12.3877 -7.52179 2.6
      vertex 12.5355 -10.5311 2.6
      vertex 12.5355 -7.46889 2.6
    endloop
  endfacet
  facet normal 0 0 1
    outer loop
      vertex 12.3877 -7.52179 2.6
      vertex 12.3877 -10.4782 2.6
      vertex 12.5355 -10.5311 2.6
    endloop
  endfacet
  facet normal -0 0 1
    outer loop
      vertex 12.2458 -7.58893 2.6
      vertex 12.3877 -10.4782 2.6
      vertex 12.3877 -7.52179 2.6
    endloop
  endfacet
  facet normal 0 0 1
    outer loop
      vertex 12.2458 -7.58893 2.6
      vertex 12.2458 -10.4111 2.6
      vertex 12.3877 -10.4782 2.6
    endloop
  endfacet
  facet normal -0 0 1
    outer loop
      vertex 12.1111 -7.66965 2.6
      vertex 12.2458 -10.4111 2.6
      vertex 12.2458 -7.58893 2.6
    endloop
  endfacet
  facet normal 0 0 1
    outer loop
      vertex 12.1111 -7.66965 2.6
      vertex 12.1111 -10.3304 2.6
      vertex 12.2458 -10.4111 2.6
    endloop
  endfacet
  facet normal -0 0 1
    outer loop
      vertex 11.985 -7.76318 2.6
      vertex 12.1111 -10.3304 2.6
      vertex 12.1111 -7.66965 2.6
    endloop
  endfacet
  facet normal 0 0 1
    outer loop
      vertex 11.985 -7.76318 2.6
      vertex 11.985 -10.2368 2.6
      vertex 12.1111 -10.3304 2.6
    endloop
  endfacet
  facet normal -0 0 1
    outer loop
      vertex 11.8686 -7.86863 2.6
      vertex 11.985 -10.2368 2.6
      vertex 11.985 -7.76318 2.6
    endloop
  endfacet
  facet normal 0 0 1
    outer loop
      vertex 11.8686 -7.86863 2.6
      vertex 11.8686 -10.1314 2.6
      vertex 11.985 -10.2368 2.6
    endloop
  endfacet
  facet normal -0 0 1
    outer loop
      vertex 11.7632 -7.98497 2.6
      vertex 11.8686 -10.1314 2.6
      vertex 11.8686 -7.86863 2.6
    endloop
  endfacet
  facet normal 0 0 1
    outer loop
      vertex 11.7632 -7.98497 2.6
      vertex 11.7632 -10.015 2.6
      vertex 11.8686 -10.1314 2.6
    endloop
  endfacet
  facet normal -0 0 1
    outer loop
      vertex 11.6696 -8.11109 2.6
      vertex 11.7632 -10.015 2.6
      vertex 11.7632 -7.98497 2.6
    endloop
  endfacet
  facet normal 0 0 1
    outer loop
      vertex 11.6696 -8.11109 2.6
      vertex 11.6696 -9.88891 2.6
      vertex 11.7632 -10.015 2.6
    endloop
  endfacet
  facet normal -0 0 1
    outer loop
      vertex 11.5889 -8.24576 2.6
      vertex 11.6696 -9.88891 2.6
      vertex 11.6696 -8.11109 2.6
    endloop
  endfacet
  facet normal 0 0 1
    outer loop
      vertex 11.5889 -8.24576 2.6
      vertex 11.5889 -9.75423 2.6
      vertex 11.6696 -9.88891 2.6
    endloop
  endfacet
  facet normal -0 0 1
    outer loop
      vertex 11.5218 -8.38771 2.6
      vertex 11.5889 -9.75423 2.6
      vertex 11.5889 -8.24576 2.6
    endloop
  endfacet
  facet normal 0 0 1
    outer loop
      vertex 11.5218 -8.38771 2.6
      vertex 11.5218 -9.61229 2.6
      vertex 11.5889 -9.75423 2.6
    endloop
  endfacet
  facet normal -0 0 1
    outer loop
      vertex 11.4689 -8.53554 2.6
      vertex 11.5218 -9.61229 2.6
      vertex 11.5218 -8.38771 2.6
    endloop
  endfacet
  facet normal 0 0 1
    outer loop
      vertex 11.4689 -8.53554 2.6
      vertex 11.4689 -9.46445 2.6
      vertex 11.5218 -9.61229 2.6
    endloop
  endfacet
  facet normal -0 0 1
    outer loop
      vertex 11.4307 -8.68785 2.6
      vertex 11.4689 -9.46445 2.6
      vertex 11.4689 -8.53554 2.6
    endloop
  endfacet
  facet normal 0 0 1
    outer loop
      vertex 11.4307 -8.68785 2.6
      vertex 11.4307 -9.31214 2.6
      vertex 11.4689 -9.46445 2.6
    endloop
  endfacet
  facet normal -0 0 1
    outer loop
      vertex 11.4077 -8.84317 2.6
      vertex 11.4307 -9.31214 2.6
      vertex 11.4307 -8.68785 2.6
    endloop
  endfacet
  facet normal 0 0 1
    outer loop
      vertex 11.4077 -8.84317 2.6
      vertex 11.4077 -9.15683 2.6
      vertex 11.4307 -9.31214 2.6
    endloop
  endfacet
  facet normal 0 -0 1
    outer loop
      vertex 11.4077 -9.15683 2.6
      vertex 11.4077 -8.84317 2.6
      vertex 11.4 -9 2.6
    endloop
  endfacet
  facet normal -0.857779 -0.514018 0
    outer loop
      vertex 14.4111 -8.24576 2.6
      vertex 14.3304 -8.11109 11.6
      vertex 14.3304 -8.11109 2.6
    endloop
  endfacet
  facet normal -0.857779 -0.514018 0
    outer loop
      vertex 14.3304 -8.11109 11.6
      vertex 14.4111 -8.24576 2.6
      vertex 14.4111 -8.24576 11.6
    endloop
  endfacet
  facet normal 0.427484 0.904023 -0
    outer loop
      vertex 12.3877 -10.4782 2.6
      vertex 12.2458 -10.4111 11.6
      vertex 12.3877 -10.4782 11.6
    endloop
  endfacet
  facet normal 0.427484 0.904023 0
    outer loop
      vertex 12.2458 -10.4111 11.6
      vertex 12.3877 -10.4782 2.6
      vertex 12.2458 -10.4111 2.6
    endloop
  endfacet
  facet normal -0.989212 0.146493 0
    outer loop
      vertex 14.5693 -9.31214 2.6
      vertex 14.5923 -9.15683 11.6
      vertex 14.5923 -9.15683 2.6
    endloop
  endfacet
  facet normal -0.989212 0.146493 0
    outer loop
      vertex 14.5923 -9.15683 11.6
      vertex 14.5693 -9.31214 2.6
      vertex 14.5693 -9.31214 11.6
    endloop
  endfacet
  facet normal -0.596019 0.80297 0
    outer loop
      vertex 14.015 -10.2368 2.6
      vertex 13.8889 -10.3304 11.6
      vertex 14.015 -10.2368 11.6
    endloop
  endfacet
  facet normal -0.596019 0.80297 0
    outer loop
      vertex 13.8889 -10.3304 11.6
      vertex 14.015 -10.2368 2.6
      vertex 13.8889 -10.3304 2.6
    endloop
  endfacet
  facet normal 0.595732 -0.803184 0
    outer loop
      vertex 11.985 -7.76318 2.6
      vertex 12.1111 -7.66965 11.6
      vertex 11.985 -7.76318 11.6
    endloop
  endfacet
  facet normal 0.595732 -0.803184 0
    outer loop
      vertex 12.1111 -7.66965 11.6
      vertex 11.985 -7.76318 2.6
      vertex 12.1111 -7.66965 2.6
    endloop
  endfacet
  facet normal 0.427692 -0.903925 0
    outer loop
      vertex 12.2458 -7.58893 2.6
      vertex 12.3877 -7.52179 11.6
      vertex 12.2458 -7.58893 11.6
    endloop
  endfacet
  facet normal 0.427692 -0.903925 0
    outer loop
      vertex 12.3877 -7.52179 11.6
      vertex 12.2458 -7.58893 2.6
      vertex 12.3877 -7.52179 2.6
    endloop
  endfacet
  facet normal 0.243135 0.969993 -0
    outer loop
      vertex 12.6879 -10.5693 2.6
      vertex 12.5355 -10.5311 11.6
      vertex 12.6879 -10.5693 11.6
    endloop
  endfacet
  facet normal 0.243135 0.969993 0
    outer loop
      vertex 12.5355 -10.5311 11.6
      vertex 12.6879 -10.5693 2.6
      vertex 12.5355 -10.5311 2.6
    endloop
  endfacet
  facet normal -0.969959 0.24327 0
    outer loop
      vertex 14.5311 -9.46445 2.6
      vertex 14.5693 -9.31214 11.6
      vertex 14.5693 -9.31214 2.6
    endloop
  endfacet
  facet normal -0.969959 0.24327 0
    outer loop
      vertex 14.5693 -9.31214 11.6
      vertex 14.5311 -9.46445 2.6
      vertex 14.5311 -9.46445 11.6
    endloop
  endfacet
  facet normal -0.146752 -0.989173 0
    outer loop
      vertex 13.1568 -7.4077 2.6
      vertex 13.3121 -7.43074 11.6
      vertex 13.1568 -7.4077 11.6
    endloop
  endfacet
  facet normal -0.146752 -0.989173 -0
    outer loop
      vertex 13.3121 -7.43074 11.6
      vertex 13.1568 -7.4077 2.6
      vertex 13.3121 -7.43074 2.6
    endloop
  endfacet
  facet normal -0.242835 -0.970068 0
    outer loop
      vertex 13.3121 -7.43074 2.6
      vertex 13.4645 -7.46889 11.6
      vertex 13.3121 -7.43074 11.6
    endloop
  endfacet
  facet normal -0.242835 -0.970068 -0
    outer loop
      vertex 13.4645 -7.46889 11.6
      vertex 13.3121 -7.43074 2.6
      vertex 13.4645 -7.46889 2.6
    endloop
  endfacet
  facet normal 0.94154 0.336901 0
    outer loop
      vertex 11.5218 -9.61229 11.6
      vertex 11.4689 -9.46445 2.6
      vertex 11.4689 -9.46445 11.6
    endloop
  endfacet
  facet normal 0.94154 0.336901 0
    outer loop
      vertex 11.4689 -9.46445 2.6
      vertex 11.5218 -9.61229 11.6
      vertex 11.5218 -9.61229 2.6
    endloop
  endfacet
  facet normal -0.336982 0.941511 0
    outer loop
      vertex 13.6123 -10.4782 2.6
      vertex 13.4645 -10.5311 11.6
      vertex 13.6123 -10.4782 11.6
    endloop
  endfacet
  facet normal -0.336982 0.941511 0
    outer loop
      vertex 13.4645 -10.5311 11.6
      vertex 13.6123 -10.4782 2.6
      vertex 13.4645 -10.5311 2.6
    endloop
  endfacet
  facet normal 0.998797 0.0490387 0
    outer loop
      vertex 11.4077 -9.15683 11.6
      vertex 11.4 -9 2.6
      vertex 11.4 -9 11.6
    endloop
  endfacet
  facet normal 0.998797 0.0490387 0
    outer loop
      vertex 11.4 -9 2.6
      vertex 11.4077 -9.15683 11.6
      vertex 11.4077 -9.15683 2.6
    endloop
  endfacet
  facet normal -0.514027 -0.857774 0
    outer loop
      vertex 13.7542 -7.58893 2.6
      vertex 13.8889 -7.66965 11.6
      vertex 13.7542 -7.58893 11.6
    endloop
  endfacet
  facet normal -0.514027 -0.857774 -0
    outer loop
      vertex 13.8889 -7.66965 11.6
      vertex 13.7542 -7.58893 2.6
      vertex 13.8889 -7.66965 2.6
    endloop
  endfacet
  facet normal -0.998797 0.0490387 0
    outer loop
      vertex 14.5923 -9.15683 2.6
      vertex 14.6 -9 11.6
      vertex 14.6 -9 2.6
    endloop
  endfacet
  facet normal -0.998797 0.0490387 0
    outer loop
      vertex 14.6 -9 11.6
      vertex 14.5923 -9.15683 2.6
      vertex 14.5923 -9.15683 11.6
    endloop
  endfacet
  facet normal -0.90407 0.427385 0
    outer loop
      vertex 14.4111 -9.75423 2.6
      vertex 14.4782 -9.61229 11.6
      vertex 14.4782 -9.61229 2.6
    endloop
  endfacet
  facet normal -0.90407 0.427385 0
    outer loop
      vertex 14.4782 -9.61229 11.6
      vertex 14.4111 -9.75423 2.6
      vertex 14.4111 -9.75423 11.6
    endloop
  endfacet
  facet normal 0.049048 -0.998796 0
    outer loop
      vertex 12.8432 -7.4077 2.6
      vertex 13 -7.4 11.6
      vertex 12.8432 -7.4077 11.6
    endloop
  endfacet
  facet normal 0.049048 -0.998796 0
    outer loop
      vertex 13 -7.4 11.6
      vertex 12.8432 -7.4077 2.6
      vertex 13 -7.4 2.6
    endloop
  endfacet
  facet normal 0.741092 -0.671404 0
    outer loop
      vertex 11.7632 -7.98497 11.6
      vertex 11.8686 -7.86863 2.6
      vertex 11.8686 -7.86863 11.6
    endloop
  endfacet
  facet normal 0.741092 -0.671404 0
    outer loop
      vertex 11.8686 -7.86863 2.6
      vertex 11.7632 -7.98497 11.6
      vertex 11.7632 -7.98497 2.6
    endloop
  endfacet
  facet normal -0.803015 -0.595958 0
    outer loop
      vertex 14.3304 -8.11109 2.6
      vertex 14.2368 -7.98497 11.6
      vertex 14.2368 -7.98497 2.6
    endloop
  endfacet
  facet normal -0.803015 -0.595958 0
    outer loop
      vertex 14.2368 -7.98497 11.6
      vertex 14.3304 -8.11109 2.6
      vertex 14.3304 -8.11109 11.6
    endloop
  endfacet
  facet normal -0.595732 -0.803184 0
    outer loop
      vertex 13.8889 -7.66965 2.6
      vertex 14.015 -7.76318 11.6
      vertex 13.8889 -7.66965 11.6
    endloop
  endfacet
  facet normal -0.595732 -0.803184 -0
    outer loop
      vertex 14.015 -7.76318 11.6
      vertex 13.8889 -7.66965 2.6
      vertex 14.015 -7.76318 2.6
    endloop
  endfacet
  facet normal -0.049048 0.998796 0
    outer loop
      vertex 13.1568 -10.5923 2.6
      vertex 13 -10.6 11.6
      vertex 13.1568 -10.5923 11.6
    endloop
  endfacet
  facet normal -0.049048 0.998796 0
    outer loop
      vertex 13 -10.6 11.6
      vertex 13.1568 -10.5923 2.6
      vertex 13 -10.6 2.6
    endloop
  endfacet
  facet normal -0.941533 -0.336921 0
    outer loop
      vertex 14.5311 -8.53554 2.6
      vertex 14.4782 -8.38771 11.6
      vertex 14.4782 -8.38771 2.6
    endloop
  endfacet
  facet normal -0.941533 -0.336921 0
    outer loop
      vertex 14.4782 -8.38771 11.6
      vertex 14.5311 -8.53554 2.6
      vertex 14.5311 -8.53554 11.6
    endloop
  endfacet
  facet normal -0.857796 0.51399 0
    outer loop
      vertex 14.3304 -9.88891 2.6
      vertex 14.4111 -9.75423 11.6
      vertex 14.4111 -9.75423 2.6
    endloop
  endfacet
  facet normal -0.857796 0.51399 0
    outer loop
      vertex 14.4111 -9.75423 11.6
      vertex 14.3304 -9.88891 2.6
      vertex 14.3304 -9.88891 11.6
    endloop
  endfacet
  facet normal 0.336982 0.941511 -0
    outer loop
      vertex 12.5355 -10.5311 2.6
      vertex 12.3877 -10.4782 11.6
      vertex 12.5355 -10.5311 11.6
    endloop
  endfacet
  facet normal 0.336982 0.941511 0
    outer loop
      vertex 12.3877 -10.4782 11.6
      vertex 12.5355 -10.5311 2.6
      vertex 12.3877 -10.4782 2.6
    endloop
  endfacet
  facet normal 0.998797 -0.0490387 0
    outer loop
      vertex 11.4 -9 11.6
      vertex 11.4077 -8.84317 2.6
      vertex 11.4077 -8.84317 11.6
    endloop
  endfacet
  facet normal 0.998797 -0.0490387 0
    outer loop
      vertex 11.4077 -8.84317 2.6
      vertex 11.4 -9 11.6
      vertex 11.4 -9 2.6
    endloop
  endfacet
  facet normal -0.94154 0.336901 0
    outer loop
      vertex 14.4782 -9.61229 2.6
      vertex 14.5311 -9.46445 11.6
      vertex 14.5311 -9.46445 2.6
    endloop
  endfacet
  facet normal -0.94154 0.336901 0
    outer loop
      vertex 14.5311 -9.46445 11.6
      vertex 14.4782 -9.61229 2.6
      vertex 14.4782 -9.61229 11.6
    endloop
  endfacet
  facet normal 0.242835 -0.970068 0
    outer loop
      vertex 12.5355 -7.46889 2.6
      vertex 12.6879 -7.43074 11.6
      vertex 12.5355 -7.46889 11.6
    endloop
  endfacet
  facet normal 0.242835 -0.970068 0
    outer loop
      vertex 12.6879 -7.43074 11.6
      vertex 12.5355 -7.46889 2.6
      vertex 12.6879 -7.43074 2.6
    endloop
  endfacet
  facet normal 0.904081 -0.427361 0
    outer loop
      vertex 11.5218 -8.38771 11.6
      vertex 11.5889 -8.24576 2.6
      vertex 11.5889 -8.24576 11.6
    endloop
  endfacet
  facet normal 0.904081 -0.427361 0
    outer loop
      vertex 11.5889 -8.24576 2.6
      vertex 11.5218 -8.38771 11.6
      vertex 11.5218 -8.38771 2.6
    endloop
  endfacet
  facet normal -0.904081 -0.427361 0
    outer loop
      vertex 14.4782 -8.38771 2.6
      vertex 14.4111 -8.24576 11.6
      vertex 14.4111 -8.24576 2.6
    endloop
  endfacet
  facet normal -0.904081 -0.427361 0
    outer loop
      vertex 14.4111 -8.24576 11.6
      vertex 14.4782 -8.38771 2.6
      vertex 14.4782 -8.38771 11.6
    endloop
  endfacet
  facet normal -0.671213 0.741264 0
    outer loop
      vertex 14.1314 -10.1314 2.6
      vertex 14.015 -10.2368 11.6
      vertex 14.1314 -10.1314 11.6
    endloop
  endfacet
  facet normal -0.671213 0.741264 0
    outer loop
      vertex 14.015 -10.2368 11.6
      vertex 14.1314 -10.1314 2.6
      vertex 14.015 -10.2368 2.6
    endloop
  endfacet
  facet normal 0.146752 -0.989173 0
    outer loop
      vertex 12.6879 -7.43074 2.6
      vertex 12.8432 -7.4077 11.6
      vertex 12.6879 -7.43074 11.6
    endloop
  endfacet
  facet normal 0.146752 -0.989173 0
    outer loop
      vertex 12.8432 -7.4077 11.6
      vertex 12.6879 -7.43074 2.6
      vertex 12.8432 -7.4077 2.6
    endloop
  endfacet
  facet normal -0.243135 0.969993 0
    outer loop
      vertex 13.4645 -10.5311 2.6
      vertex 13.3121 -10.5693 11.6
      vertex 13.4645 -10.5311 11.6
    endloop
  endfacet
  facet normal -0.243135 0.969993 0
    outer loop
      vertex 13.3121 -10.5693 11.6
      vertex 13.4645 -10.5311 2.6
      vertex 13.3121 -10.5693 2.6
    endloop
  endfacet
  facet normal 0.857796 0.51399 0
    outer loop
      vertex 11.6696 -9.88891 11.6
      vertex 11.5889 -9.75423 2.6
      vertex 11.5889 -9.75423 11.6
    endloop
  endfacet
  facet normal 0.857796 0.51399 0
    outer loop
      vertex 11.5889 -9.75423 2.6
      vertex 11.6696 -9.88891 11.6
      vertex 11.6696 -9.88891 2.6
    endloop
  endfacet
  facet normal 0.741264 0.671213 0
    outer loop
      vertex 11.8686 -10.1314 11.6
      vertex 11.7632 -10.015 2.6
      vertex 11.7632 -10.015 11.6
    endloop
  endfacet
  facet normal 0.741264 0.671213 0
    outer loop
      vertex 11.7632 -10.015 2.6
      vertex 11.8686 -10.1314 11.6
      vertex 11.8686 -10.1314 2.6
    endloop
  endfacet
  facet normal 0.336982 -0.941511 0
    outer loop
      vertex 12.3877 -7.52179 2.6
      vertex 12.5355 -7.46889 11.6
      vertex 12.3877 -7.52179 11.6
    endloop
  endfacet
  facet normal 0.336982 -0.941511 0
    outer loop
      vertex 12.5355 -7.46889 11.6
      vertex 12.3877 -7.52179 2.6
      vertex 12.5355 -7.46889 2.6
    endloop
  endfacet
  facet normal 0.513934 0.85783 -0
    outer loop
      vertex 12.2458 -10.4111 2.6
      vertex 12.1111 -10.3304 11.6
      vertex 12.2458 -10.4111 11.6
    endloop
  endfacet
  facet normal 0.513934 0.85783 0
    outer loop
      vertex 12.1111 -10.3304 11.6
      vertex 12.2458 -10.4111 2.6
      vertex 12.1111 -10.3304 2.6
    endloop
  endfacet
  facet normal -0.336982 -0.941511 0
    outer loop
      vertex 13.4645 -7.46889 2.6
      vertex 13.6123 -7.52179 11.6
      vertex 13.4645 -7.46889 11.6
    endloop
  endfacet
  facet normal -0.336982 -0.941511 -0
    outer loop
      vertex 13.6123 -7.52179 11.6
      vertex 13.4645 -7.46889 2.6
      vertex 13.6123 -7.52179 2.6
    endloop
  endfacet
  facet normal 0.941533 -0.336921 0
    outer loop
      vertex 11.4689 -8.53554 11.6
      vertex 11.5218 -8.38771 2.6
      vertex 11.5218 -8.38771 11.6
    endloop
  endfacet
  facet normal 0.941533 -0.336921 0
    outer loop
      vertex 11.5218 -8.38771 2.6
      vertex 11.4689 -8.53554 11.6
      vertex 11.4689 -8.53554 2.6
    endloop
  endfacet
  facet normal 0.802948 0.59605 0
    outer loop
      vertex 11.7632 -10.015 11.6
      vertex 11.6696 -9.88891 2.6
      vertex 11.6696 -9.88891 11.6
    endloop
  endfacet
  facet normal 0.802948 0.59605 0
    outer loop
      vertex 11.6696 -9.88891 2.6
      vertex 11.7632 -10.015 11.6
      vertex 11.7632 -10.015 2.6
    endloop
  endfacet
  facet normal 0.989212 0.146493 0
    outer loop
      vertex 11.4307 -9.31214 11.6
      vertex 11.4077 -9.15683 2.6
      vertex 11.4077 -9.15683 11.6
    endloop
  endfacet
  facet normal 0.989212 0.146493 0
    outer loop
      vertex 11.4077 -9.15683 2.6
      vertex 11.4307 -9.31214 11.6
      vertex 11.4307 -9.31214 2.6
    endloop
  endfacet
  facet normal -0.049048 -0.998796 0
    outer loop
      vertex 13 -7.4 2.6
      vertex 13.1568 -7.4077 11.6
      vertex 13 -7.4 11.6
    endloop
  endfacet
  facet normal -0.049048 -0.998796 -0
    outer loop
      vertex 13.1568 -7.4077 11.6
      vertex 13 -7.4 2.6
      vertex 13.1568 -7.4077 2.6
    endloop
  endfacet
  facet normal 0.671213 0.741264 -0
    outer loop
      vertex 11.985 -10.2368 2.6
      vertex 11.8686 -10.1314 11.6
      vertex 11.985 -10.2368 11.6
    endloop
  endfacet
  facet normal 0.671213 0.741264 0
    outer loop
      vertex 11.8686 -10.1314 11.6
      vertex 11.985 -10.2368 2.6
      vertex 11.8686 -10.1314 2.6
    endloop
  endfacet
  facet normal 0.803015 -0.595958 0
    outer loop
      vertex 11.6696 -8.11109 11.6
      vertex 11.7632 -7.98497 2.6
      vertex 11.7632 -7.98497 11.6
    endloop
  endfacet
  facet normal 0.803015 -0.595958 0
    outer loop
      vertex 11.7632 -7.98497 2.6
      vertex 11.6696 -8.11109 11.6
      vertex 11.6696 -8.11109 2.6
    endloop
  endfacet
  facet normal 0.049048 0.998796 -0
    outer loop
      vertex 13 -10.6 2.6
      vertex 12.8432 -10.5923 11.6
      vertex 13 -10.6 11.6
    endloop
  endfacet
  facet normal 0.049048 0.998796 0
    outer loop
      vertex 12.8432 -10.5923 11.6
      vertex 13 -10.6 2.6
      vertex 12.8432 -10.5923 2.6
    endloop
  endfacet
  facet normal 0.989213 -0.146484 0
    outer loop
      vertex 11.4077 -8.84317 11.6
      vertex 11.4307 -8.68785 2.6
      vertex 11.4307 -8.68785 11.6
    endloop
  endfacet
  facet normal 0.989213 -0.146484 0
    outer loop
      vertex 11.4307 -8.68785 2.6
      vertex 11.4077 -8.84317 11.6
      vertex 11.4077 -8.84317 2.6
    endloop
  endfacet
  facet normal -0.741264 0.671213 0
    outer loop
      vertex 14.1314 -10.1314 2.6
      vertex 14.2368 -10.015 11.6
      vertex 14.2368 -10.015 2.6
    endloop
  endfacet
  facet normal -0.741264 0.671213 0
    outer loop
      vertex 14.2368 -10.015 11.6
      vertex 14.1314 -10.1314 2.6
      vertex 14.1314 -10.1314 11.6
    endloop
  endfacet
  facet normal 0.857779 -0.514018 0
    outer loop
      vertex 11.5889 -8.24576 11.6
      vertex 11.6696 -8.11109 2.6
      vertex 11.6696 -8.11109 11.6
    endloop
  endfacet
  facet normal 0.857779 -0.514018 0
    outer loop
      vertex 11.6696 -8.11109 2.6
      vertex 11.5889 -8.24576 11.6
      vertex 11.5889 -8.24576 2.6
    endloop
  endfacet
  facet normal 0.989176 -0.146737 0
    outer loop
      vertex -32.488 0.245043 1.6
      vertex -32.452 0.487725 0
      vertex -32.452 0.487725 1.6
    endloop
  endfacet
  facet normal 0.989176 -0.146737 0
    outer loop
      vertex -32.452 0.487725 0
      vertex -32.488 0.245043 1.6
      vertex -32.488 0.245043 0
    endloop
  endfacet
  facet normal -0.989176 -0.146737 0
    outer loop
      vertex -27.512 0.245043 0
      vertex -27.548 0.487725 1.6
      vertex -27.548 0.487725 0
    endloop
  endfacet
  facet normal -0.989176 -0.146737 0
    outer loop
      vertex -27.548 0.487725 1.6
      vertex -27.512 0.245043 0
      vertex -27.512 0.245043 1.6
    endloop
  endfacet
  facet normal -0.998803 -0.0489124 0
    outer loop
      vertex -27.5 0 0
      vertex -27.512 0.245043 1.6
      vertex -27.512 0.245043 0
    endloop
  endfacet
  facet normal -0.998803 -0.0489124 0
    outer loop
      vertex -27.512 0.245043 1.6
      vertex -27.5 0 0
      vertex -27.5 0 1.6
    endloop
  endfacet
  facet normal -0.970043 -0.242933 0
    outer loop
      vertex -27.548 0.487725 0
      vertex -27.6076 0.725711 1.6
      vertex -27.6076 0.725711 0
    endloop
  endfacet
  facet normal -0.970043 -0.242933 0
    outer loop
      vertex -27.6076 0.725711 1.6
      vertex -27.548 0.487725 0
      vertex -27.548 0.487725 1.6
    endloop
  endfacet
  facet normal -0.741083 -0.671414 0
    outer loop
      vertex -28.0675 1.58598 0
      vertex -28.2322 1.76777 1.6
      vertex -28.2322 1.76777 0
    endloop
  endfacet
  facet normal -0.741083 -0.671414 0
    outer loop
      vertex -28.2322 1.76777 1.6
      vertex -28.0675 1.58598 0
      vertex -28.0675 1.58598 1.6
    endloop
  endfacet
  facet normal 0.857788 -0.514004 0
    outer loop
      vertex -32.2048 1.17849 1.6
      vertex -32.0787 1.38893 0
      vertex -32.0787 1.38893 1.6
    endloop
  endfacet
  facet normal 0.857788 -0.514004 0
    outer loop
      vertex -32.0787 1.38893 0
      vertex -32.2048 1.17849 1.6
      vertex -32.2048 1.17849 0
    endloop
  endfacet
  facet normal -0.146726 -0.989177 0
    outer loop
      vertex -29.755 2.48796 0
      vertex -29.5123 2.45196 1.6
      vertex -29.755 2.48796 1.6
    endloop
  endfacet
  facet normal -0.146726 -0.989177 -0
    outer loop
      vertex -29.5123 2.45196 1.6
      vertex -29.755 2.48796 0
      vertex -29.5123 2.45196 0
    endloop
  endfacet
  facet normal 0.998803 0.0489124 0
    outer loop
      vertex -32.488 -0.245043 1.6
      vertex -32.5 0 0
      vertex -32.5 0 1.6
    endloop
  endfacet
  facet normal 0.998803 0.0489124 0
    outer loop
      vertex -32.5 0 0
      vertex -32.488 -0.245043 1.6
      vertex -32.488 -0.245043 0
    endloop
  endfacet
  facet normal 0.514166 0.857691 -0
    outer loop
      vertex -31.1785 -2.2048 0
      vertex -31.3889 -2.07867 1.6
      vertex -31.1785 -2.2048 1.6
    endloop
  endfacet
  facet normal 0.514166 0.857691 0
    outer loop
      vertex -31.3889 -2.07867 1.6
      vertex -31.1785 -2.2048 0
      vertex -31.3889 -2.07867 0
    endloop
  endfacet
  facet normal 0.146726 0.989177 -0
    outer loop
      vertex -30.245 -2.48796 0
      vertex -30.4877 -2.45196 1.6
      vertex -30.245 -2.48796 1.6
    endloop
  endfacet
  facet normal 0.146726 0.989177 0
    outer loop
      vertex -30.4877 -2.45196 1.6
      vertex -30.245 -2.48796 0
      vertex -30.4877 -2.45196 0
    endloop
  endfacet
  facet normal 0.595596 -0.803284 0
    outer loop
      vertex -31.586 1.93253 0
      vertex -31.3889 2.07867 1.6
      vertex -31.586 1.93253 1.6
    endloop
  endfacet
  facet normal 0.595596 -0.803284 0
    outer loop
      vertex -31.3889 2.07867 1.6
      vertex -31.586 1.93253 0
      vertex -31.3889 2.07867 0
    endloop
  endfacet
  facet normal -0.970043 0.242933 0
    outer loop
      vertex -27.6076 -0.725711 0
      vertex -27.548 -0.487725 1.6
      vertex -27.548 -0.487725 0
    endloop
  endfacet
  facet normal -0.970043 0.242933 0
    outer loop
      vertex -27.548 -0.487725 1.6
      vertex -27.6076 -0.725711 0
      vertex -27.6076 -0.725711 1.6
    endloop
  endfacet
  facet normal 0.969947 -0.243316 0
    outer loop
      vertex -32.452 0.487725 1.6
      vertex -32.3923 0.725711 0
      vertex -32.3923 0.725711 1.6
    endloop
  endfacet
  facet normal 0.969947 -0.243316 0
    outer loop
      vertex -32.3923 0.725711 0
      vertex -32.452 0.487725 1.6
      vertex -32.452 0.487725 0
    endloop
  endfacet
  facet normal -0.336879 -0.941548 0
    outer loop
      vertex -29.2743 2.39235 0
      vertex -29.0433 2.3097 1.6
      vertex -29.2743 2.39235 1.6
    endloop
  endfacet
  facet normal -0.336879 -0.941548 -0
    outer loop
      vertex -29.0433 2.3097 1.6
      vertex -29.2743 2.39235 0
      vertex -29.0433 2.3097 0
    endloop
  endfacet
  facet normal -0.989176 0.146737 0
    outer loop
      vertex -27.548 -0.487725 0
      vertex -27.512 -0.245043 1.6
      vertex -27.512 -0.245043 0
    endloop
  endfacet
  facet normal -0.989176 0.146737 0
    outer loop
      vertex -27.512 -0.245043 1.6
      vertex -27.548 -0.487725 0
      vertex -27.548 -0.487725 1.6
    endloop
  endfacet
  facet normal -0.242958 -0.970037 0
    outer loop
      vertex -29.5123 2.45196 0
      vertex -29.2743 2.39235 1.6
      vertex -29.5123 2.45196 1.6
    endloop
  endfacet
  facet normal -0.242958 -0.970037 -0
    outer loop
      vertex -29.2743 2.39235 1.6
      vertex -29.5123 2.45196 0
      vertex -29.2743 2.39235 0
    endloop
  endfacet
  facet normal -0.514166 0.857691 0
    outer loop
      vertex -28.6111 -2.07867 0
      vertex -28.8215 -2.2048 1.6
      vertex -28.6111 -2.07867 1.6
    endloop
  endfacet
  facet normal -0.514166 0.857691 0
    outer loop
      vertex -28.8215 -2.2048 1.6
      vertex -28.6111 -2.07867 0
      vertex -28.8215 -2.2048 0
    endloop
  endfacet
  facet normal -0.903982 -0.427572 0
    outer loop
      vertex -27.6903 0.956708 0
      vertex -27.7952 1.17849 1.6
      vertex -27.7952 1.17849 0
    endloop
  endfacet
  facet normal -0.903982 -0.427572 0
    outer loop
      vertex -27.7952 1.17849 1.6
      vertex -27.6903 0.956708 0
      vertex -27.6903 0.956708 1.6
    endloop
  endfacet
  facet normal 0.941611 -0.336702 0
    outer loop
      vertex -32.3923 0.725711 1.6
      vertex -32.3097 0.956708 0
      vertex -32.3097 0.956708 1.6
    endloop
  endfacet
  facet normal 0.941611 -0.336702 0
    outer loop
      vertex -32.3097 0.956708 0
      vertex -32.3923 0.725711 1.6
      vertex -32.3923 0.725711 0
    endloop
  endfacet
  facet normal 0.242958 -0.970037 0
    outer loop
      vertex -30.7257 2.39235 0
      vertex -30.4877 2.45196 1.6
      vertex -30.7257 2.39235 1.6
    endloop
  endfacet
  facet normal 0.242958 -0.970037 0
    outer loop
      vertex -30.4877 2.45196 1.6
      vertex -30.7257 2.39235 0
      vertex -30.4877 2.45196 0
    endloop
  endfacet
  facet normal -0.803095 0.595851 0
    outer loop
      vertex -28.0675 -1.58598 0
      vertex -27.9213 -1.38893 1.6
      vertex -27.9213 -1.38893 0
    endloop
  endfacet
  facet normal -0.803095 0.595851 0
    outer loop
      vertex -27.9213 -1.38893 1.6
      vertex -28.0675 -1.58598 0
      vertex -28.0675 -1.58598 1.6
    endloop
  endfacet
  facet normal -0.998803 0.0489124 0
    outer loop
      vertex -27.512 -0.245043 0
      vertex -27.5 0 1.6
      vertex -27.5 0 0
    endloop
  endfacet
  facet normal -0.998803 0.0489124 0
    outer loop
      vertex -27.5 0 1.6
      vertex -27.512 -0.245043 0
      vertex -27.512 -0.245043 1.6
    endloop
  endfacet
  facet normal 0.671528 -0.740979 0
    outer loop
      vertex -31.7678 1.76777 0
      vertex -31.586 1.93253 1.6
      vertex -31.7678 1.76777 1.6
    endloop
  endfacet
  facet normal 0.671528 -0.740979 0
    outer loop
      vertex -31.586 1.93253 1.6
      vertex -31.7678 1.76777 0
      vertex -31.586 1.93253 0
    endloop
  endfacet
  facet normal 0.969947 0.243316 0
    outer loop
      vertex -32.3923 -0.725711 1.6
      vertex -32.452 -0.487725 0
      vertex -32.452 -0.487725 1.6
    endloop
  endfacet
  facet normal 0.969947 0.243316 0
    outer loop
      vertex -32.452 -0.487725 0
      vertex -32.3923 -0.725711 1.6
      vertex -32.3923 -0.725711 0
    endloop
  endfacet
  facet normal -0.903982 0.427572 0
    outer loop
      vertex -27.7952 -1.17849 0
      vertex -27.6903 -0.956708 1.6
      vertex -27.6903 -0.956708 0
    endloop
  endfacet
  facet normal -0.903982 0.427572 0
    outer loop
      vertex -27.6903 -0.956708 1.6
      vertex -27.7952 -1.17849 0
      vertex -27.7952 -1.17849 1.6
    endloop
  endfacet
  facet normal -0.0490836 0.998795 0
    outer loop
      vertex -29.755 -2.48796 0
      vertex -30 -2.5 1.6
      vertex -29.755 -2.48796 1.6
    endloop
  endfacet
  facet normal -0.0490836 0.998795 0
    outer loop
      vertex -30 -2.5 1.6
      vertex -29.755 -2.48796 0
      vertex -30 -2.5 0
    endloop
  endfacet
  facet normal -0.857788 -0.514004 0
    outer loop
      vertex -27.7952 1.17849 0
      vertex -27.9213 1.38893 1.6
      vertex -27.9213 1.38893 0
    endloop
  endfacet
  facet normal -0.857788 -0.514004 0
    outer loop
      vertex -27.9213 1.38893 1.6
      vertex -27.7952 1.17849 0
      vertex -27.7952 1.17849 1.6
    endloop
  endfacet
  facet normal -0.595596 -0.803284 0
    outer loop
      vertex -28.6111 2.07867 0
      vertex -28.414 1.93253 1.6
      vertex -28.6111 2.07867 1.6
    endloop
  endfacet
  facet normal -0.595596 -0.803284 -0
    outer loop
      vertex -28.414 1.93253 1.6
      vertex -28.6111 2.07867 0
      vertex -28.414 1.93253 0
    endloop
  endfacet
  facet normal 0.941611 0.336702 0
    outer loop
      vertex -32.3097 -0.956708 1.6
      vertex -32.3923 -0.725711 0
      vertex -32.3923 -0.725711 1.6
    endloop
  endfacet
  facet normal 0.941611 0.336702 0
    outer loop
      vertex -32.3923 -0.725711 0
      vertex -32.3097 -0.956708 1.6
      vertex -32.3097 -0.956708 0
    endloop
  endfacet
  facet normal 0.336879 0.941548 -0
    outer loop
      vertex -30.7257 -2.39235 0
      vertex -30.9567 -2.3097 1.6
      vertex -30.7257 -2.39235 1.6
    endloop
  endfacet
  facet normal 0.336879 0.941548 0
    outer loop
      vertex -30.9567 -2.3097 1.6
      vertex -30.7257 -2.39235 0
      vertex -30.9567 -2.3097 0
    endloop
  endfacet
  facet normal 0.514166 -0.857691 0
    outer loop
      vertex -31.3889 2.07867 0
      vertex -31.1785 2.2048 1.6
      vertex -31.3889 2.07867 1.6
    endloop
  endfacet
  facet normal 0.514166 -0.857691 0
    outer loop
      vertex -31.1785 2.2048 1.6
      vertex -31.3889 2.07867 0
      vertex -31.1785 2.2048 0
    endloop
  endfacet
  facet normal 0.671528 0.740979 -0
    outer loop
      vertex -31.586 -1.93253 0
      vertex -31.7678 -1.76777 1.6
      vertex -31.586 -1.93253 1.6
    endloop
  endfacet
  facet normal 0.671528 0.740979 0
    outer loop
      vertex -31.7678 -1.76777 1.6
      vertex -31.586 -1.93253 0
      vertex -31.7678 -1.76777 0
    endloop
  endfacet
  facet normal -0.803095 -0.595851 0
    outer loop
      vertex -27.9213 1.38893 0
      vertex -28.0675 1.58598 1.6
      vertex -28.0675 1.58598 0
    endloop
  endfacet
  facet normal -0.803095 -0.595851 0
    outer loop
      vertex -28.0675 1.58598 1.6
      vertex -27.9213 1.38893 0
      vertex -27.9213 1.38893 1.6
    endloop
  endfacet
  facet normal -0.427543 0.903995 0
    outer loop
      vertex -28.8215 -2.2048 0
      vertex -29.0433 -2.3097 1.6
      vertex -28.8215 -2.2048 1.6
    endloop
  endfacet
  facet normal -0.427543 0.903995 0
    outer loop
      vertex -29.0433 -2.3097 1.6
      vertex -28.8215 -2.2048 0
      vertex -29.0433 -2.3097 0
    endloop
  endfacet
  facet normal -0.0490836 -0.998795 0
    outer loop
      vertex -30 2.5 0
      vertex -29.755 2.48796 1.6
      vertex -30 2.5 1.6
    endloop
  endfacet
  facet normal -0.0490836 -0.998795 -0
    outer loop
      vertex -29.755 2.48796 1.6
      vertex -30 2.5 0
      vertex -29.755 2.48796 0
    endloop
  endfacet
  facet normal 0.741083 -0.671414 0
    outer loop
      vertex -31.9325 1.58598 1.6
      vertex -31.7678 1.76777 0
      vertex -31.7678 1.76777 1.6
    endloop
  endfacet
  facet normal 0.741083 -0.671414 0
    outer loop
      vertex -31.7678 1.76777 0
      vertex -31.9325 1.58598 1.6
      vertex -31.9325 1.58598 0
    endloop
  endfacet
  facet normal -0.671528 -0.740979 0
    outer loop
      vertex -28.414 1.93253 0
      vertex -28.2322 1.76777 1.6
      vertex -28.414 1.93253 1.6
    endloop
  endfacet
  facet normal -0.671528 -0.740979 -0
    outer loop
      vertex -28.2322 1.76777 1.6
      vertex -28.414 1.93253 0
      vertex -28.2322 1.76777 0
    endloop
  endfacet
  facet normal 0.0490836 -0.998795 0
    outer loop
      vertex -30.245 2.48796 0
      vertex -30 2.5 1.6
      vertex -30.245 2.48796 1.6
    endloop
  endfacet
  facet normal 0.0490836 -0.998795 0
    outer loop
      vertex -30 2.5 1.6
      vertex -30.245 2.48796 0
      vertex -30 2.5 0
    endloop
  endfacet
  facet normal -0.514166 -0.857691 0
    outer loop
      vertex -28.8215 2.2048 0
      vertex -28.6111 2.07867 1.6
      vertex -28.8215 2.2048 1.6
    endloop
  endfacet
  facet normal -0.514166 -0.857691 -0
    outer loop
      vertex -28.6111 2.07867 1.6
      vertex -28.8215 2.2048 0
      vertex -28.6111 2.07867 0
    endloop
  endfacet
  facet normal -0.146726 0.989177 0
    outer loop
      vertex -29.5123 -2.45196 0
      vertex -29.755 -2.48796 1.6
      vertex -29.5123 -2.45196 1.6
    endloop
  endfacet
  facet normal -0.146726 0.989177 0
    outer loop
      vertex -29.755 -2.48796 1.6
      vertex -29.5123 -2.45196 0
      vertex -29.755 -2.48796 0
    endloop
  endfacet
  facet normal 0.242958 0.970037 -0
    outer loop
      vertex -30.4877 -2.45196 0
      vertex -30.7257 -2.39235 1.6
      vertex -30.4877 -2.45196 1.6
    endloop
  endfacet
  facet normal 0.242958 0.970037 0
    outer loop
      vertex -30.7257 -2.39235 1.6
      vertex -30.4877 -2.45196 0
      vertex -30.7257 -2.39235 0
    endloop
  endfacet
  facet normal -0.857788 0.514004 0
    outer loop
      vertex -27.9213 -1.38893 0
      vertex -27.7952 -1.17849 1.6
      vertex -27.7952 -1.17849 0
    endloop
  endfacet
  facet normal -0.857788 0.514004 0
    outer loop
      vertex -27.7952 -1.17849 1.6
      vertex -27.9213 -1.38893 0
      vertex -27.9213 -1.38893 1.6
    endloop
  endfacet
  facet normal -0.941482 0.337063 0
    outer loop
      vertex -27.6903 -0.956708 0
      vertex -27.6076 -0.725711 1.6
      vertex -27.6076 -0.725711 0
    endloop
  endfacet
  facet normal -0.941482 0.337063 0
    outer loop
      vertex -27.6076 -0.725711 1.6
      vertex -27.6903 -0.956708 0
      vertex -27.6903 -0.956708 1.6
    endloop
  endfacet
  facet normal 0.336879 -0.941548 0
    outer loop
      vertex -30.9567 2.3097 0
      vertex -30.7257 2.39235 1.6
      vertex -30.9567 2.3097 1.6
    endloop
  endfacet
  facet normal 0.336879 -0.941548 0
    outer loop
      vertex -30.7257 2.39235 1.6
      vertex -30.9567 2.3097 0
      vertex -30.7257 2.39235 0
    endloop
  endfacet
  facet normal -0.427543 -0.903995 0
    outer loop
      vertex -29.0433 2.3097 0
      vertex -28.8215 2.2048 1.6
      vertex -29.0433 2.3097 1.6
    endloop
  endfacet
  facet normal -0.427543 -0.903995 -0
    outer loop
      vertex -28.8215 2.2048 1.6
      vertex -29.0433 2.3097 0
      vertex -28.8215 2.2048 0
    endloop
  endfacet
  facet normal 0.803095 -0.595851 0
    outer loop
      vertex -32.0787 1.38893 1.6
      vertex -31.9325 1.58598 0
      vertex -31.9325 1.58598 1.6
    endloop
  endfacet
  facet normal 0.803095 -0.595851 0
    outer loop
      vertex -31.9325 1.58598 0
      vertex -32.0787 1.38893 1.6
      vertex -32.0787 1.38893 0
    endloop
  endfacet
  facet normal -0.741083 0.671414 0
    outer loop
      vertex -28.2322 -1.76777 0
      vertex -28.0675 -1.58598 1.6
      vertex -28.0675 -1.58598 0
    endloop
  endfacet
  facet normal -0.741083 0.671414 0
    outer loop
      vertex -28.0675 -1.58598 1.6
      vertex -28.2322 -1.76777 0
      vertex -28.2322 -1.76777 1.6
    endloop
  endfacet
  facet normal -0.941482 -0.337063 0
    outer loop
      vertex -27.6076 0.725711 0
      vertex -27.6903 0.956708 1.6
      vertex -27.6903 0.956708 0
    endloop
  endfacet
  facet normal -0.941482 -0.337063 0
    outer loop
      vertex -27.6903 0.956708 1.6
      vertex -27.6076 0.725711 0
      vertex -27.6076 0.725711 1.6
    endloop
  endfacet
  facet normal 0.857788 0.514004 0
    outer loop
      vertex -32.0787 -1.38893 1.6
      vertex -32.2048 -1.17849 0
      vertex -32.2048 -1.17849 1.6
    endloop
  endfacet
  facet normal 0.857788 0.514004 0
    outer loop
      vertex -32.2048 -1.17849 0
      vertex -32.0787 -1.38893 1.6
      vertex -32.0787 -1.38893 0
    endloop
  endfacet
  facet normal 0.427543 -0.903995 0
    outer loop
      vertex -31.1785 2.2048 0
      vertex -30.9567 2.3097 1.6
      vertex -31.1785 2.2048 1.6
    endloop
  endfacet
  facet normal 0.427543 -0.903995 0
    outer loop
      vertex -30.9567 2.3097 1.6
      vertex -31.1785 2.2048 0
      vertex -30.9567 2.3097 0
    endloop
  endfacet
  facet normal 0.803095 0.595851 0
    outer loop
      vertex -31.9325 -1.58598 1.6
      vertex -32.0787 -1.38893 0
      vertex -32.0787 -1.38893 1.6
    endloop
  endfacet
  facet normal 0.803095 0.595851 0
    outer loop
      vertex -32.0787 -1.38893 0
      vertex -31.9325 -1.58598 1.6
      vertex -31.9325 -1.58598 0
    endloop
  endfacet
  facet normal 0.903982 -0.427572 0
    outer loop
      vertex -32.3097 0.956708 1.6
      vertex -32.2048 1.17849 0
      vertex -32.2048 1.17849 1.6
    endloop
  endfacet
  facet normal 0.903982 -0.427572 0
    outer loop
      vertex -32.2048 1.17849 0
      vertex -32.3097 0.956708 1.6
      vertex -32.3097 0.956708 0
    endloop
  endfacet
  facet normal 0.427543 0.903995 -0
    outer loop
      vertex -30.9567 -2.3097 0
      vertex -31.1785 -2.2048 1.6
      vertex -30.9567 -2.3097 1.6
    endloop
  endfacet
  facet normal 0.427543 0.903995 0
    outer loop
      vertex -31.1785 -2.2048 1.6
      vertex -30.9567 -2.3097 0
      vertex -31.1785 -2.2048 0
    endloop
  endfacet
  facet normal -0.595596 0.803284 0
    outer loop
      vertex -28.414 -1.93253 0
      vertex -28.6111 -2.07867 1.6
      vertex -28.414 -1.93253 1.6
    endloop
  endfacet
  facet normal -0.595596 0.803284 0
    outer loop
      vertex -28.6111 -2.07867 1.6
      vertex -28.414 -1.93253 0
      vertex -28.6111 -2.07867 0
    endloop
  endfacet
  facet normal 0.146726 -0.989177 0
    outer loop
      vertex -30.4877 2.45196 0
      vertex -30.245 2.48796 1.6
      vertex -30.4877 2.45196 1.6
    endloop
  endfacet
  facet normal 0.146726 -0.989177 0
    outer loop
      vertex -30.245 2.48796 1.6
      vertex -30.4877 2.45196 0
      vertex -30.245 2.48796 0
    endloop
  endfacet
  facet normal 0.989176 0.146737 0
    outer loop
      vertex -32.452 -0.487725 1.6
      vertex -32.488 -0.245043 0
      vertex -32.488 -0.245043 1.6
    endloop
  endfacet
  facet normal 0.989176 0.146737 0
    outer loop
      vertex -32.488 -0.245043 0
      vertex -32.452 -0.487725 1.6
      vertex -32.452 -0.487725 0
    endloop
  endfacet
  facet normal -0.336879 0.941548 0
    outer loop
      vertex -29.0433 -2.3097 0
      vertex -29.2743 -2.39235 1.6
      vertex -29.0433 -2.3097 1.6
    endloop
  endfacet
  facet normal -0.336879 0.941548 0
    outer loop
      vertex -29.2743 -2.39235 1.6
      vertex -29.0433 -2.3097 0
      vertex -29.2743 -2.39235 0
    endloop
  endfacet
  facet normal -0.242958 0.970037 0
    outer loop
      vertex -29.2743 -2.39235 0
      vertex -29.5123 -2.45196 1.6
      vertex -29.2743 -2.39235 1.6
    endloop
  endfacet
  facet normal -0.242958 0.970037 0
    outer loop
      vertex -29.5123 -2.45196 1.6
      vertex -29.2743 -2.39235 0
      vertex -29.5123 -2.45196 0
    endloop
  endfacet
  facet normal 0.903982 0.427572 0
    outer loop
      vertex -32.2048 -1.17849 1.6
      vertex -32.3097 -0.956708 0
      vertex -32.3097 -0.956708 1.6
    endloop
  endfacet
  facet normal 0.903982 0.427572 0
    outer loop
      vertex -32.3097 -0.956708 0
      vertex -32.2048 -1.17849 1.6
      vertex -32.2048 -1.17849 0
    endloop
  endfacet
  facet normal 0.741083 0.671414 0
    outer loop
      vertex -31.7678 -1.76777 1.6
      vertex -31.9325 -1.58598 0
      vertex -31.9325 -1.58598 1.6
    endloop
  endfacet
  facet normal 0.741083 0.671414 0
    outer loop
      vertex -31.9325 -1.58598 0
      vertex -31.7678 -1.76777 1.6
      vertex -31.7678 -1.76777 0
    endloop
  endfacet
  facet normal 0.595596 0.803284 -0
    outer loop
      vertex -31.3889 -2.07867 0
      vertex -31.586 -1.93253 1.6
      vertex -31.3889 -2.07867 1.6
    endloop
  endfacet
  facet normal 0.595596 0.803284 0
    outer loop
      vertex -31.586 -1.93253 1.6
      vertex -31.3889 -2.07867 0
      vertex -31.586 -1.93253 0
    endloop
  endfacet
  facet normal 0.0490836 0.998795 -0
    outer loop
      vertex -30 -2.5 0
      vertex -30.245 -2.48796 1.6
      vertex -30 -2.5 1.6
    endloop
  endfacet
  facet normal 0.0490836 0.998795 0
    outer loop
      vertex -30.245 -2.48796 1.6
      vertex -30 -2.5 0
      vertex -30.245 -2.48796 0
    endloop
  endfacet
  facet normal 0.998803 -0.0489124 0
    outer loop
      vertex -32.5 0 1.6
      vertex -32.488 0.245043 0
      vertex -32.488 0.245043 1.6
    endloop
  endfacet
  facet normal 0.998803 -0.0489124 0
    outer loop
      vertex -32.488 0.245043 0
      vertex -32.5 0 1.6
      vertex -32.5 0 0
    endloop
  endfacet
  facet normal -0.671528 0.740979 0
    outer loop
      vertex -28.2322 -1.76777 0
      vertex -28.414 -1.93253 1.6
      vertex -28.2322 -1.76777 1.6
    endloop
  endfacet
  facet normal -0.671528 0.740979 0
    outer loop
      vertex -28.414 -1.93253 1.6
      vertex -28.2322 -1.76777 0
      vertex -28.414 -1.93253 0
    endloop
  endfacet
  facet normal -0.336879 0.941548 0
    outer loop
      vertex 30.9567 -2.3097 0
      vertex 30.7257 -2.39235 1.6
      vertex 30.9567 -2.3097 1.6
    endloop
  endfacet
  facet normal -0.336879 0.941548 0
    outer loop
      vertex 30.7257 -2.39235 1.6
      vertex 30.9567 -2.3097 0
      vertex 30.7257 -2.39235 0
    endloop
  endfacet
  facet normal -0.989176 -0.146737 0
    outer loop
      vertex 32.488 0.245043 0
      vertex 32.452 0.487725 1.6
      vertex 32.452 0.487725 0
    endloop
  endfacet
  facet normal -0.989176 -0.146737 0
    outer loop
      vertex 32.452 0.487725 1.6
      vertex 32.488 0.245043 0
      vertex 32.488 0.245043 1.6
    endloop
  endfacet
  facet normal -0.998803 -0.0489124 0
    outer loop
      vertex 32.5 0 0
      vertex 32.488 0.245043 1.6
      vertex 32.488 0.245043 0
    endloop
  endfacet
  facet normal -0.998803 -0.0489124 0
    outer loop
      vertex 32.488 0.245043 1.6
      vertex 32.5 0 0
      vertex 32.5 0 1.6
    endloop
  endfacet
  facet normal -0.969947 -0.243316 0
    outer loop
      vertex 32.452 0.487725 0
      vertex 32.3923 0.725711 1.6
      vertex 32.3923 0.725711 0
    endloop
  endfacet
  facet normal -0.969947 -0.243316 0
    outer loop
      vertex 32.3923 0.725711 1.6
      vertex 32.452 0.487725 0
      vertex 32.452 0.487725 1.6
    endloop
  endfacet
  facet normal 0.146726 0.989177 -0
    outer loop
      vertex 29.755 -2.48796 0
      vertex 29.5123 -2.45196 1.6
      vertex 29.755 -2.48796 1.6
    endloop
  endfacet
  facet normal 0.146726 0.989177 0
    outer loop
      vertex 29.5123 -2.45196 1.6
      vertex 29.755 -2.48796 0
      vertex 29.5123 -2.45196 0
    endloop
  endfacet
  facet normal -0.803095 -0.595851 0
    outer loop
      vertex 32.0787 1.38893 0
      vertex 31.9325 1.58598 1.6
      vertex 31.9325 1.58598 0
    endloop
  endfacet
  facet normal -0.803095 -0.595851 0
    outer loop
      vertex 31.9325 1.58598 1.6
      vertex 32.0787 1.38893 0
      vertex 32.0787 1.38893 1.6
    endloop
  endfacet
  facet normal 0.941482 0.337063 0
    outer loop
      vertex 27.6903 -0.956708 1.6
      vertex 27.6076 -0.725711 0
      vertex 27.6076 -0.725711 1.6
    endloop
  endfacet
  facet normal 0.941482 0.337063 0
    outer loop
      vertex 27.6076 -0.725711 0
      vertex 27.6903 -0.956708 1.6
      vertex 27.6903 -0.956708 0
    endloop
  endfacet
  facet normal 0.998803 -0.0489124 0
    outer loop
      vertex 27.5 0 1.6
      vertex 27.512 0.245043 0
      vertex 27.512 0.245043 1.6
    endloop
  endfacet
  facet normal 0.998803 -0.0489124 0
    outer loop
      vertex 27.512 0.245043 0
      vertex 27.5 0 1.6
      vertex 27.5 0 0
    endloop
  endfacet
  facet normal -0.998803 0.0489124 0
    outer loop
      vertex 32.488 -0.245043 0
      vertex 32.5 0 1.6
      vertex 32.5 0 0
    endloop
  endfacet
  facet normal -0.998803 0.0489124 0
    outer loop
      vertex 32.5 0 1.6
      vertex 32.488 -0.245043 0
      vertex 32.488 -0.245043 1.6
    endloop
  endfacet
  facet normal 0.803095 0.595851 0
    outer loop
      vertex 28.0675 -1.58598 1.6
      vertex 27.9213 -1.38893 0
      vertex 27.9213 -1.38893 1.6
    endloop
  endfacet
  facet normal 0.803095 0.595851 0
    outer loop
      vertex 27.9213 -1.38893 0
      vertex 28.0675 -1.58598 1.6
      vertex 28.0675 -1.58598 0
    endloop
  endfacet
  facet normal -0.514166 0.857691 0
    outer loop
      vertex 31.3889 -2.07867 0
      vertex 31.1785 -2.2048 1.6
      vertex 31.3889 -2.07867 1.6
    endloop
  endfacet
  facet normal -0.514166 0.857691 0
    outer loop
      vertex 31.1785 -2.2048 1.6
      vertex 31.3889 -2.07867 0
      vertex 31.1785 -2.2048 0
    endloop
  endfacet
  facet normal -0.427543 0.903995 0
    outer loop
      vertex 31.1785 -2.2048 0
      vertex 30.9567 -2.3097 1.6
      vertex 31.1785 -2.2048 1.6
    endloop
  endfacet
  facet normal -0.427543 0.903995 0
    outer loop
      vertex 30.9567 -2.3097 1.6
      vertex 31.1785 -2.2048 0
      vertex 30.9567 -2.3097 0
    endloop
  endfacet
  facet normal -0.803095 0.595851 0
    outer loop
      vertex 31.9325 -1.58598 0
      vertex 32.0787 -1.38893 1.6
      vertex 32.0787 -1.38893 0
    endloop
  endfacet
  facet normal -0.803095 0.595851 0
    outer loop
      vertex 32.0787 -1.38893 1.6
      vertex 31.9325 -1.58598 0
      vertex 31.9325 -1.58598 1.6
    endloop
  endfacet
  facet normal 0.242958 -0.970037 0
    outer loop
      vertex 29.2743 2.39235 0
      vertex 29.5123 2.45196 1.6
      vertex 29.2743 2.39235 1.6
    endloop
  endfacet
  facet normal 0.242958 -0.970037 0
    outer loop
      vertex 29.5123 2.45196 1.6
      vertex 29.2743 2.39235 0
      vertex 29.5123 2.45196 0
    endloop
  endfacet
  facet normal 0.970043 -0.242933 0
    outer loop
      vertex 27.548 0.487725 1.6
      vertex 27.6076 0.725711 0
      vertex 27.6076 0.725711 1.6
    endloop
  endfacet
  facet normal 0.970043 -0.242933 0
    outer loop
      vertex 27.6076 0.725711 0
      vertex 27.548 0.487725 1.6
      vertex 27.548 0.487725 0
    endloop
  endfacet
  facet normal 0.595596 -0.803284 0
    outer loop
      vertex 28.414 1.93253 0
      vertex 28.6111 2.07867 1.6
      vertex 28.414 1.93253 1.6
    endloop
  endfacet
  facet normal 0.595596 -0.803284 0
    outer loop
      vertex 28.6111 2.07867 1.6
      vertex 28.414 1.93253 0
      vertex 28.6111 2.07867 0
    endloop
  endfacet
  facet normal 0.741083 0.671414 0
    outer loop
      vertex 28.2322 -1.76777 1.6
      vertex 28.0675 -1.58598 0
      vertex 28.0675 -1.58598 1.6
    endloop
  endfacet
  facet normal 0.741083 0.671414 0
    outer loop
      vertex 28.0675 -1.58598 0
      vertex 28.2322 -1.76777 1.6
      vertex 28.2322 -1.76777 0
    endloop
  endfacet
  facet normal -0.0490836 -0.998795 0
    outer loop
      vertex 30 2.5 0
      vertex 30.245 2.48796 1.6
      vertex 30 2.5 1.6
    endloop
  endfacet
  facet normal -0.0490836 -0.998795 -0
    outer loop
      vertex 30.245 2.48796 1.6
      vertex 30 2.5 0
      vertex 30.245 2.48796 0
    endloop
  endfacet
  facet normal -0.242958 0.970037 0
    outer loop
      vertex 30.7257 -2.39235 0
      vertex 30.4877 -2.45196 1.6
      vertex 30.7257 -2.39235 1.6
    endloop
  endfacet
  facet normal -0.242958 0.970037 0
    outer loop
      vertex 30.4877 -2.45196 1.6
      vertex 30.7257 -2.39235 0
      vertex 30.4877 -2.45196 0
    endloop
  endfacet
  facet normal 0.941482 -0.337063 0
    outer loop
      vertex 27.6076 0.725711 1.6
      vertex 27.6903 0.956708 0
      vertex 27.6903 0.956708 1.6
    endloop
  endfacet
  facet normal 0.941482 -0.337063 0
    outer loop
      vertex 27.6903 0.956708 0
      vertex 27.6076 0.725711 1.6
      vertex 27.6076 0.725711 0
    endloop
  endfacet
  facet normal 0.242958 0.970037 -0
    outer loop
      vertex 29.5123 -2.45196 0
      vertex 29.2743 -2.39235 1.6
      vertex 29.5123 -2.45196 1.6
    endloop
  endfacet
  facet normal 0.242958 0.970037 0
    outer loop
      vertex 29.2743 -2.39235 1.6
      vertex 29.5123 -2.45196 0
      vertex 29.2743 -2.39235 0
    endloop
  endfacet
  facet normal -0.242958 -0.970037 0
    outer loop
      vertex 30.4877 2.45196 0
      vertex 30.7257 2.39235 1.6
      vertex 30.4877 2.45196 1.6
    endloop
  endfacet
  facet normal -0.242958 -0.970037 -0
    outer loop
      vertex 30.7257 2.39235 1.6
      vertex 30.4877 2.45196 0
      vertex 30.7257 2.39235 0
    endloop
  endfacet
  facet normal -0.514166 -0.857691 0
    outer loop
      vertex 31.1785 2.2048 0
      vertex 31.3889 2.07867 1.6
      vertex 31.1785 2.2048 1.6
    endloop
  endfacet
  facet normal -0.514166 -0.857691 -0
    outer loop
      vertex 31.3889 2.07867 1.6
      vertex 31.1785 2.2048 0
      vertex 31.3889 2.07867 0
    endloop
  endfacet
  facet normal -0.741083 -0.671414 0
    outer loop
      vertex 31.9325 1.58598 0
      vertex 31.7678 1.76777 1.6
      vertex 31.7678 1.76777 0
    endloop
  endfacet
  facet normal -0.741083 -0.671414 0
    outer loop
      vertex 31.7678 1.76777 1.6
      vertex 31.9325 1.58598 0
      vertex 31.9325 1.58598 1.6
    endloop
  endfacet
  facet normal -0.903982 0.427572 0
    outer loop
      vertex 32.2048 -1.17849 0
      vertex 32.3097 -0.956708 1.6
      vertex 32.3097 -0.956708 0
    endloop
  endfacet
  facet normal -0.903982 0.427572 0
    outer loop
      vertex 32.3097 -0.956708 1.6
      vertex 32.2048 -1.17849 0
      vertex 32.2048 -1.17849 1.6
    endloop
  endfacet
  facet normal 0.671528 -0.740979 0
    outer loop
      vertex 28.2322 1.76777 0
      vertex 28.414 1.93253 1.6
      vertex 28.2322 1.76777 1.6
    endloop
  endfacet
  facet normal 0.671528 -0.740979 0
    outer loop
      vertex 28.414 1.93253 1.6
      vertex 28.2322 1.76777 0
      vertex 28.414 1.93253 0
    endloop
  endfacet
  facet normal -0.903982 -0.427572 0
    outer loop
      vertex 32.3097 0.956708 0
      vertex 32.2048 1.17849 1.6
      vertex 32.2048 1.17849 0
    endloop
  endfacet
  facet normal -0.903982 -0.427572 0
    outer loop
      vertex 32.2048 1.17849 1.6
      vertex 32.3097 0.956708 0
      vertex 32.3097 0.956708 1.6
    endloop
  endfacet
  facet normal -0.671528 0.740979 0
    outer loop
      vertex 31.7678 -1.76777 0
      vertex 31.586 -1.93253 1.6
      vertex 31.7678 -1.76777 1.6
    endloop
  endfacet
  facet normal -0.671528 0.740979 0
    outer loop
      vertex 31.586 -1.93253 1.6
      vertex 31.7678 -1.76777 0
      vertex 31.586 -1.93253 0
    endloop
  endfacet
  facet normal -0.595596 -0.803284 0
    outer loop
      vertex 31.3889 2.07867 0
      vertex 31.586 1.93253 1.6
      vertex 31.3889 2.07867 1.6
    endloop
  endfacet
  facet normal -0.595596 -0.803284 -0
    outer loop
      vertex 31.586 1.93253 1.6
      vertex 31.3889 2.07867 0
      vertex 31.586 1.93253 0
    endloop
  endfacet
  facet normal -0.941611 -0.336702 0
    outer loop
      vertex 32.3923 0.725711 0
      vertex 32.3097 0.956708 1.6
      vertex 32.3097 0.956708 0
    endloop
  endfacet
  facet normal -0.941611 -0.336702 0
    outer loop
      vertex 32.3097 0.956708 1.6
      vertex 32.3923 0.725711 0
      vertex 32.3923 0.725711 1.6
    endloop
  endfacet
  facet normal -0.0490836 0.998795 0
    outer loop
      vertex 30.245 -2.48796 0
      vertex 30 -2.5 1.6
      vertex 30.245 -2.48796 1.6
    endloop
  endfacet
  facet normal -0.0490836 0.998795 0
    outer loop
      vertex 30 -2.5 1.6
      vertex 30.245 -2.48796 0
      vertex 30 -2.5 0
    endloop
  endfacet
  facet normal 0.514166 0.857691 -0
    outer loop
      vertex 28.8215 -2.2048 0
      vertex 28.6111 -2.07867 1.6
      vertex 28.8215 -2.2048 1.6
    endloop
  endfacet
  facet normal 0.514166 0.857691 0
    outer loop
      vertex 28.6111 -2.07867 1.6
      vertex 28.8215 -2.2048 0
      vertex 28.6111 -2.07867 0
    endloop
  endfacet
  facet normal -0.427543 -0.903995 0
    outer loop
      vertex 30.9567 2.3097 0
      vertex 31.1785 2.2048 1.6
      vertex 30.9567 2.3097 1.6
    endloop
  endfacet
  facet normal -0.427543 -0.903995 -0
    outer loop
      vertex 31.1785 2.2048 1.6
      vertex 30.9567 2.3097 0
      vertex 31.1785 2.2048 0
    endloop
  endfacet
  facet normal -0.857788 0.514004 0
    outer loop
      vertex 32.0787 -1.38893 0
      vertex 32.2048 -1.17849 1.6
      vertex 32.2048 -1.17849 0
    endloop
  endfacet
  facet normal -0.857788 0.514004 0
    outer loop
      vertex 32.2048 -1.17849 1.6
      vertex 32.0787 -1.38893 0
      vertex 32.0787 -1.38893 1.6
    endloop
  endfacet
  facet normal -0.969947 0.243316 0
    outer loop
      vertex 32.3923 -0.725711 0
      vertex 32.452 -0.487725 1.6
      vertex 32.452 -0.487725 0
    endloop
  endfacet
  facet normal -0.969947 0.243316 0
    outer loop
      vertex 32.452 -0.487725 1.6
      vertex 32.3923 -0.725711 0
      vertex 32.3923 -0.725711 1.6
    endloop
  endfacet
  facet normal 0.336879 -0.941548 0
    outer loop
      vertex 29.0433 2.3097 0
      vertex 29.2743 2.39235 1.6
      vertex 29.0433 2.3097 1.6
    endloop
  endfacet
  facet normal 0.336879 -0.941548 0
    outer loop
      vertex 29.2743 2.39235 1.6
      vertex 29.0433 2.3097 0
      vertex 29.2743 2.39235 0
    endloop
  endfacet
  facet normal 0.989176 -0.146737 0
    outer loop
      vertex 27.512 0.245043 1.6
      vertex 27.548 0.487725 0
      vertex 27.548 0.487725 1.6
    endloop
  endfacet
  facet normal 0.989176 -0.146737 0
    outer loop
      vertex 27.548 0.487725 0
      vertex 27.512 0.245043 1.6
      vertex 27.512 0.245043 0
    endloop
  endfacet
  facet normal 0.903982 0.427572 0
    outer loop
      vertex 27.7952 -1.17849 1.6
      vertex 27.6903 -0.956708 0
      vertex 27.6903 -0.956708 1.6
    endloop
  endfacet
  facet normal 0.903982 0.427572 0
    outer loop
      vertex 27.6903 -0.956708 0
      vertex 27.7952 -1.17849 1.6
      vertex 27.7952 -1.17849 0
    endloop
  endfacet
  facet normal -0.336879 -0.941548 0
    outer loop
      vertex 30.7257 2.39235 0
      vertex 30.9567 2.3097 1.6
      vertex 30.7257 2.39235 1.6
    endloop
  endfacet
  facet normal -0.336879 -0.941548 -0
    outer loop
      vertex 30.9567 2.3097 1.6
      vertex 30.7257 2.39235 0
      vertex 30.9567 2.3097 0
    endloop
  endfacet
  facet normal 0.514166 -0.857691 0
    outer loop
      vertex 28.6111 2.07867 0
      vertex 28.8215 2.2048 1.6
      vertex 28.6111 2.07867 1.6
    endloop
  endfacet
  facet normal 0.514166 -0.857691 0
    outer loop
      vertex 28.8215 2.2048 1.6
      vertex 28.6111 2.07867 0
      vertex 28.8215 2.2048 0
    endloop
  endfacet
  facet normal 0.146726 -0.989177 0
    outer loop
      vertex 29.5123 2.45196 0
      vertex 29.755 2.48796 1.6
      vertex 29.5123 2.45196 1.6
    endloop
  endfacet
  facet normal 0.146726 -0.989177 0
    outer loop
      vertex 29.755 2.48796 1.6
      vertex 29.5123 2.45196 0
      vertex 29.755 2.48796 0
    endloop
  endfacet
  facet normal 0.0490836 -0.998795 0
    outer loop
      vertex 29.755 2.48796 0
      vertex 30 2.5 1.6
      vertex 29.755 2.48796 1.6
    endloop
  endfacet
  facet normal 0.0490836 -0.998795 0
    outer loop
      vertex 30 2.5 1.6
      vertex 29.755 2.48796 0
      vertex 30 2.5 0
    endloop
  endfacet
  facet normal 0.427543 -0.903995 0
    outer loop
      vertex 28.8215 2.2048 0
      vertex 29.0433 2.3097 1.6
      vertex 28.8215 2.2048 1.6
    endloop
  endfacet
  facet normal 0.427543 -0.903995 0
    outer loop
      vertex 29.0433 2.3097 1.6
      vertex 28.8215 2.2048 0
      vertex 29.0433 2.3097 0
    endloop
  endfacet
  facet normal -0.989176 0.146737 0
    outer loop
      vertex 32.452 -0.487725 0
      vertex 32.488 -0.245043 1.6
      vertex 32.488 -0.245043 0
    endloop
  endfacet
  facet normal -0.989176 0.146737 0
    outer loop
      vertex 32.488 -0.245043 1.6
      vertex 32.452 -0.487725 0
      vertex 32.452 -0.487725 1.6
    endloop
  endfacet
  facet normal -0.741083 0.671414 0
    outer loop
      vertex 31.7678 -1.76777 0
      vertex 31.9325 -1.58598 1.6
      vertex 31.9325 -1.58598 0
    endloop
  endfacet
  facet normal -0.741083 0.671414 0
    outer loop
      vertex 31.9325 -1.58598 1.6
      vertex 31.7678 -1.76777 0
      vertex 31.7678 -1.76777 1.6
    endloop
  endfacet
  facet normal -0.857788 -0.514004 0
    outer loop
      vertex 32.2048 1.17849 0
      vertex 32.0787 1.38893 1.6
      vertex 32.0787 1.38893 0
    endloop
  endfacet
  facet normal -0.857788 -0.514004 0
    outer loop
      vertex 32.0787 1.38893 1.6
      vertex 32.2048 1.17849 0
      vertex 32.2048 1.17849 1.6
    endloop
  endfacet
  facet normal -0.941611 0.336702 0
    outer loop
      vertex 32.3097 -0.956708 0
      vertex 32.3923 -0.725711 1.6
      vertex 32.3923 -0.725711 0
    endloop
  endfacet
  facet normal -0.941611 0.336702 0
    outer loop
      vertex 32.3923 -0.725711 1.6
      vertex 32.3097 -0.956708 0
      vertex 32.3097 -0.956708 1.6
    endloop
  endfacet
  facet normal 0.989176 0.146737 0
    outer loop
      vertex 27.548 -0.487725 1.6
      vertex 27.512 -0.245043 0
      vertex 27.512 -0.245043 1.6
    endloop
  endfacet
  facet normal 0.989176 0.146737 0
    outer loop
      vertex 27.512 -0.245043 0
      vertex 27.548 -0.487725 1.6
      vertex 27.548 -0.487725 0
    endloop
  endfacet
  facet normal 0.427543 0.903995 -0
    outer loop
      vertex 29.0433 -2.3097 0
      vertex 28.8215 -2.2048 1.6
      vertex 29.0433 -2.3097 1.6
    endloop
  endfacet
  facet normal 0.427543 0.903995 0
    outer loop
      vertex 28.8215 -2.2048 1.6
      vertex 29.0433 -2.3097 0
      vertex 28.8215 -2.2048 0
    endloop
  endfacet
  facet normal 0.741083 -0.671414 0
    outer loop
      vertex 28.0675 1.58598 1.6
      vertex 28.2322 1.76777 0
      vertex 28.2322 1.76777 1.6
    endloop
  endfacet
  facet normal 0.741083 -0.671414 0
    outer loop
      vertex 28.2322 1.76777 0
      vertex 28.0675 1.58598 1.6
      vertex 28.0675 1.58598 0
    endloop
  endfacet
  facet normal -0.146726 0.989177 0
    outer loop
      vertex 30.4877 -2.45196 0
      vertex 30.245 -2.48796 1.6
      vertex 30.4877 -2.45196 1.6
    endloop
  endfacet
  facet normal -0.146726 0.989177 0
    outer loop
      vertex 30.245 -2.48796 1.6
      vertex 30.4877 -2.45196 0
      vertex 30.245 -2.48796 0
    endloop
  endfacet
  facet normal 0.857788 0.514004 0
    outer loop
      vertex 27.9213 -1.38893 1.6
      vertex 27.7952 -1.17849 0
      vertex 27.7952 -1.17849 1.6
    endloop
  endfacet
  facet normal 0.857788 0.514004 0
    outer loop
      vertex 27.7952 -1.17849 0
      vertex 27.9213 -1.38893 1.6
      vertex 27.9213 -1.38893 0
    endloop
  endfacet
  facet normal 0.803095 -0.595851 0
    outer loop
      vertex 27.9213 1.38893 1.6
      vertex 28.0675 1.58598 0
      vertex 28.0675 1.58598 1.6
    endloop
  endfacet
  facet normal 0.803095 -0.595851 0
    outer loop
      vertex 28.0675 1.58598 0
      vertex 27.9213 1.38893 1.6
      vertex 27.9213 1.38893 0
    endloop
  endfacet
  facet normal 0.970043 0.242933 0
    outer loop
      vertex 27.6076 -0.725711 1.6
      vertex 27.548 -0.487725 0
      vertex 27.548 -0.487725 1.6
    endloop
  endfacet
  facet normal 0.970043 0.242933 0
    outer loop
      vertex 27.548 -0.487725 0
      vertex 27.6076 -0.725711 1.6
      vertex 27.6076 -0.725711 0
    endloop
  endfacet
  facet normal -0.595596 0.803284 0
    outer loop
      vertex 31.586 -1.93253 0
      vertex 31.3889 -2.07867 1.6
      vertex 31.586 -1.93253 1.6
    endloop
  endfacet
  facet normal -0.595596 0.803284 0
    outer loop
      vertex 31.3889 -2.07867 1.6
      vertex 31.586 -1.93253 0
      vertex 31.3889 -2.07867 0
    endloop
  endfacet
  facet normal -0.671528 -0.740979 0
    outer loop
      vertex 31.586 1.93253 0
      vertex 31.7678 1.76777 1.6
      vertex 31.586 1.93253 1.6
    endloop
  endfacet
  facet normal -0.671528 -0.740979 -0
    outer loop
      vertex 31.7678 1.76777 1.6
      vertex 31.586 1.93253 0
      vertex 31.7678 1.76777 0
    endloop
  endfacet
  facet normal 0.336879 0.941548 -0
    outer loop
      vertex 29.2743 -2.39235 0
      vertex 29.0433 -2.3097 1.6
      vertex 29.2743 -2.39235 1.6
    endloop
  endfacet
  facet normal 0.336879 0.941548 0
    outer loop
      vertex 29.0433 -2.3097 1.6
      vertex 29.2743 -2.39235 0
      vertex 29.0433 -2.3097 0
    endloop
  endfacet
  facet normal 0.903982 -0.427572 0
    outer loop
      vertex 27.6903 0.956708 1.6
      vertex 27.7952 1.17849 0
      vertex 27.7952 1.17849 1.6
    endloop
  endfacet
  facet normal 0.903982 -0.427572 0
    outer loop
      vertex 27.7952 1.17849 0
      vertex 27.6903 0.956708 1.6
      vertex 27.6903 0.956708 0
    endloop
  endfacet
  facet normal 0.0490836 0.998795 -0
    outer loop
      vertex 30 -2.5 0
      vertex 29.755 -2.48796 1.6
      vertex 30 -2.5 1.6
    endloop
  endfacet
  facet normal 0.0490836 0.998795 0
    outer loop
      vertex 29.755 -2.48796 1.6
      vertex 30 -2.5 0
      vertex 29.755 -2.48796 0
    endloop
  endfacet
  facet normal 0.998803 0.0489124 0
    outer loop
      vertex 27.512 -0.245043 1.6
      vertex 27.5 0 0
      vertex 27.5 0 1.6
    endloop
  endfacet
  facet normal 0.998803 0.0489124 0
    outer loop
      vertex 27.5 0 0
      vertex 27.512 -0.245043 1.6
      vertex 27.512 -0.245043 0
    endloop
  endfacet
  facet normal 0.671528 0.740979 -0
    outer loop
      vertex 28.414 -1.93253 0
      vertex 28.2322 -1.76777 1.6
      vertex 28.414 -1.93253 1.6
    endloop
  endfacet
  facet normal 0.671528 0.740979 0
    outer loop
      vertex 28.2322 -1.76777 1.6
      vertex 28.414 -1.93253 0
      vertex 28.2322 -1.76777 0
    endloop
  endfacet
  facet normal 0.857788 -0.514004 0
    outer loop
      vertex 27.7952 1.17849 1.6
      vertex 27.9213 1.38893 0
      vertex 27.9213 1.38893 1.6
    endloop
  endfacet
  facet normal 0.857788 -0.514004 0
    outer loop
      vertex 27.9213 1.38893 0
      vertex 27.7952 1.17849 1.6
      vertex 27.7952 1.17849 0
    endloop
  endfacet
  facet normal -0.146726 -0.989177 0
    outer loop
      vertex 30.245 2.48796 0
      vertex 30.4877 2.45196 1.6
      vertex 30.245 2.48796 1.6
    endloop
  endfacet
  facet normal -0.146726 -0.989177 -0
    outer loop
      vertex 30.4877 2.45196 1.6
      vertex 30.245 2.48796 0
      vertex 30.4877 2.45196 0
    endloop
  endfacet
  facet normal 0.595596 0.803284 -0
    outer loop
      vertex 28.6111 -2.07867 0
      vertex 28.414 -1.93253 1.6
      vertex 28.6111 -2.07867 1.6
    endloop
  endfacet
  facet normal 0.595596 0.803284 0
    outer loop
      vertex 28.414 -1.93253 1.6
      vertex 28.6111 -2.07867 0
      vertex 28.414 -1.93253 0
    endloop
  endfacet
endsolid OpenSCAD_Model
