solid OpenSCAD_Model
  facet normal 1 -0 0
    outer loop
      vertex 6.5 0 12.7
      vertex 6.5 2.5 0
      vertex 6.5 2.5 12.7
    endloop
  endfacet
  facet normal 1 0 0
    outer loop
      vertex 6.5 2.5 0
      vertex 6.5 0 12.7
      vertex 6.5 0 0
    endloop
  endfacet
  facet normal -0 0 1
    outer loop
      vertex -1 3.5 13.9
      vertex 7.5 -1 13.9
      vertex 7.5 3.5 13.9
    endloop
  endfacet
  facet normal 0 0 1
    outer loop
      vertex 7.5 -1 13.9
      vertex -1 3.5 13.9
      vertex -1 -1 13.9
    endloop
  endfacet
  facet normal 0 0 -1
    outer loop
      vertex 0 0 0
      vertex 6.5 2.5 0
      vertex 6.5 0 0
    endloop
  endfacet
  facet normal -0 0 -1
    outer loop
      vertex 6.5 2.5 0
      vertex 0 0 0
      vertex 0 2.5 0
    endloop
  endfacet
  facet normal -1 0 0
    outer loop
      vertex 0 0 0
      vertex 0 2.5 12.7
      vertex 0 2.5 0
    endloop
  endfacet
  facet normal -1 -0 0
    outer loop
      vertex 0 2.5 12.7
      vertex 0 0 0
      vertex 0 0 12.7
    endloop
  endfacet
  facet normal 0 1 -0
    outer loop
      vertex 6.5 2.5 0
      vertex 0 2.5 12.7
      vertex 6.5 2.5 12.7
    endloop
  endfacet
  facet normal 0 1 0
    outer loop
      vertex 0 2.5 12.7
      vertex 6.5 2.5 0
      vertex 0 2.5 0
    endloop
  endfacet
  facet normal 0 -1 0
    outer loop
      vertex 0 0 0
      vertex 6.5 0 12.7
      vertex 0 0 12.7
    endloop
  endfacet
  facet normal 0 -1 -0
    outer loop
      vertex 6.5 0 12.7
      vertex 0 0 0
      vertex 6.5 0 0
    endloop
  endfacet
  facet normal 1 -0 0
    outer loop
      vertex 7.5 -1 13.9
      vertex 7.5 3.5 12.7
      vertex 7.5 3.5 13.9
    endloop
  endfacet
  facet normal 1 0 0
    outer loop
      vertex 7.5 3.5 12.7
      vertex 7.5 -1 13.9
      vertex 7.5 -1 12.7
    endloop
  endfacet
  facet normal 0 0 -1
    outer loop
      vertex 7.5 -1 12.7
      vertex 6.5 0 12.7
      vertex 7.5 3.5 12.7
    endloop
  endfacet
  facet normal 0 0 -1
    outer loop
      vertex 7.5 -1 12.7
      vertex 0 0 12.7
      vertex 6.5 0 12.7
    endloop
  endfacet
  facet normal -0 0 -1
    outer loop
      vertex 0 0 12.7
      vertex -1 -1 12.7
      vertex 0 2.5 12.7
    endloop
  endfacet
  facet normal 0 0 -1
    outer loop
      vertex -1 -1 12.7
      vertex 0 0 12.7
      vertex 7.5 -1 12.7
    endloop
  endfacet
  facet normal 0 0 -1
    outer loop
      vertex 6.5 2.5 12.7
      vertex 7.5 3.5 12.7
      vertex 6.5 0 12.7
    endloop
  endfacet
  facet normal 0 0 -1
    outer loop
      vertex 0 2.5 12.7
      vertex 7.5 3.5 12.7
      vertex 6.5 2.5 12.7
    endloop
  endfacet
  facet normal 0 0 -1
    outer loop
      vertex 0 2.5 12.7
      vertex -1 3.5 12.7
      vertex 7.5 3.5 12.7
    endloop
  endfacet
  facet normal 0 0 -1
    outer loop
      vertex -1 3.5 12.7
      vertex 0 2.5 12.7
      vertex -1 -1 12.7
    endloop
  endfacet
  facet normal -1 0 0
    outer loop
      vertex -1 -1 12.7
      vertex -1 3.5 13.9
      vertex -1 3.5 12.7
    endloop
  endfacet
  facet normal -1 -0 0
    outer loop
      vertex -1 3.5 13.9
      vertex -1 -1 12.7
      vertex -1 -1 13.9
    endloop
  endfacet
  facet normal 0 1 -0
    outer loop
      vertex 7.5 3.5 12.7
      vertex -1 3.5 13.9
      vertex 7.5 3.5 13.9
    endloop
  endfacet
  facet normal 0 1 0
    outer loop
      vertex -1 3.5 13.9
      vertex 7.5 3.5 12.7
      vertex -1 3.5 12.7
    endloop
  endfacet
  facet normal 0 -1 0
    outer loop
      vertex -1 -1 12.7
      vertex 7.5 -1 13.9
      vertex -1 -1 13.9
    endloop
  endfacet
  facet normal 0 -1 -0
    outer loop
      vertex 7.5 -1 13.9
      vertex -1 -1 12.7
      vertex 7.5 -1 12.7
    endloop
  endfacet
  facet normal 0.989176 0.146733 0
    outer loop
      vertex 17.9904 1.44603 12.4
      vertex 17.9616 1.64018 1
      vertex 17.9616 1.64018 12.4
    endloop
  endfacet
  facet normal 0.989176 0.146733 0
    outer loop
      vertex 17.9616 1.64018 1
      vertex 17.9904 1.44603 12.4
      vertex 17.9904 1.44603 1
    endloop
  endfacet
  facet normal 0.998803 0.0489135 0
    outer loop
      vertex 18 1.25 12.4
      vertex 17.9904 1.44603 1
      vertex 17.9904 1.44603 12.4
    endloop
  endfacet
  facet normal 0.998803 0.0489135 0
    outer loop
      vertex 17.9904 1.44603 1
      vertex 18 1.25 12.4
      vertex 18 1.25 1
    endloop
  endfacet
  facet normal 0.970019 0.243027 0
    outer loop
      vertex 17.9616 1.64018 12.4
      vertex 17.9139 1.83057 1
      vertex 17.9139 1.83057 12.4
    endloop
  endfacet
  facet normal 0.970019 0.243027 0
    outer loop
      vertex 17.9139 1.83057 1
      vertex 17.9616 1.64018 12.4
      vertex 17.9616 1.64018 1
    endloop
  endfacet
  facet normal -0.514207 -0.857666 0
    outer loop
      vertex 14.8889 -0.412939 1
      vertex 15.0572 -0.513842 12.4
      vertex 14.8889 -0.412939 12.4
    endloop
  endfacet
  facet normal -0.514207 -0.857666 -0
    outer loop
      vertex 15.0572 -0.513842 12.4
      vertex 14.8889 -0.412939 1
      vertex 15.0572 -0.513842 1
    endloop
  endfacet
  facet normal -0.514196 0.857673 0
    outer loop
      vertex 15.0572 3.01384 1
      vertex 14.8889 2.91294 12.4
      vertex 15.0572 3.01384 12.4
    endloop
  endfacet
  facet normal -0.514196 0.857673 0
    outer loop
      vertex 14.8889 2.91294 12.4
      vertex 15.0572 3.01384 1
      vertex 14.8889 2.91294 1
    endloop
  endfacet
  facet normal -0.94158 0.336788 0
    outer loop
      vertex 14.0861 1.83057 1
      vertex 14.1522 2.01537 12.4
      vertex 14.1522 2.01537 1
    endloop
  endfacet
  facet normal -0.94158 0.336788 0
    outer loop
      vertex 14.1522 2.01537 12.4
      vertex 14.0861 1.83057 1
      vertex 14.0861 1.83057 12.4
    endloop
  endfacet
  facet normal 0.336879 0.941548 -0
    outer loop
      vertex 16.7654 3.09776 1
      vertex 16.5806 3.16388 12.4
      vertex 16.7654 3.09776 12.4
    endloop
  endfacet
  facet normal 0.336879 0.941548 0
    outer loop
      vertex 16.5806 3.16388 12.4
      vertex 16.7654 3.09776 1
      vertex 16.5806 3.16388 1
    endloop
  endfacet
  facet normal 0 0 -1
    outer loop
      vertex 18.9856 0.955949 0
      vertex 18.9856 1.54405 0
      vertex 19 1.25 0
    endloop
  endfacet
  facet normal 0 0 -1
    outer loop
      vertex 18.9424 0.664729 0
      vertex 18.9856 1.54405 0
      vertex 18.9856 0.955949 0
    endloop
  endfacet
  facet normal 0 0 -1
    outer loop
      vertex 18.9424 0.664729 0
      vertex 18.9424 1.83527 0
      vertex 18.9856 1.54405 0
    endloop
  endfacet
  facet normal 0 0 -1
    outer loop
      vertex 18.8708 0.379147 0
      vertex 18.9424 1.83527 0
      vertex 18.9424 0.664729 0
    endloop
  endfacet
  facet normal 0 0 -1
    outer loop
      vertex 18.8708 0.379147 0
      vertex 18.8708 2.12085 0
      vertex 18.9424 1.83527 0
    endloop
  endfacet
  facet normal 0 0 -1
    outer loop
      vertex 18.7716 0.101951 0
      vertex 18.8708 2.12085 0
      vertex 18.8708 0.379147 0
    endloop
  endfacet
  facet normal 0 0 -1
    outer loop
      vertex 18.7716 0.101951 0
      vertex 18.7716 2.39805 0
      vertex 18.8708 2.12085 0
    endloop
  endfacet
  facet normal 0 0 -1
    outer loop
      vertex 18.6458 -0.164189 0
      vertex 18.7716 2.39805 0
      vertex 18.7716 0.101951 0
    endloop
  endfacet
  facet normal 0 0 -1
    outer loop
      vertex 18.6458 -0.164189 0
      vertex 18.6458 2.66419 0
      vertex 18.7716 2.39805 0
    endloop
  endfacet
  facet normal 0 0 -1
    outer loop
      vertex 18.4944 -0.41671 0
      vertex 18.6458 2.66419 0
      vertex 18.6458 -0.164189 0
    endloop
  endfacet
  facet normal 0 0 -1
    outer loop
      vertex 18.4944 -0.41671 0
      vertex 18.4944 2.91671 0
      vertex 18.6458 2.66419 0
    endloop
  endfacet
  facet normal 0 0 -1
    outer loop
      vertex 18.319 -0.653179 0
      vertex 18.4944 2.91671 0
      vertex 18.4944 -0.41671 0
    endloop
  endfacet
  facet normal 0 0 -1
    outer loop
      vertex 18.319 -0.653179 0
      vertex 18.319 3.15318 0
      vertex 18.4944 2.91671 0
    endloop
  endfacet
  facet normal 0 0 -1
    outer loop
      vertex 18.1213 -0.87132 0
      vertex 18.319 3.15318 0
      vertex 18.319 -0.653179 0
    endloop
  endfacet
  facet normal 0 0 -1
    outer loop
      vertex 18.1213 -0.87132 0
      vertex 18.1213 3.37132 0
      vertex 18.319 3.15318 0
    endloop
  endfacet
  facet normal 0 0 -1
    outer loop
      vertex 17.9032 -1.06903 0
      vertex 18.1213 3.37132 0
      vertex 18.1213 -0.87132 0
    endloop
  endfacet
  facet normal 0 0 -1
    outer loop
      vertex 17.9032 -1.06903 0
      vertex 17.9032 3.56903 0
      vertex 18.1213 3.37132 0
    endloop
  endfacet
  facet normal 0 0 -1
    outer loop
      vertex 17.6667 -1.24441 0
      vertex 17.9032 3.56903 0
      vertex 17.9032 -1.06903 0
    endloop
  endfacet
  facet normal 0 0 -1
    outer loop
      vertex 17.6667 -1.24441 0
      vertex 17.6667 3.74441 0
      vertex 17.9032 3.56903 0
    endloop
  endfacet
  facet normal 0 0 -1
    outer loop
      vertex 17.4142 -1.39576 0
      vertex 17.6667 3.74441 0
      vertex 17.6667 -1.24441 0
    endloop
  endfacet
  facet normal 0 0 -1
    outer loop
      vertex 17.4142 -1.39576 0
      vertex 17.4142 3.89576 0
      vertex 17.6667 3.74441 0
    endloop
  endfacet
  facet normal 0 0 -1
    outer loop
      vertex 17.148 -1.52164 0
      vertex 17.4142 3.89576 0
      vertex 17.4142 -1.39576 0
    endloop
  endfacet
  facet normal 0 0 -1
    outer loop
      vertex 17.148 -1.52164 0
      vertex 17.148 4.02164 0
      vertex 17.4142 3.89576 0
    endloop
  endfacet
  facet normal 0 0 -1
    outer loop
      vertex 16.8709 -1.62082 0
      vertex 17.148 4.02164 0
      vertex 17.148 -1.52164 0
    endloop
  endfacet
  facet normal 0 0 -1
    outer loop
      vertex 16.8709 -1.62082 0
      vertex 16.8709 4.12082 0
      vertex 17.148 4.02164 0
    endloop
  endfacet
  facet normal 0 0 -1
    outer loop
      vertex 16.5853 -1.69236 0
      vertex 16.8709 4.12082 0
      vertex 16.8709 -1.62082 0
    endloop
  endfacet
  facet normal 0 0 -1
    outer loop
      vertex 16.5853 -1.69236 0
      vertex 16.5853 4.19236 0
      vertex 16.8709 4.12082 0
    endloop
  endfacet
  facet normal 0 0 -1
    outer loop
      vertex 16.2941 -1.73555 0
      vertex 16.5853 4.19236 0
      vertex 16.5853 -1.69236 0
    endloop
  endfacet
  facet normal 0 0 -1
    outer loop
      vertex 16.2941 -1.73555 0
      vertex 16.2941 4.23555 0
      vertex 16.5853 4.19236 0
    endloop
  endfacet
  facet normal 0 0 -1
    outer loop
      vertex 16 -1.75 0
      vertex 16.2941 4.23555 0
      vertex 16.2941 -1.73555 0
    endloop
  endfacet
  facet normal 0 0 -1
    outer loop
      vertex 16 -1.75 0
      vertex 16 4.25 0
      vertex 16.2941 4.23555 0
    endloop
  endfacet
  facet normal 0 0 -1
    outer loop
      vertex 15.7059 -1.73555 0
      vertex 16 4.25 0
      vertex 16 -1.75 0
    endloop
  endfacet
  facet normal 0 0 -1
    outer loop
      vertex 15.7059 -1.73555 0
      vertex 15.7059 4.23555 0
      vertex 16 4.25 0
    endloop
  endfacet
  facet normal 0 0 -1
    outer loop
      vertex 15.4147 -1.69236 0
      vertex 15.7059 4.23555 0
      vertex 15.7059 -1.73555 0
    endloop
  endfacet
  facet normal 0 0 -1
    outer loop
      vertex 15.4147 -1.69236 0
      vertex 15.4147 4.19236 0
      vertex 15.7059 4.23555 0
    endloop
  endfacet
  facet normal 0 0 -1
    outer loop
      vertex 15.1291 -1.62082 0
      vertex 15.4147 4.19236 0
      vertex 15.4147 -1.69236 0
    endloop
  endfacet
  facet normal 0 0 -1
    outer loop
      vertex 15.1291 -1.62082 0
      vertex 15.1291 4.12082 0
      vertex 15.4147 4.19236 0
    endloop
  endfacet
  facet normal 0 0 -1
    outer loop
      vertex 14.852 -1.52164 0
      vertex 15.1291 4.12082 0
      vertex 15.1291 -1.62082 0
    endloop
  endfacet
  facet normal 0 0 -1
    outer loop
      vertex 14.852 -1.52164 0
      vertex 14.852 4.02164 0
      vertex 15.1291 4.12082 0
    endloop
  endfacet
  facet normal 0 0 -1
    outer loop
      vertex 14.5858 -1.39576 0
      vertex 14.852 4.02164 0
      vertex 14.852 -1.52164 0
    endloop
  endfacet
  facet normal 0 0 -1
    outer loop
      vertex 14.5858 -1.39576 0
      vertex 14.5858 3.89576 0
      vertex 14.852 4.02164 0
    endloop
  endfacet
  facet normal 0 0 -1
    outer loop
      vertex 14.3333 -1.24441 0
      vertex 14.5858 3.89576 0
      vertex 14.5858 -1.39576 0
    endloop
  endfacet
  facet normal 0 0 -1
    outer loop
      vertex 14.3333 -1.24441 0
      vertex 14.3333 3.74441 0
      vertex 14.5858 3.89576 0
    endloop
  endfacet
  facet normal 0 0 -1
    outer loop
      vertex 14.0968 -1.06903 0
      vertex 14.3333 3.74441 0
      vertex 14.3333 -1.24441 0
    endloop
  endfacet
  facet normal 0 0 -1
    outer loop
      vertex 14.0968 -1.06903 0
      vertex 14.0968 3.56903 0
      vertex 14.3333 3.74441 0
    endloop
  endfacet
  facet normal 0 0 -1
    outer loop
      vertex 13.8787 -0.87132 0
      vertex 14.0968 3.56903 0
      vertex 14.0968 -1.06903 0
    endloop
  endfacet
  facet normal 0 0 -1
    outer loop
      vertex 13.8787 -0.87132 0
      vertex 13.8787 3.37132 0
      vertex 14.0968 3.56903 0
    endloop
  endfacet
  facet normal 0 0 -1
    outer loop
      vertex 13.681 -0.653179 0
      vertex 13.8787 3.37132 0
      vertex 13.8787 -0.87132 0
    endloop
  endfacet
  facet normal 0 0 -1
    outer loop
      vertex 13.681 -0.653179 0
      vertex 13.681 3.15318 0
      vertex 13.8787 3.37132 0
    endloop
  endfacet
  facet normal 0 0 -1
    outer loop
      vertex 13.5056 -0.41671 0
      vertex 13.681 3.15318 0
      vertex 13.681 -0.653179 0
    endloop
  endfacet
  facet normal 0 0 -1
    outer loop
      vertex 13.5056 -0.41671 0
      vertex 13.5056 2.91671 0
      vertex 13.681 3.15318 0
    endloop
  endfacet
  facet normal 0 0 -1
    outer loop
      vertex 13.3542 -0.164189 0
      vertex 13.5056 2.91671 0
      vertex 13.5056 -0.41671 0
    endloop
  endfacet
  facet normal 0 0 -1
    outer loop
      vertex 13.3542 -0.164189 0
      vertex 13.3542 2.66419 0
      vertex 13.5056 2.91671 0
    endloop
  endfacet
  facet normal 0 0 -1
    outer loop
      vertex 13.2284 0.101951 0
      vertex 13.3542 2.66419 0
      vertex 13.3542 -0.164189 0
    endloop
  endfacet
  facet normal 0 0 -1
    outer loop
      vertex 13.2284 0.101951 0
      vertex 13.2284 2.39805 0
      vertex 13.3542 2.66419 0
    endloop
  endfacet
  facet normal 0 0 -1
    outer loop
      vertex 13.1292 0.379147 0
      vertex 13.2284 2.39805 0
      vertex 13.2284 0.101951 0
    endloop
  endfacet
  facet normal 0 0 -1
    outer loop
      vertex 13.1292 0.379147 0
      vertex 13.1292 2.12085 0
      vertex 13.2284 2.39805 0
    endloop
  endfacet
  facet normal 0 0 -1
    outer loop
      vertex 13.0576 0.664729 0
      vertex 13.1292 2.12085 0
      vertex 13.1292 0.379147 0
    endloop
  endfacet
  facet normal 0 0 -1
    outer loop
      vertex 13.0576 0.664729 0
      vertex 13.0576 1.83527 0
      vertex 13.1292 2.12085 0
    endloop
  endfacet
  facet normal 0 0 -1
    outer loop
      vertex 13.0144 0.955949 0
      vertex 13.0576 1.83527 0
      vertex 13.0576 0.664729 0
    endloop
  endfacet
  facet normal 0 0 -1
    outer loop
      vertex 13.0144 0.955949 0
      vertex 13.0144 1.54405 0
      vertex 13.0576 1.83527 0
    endloop
  endfacet
  facet normal 0 -0 -1
    outer loop
      vertex 13.0144 1.54405 0
      vertex 13.0144 0.955949 0
      vertex 13 1.25 0
    endloop
  endfacet
  facet normal -0.941579 -0.336791 0
    outer loop
      vertex 14.1522 0.484633 1
      vertex 14.0861 0.669431 12.4
      vertex 14.0861 0.669431 1
    endloop
  endfacet
  facet normal -0.941579 -0.336791 0
    outer loop
      vertex 14.0861 0.669431 12.4
      vertex 14.1522 0.484633 1
      vertex 14.1522 0.484633 12.4
    endloop
  endfacet
  facet normal -0.146696 0.989182 0
    outer loop
      vertex 15.804 3.24037 1
      vertex 15.6098 3.21157 12.4
      vertex 15.804 3.24037 12.4
    endloop
  endfacet
  facet normal -0.146696 0.989182 0
    outer loop
      vertex 15.6098 3.21157 12.4
      vertex 15.804 3.24037 1
      vertex 15.6098 3.21157 1
    endloop
  endfacet
  facet normal 0.146691 -0.989182 0
    outer loop
      vertex 16.196 -0.740369 1
      vertex 16.3902 -0.71157 12.4
      vertex 16.196 -0.740369 12.4
    endloop
  endfacet
  facet normal 0.146691 -0.989182 0
    outer loop
      vertex 16.3902 -0.71157 12.4
      vertex 16.196 -0.740369 1
      vertex 16.3902 -0.71157 1
    endloop
  endfacet
  facet normal -0.740954 0.671556 0
    outer loop
      vertex 14.454 2.51879 1
      vertex 14.5858 2.66421 12.4
      vertex 14.5858 2.66421 1
    endloop
  endfacet
  facet normal -0.740954 0.671556 0
    outer loop
      vertex 14.5858 2.66421 12.4
      vertex 14.454 2.51879 1
      vertex 14.454 2.51879 12.4
    endloop
  endfacet
  facet normal 0.427605 -0.903966 0
    outer loop
      vertex 16.7654 -0.597758 1
      vertex 16.9428 -0.513842 12.4
      vertex 16.7654 -0.597758 12.4
    endloop
  endfacet
  facet normal 0.427605 -0.903966 0
    outer loop
      vertex 16.9428 -0.513842 12.4
      vertex 16.7654 -0.597758 1
      vertex 16.9428 -0.513842 1
    endloop
  endfacet
  facet normal 0.803253 -0.595638 0
    outer loop
      vertex 17.546 -0.0187864 12.4
      vertex 17.6629 0.13886 1
      vertex 17.6629 0.13886 12.4
    endloop
  endfacet
  facet normal 0.803253 -0.595638 0
    outer loop
      vertex 17.6629 0.13886 1
      vertex 17.546 -0.0187864 12.4
      vertex 17.546 -0.0187864 1
    endloop
  endfacet
  facet normal 0.336888 -0.941545 0
    outer loop
      vertex 16.5806 -0.66388 1
      vertex 16.7654 -0.597758 12.4
      vertex 16.5806 -0.66388 12.4
    endloop
  endfacet
  facet normal 0.336888 -0.941545 0
    outer loop
      vertex 16.7654 -0.597758 12.4
      vertex 16.5806 -0.66388 1
      vertex 16.7654 -0.597758 1
    endloop
  endfacet
  facet normal 0.989176 -0.146733 0
    outer loop
      vertex 17.9616 0.859819 12.4
      vertex 17.9904 1.05397 1
      vertex 17.9904 1.05397 12.4
    endloop
  endfacet
  facet normal 0.989176 -0.146733 0
    outer loop
      vertex 17.9904 1.05397 1
      vertex 17.9616 0.859819 12.4
      vertex 17.9616 0.859819 1
    endloop
  endfacet
  facet normal 0.671629 -0.740887 0
    outer loop
      vertex 17.2688 -0.296021 1
      vertex 17.4142 -0.164213 12.4
      vertex 17.2688 -0.296021 12.4
    endloop
  endfacet
  facet normal 0.671629 -0.740887 0
    outer loop
      vertex 17.4142 -0.164213 12.4
      vertex 17.2688 -0.296021 1
      vertex 17.4142 -0.164213 1
    endloop
  endfacet
  facet normal 0.0490735 0.998795 -0
    outer loop
      vertex 16.196 3.24037 1
      vertex 16 3.25 12.4
      vertex 16.196 3.24037 12.4
    endloop
  endfacet
  facet normal 0.0490735 0.998795 0
    outer loop
      vertex 16 3.25 12.4
      vertex 16.196 3.24037 1
      vertex 16 3.25 1
    endloop
  endfacet
  facet normal 0.427622 0.903958 -0
    outer loop
      vertex 16.9428 3.01384 1
      vertex 16.7654 3.09776 12.4
      vertex 16.9428 3.01384 12.4
    endloop
  endfacet
  facet normal 0.427622 0.903958 0
    outer loop
      vertex 16.7654 3.09776 12.4
      vertex 16.9428 3.01384 1
      vertex 16.7654 3.09776 1
    endloop
  endfacet
  facet normal -0.427622 0.903958 0
    outer loop
      vertex 15.2346 3.09776 1
      vertex 15.0572 3.01384 12.4
      vertex 15.2346 3.09776 12.4
    endloop
  endfacet
  facet normal -0.427622 0.903958 0
    outer loop
      vertex 15.0572 3.01384 12.4
      vertex 15.2346 3.09776 1
      vertex 15.0572 3.01384 1
    endloop
  endfacet
  facet normal -0.857736 -0.51409 0
    outer loop
      vertex 14.3371 0.13886 1
      vertex 14.2362 0.307207 12.4
      vertex 14.2362 0.307207 1
    endloop
  endfacet
  facet normal -0.857736 -0.51409 0
    outer loop
      vertex 14.2362 0.307207 12.4
      vertex 14.3371 0.13886 1
      vertex 14.3371 0.13886 12.4
    endloop
  endfacet
  facet normal -0.242967 -0.970035 0
    outer loop
      vertex 15.4194 -0.66388 1
      vertex 15.6098 -0.71157 12.4
      vertex 15.4194 -0.66388 12.4
    endloop
  endfacet
  facet normal -0.242967 -0.970035 -0
    outer loop
      vertex 15.6098 -0.71157 12.4
      vertex 15.4194 -0.66388 1
      vertex 15.6098 -0.71157 1
    endloop
  endfacet
  facet normal 0.740969 -0.671539 0
    outer loop
      vertex 17.4142 -0.164213 12.4
      vertex 17.546 -0.0187864 1
      vertex 17.546 -0.0187864 12.4
    endloop
  endfacet
  facet normal 0.740969 -0.671539 0
    outer loop
      vertex 17.546 -0.0187864 1
      vertex 17.4142 -0.164213 12.4
      vertex 17.4142 -0.164213 1
    endloop
  endfacet
  facet normal -0.970019 -0.24303 0
    outer loop
      vertex 14.0861 0.669431 1
      vertex 14.0384 0.859819 12.4
      vertex 14.0384 0.859819 1
    endloop
  endfacet
  facet normal -0.970019 -0.24303 0
    outer loop
      vertex 14.0384 0.859819 12.4
      vertex 14.0861 0.669431 1
      vertex 14.0861 0.669431 12.4
    endloop
  endfacet
  facet normal -0.671629 -0.740887 0
    outer loop
      vertex 14.5858 -0.164213 1
      vertex 14.7312 -0.296021 12.4
      vertex 14.5858 -0.164213 12.4
    endloop
  endfacet
  facet normal -0.671629 -0.740887 -0
    outer loop
      vertex 14.7312 -0.296021 12.4
      vertex 14.5858 -0.164213 1
      vertex 14.7312 -0.296021 1
    endloop
  endfacet
  facet normal 0.970019 -0.24303 0
    outer loop
      vertex 17.9139 0.669431 12.4
      vertex 17.9616 0.859819 1
      vertex 17.9616 0.859819 12.4
    endloop
  endfacet
  facet normal 0.970019 -0.24303 0
    outer loop
      vertex 17.9616 0.859819 1
      vertex 17.9139 0.669431 12.4
      vertex 17.9139 0.669431 1
    endloop
  endfacet
  facet normal -0.336879 0.941548 0
    outer loop
      vertex 15.4194 3.16388 1
      vertex 15.2346 3.09776 12.4
      vertex 15.4194 3.16388 12.4
    endloop
  endfacet
  facet normal -0.336879 0.941548 0
    outer loop
      vertex 15.2346 3.09776 12.4
      vertex 15.4194 3.16388 1
      vertex 15.2346 3.09776 1
    endloop
  endfacet
  facet normal -0.595573 0.803301 0
    outer loop
      vertex 14.8889 2.91294 1
      vertex 14.7312 2.79602 12.4
      vertex 14.8889 2.91294 12.4
    endloop
  endfacet
  facet normal -0.595573 0.803301 0
    outer loop
      vertex 14.7312 2.79602 12.4
      vertex 14.8889 2.91294 1
      vertex 14.7312 2.79602 1
    endloop
  endfacet
  facet normal 0.242967 -0.970035 0
    outer loop
      vertex 16.3902 -0.71157 1
      vertex 16.5806 -0.66388 12.4
      vertex 16.3902 -0.71157 12.4
    endloop
  endfacet
  facet normal 0.242967 -0.970035 0
    outer loop
      vertex 16.5806 -0.66388 12.4
      vertex 16.3902 -0.71157 1
      vertex 16.5806 -0.66388 1
    endloop
  endfacet
  facet normal -0.242967 0.970035 0
    outer loop
      vertex 15.6098 3.21157 1
      vertex 15.4194 3.16388 12.4
      vertex 15.6098 3.21157 12.4
    endloop
  endfacet
  facet normal -0.242967 0.970035 0
    outer loop
      vertex 15.4194 3.16388 12.4
      vertex 15.6098 3.21157 1
      vertex 15.4194 3.16388 1
    endloop
  endfacet
  facet normal 0.803259 0.59563 0
    outer loop
      vertex 17.6629 2.36114 12.4
      vertex 17.546 2.51879 1
      vertex 17.546 2.51879 12.4
    endloop
  endfacet
  facet normal 0.803259 0.59563 0
    outer loop
      vertex 17.546 2.51879 1
      vertex 17.6629 2.36114 12.4
      vertex 17.6629 2.36114 1
    endloop
  endfacet
  facet normal -0.85774 0.514084 0
    outer loop
      vertex 14.2362 2.19279 1
      vertex 14.3371 2.36114 12.4
      vertex 14.3371 2.36114 1
    endloop
  endfacet
  facet normal -0.85774 0.514084 0
    outer loop
      vertex 14.3371 2.36114 12.4
      vertex 14.2362 2.19279 1
      vertex 14.2362 2.19279 12.4
    endloop
  endfacet
  facet normal 0 0 1
    outer loop
      vertex 19.9807 1.64207 13.9
      vertex 19.9807 0.857932 13.9
      vertex 20 1.25 13.9
    endloop
  endfacet
  facet normal 0 0 1
    outer loop
      vertex 19.9231 2.03036 13.9
      vertex 19.9807 0.857932 13.9
      vertex 19.9807 1.64207 13.9
    endloop
  endfacet
  facet normal 0 0 1
    outer loop
      vertex 19.9231 2.03036 13.9
      vertex 19.9231 0.469639 13.9
      vertex 19.9807 0.857932 13.9
    endloop
  endfacet
  facet normal 0 0 1
    outer loop
      vertex 19.8278 2.41114 13.9
      vertex 19.9231 0.469639 13.9
      vertex 19.9231 2.03036 13.9
    endloop
  endfacet
  facet normal 0 0 1
    outer loop
      vertex 19.8278 2.41114 13.9
      vertex 19.8278 0.0888615 13.9
      vertex 19.9231 0.469639 13.9
    endloop
  endfacet
  facet normal 0 0 1
    outer loop
      vertex 19.6955 2.78073 13.9
      vertex 19.8278 0.0888615 13.9
      vertex 19.8278 2.41114 13.9
    endloop
  endfacet
  facet normal 0 0 1
    outer loop
      vertex 19.6955 2.78073 13.9
      vertex 19.6955 -0.280733 13.9
      vertex 19.8278 0.0888615 13.9
    endloop
  endfacet
  facet normal 0 0 1
    outer loop
      vertex 19.5277 3.13559 13.9
      vertex 19.6955 -0.280733 13.9
      vertex 19.6955 2.78073 13.9
    endloop
  endfacet
  facet normal 0 0 1
    outer loop
      vertex 19.5277 3.13559 13.9
      vertex 19.5277 -0.635587 13.9
      vertex 19.6955 -0.280733 13.9
    endloop
  endfacet
  facet normal 0 0 1
    outer loop
      vertex 19.3259 3.47228 13.9
      vertex 19.5277 -0.635587 13.9
      vertex 19.5277 3.13559 13.9
    endloop
  endfacet
  facet normal 0 0 1
    outer loop
      vertex 19.3259 3.47228 13.9
      vertex 19.3259 -0.972281 13.9
      vertex 19.5277 -0.635587 13.9
    endloop
  endfacet
  facet normal 0 0 1
    outer loop
      vertex 19.092 3.78757 13.9
      vertex 19.3259 -0.972281 13.9
      vertex 19.3259 3.47228 13.9
    endloop
  endfacet
  facet normal 0 0 1
    outer loop
      vertex 19.092 3.78757 13.9
      vertex 19.092 -1.28757 13.9
      vertex 19.3259 -0.972281 13.9
    endloop
  endfacet
  facet normal 0 0 1
    outer loop
      vertex 18.8284 4.07843 13.9
      vertex 19.092 -1.28757 13.9
      vertex 19.092 3.78757 13.9
    endloop
  endfacet
  facet normal 0 0 1
    outer loop
      vertex 18.8284 4.07843 13.9
      vertex 18.8284 -1.57843 13.9
      vertex 19.092 -1.28757 13.9
    endloop
  endfacet
  facet normal 0 0 1
    outer loop
      vertex 18.5376 4.34204 13.9
      vertex 18.8284 -1.57843 13.9
      vertex 18.8284 4.07843 13.9
    endloop
  endfacet
  facet normal 0 0 1
    outer loop
      vertex 18.5376 4.34204 13.9
      vertex 18.5376 -1.84204 13.9
      vertex 18.8284 -1.57843 13.9
    endloop
  endfacet
  facet normal 0 0 1
    outer loop
      vertex 18.2223 4.57588 13.9
      vertex 18.5376 -1.84204 13.9
      vertex 18.5376 4.34204 13.9
    endloop
  endfacet
  facet normal 0 0 1
    outer loop
      vertex 18.2223 4.57588 13.9
      vertex 18.2223 -2.07588 13.9
      vertex 18.5376 -1.84204 13.9
    endloop
  endfacet
  facet normal 0 0 1
    outer loop
      vertex 17.8856 4.77768 13.9
      vertex 18.2223 -2.07588 13.9
      vertex 18.2223 4.57588 13.9
    endloop
  endfacet
  facet normal 0 0 1
    outer loop
      vertex 17.8856 4.77768 13.9
      vertex 17.8856 -2.27768 13.9
      vertex 18.2223 -2.07588 13.9
    endloop
  endfacet
  facet normal 0 0 1
    outer loop
      vertex 17.5307 4.94552 13.9
      vertex 17.8856 -2.27768 13.9
      vertex 17.8856 4.77768 13.9
    endloop
  endfacet
  facet normal 0 0 1
    outer loop
      vertex 17.5307 4.94552 13.9
      vertex 17.5307 -2.44552 13.9
      vertex 17.8856 -2.27768 13.9
    endloop
  endfacet
  facet normal 0 0 1
    outer loop
      vertex 17.1611 5.07776 13.9
      vertex 17.5307 -2.44552 13.9
      vertex 17.5307 4.94552 13.9
    endloop
  endfacet
  facet normal 0 0 1
    outer loop
      vertex 17.1611 5.07776 13.9
      vertex 17.1611 -2.57776 13.9
      vertex 17.5307 -2.44552 13.9
    endloop
  endfacet
  facet normal 0 0 1
    outer loop
      vertex 16.7804 5.17314 13.9
      vertex 17.1611 -2.57776 13.9
      vertex 17.1611 5.07776 13.9
    endloop
  endfacet
  facet normal 0 0 1
    outer loop
      vertex 16.7804 5.17314 13.9
      vertex 16.7804 -2.67314 13.9
      vertex 17.1611 -2.57776 13.9
    endloop
  endfacet
  facet normal 0 0 1
    outer loop
      vertex 16.3921 5.23074 13.9
      vertex 16.7804 -2.67314 13.9
      vertex 16.7804 5.17314 13.9
    endloop
  endfacet
  facet normal 0 0 1
    outer loop
      vertex 16.3921 5.23074 13.9
      vertex 16.3921 -2.73074 13.9
      vertex 16.7804 -2.67314 13.9
    endloop
  endfacet
  facet normal 0 0 1
    outer loop
      vertex 16 5.25 13.9
      vertex 16.3921 -2.73074 13.9
      vertex 16.3921 5.23074 13.9
    endloop
  endfacet
  facet normal 0 0 1
    outer loop
      vertex 16 5.25 13.9
      vertex 16 -2.75 13.9
      vertex 16.3921 -2.73074 13.9
    endloop
  endfacet
  facet normal -0 0 1
    outer loop
      vertex 15.6079 5.23074 13.9
      vertex 16 -2.75 13.9
      vertex 16 5.25 13.9
    endloop
  endfacet
  facet normal 0 0 1
    outer loop
      vertex 15.6079 5.23074 13.9
      vertex 15.6079 -2.73074 13.9
      vertex 16 -2.75 13.9
    endloop
  endfacet
  facet normal -0 0 1
    outer loop
      vertex 15.2196 5.17314 13.9
      vertex 15.6079 -2.73074 13.9
      vertex 15.6079 5.23074 13.9
    endloop
  endfacet
  facet normal 0 0 1
    outer loop
      vertex 15.2196 5.17314 13.9
      vertex 15.2196 -2.67314 13.9
      vertex 15.6079 -2.73074 13.9
    endloop
  endfacet
  facet normal -0 0 1
    outer loop
      vertex 14.8389 5.07776 13.9
      vertex 15.2196 -2.67314 13.9
      vertex 15.2196 5.17314 13.9
    endloop
  endfacet
  facet normal 0 0 1
    outer loop
      vertex 14.8389 5.07776 13.9
      vertex 14.8389 -2.57776 13.9
      vertex 15.2196 -2.67314 13.9
    endloop
  endfacet
  facet normal -0 0 1
    outer loop
      vertex 14.4693 4.94552 13.9
      vertex 14.8389 -2.57776 13.9
      vertex 14.8389 5.07776 13.9
    endloop
  endfacet
  facet normal 0 0 1
    outer loop
      vertex 14.4693 4.94552 13.9
      vertex 14.4693 -2.44552 13.9
      vertex 14.8389 -2.57776 13.9
    endloop
  endfacet
  facet normal -0 0 1
    outer loop
      vertex 14.1144 4.77768 13.9
      vertex 14.4693 -2.44552 13.9
      vertex 14.4693 4.94552 13.9
    endloop
  endfacet
  facet normal 0 0 1
    outer loop
      vertex 14.1144 4.77768 13.9
      vertex 14.1144 -2.27768 13.9
      vertex 14.4693 -2.44552 13.9
    endloop
  endfacet
  facet normal -0 0 1
    outer loop
      vertex 13.7777 4.57588 13.9
      vertex 14.1144 -2.27768 13.9
      vertex 14.1144 4.77768 13.9
    endloop
  endfacet
  facet normal 0 0 1
    outer loop
      vertex 13.7777 4.57588 13.9
      vertex 13.7777 -2.07588 13.9
      vertex 14.1144 -2.27768 13.9
    endloop
  endfacet
  facet normal -0 0 1
    outer loop
      vertex 13.4624 4.34204 13.9
      vertex 13.7777 -2.07588 13.9
      vertex 13.7777 4.57588 13.9
    endloop
  endfacet
  facet normal 0 0 1
    outer loop
      vertex 13.4624 4.34204 13.9
      vertex 13.4624 -1.84204 13.9
      vertex 13.7777 -2.07588 13.9
    endloop
  endfacet
  facet normal -0 0 1
    outer loop
      vertex 13.1716 4.07843 13.9
      vertex 13.4624 -1.84204 13.9
      vertex 13.4624 4.34204 13.9
    endloop
  endfacet
  facet normal 0 0 1
    outer loop
      vertex 13.1716 4.07843 13.9
      vertex 13.1716 -1.57843 13.9
      vertex 13.4624 -1.84204 13.9
    endloop
  endfacet
  facet normal -0 0 1
    outer loop
      vertex 12.908 3.78757 13.9
      vertex 13.1716 -1.57843 13.9
      vertex 13.1716 4.07843 13.9
    endloop
  endfacet
  facet normal 0 0 1
    outer loop
      vertex 12.908 3.78757 13.9
      vertex 12.908 -1.28757 13.9
      vertex 13.1716 -1.57843 13.9
    endloop
  endfacet
  facet normal -0 0 1
    outer loop
      vertex 12.6741 3.47228 13.9
      vertex 12.908 -1.28757 13.9
      vertex 12.908 3.78757 13.9
    endloop
  endfacet
  facet normal 0 0 1
    outer loop
      vertex 12.6741 3.47228 13.9
      vertex 12.6741 -0.972281 13.9
      vertex 12.908 -1.28757 13.9
    endloop
  endfacet
  facet normal -0 0 1
    outer loop
      vertex 12.4723 3.13559 13.9
      vertex 12.6741 -0.972281 13.9
      vertex 12.6741 3.47228 13.9
    endloop
  endfacet
  facet normal 0 0 1
    outer loop
      vertex 12.4723 3.13559 13.9
      vertex 12.4723 -0.635587 13.9
      vertex 12.6741 -0.972281 13.9
    endloop
  endfacet
  facet normal -0 0 1
    outer loop
      vertex 12.3045 2.78073 13.9
      vertex 12.4723 -0.635587 13.9
      vertex 12.4723 3.13559 13.9
    endloop
  endfacet
  facet normal 0 0 1
    outer loop
      vertex 12.3045 2.78073 13.9
      vertex 12.3045 -0.280733 13.9
      vertex 12.4723 -0.635587 13.9
    endloop
  endfacet
  facet normal -0 0 1
    outer loop
      vertex 12.1722 2.41114 13.9
      vertex 12.3045 -0.280733 13.9
      vertex 12.3045 2.78073 13.9
    endloop
  endfacet
  facet normal 0 0 1
    outer loop
      vertex 12.1722 2.41114 13.9
      vertex 12.1722 0.0888615 13.9
      vertex 12.3045 -0.280733 13.9
    endloop
  endfacet
  facet normal -0 0 1
    outer loop
      vertex 12.0769 2.03036 13.9
      vertex 12.1722 0.0888615 13.9
      vertex 12.1722 2.41114 13.9
    endloop
  endfacet
  facet normal 0 0 1
    outer loop
      vertex 12.0769 2.03036 13.9
      vertex 12.0769 0.469639 13.9
      vertex 12.1722 0.0888615 13.9
    endloop
  endfacet
  facet normal -0 0 1
    outer loop
      vertex 12.0193 1.64207 13.9
      vertex 12.0769 0.469639 13.9
      vertex 12.0769 2.03036 13.9
    endloop
  endfacet
  facet normal 0 0 1
    outer loop
      vertex 12.0193 1.64207 13.9
      vertex 12.0193 0.857932 13.9
      vertex 12.0769 0.469639 13.9
    endloop
  endfacet
  facet normal 0 -0 1
    outer loop
      vertex 12.0193 0.857932 13.9
      vertex 12.0193 1.64207 13.9
      vertex 12 1.25 13.9
    endloop
  endfacet
  facet normal 0.146696 0.989182 -0
    outer loop
      vertex 16.3902 3.21157 1
      vertex 16.196 3.24037 12.4
      vertex 16.3902 3.21157 12.4
    endloop
  endfacet
  facet normal 0.146696 0.989182 0
    outer loop
      vertex 16.196 3.24037 12.4
      vertex 16.3902 3.21157 1
      vertex 16.196 3.24037 1
    endloop
  endfacet
  facet normal 0.998803 -0.0489135 0
    outer loop
      vertex 17.9904 1.05397 12.4
      vertex 18 1.25 1
      vertex 18 1.25 12.4
    endloop
  endfacet
  facet normal 0.998803 -0.0489135 0
    outer loop
      vertex 18 1.25 1
      vertex 17.9904 1.05397 12.4
      vertex 17.9904 1.05397 1
    endloop
  endfacet
  facet normal 0.903824 -0.427904 0
    outer loop
      vertex 17.7638 0.307207 12.4
      vertex 17.8478 0.484633 1
      vertex 17.8478 0.484633 12.4
    endloop
  endfacet
  facet normal 0.903824 -0.427904 0
    outer loop
      vertex 17.8478 0.484633 1
      vertex 17.7638 0.307207 12.4
      vertex 17.7638 0.307207 1
    endloop
  endfacet
  facet normal 0.242967 0.970035 -0
    outer loop
      vertex 16.5806 3.16388 1
      vertex 16.3902 3.21157 12.4
      vertex 16.5806 3.16388 12.4
    endloop
  endfacet
  facet normal 0.242967 0.970035 0
    outer loop
      vertex 16.3902 3.21157 12.4
      vertex 16.5806 3.16388 1
      vertex 16.3902 3.21157 1
    endloop
  endfacet
  facet normal 0.514196 0.857673 -0
    outer loop
      vertex 17.1111 2.91294 1
      vertex 16.9428 3.01384 12.4
      vertex 17.1111 2.91294 12.4
    endloop
  endfacet
  facet normal 0.514196 0.857673 0
    outer loop
      vertex 16.9428 3.01384 12.4
      vertex 17.1111 2.91294 1
      vertex 16.9428 3.01384 1
    endloop
  endfacet
  facet normal 0.595573 0.803301 -0
    outer loop
      vertex 17.2688 2.79602 1
      vertex 17.1111 2.91294 12.4
      vertex 17.2688 2.79602 12.4
    endloop
  endfacet
  facet normal 0.595573 0.803301 0
    outer loop
      vertex 17.1111 2.91294 12.4
      vertex 17.2688 2.79602 1
      vertex 17.1111 2.91294 1
    endloop
  endfacet
  facet normal 0.0490785 -0.998795 0
    outer loop
      vertex 16 -0.75 1
      vertex 16.196 -0.740369 12.4
      vertex 16 -0.75 12.4
    endloop
  endfacet
  facet normal 0.0490785 -0.998795 0
    outer loop
      vertex 16.196 -0.740369 12.4
      vertex 16 -0.75 1
      vertex 16.196 -0.740369 1
    endloop
  endfacet
  facet normal 0.94158 0.336788 0
    outer loop
      vertex 17.9139 1.83057 12.4
      vertex 17.8478 2.01537 1
      vertex 17.8478 2.01537 12.4
    endloop
  endfacet
  facet normal 0.94158 0.336788 0
    outer loop
      vertex 17.8478 2.01537 1
      vertex 17.9139 1.83057 12.4
      vertex 17.9139 1.83057 1
    endloop
  endfacet
  facet normal 0.857736 -0.51409 0
    outer loop
      vertex 17.6629 0.13886 12.4
      vertex 17.7638 0.307207 1
      vertex 17.7638 0.307207 12.4
    endloop
  endfacet
  facet normal 0.857736 -0.51409 0
    outer loop
      vertex 17.7638 0.307207 1
      vertex 17.6629 0.13886 12.4
      vertex 17.6629 0.13886 1
    endloop
  endfacet
  facet normal -0.998803 0.0489135 0
    outer loop
      vertex 14 1.25 1
      vertex 14.0096 1.44603 12.4
      vertex 14.0096 1.44603 1
    endloop
  endfacet
  facet normal -0.998803 0.0489135 0
    outer loop
      vertex 14.0096 1.44603 12.4
      vertex 14 1.25 1
      vertex 14 1.25 12.4
    endloop
  endfacet
  facet normal 0.941579 -0.336791 0
    outer loop
      vertex 17.8478 0.484633 12.4
      vertex 17.9139 0.669431 1
      vertex 17.9139 0.669431 12.4
    endloop
  endfacet
  facet normal 0.941579 -0.336791 0
    outer loop
      vertex 17.9139 0.669431 1
      vertex 17.8478 0.484633 12.4
      vertex 17.8478 0.484633 1
    endloop
  endfacet
  facet normal 0.740954 0.671556 0
    outer loop
      vertex 17.546 2.51879 12.4
      vertex 17.4142 2.66421 1
      vertex 17.4142 2.66421 12.4
    endloop
  endfacet
  facet normal 0.740954 0.671556 0
    outer loop
      vertex 17.4142 2.66421 1
      vertex 17.546 2.51879 12.4
      vertex 17.546 2.51879 1
    endloop
  endfacet
  facet normal 0.903819 0.427916 0
    outer loop
      vertex 17.8478 2.01537 12.4
      vertex 17.7638 2.19279 1
      vertex 17.7638 2.19279 12.4
    endloop
  endfacet
  facet normal 0.903819 0.427916 0
    outer loop
      vertex 17.7638 2.19279 1
      vertex 17.8478 2.01537 12.4
      vertex 17.8478 2.01537 1
    endloop
  endfacet
  facet normal 0.595567 -0.803306 0
    outer loop
      vertex 17.1111 -0.412939 1
      vertex 17.2688 -0.296021 12.4
      vertex 17.1111 -0.412939 12.4
    endloop
  endfacet
  facet normal 0.595567 -0.803306 0
    outer loop
      vertex 17.2688 -0.296021 12.4
      vertex 17.1111 -0.412939 1
      vertex 17.2688 -0.296021 1
    endloop
  endfacet
  facet normal 0.85774 0.514084 0
    outer loop
      vertex 17.7638 2.19279 12.4
      vertex 17.6629 2.36114 1
      vertex 17.6629 2.36114 12.4
    endloop
  endfacet
  facet normal 0.85774 0.514084 0
    outer loop
      vertex 17.6629 2.36114 1
      vertex 17.7638 2.19279 12.4
      vertex 17.7638 2.19279 1
    endloop
  endfacet
  facet normal -0.671635 0.740882 0
    outer loop
      vertex 14.7312 2.79602 1
      vertex 14.5858 2.66421 12.4
      vertex 14.7312 2.79602 12.4
    endloop
  endfacet
  facet normal -0.671635 0.740882 0
    outer loop
      vertex 14.5858 2.66421 12.4
      vertex 14.7312 2.79602 1
      vertex 14.5858 2.66421 1
    endloop
  endfacet
  facet normal -0.903819 0.427916 0
    outer loop
      vertex 14.1522 2.01537 1
      vertex 14.2362 2.19279 12.4
      vertex 14.2362 2.19279 1
    endloop
  endfacet
  facet normal -0.903819 0.427916 0
    outer loop
      vertex 14.2362 2.19279 12.4
      vertex 14.1522 2.01537 1
      vertex 14.1522 2.01537 12.4
    endloop
  endfacet
  facet normal 0.671635 0.740882 -0
    outer loop
      vertex 17.4142 2.66421 1
      vertex 17.2688 2.79602 12.4
      vertex 17.4142 2.66421 12.4
    endloop
  endfacet
  facet normal 0.671635 0.740882 0
    outer loop
      vertex 17.2688 2.79602 12.4
      vertex 17.4142 2.66421 1
      vertex 17.2688 2.79602 1
    endloop
  endfacet
  facet normal -0.0490735 0.998795 0
    outer loop
      vertex 16 3.25 1
      vertex 15.804 3.24037 12.4
      vertex 16 3.25 12.4
    endloop
  endfacet
  facet normal -0.0490735 0.998795 0
    outer loop
      vertex 15.804 3.24037 12.4
      vertex 16 3.25 1
      vertex 15.804 3.24037 1
    endloop
  endfacet
  facet normal -0.740969 -0.671539 0
    outer loop
      vertex 14.5858 -0.164213 1
      vertex 14.454 -0.0187864 12.4
      vertex 14.454 -0.0187864 1
    endloop
  endfacet
  facet normal -0.740969 -0.671539 0
    outer loop
      vertex 14.454 -0.0187864 12.4
      vertex 14.5858 -0.164213 1
      vertex 14.5858 -0.164213 12.4
    endloop
  endfacet
  facet normal -0.595567 -0.803306 0
    outer loop
      vertex 14.7312 -0.296021 1
      vertex 14.8889 -0.412939 12.4
      vertex 14.7312 -0.296021 12.4
    endloop
  endfacet
  facet normal -0.595567 -0.803306 -0
    outer loop
      vertex 14.8889 -0.412939 12.4
      vertex 14.7312 -0.296021 1
      vertex 14.8889 -0.412939 1
    endloop
  endfacet
  facet normal -0.989176 -0.146733 0
    outer loop
      vertex 14.0384 0.859819 1
      vertex 14.0096 1.05397 12.4
      vertex 14.0096 1.05397 1
    endloop
  endfacet
  facet normal -0.989176 -0.146733 0
    outer loop
      vertex 14.0096 1.05397 12.4
      vertex 14.0384 0.859819 1
      vertex 14.0384 0.859819 12.4
    endloop
  endfacet
  facet normal -0.803253 -0.595638 0
    outer loop
      vertex 14.454 -0.0187864 1
      vertex 14.3371 0.13886 12.4
      vertex 14.3371 0.13886 1
    endloop
  endfacet
  facet normal -0.803253 -0.595638 0
    outer loop
      vertex 14.3371 0.13886 12.4
      vertex 14.454 -0.0187864 1
      vertex 14.454 -0.0187864 12.4
    endloop
  endfacet
  facet normal -0.998803 -0.0489135 0
    outer loop
      vertex 14.0096 1.05397 1
      vertex 14 1.25 12.4
      vertex 14 1.25 1
    endloop
  endfacet
  facet normal -0.998803 -0.0489135 0
    outer loop
      vertex 14 1.25 12.4
      vertex 14.0096 1.05397 1
      vertex 14.0096 1.05397 12.4
    endloop
  endfacet
  facet normal -0.970019 0.243027 0
    outer loop
      vertex 14.0384 1.64018 1
      vertex 14.0861 1.83057 12.4
      vertex 14.0861 1.83057 1
    endloop
  endfacet
  facet normal -0.970019 0.243027 0
    outer loop
      vertex 14.0861 1.83057 12.4
      vertex 14.0384 1.64018 1
      vertex 14.0384 1.64018 12.4
    endloop
  endfacet
  facet normal -0.803259 0.59563 0
    outer loop
      vertex 14.3371 2.36114 1
      vertex 14.454 2.51879 12.4
      vertex 14.454 2.51879 1
    endloop
  endfacet
  facet normal -0.803259 0.59563 0
    outer loop
      vertex 14.454 2.51879 12.4
      vertex 14.3371 2.36114 1
      vertex 14.3371 2.36114 12.4
    endloop
  endfacet
  facet normal 0.514207 -0.857666 0
    outer loop
      vertex 16.9428 -0.513842 1
      vertex 17.1111 -0.412939 12.4
      vertex 16.9428 -0.513842 12.4
    endloop
  endfacet
  facet normal 0.514207 -0.857666 0
    outer loop
      vertex 17.1111 -0.412939 12.4
      vertex 16.9428 -0.513842 1
      vertex 17.1111 -0.412939 1
    endloop
  endfacet
  facet normal -0.427605 -0.903966 0
    outer loop
      vertex 15.0572 -0.513842 1
      vertex 15.2346 -0.597758 12.4
      vertex 15.0572 -0.513842 12.4
    endloop
  endfacet
  facet normal -0.427605 -0.903966 -0
    outer loop
      vertex 15.2346 -0.597758 12.4
      vertex 15.0572 -0.513842 1
      vertex 15.2346 -0.597758 1
    endloop
  endfacet
  facet normal -0.0490785 -0.998795 0
    outer loop
      vertex 15.804 -0.740369 1
      vertex 16 -0.75 12.4
      vertex 15.804 -0.740369 12.4
    endloop
  endfacet
  facet normal -0.0490785 -0.998795 -0
    outer loop
      vertex 16 -0.75 12.4
      vertex 15.804 -0.740369 1
      vertex 16 -0.75 1
    endloop
  endfacet
  facet normal -0.146691 -0.989182 0
    outer loop
      vertex 15.6098 -0.71157 1
      vertex 15.804 -0.740369 12.4
      vertex 15.6098 -0.71157 12.4
    endloop
  endfacet
  facet normal -0.146691 -0.989182 -0
    outer loop
      vertex 15.804 -0.740369 12.4
      vertex 15.6098 -0.71157 1
      vertex 15.804 -0.740369 1
    endloop
  endfacet
  facet normal -0.903824 -0.427904 0
    outer loop
      vertex 14.2362 0.307207 1
      vertex 14.1522 0.484633 12.4
      vertex 14.1522 0.484633 1
    endloop
  endfacet
  facet normal -0.903824 -0.427904 0
    outer loop
      vertex 14.1522 0.484633 12.4
      vertex 14.2362 0.307207 1
      vertex 14.2362 0.307207 12.4
    endloop
  endfacet
  facet normal -0.989176 0.146733 0
    outer loop
      vertex 14.0096 1.44603 1
      vertex 14.0384 1.64018 12.4
      vertex 14.0384 1.64018 1
    endloop
  endfacet
  facet normal -0.989176 0.146733 0
    outer loop
      vertex 14.0384 1.64018 12.4
      vertex 14.0096 1.44603 1
      vertex 14.0096 1.44603 12.4
    endloop
  endfacet
  facet normal -0.336888 -0.941545 0
    outer loop
      vertex 15.2346 -0.597758 1
      vertex 15.4194 -0.66388 12.4
      vertex 15.2346 -0.597758 12.4
    endloop
  endfacet
  facet normal -0.336888 -0.941545 -0
    outer loop
      vertex 15.4194 -0.66388 12.4
      vertex 15.2346 -0.597758 1
      vertex 15.4194 -0.66388 1
    endloop
  endfacet
  facet normal -0.427523 -0.904004 0
    outer loop
      vertex 14.1144 -2.27768 12.4
      vertex 14.4693 -2.44552 13.9
      vertex 14.1144 -2.27768 13.9
    endloop
  endfacet
  facet normal -0.427523 -0.904004 -0
    outer loop
      vertex 14.4693 -2.44552 13.9
      vertex 14.1144 -2.27768 12.4
      vertex 14.4693 -2.44552 12.4
    endloop
  endfacet
  facet normal 0.989176 0.146737 0
    outer loop
      vertex 19.9807 1.64207 13.9
      vertex 19.9231 2.03036 12.4
      vertex 19.9231 2.03036 13.9
    endloop
  endfacet
  facet normal 0.989176 0.146737 0
    outer loop
      vertex 19.9231 2.03036 12.4
      vertex 19.9807 1.64207 13.9
      vertex 19.9807 1.64207 12.4
    endloop
  endfacet
  facet normal 0.998791 0.0491664 0
    outer loop
      vertex 20 1.25 13.9
      vertex 19.9807 1.64207 12.4
      vertex 19.9807 1.64207 13.9
    endloop
  endfacet
  facet normal 0.998791 0.0491664 0
    outer loop
      vertex 19.9807 1.64207 12.4
      vertex 20 1.25 13.9
      vertex 20 1.25 12.4
    endloop
  endfacet
  facet normal 0.97008 0.242787 0
    outer loop
      vertex 19.9231 2.03036 13.9
      vertex 19.8278 2.41114 12.4
      vertex 19.8278 2.41114 13.9
    endloop
  endfacet
  facet normal 0.97008 0.242787 0
    outer loop
      vertex 19.8278 2.41114 12.4
      vertex 19.9231 2.03036 13.9
      vertex 19.9231 2.03036 12.4
    endloop
  endfacet
  facet normal 0.427523 -0.904004 0
    outer loop
      vertex 17.5307 -2.44552 12.4
      vertex 17.8856 -2.27768 13.9
      vertex 17.5307 -2.44552 13.9
    endloop
  endfacet
  facet normal 0.427523 -0.904004 0
    outer loop
      vertex 17.8856 -2.27768 13.9
      vertex 17.5307 -2.44552 12.4
      vertex 17.8856 -2.27768 12.4
    endloop
  endfacet
  facet normal -0.671621 0.740895 0
    outer loop
      vertex 13.4624 4.34204 12.4
      vertex 13.1716 4.07843 13.9
      vertex 13.4624 4.34204 13.9
    endloop
  endfacet
  facet normal -0.671621 0.740895 0
    outer loop
      vertex 13.1716 4.07843 13.9
      vertex 13.4624 4.34204 12.4
      vertex 13.1716 4.07843 12.4
    endloop
  endfacet
  facet normal -0.970079 -0.242789 0
    outer loop
      vertex 12.1722 0.0888615 12.4
      vertex 12.0769 0.469639 13.9
      vertex 12.0769 0.469639 12.4
    endloop
  endfacet
  facet normal -0.970079 -0.242789 0
    outer loop
      vertex 12.0769 0.469639 13.9
      vertex 12.1722 0.0888615 12.4
      vertex 12.1722 0.0888615 13.9
    endloop
  endfacet
  facet normal 0.427523 0.904004 -0
    outer loop
      vertex 17.8856 4.77768 12.4
      vertex 17.5307 4.94552 13.9
      vertex 17.8856 4.77768 13.9
    endloop
  endfacet
  facet normal 0.427523 0.904004 0
    outer loop
      vertex 17.5307 4.94552 13.9
      vertex 17.8856 4.77768 12.4
      vertex 17.5307 4.94552 12.4
    endloop
  endfacet
  facet normal -0.989176 0.146737 0
    outer loop
      vertex 12.0193 1.64207 12.4
      vertex 12.0769 2.03036 13.9
      vertex 12.0769 2.03036 12.4
    endloop
  endfacet
  facet normal -0.989176 0.146737 0
    outer loop
      vertex 12.0769 2.03036 13.9
      vertex 12.0193 1.64207 12.4
      vertex 12.0193 1.64207 13.9
    endloop
  endfacet
  facet normal -0.146733 -0.989176 0
    outer loop
      vertex 15.2196 -2.67314 12.4
      vertex 15.6079 -2.73074 13.9
      vertex 15.2196 -2.67314 13.9
    endloop
  endfacet
  facet normal -0.146733 -0.989176 -0
    outer loop
      vertex 15.6079 -2.73074 13.9
      vertex 15.2196 -2.67314 12.4
      vertex 15.6079 -2.73074 12.4
    endloop
  endfacet
  facet normal 0.243027 0.970019 -0
    outer loop
      vertex 17.1611 5.07776 12.4
      vertex 16.7804 5.17314 13.9
      vertex 17.1611 5.07776 13.9
    endloop
  endfacet
  facet normal 0.243027 0.970019 0
    outer loop
      vertex 16.7804 5.17314 13.9
      vertex 17.1611 5.07776 12.4
      vertex 16.7804 5.17314 12.4
    endloop
  endfacet
  facet normal -0.740977 0.671531 0
    outer loop
      vertex 12.908 3.78757 12.4
      vertex 13.1716 4.07843 13.9
      vertex 13.1716 4.07843 12.4
    endloop
  endfacet
  facet normal -0.740977 0.671531 0
    outer loop
      vertex 13.1716 4.07843 13.9
      vertex 12.908 3.78757 12.4
      vertex 12.908 3.78757 13.9
    endloop
  endfacet
  facet normal 0.514084 -0.85774 0
    outer loop
      vertex 17.8856 -2.27768 12.4
      vertex 18.2223 -2.07588 13.9
      vertex 17.8856 -2.27768 13.9
    endloop
  endfacet
  facet normal 0.514084 -0.85774 0
    outer loop
      vertex 18.2223 -2.07588 13.9
      vertex 17.8856 -2.27768 12.4
      vertex 18.2223 -2.07588 12.4
    endloop
  endfacet
  facet normal -0.243027 -0.970019 0
    outer loop
      vertex 14.8389 -2.57776 12.4
      vertex 15.2196 -2.67314 13.9
      vertex 14.8389 -2.57776 13.9
    endloop
  endfacet
  facet normal -0.243027 -0.970019 -0
    outer loop
      vertex 15.2196 -2.67314 13.9
      vertex 14.8389 -2.57776 12.4
      vertex 15.2196 -2.67314 12.4
    endloop
  endfacet
  facet normal -0.336879 -0.941548 0
    outer loop
      vertex 14.4693 -2.44552 12.4
      vertex 14.8389 -2.57776 13.9
      vertex 14.4693 -2.44552 13.9
    endloop
  endfacet
  facet normal -0.336879 -0.941548 -0
    outer loop
      vertex 14.8389 -2.57776 13.9
      vertex 14.4693 -2.44552 12.4
      vertex 14.8389 -2.57776 12.4
    endloop
  endfacet
  facet normal -0.336879 0.941548 0
    outer loop
      vertex 14.8389 5.07776 12.4
      vertex 14.4693 4.94552 13.9
      vertex 14.8389 5.07776 13.9
    endloop
  endfacet
  facet normal -0.336879 0.941548 0
    outer loop
      vertex 14.4693 4.94552 13.9
      vertex 14.8389 5.07776 12.4
      vertex 14.4693 4.94552 12.4
    endloop
  endfacet
  facet normal 0.049061 -0.998796 0
    outer loop
      vertex 16 -2.75 12.4
      vertex 16.3921 -2.73074 13.9
      vertex 16 -2.75 13.9
    endloop
  endfacet
  facet normal 0.049061 -0.998796 0
    outer loop
      vertex 16.3921 -2.73074 13.9
      vertex 16 -2.75 12.4
      vertex 16.3921 -2.73074 12.4
    endloop
  endfacet
  facet normal 0.146733 -0.989176 0
    outer loop
      vertex 16.3921 -2.73074 12.4
      vertex 16.7804 -2.67314 13.9
      vertex 16.3921 -2.73074 13.9
    endloop
  endfacet
  facet normal 0.146733 -0.989176 0
    outer loop
      vertex 16.7804 -2.67314 13.9
      vertex 16.3921 -2.73074 12.4
      vertex 16.7804 -2.67314 12.4
    endloop
  endfacet
  facet normal -0.049061 0.998796 0
    outer loop
      vertex 16 5.25 12.4
      vertex 15.6079 5.23074 13.9
      vertex 16 5.25 13.9
    endloop
  endfacet
  facet normal -0.049061 0.998796 0
    outer loop
      vertex 15.6079 5.23074 13.9
      vertex 16 5.25 12.4
      vertex 15.6079 5.23074 12.4
    endloop
  endfacet
  facet normal -0.595695 -0.80321 0
    outer loop
      vertex 13.4624 -1.84204 12.4
      vertex 13.7777 -2.07588 13.9
      vertex 13.4624 -1.84204 13.9
    endloop
  endfacet
  facet normal -0.595695 -0.80321 -0
    outer loop
      vertex 13.7777 -2.07588 13.9
      vertex 13.4624 -1.84204 12.4
      vertex 13.7777 -2.07588 12.4
    endloop
  endfacet
  facet normal -0.904022 -0.427485 0
    outer loop
      vertex 12.4723 -0.635587 12.4
      vertex 12.3045 -0.280733 13.9
      vertex 12.3045 -0.280733 12.4
    endloop
  endfacet
  facet normal -0.904022 -0.427485 0
    outer loop
      vertex 12.3045 -0.280733 13.9
      vertex 12.4723 -0.635587 12.4
      vertex 12.4723 -0.635587 13.9
    endloop
  endfacet
  facet normal -0.146733 0.989176 0
    outer loop
      vertex 15.6079 5.23074 12.4
      vertex 15.2196 5.17314 13.9
      vertex 15.6079 5.23074 13.9
    endloop
  endfacet
  facet normal -0.146733 0.989176 0
    outer loop
      vertex 15.2196 5.17314 13.9
      vertex 15.6079 5.23074 12.4
      vertex 15.2196 5.17314 12.4
    endloop
  endfacet
  facet normal 0.049061 0.998796 -0
    outer loop
      vertex 16.3921 5.23074 12.4
      vertex 16 5.25 13.9
      vertex 16.3921 5.23074 13.9
    endloop
  endfacet
  facet normal 0.049061 0.998796 0
    outer loop
      vertex 16 5.25 13.9
      vertex 16.3921 5.23074 12.4
      vertex 16 5.25 12.4
    endloop
  endfacet
  facet normal 0.514084 0.85774 -0
    outer loop
      vertex 18.2223 4.57588 12.4
      vertex 17.8856 4.77768 13.9
      vertex 18.2223 4.57588 13.9
    endloop
  endfacet
  facet normal 0.514084 0.85774 0
    outer loop
      vertex 17.8856 4.77768 13.9
      vertex 18.2223 4.57588 12.4
      vertex 17.8856 4.77768 12.4
    endloop
  endfacet
  facet normal -0.998791 -0.0491666 0
    outer loop
      vertex 12.0193 0.857932 12.4
      vertex 12 1.25 13.9
      vertex 12 1.25 12.4
    endloop
  endfacet
  facet normal -0.998791 -0.0491666 0
    outer loop
      vertex 12 1.25 13.9
      vertex 12.0193 0.857932 12.4
      vertex 12.0193 0.857932 13.9
    endloop
  endfacet
  facet normal 0.970079 -0.242789 0
    outer loop
      vertex 19.8278 0.0888615 13.9
      vertex 19.9231 0.469639 12.4
      vertex 19.9231 0.469639 13.9
    endloop
  endfacet
  facet normal 0.970079 -0.242789 0
    outer loop
      vertex 19.9231 0.469639 12.4
      vertex 19.8278 0.0888615 13.9
      vertex 19.8278 0.0888615 12.4
    endloop
  endfacet
  facet normal 0.740977 0.671531 0
    outer loop
      vertex 19.092 3.78757 13.9
      vertex 18.8284 4.07843 12.4
      vertex 18.8284 4.07843 13.9
    endloop
  endfacet
  facet normal 0.740977 0.671531 0
    outer loop
      vertex 18.8284 4.07843 12.4
      vertex 19.092 3.78757 13.9
      vertex 19.092 3.78757 12.4
    endloop
  endfacet
  facet normal 0.595695 0.80321 -0
    outer loop
      vertex 18.5376 4.34204 12.4
      vertex 18.2223 4.57588 13.9
      vertex 18.5376 4.34204 13.9
    endloop
  endfacet
  facet normal 0.595695 0.80321 0
    outer loop
      vertex 18.2223 4.57588 13.9
      vertex 18.5376 4.34204 12.4
      vertex 18.2223 4.57588 12.4
    endloop
  endfacet
  facet normal -0.595695 0.80321 0
    outer loop
      vertex 13.7777 4.57588 12.4
      vertex 13.4624 4.34204 13.9
      vertex 13.7777 4.57588 13.9
    endloop
  endfacet
  facet normal -0.595695 0.80321 0
    outer loop
      vertex 13.4624 4.34204 13.9
      vertex 13.7777 4.57588 12.4
      vertex 13.4624 4.34204 12.4
    endloop
  endfacet
  facet normal 0.803128 0.595806 0
    outer loop
      vertex 19.3259 3.47228 13.9
      vertex 19.092 3.78757 12.4
      vertex 19.092 3.78757 13.9
    endloop
  endfacet
  facet normal 0.803128 0.595806 0
    outer loop
      vertex 19.092 3.78757 12.4
      vertex 19.3259 3.47228 13.9
      vertex 19.3259 3.47228 12.4
    endloop
  endfacet
  facet normal 0.989176 -0.146736 0
    outer loop
      vertex 19.9231 0.469639 13.9
      vertex 19.9807 0.857932 12.4
      vertex 19.9807 0.857932 13.9
    endloop
  endfacet
  facet normal 0.989176 -0.146736 0
    outer loop
      vertex 19.9807 0.857932 12.4
      vertex 19.9231 0.469639 13.9
      vertex 19.9231 0.469639 12.4
    endloop
  endfacet
  facet normal -0.941497 0.337022 0
    outer loop
      vertex 12.1722 2.41114 12.4
      vertex 12.3045 2.78073 13.9
      vertex 12.3045 2.78073 12.4
    endloop
  endfacet
  facet normal -0.941497 0.337022 0
    outer loop
      vertex 12.3045 2.78073 13.9
      vertex 12.1722 2.41114 12.4
      vertex 12.1722 2.41114 13.9
    endloop
  endfacet
  facet normal 0.904022 -0.427485 0
    outer loop
      vertex 19.5277 -0.635587 13.9
      vertex 19.6955 -0.280733 12.4
      vertex 19.6955 -0.280733 13.9
    endloop
  endfacet
  facet normal 0.904022 -0.427485 0
    outer loop
      vertex 19.6955 -0.280733 12.4
      vertex 19.5277 -0.635587 13.9
      vertex 19.5277 -0.635587 12.4
    endloop
  endfacet
  facet normal 0.336879 0.941548 -0
    outer loop
      vertex 17.5307 4.94552 12.4
      vertex 17.1611 5.07776 13.9
      vertex 17.5307 4.94552 13.9
    endloop
  endfacet
  facet normal 0.336879 0.941548 0
    outer loop
      vertex 17.1611 5.07776 13.9
      vertex 17.5307 4.94552 12.4
      vertex 17.1611 5.07776 12.4
    endloop
  endfacet
  facet normal 0.998791 -0.0491666 0
    outer loop
      vertex 19.9807 0.857932 13.9
      vertex 20 1.25 12.4
      vertex 20 1.25 13.9
    endloop
  endfacet
  facet normal 0.998791 -0.0491666 0
    outer loop
      vertex 20 1.25 12.4
      vertex 19.9807 0.857932 13.9
      vertex 19.9807 0.857932 12.4
    endloop
  endfacet
  facet normal 0 0 -1
    outer loop
      vertex 18 1.25 12.4
      vertex 20 1.25 12.4
      vertex 19.9807 0.857932 12.4
    endloop
  endfacet
  facet normal 0 0 -1
    outer loop
      vertex 17.9904 1.05397 12.4
      vertex 19.9807 0.857932 12.4
      vertex 19.9231 0.469639 12.4
    endloop
  endfacet
  facet normal 0 0 -1
    outer loop
      vertex 20 1.25 12.4
      vertex 18 1.25 12.4
      vertex 19.9807 1.64207 12.4
    endloop
  endfacet
  facet normal 0 0 -1
    outer loop
      vertex 17.9616 0.859819 12.4
      vertex 19.9231 0.469639 12.4
      vertex 19.8278 0.0888615 12.4
    endloop
  endfacet
  facet normal 0 0 -1
    outer loop
      vertex 17.9904 1.44603 12.4
      vertex 19.9807 1.64207 12.4
      vertex 18 1.25 12.4
    endloop
  endfacet
  facet normal 0 0 -1
    outer loop
      vertex 17.9139 0.669431 12.4
      vertex 19.8278 0.0888615 12.4
      vertex 19.6955 -0.280733 12.4
    endloop
  endfacet
  facet normal -0 0 -1
    outer loop
      vertex 19.9807 1.64207 12.4
      vertex 17.9904 1.44603 12.4
      vertex 19.9231 2.03036 12.4
    endloop
  endfacet
  facet normal 0 0 -1
    outer loop
      vertex 17.8478 0.484633 12.4
      vertex 19.6955 -0.280733 12.4
      vertex 19.5277 -0.635587 12.4
    endloop
  endfacet
  facet normal 0 0 -1
    outer loop
      vertex 17.9616 1.64018 12.4
      vertex 19.9231 2.03036 12.4
      vertex 17.9904 1.44603 12.4
    endloop
  endfacet
  facet normal 0 0 -1
    outer loop
      vertex 17.7638 0.307207 12.4
      vertex 19.5277 -0.635587 12.4
      vertex 19.3259 -0.972281 12.4
    endloop
  endfacet
  facet normal -0 0 -1
    outer loop
      vertex 19.9231 2.03036 12.4
      vertex 17.9616 1.64018 12.4
      vertex 19.8278 2.41114 12.4
    endloop
  endfacet
  facet normal 0 0 -1
    outer loop
      vertex 17.6629 0.13886 12.4
      vertex 19.3259 -0.972281 12.4
      vertex 19.092 -1.28757 12.4
    endloop
  endfacet
  facet normal 0 0 -1
    outer loop
      vertex 17.9139 1.83057 12.4
      vertex 19.8278 2.41114 12.4
      vertex 17.9616 1.64018 12.4
    endloop
  endfacet
  facet normal 0 0 -1
    outer loop
      vertex 17.546 -0.0187864 12.4
      vertex 19.092 -1.28757 12.4
      vertex 18.8284 -1.57843 12.4
    endloop
  endfacet
  facet normal -0 0 -1
    outer loop
      vertex 19.8278 2.41114 12.4
      vertex 17.9139 1.83057 12.4
      vertex 19.6955 2.78073 12.4
    endloop
  endfacet
  facet normal 0 0 -1
    outer loop
      vertex 17.4142 -0.164213 12.4
      vertex 18.8284 -1.57843 12.4
      vertex 18.5376 -1.84204 12.4
    endloop
  endfacet
  facet normal 0 0 -1
    outer loop
      vertex 17.8478 2.01537 12.4
      vertex 19.6955 2.78073 12.4
      vertex 17.9139 1.83057 12.4
    endloop
  endfacet
  facet normal 0 0 -1
    outer loop
      vertex 17.2688 -0.296021 12.4
      vertex 18.5376 -1.84204 12.4
      vertex 18.2223 -2.07588 12.4
    endloop
  endfacet
  facet normal -0 0 -1
    outer loop
      vertex 19.6955 2.78073 12.4
      vertex 17.8478 2.01537 12.4
      vertex 19.5277 3.13559 12.4
    endloop
  endfacet
  facet normal 0 0 -1
    outer loop
      vertex 17.7638 2.19279 12.4
      vertex 19.5277 3.13559 12.4
      vertex 17.8478 2.01537 12.4
    endloop
  endfacet
  facet normal 0 0 -1
    outer loop
      vertex 19.9807 0.857932 12.4
      vertex 17.9904 1.05397 12.4
      vertex 18 1.25 12.4
    endloop
  endfacet
  facet normal 0 0 -1
    outer loop
      vertex 19.9231 0.469639 12.4
      vertex 17.9616 0.859819 12.4
      vertex 17.9904 1.05397 12.4
    endloop
  endfacet
  facet normal 0 0 -1
    outer loop
      vertex 19.8278 0.0888615 12.4
      vertex 17.9139 0.669431 12.4
      vertex 17.9616 0.859819 12.4
    endloop
  endfacet
  facet normal 0 0 -1
    outer loop
      vertex 17.1111 -0.412939 12.4
      vertex 18.2223 -2.07588 12.4
      vertex 17.8856 -2.27768 12.4
    endloop
  endfacet
  facet normal 0 0 -1
    outer loop
      vertex 19.6955 -0.280733 12.4
      vertex 17.8478 0.484633 12.4
      vertex 17.9139 0.669431 12.4
    endloop
  endfacet
  facet normal 0 0 -1
    outer loop
      vertex 19.5277 -0.635587 12.4
      vertex 17.7638 0.307207 12.4
      vertex 17.8478 0.484633 12.4
    endloop
  endfacet
  facet normal 0 0 -1
    outer loop
      vertex 19.3259 -0.972281 12.4
      vertex 17.6629 0.13886 12.4
      vertex 17.7638 0.307207 12.4
    endloop
  endfacet
  facet normal 0 0 -1
    outer loop
      vertex 19.092 -1.28757 12.4
      vertex 17.546 -0.0187864 12.4
      vertex 17.6629 0.13886 12.4
    endloop
  endfacet
  facet normal 0 0 -1
    outer loop
      vertex 16.9428 -0.513842 12.4
      vertex 17.8856 -2.27768 12.4
      vertex 17.5307 -2.44552 12.4
    endloop
  endfacet
  facet normal 0 0 -1
    outer loop
      vertex 18.8284 -1.57843 12.4
      vertex 17.4142 -0.164213 12.4
      vertex 17.546 -0.0187864 12.4
    endloop
  endfacet
  facet normal 0 0 -1
    outer loop
      vertex 18.5376 -1.84204 12.4
      vertex 17.2688 -0.296021 12.4
      vertex 17.4142 -0.164213 12.4
    endloop
  endfacet
  facet normal 0 0 -1
    outer loop
      vertex 16.7654 -0.597758 12.4
      vertex 17.5307 -2.44552 12.4
      vertex 17.1611 -2.57776 12.4
    endloop
  endfacet
  facet normal 0 0 -1
    outer loop
      vertex 18.2223 -2.07588 12.4
      vertex 17.1111 -0.412939 12.4
      vertex 17.2688 -0.296021 12.4
    endloop
  endfacet
  facet normal 0 0 -1
    outer loop
      vertex 17.8856 -2.27768 12.4
      vertex 16.9428 -0.513842 12.4
      vertex 17.1111 -0.412939 12.4
    endloop
  endfacet
  facet normal 0 0 -1
    outer loop
      vertex 16.5806 -0.66388 12.4
      vertex 17.1611 -2.57776 12.4
      vertex 16.7804 -2.67314 12.4
    endloop
  endfacet
  facet normal 0 0 -1
    outer loop
      vertex 17.5307 -2.44552 12.4
      vertex 16.7654 -0.597758 12.4
      vertex 16.9428 -0.513842 12.4
    endloop
  endfacet
  facet normal 0 0 -1
    outer loop
      vertex 17.1611 -2.57776 12.4
      vertex 16.5806 -0.66388 12.4
      vertex 16.7654 -0.597758 12.4
    endloop
  endfacet
  facet normal 0 0 -1
    outer loop
      vertex 16.3902 -0.71157 12.4
      vertex 16.7804 -2.67314 12.4
      vertex 16.3921 -2.73074 12.4
    endloop
  endfacet
  facet normal 0 0 -1
    outer loop
      vertex 16.7804 -2.67314 12.4
      vertex 16.3902 -0.71157 12.4
      vertex 16.5806 -0.66388 12.4
    endloop
  endfacet
  facet normal 0 0 -1
    outer loop
      vertex 16.3921 -2.73074 12.4
      vertex 16.196 -0.740369 12.4
      vertex 16.3902 -0.71157 12.4
    endloop
  endfacet
  facet normal 0 0 -1
    outer loop
      vertex 16 -2.75 12.4
      vertex 16.196 -0.740369 12.4
      vertex 16.3921 -2.73074 12.4
    endloop
  endfacet
  facet normal 0 0 -1
    outer loop
      vertex 16 -2.75 12.4
      vertex 16 -0.75 12.4
      vertex 16.196 -0.740369 12.4
    endloop
  endfacet
  facet normal 0 0 -1
    outer loop
      vertex 16 -2.75 12.4
      vertex 15.804 -0.740369 12.4
      vertex 16 -0.75 12.4
    endloop
  endfacet
  facet normal 0 0 -1
    outer loop
      vertex 15.6079 -2.73074 12.4
      vertex 15.804 -0.740369 12.4
      vertex 16 -2.75 12.4
    endloop
  endfacet
  facet normal -0 0 -1
    outer loop
      vertex 15.804 -0.740369 12.4
      vertex 15.6079 -2.73074 12.4
      vertex 15.6098 -0.71157 12.4
    endloop
  endfacet
  facet normal 0 0 -1
    outer loop
      vertex 15.2196 -2.67314 12.4
      vertex 15.6098 -0.71157 12.4
      vertex 15.6079 -2.73074 12.4
    endloop
  endfacet
  facet normal -0 0 -1
    outer loop
      vertex 15.6098 -0.71157 12.4
      vertex 15.2196 -2.67314 12.4
      vertex 15.4194 -0.66388 12.4
    endloop
  endfacet
  facet normal 0 0 -1
    outer loop
      vertex 14.8389 -2.57776 12.4
      vertex 15.4194 -0.66388 12.4
      vertex 15.2196 -2.67314 12.4
    endloop
  endfacet
  facet normal -0 0 -1
    outer loop
      vertex 15.4194 -0.66388 12.4
      vertex 14.8389 -2.57776 12.4
      vertex 15.2346 -0.597758 12.4
    endloop
  endfacet
  facet normal 0 0 -1
    outer loop
      vertex 14.4693 -2.44552 12.4
      vertex 15.2346 -0.597758 12.4
      vertex 14.8389 -2.57776 12.4
    endloop
  endfacet
  facet normal -0 0 -1
    outer loop
      vertex 15.2346 -0.597758 12.4
      vertex 14.4693 -2.44552 12.4
      vertex 15.0572 -0.513842 12.4
    endloop
  endfacet
  facet normal 0 0 -1
    outer loop
      vertex 14.1144 -2.27768 12.4
      vertex 15.0572 -0.513842 12.4
      vertex 14.4693 -2.44552 12.4
    endloop
  endfacet
  facet normal -0 0 -1
    outer loop
      vertex 15.0572 -0.513842 12.4
      vertex 14.1144 -2.27768 12.4
      vertex 14.8889 -0.412939 12.4
    endloop
  endfacet
  facet normal 0 0 -1
    outer loop
      vertex 13.7777 -2.07588 12.4
      vertex 14.8889 -0.412939 12.4
      vertex 14.1144 -2.27768 12.4
    endloop
  endfacet
  facet normal -0 0 -1
    outer loop
      vertex 14.8889 -0.412939 12.4
      vertex 13.7777 -2.07588 12.4
      vertex 14.7312 -0.296021 12.4
    endloop
  endfacet
  facet normal 0 0 -1
    outer loop
      vertex 13.4624 -1.84204 12.4
      vertex 14.7312 -0.296021 12.4
      vertex 13.7777 -2.07588 12.4
    endloop
  endfacet
  facet normal -0 0 -1
    outer loop
      vertex 14.7312 -0.296021 12.4
      vertex 13.4624 -1.84204 12.4
      vertex 14.5858 -0.164213 12.4
    endloop
  endfacet
  facet normal 0 0 -1
    outer loop
      vertex 13.1716 -1.57843 12.4
      vertex 14.5858 -0.164213 12.4
      vertex 13.4624 -1.84204 12.4
    endloop
  endfacet
  facet normal -0 0 -1
    outer loop
      vertex 14.5858 -0.164213 12.4
      vertex 13.1716 -1.57843 12.4
      vertex 14.454 -0.0187864 12.4
    endloop
  endfacet
  facet normal 0 0 -1
    outer loop
      vertex 12.908 -1.28757 12.4
      vertex 14.454 -0.0187864 12.4
      vertex 13.1716 -1.57843 12.4
    endloop
  endfacet
  facet normal -0 0 -1
    outer loop
      vertex 14.454 -0.0187864 12.4
      vertex 12.908 -1.28757 12.4
      vertex 14.3371 0.13886 12.4
    endloop
  endfacet
  facet normal 0 0 -1
    outer loop
      vertex 12.6741 -0.972281 12.4
      vertex 14.3371 0.13886 12.4
      vertex 12.908 -1.28757 12.4
    endloop
  endfacet
  facet normal -0 0 -1
    outer loop
      vertex 14.3371 0.13886 12.4
      vertex 12.6741 -0.972281 12.4
      vertex 14.2362 0.307207 12.4
    endloop
  endfacet
  facet normal 0 0 -1
    outer loop
      vertex 12.4723 -0.635587 12.4
      vertex 14.2362 0.307207 12.4
      vertex 12.6741 -0.972281 12.4
    endloop
  endfacet
  facet normal -0 0 -1
    outer loop
      vertex 19.5277 3.13559 12.4
      vertex 17.7638 2.19279 12.4
      vertex 19.3259 3.47228 12.4
    endloop
  endfacet
  facet normal 0 0 -1
    outer loop
      vertex 17.6629 2.36114 12.4
      vertex 19.3259 3.47228 12.4
      vertex 17.7638 2.19279 12.4
    endloop
  endfacet
  facet normal -0 0 -1
    outer loop
      vertex 19.3259 3.47228 12.4
      vertex 17.6629 2.36114 12.4
      vertex 19.092 3.78757 12.4
    endloop
  endfacet
  facet normal 0 0 -1
    outer loop
      vertex 17.546 2.51879 12.4
      vertex 19.092 3.78757 12.4
      vertex 17.6629 2.36114 12.4
    endloop
  endfacet
  facet normal -0 0 -1
    outer loop
      vertex 19.092 3.78757 12.4
      vertex 17.546 2.51879 12.4
      vertex 18.8284 4.07843 12.4
    endloop
  endfacet
  facet normal 0 0 -1
    outer loop
      vertex 17.4142 2.66421 12.4
      vertex 18.8284 4.07843 12.4
      vertex 17.546 2.51879 12.4
    endloop
  endfacet
  facet normal -0 0 -1
    outer loop
      vertex 18.8284 4.07843 12.4
      vertex 17.4142 2.66421 12.4
      vertex 18.5376 4.34204 12.4
    endloop
  endfacet
  facet normal 0 0 -1
    outer loop
      vertex 17.2688 2.79602 12.4
      vertex 18.5376 4.34204 12.4
      vertex 17.4142 2.66421 12.4
    endloop
  endfacet
  facet normal -0 0 -1
    outer loop
      vertex 18.5376 4.34204 12.4
      vertex 17.2688 2.79602 12.4
      vertex 18.2223 4.57588 12.4
    endloop
  endfacet
  facet normal 0 0 -1
    outer loop
      vertex 17.1111 2.91294 12.4
      vertex 18.2223 4.57588 12.4
      vertex 17.2688 2.79602 12.4
    endloop
  endfacet
  facet normal -0 0 -1
    outer loop
      vertex 18.2223 4.57588 12.4
      vertex 17.1111 2.91294 12.4
      vertex 17.8856 4.77768 12.4
    endloop
  endfacet
  facet normal 0 0 -1
    outer loop
      vertex 16.9428 3.01384 12.4
      vertex 17.8856 4.77768 12.4
      vertex 17.1111 2.91294 12.4
    endloop
  endfacet
  facet normal -0 0 -1
    outer loop
      vertex 17.8856 4.77768 12.4
      vertex 16.9428 3.01384 12.4
      vertex 17.5307 4.94552 12.4
    endloop
  endfacet
  facet normal 0 0 -1
    outer loop
      vertex 16.7654 3.09776 12.4
      vertex 17.5307 4.94552 12.4
      vertex 16.9428 3.01384 12.4
    endloop
  endfacet
  facet normal -0 0 -1
    outer loop
      vertex 17.5307 4.94552 12.4
      vertex 16.7654 3.09776 12.4
      vertex 17.1611 5.07776 12.4
    endloop
  endfacet
  facet normal 0 0 -1
    outer loop
      vertex 16.5806 3.16388 12.4
      vertex 17.1611 5.07776 12.4
      vertex 16.7654 3.09776 12.4
    endloop
  endfacet
  facet normal -0 0 -1
    outer loop
      vertex 17.1611 5.07776 12.4
      vertex 16.5806 3.16388 12.4
      vertex 16.7804 5.17314 12.4
    endloop
  endfacet
  facet normal 0 0 -1
    outer loop
      vertex 16.3902 3.21157 12.4
      vertex 16.7804 5.17314 12.4
      vertex 16.5806 3.16388 12.4
    endloop
  endfacet
  facet normal -0 0 -1
    outer loop
      vertex 16.7804 5.17314 12.4
      vertex 16.3902 3.21157 12.4
      vertex 16.3921 5.23074 12.4
    endloop
  endfacet
  facet normal 0 0 -1
    outer loop
      vertex 16.196 3.24037 12.4
      vertex 16.3921 5.23074 12.4
      vertex 16.3902 3.21157 12.4
    endloop
  endfacet
  facet normal 0 0 -1
    outer loop
      vertex 16 3.25 12.4
      vertex 16.3921 5.23074 12.4
      vertex 16.196 3.24037 12.4
    endloop
  endfacet
  facet normal 0 0 -1
    outer loop
      vertex 16 3.25 12.4
      vertex 16 5.25 12.4
      vertex 16.3921 5.23074 12.4
    endloop
  endfacet
  facet normal 0 0 -1
    outer loop
      vertex 15.804 3.24037 12.4
      vertex 16 5.25 12.4
      vertex 16 3.25 12.4
    endloop
  endfacet
  facet normal 0 0 -1
    outer loop
      vertex 15.6079 5.23074 12.4
      vertex 15.804 3.24037 12.4
      vertex 15.6098 3.21157 12.4
    endloop
  endfacet
  facet normal 0 0 -1
    outer loop
      vertex 15.804 3.24037 12.4
      vertex 15.6079 5.23074 12.4
      vertex 16 5.25 12.4
    endloop
  endfacet
  facet normal 0 0 -1
    outer loop
      vertex 15.2196 5.17314 12.4
      vertex 15.6098 3.21157 12.4
      vertex 15.4194 3.16388 12.4
    endloop
  endfacet
  facet normal 0 0 -1
    outer loop
      vertex 14.8389 5.07776 12.4
      vertex 15.4194 3.16388 12.4
      vertex 15.2346 3.09776 12.4
    endloop
  endfacet
  facet normal 0 0 -1
    outer loop
      vertex 15.6098 3.21157 12.4
      vertex 15.2196 5.17314 12.4
      vertex 15.6079 5.23074 12.4
    endloop
  endfacet
  facet normal 0 0 -1
    outer loop
      vertex 14.4693 4.94552 12.4
      vertex 15.2346 3.09776 12.4
      vertex 15.0572 3.01384 12.4
    endloop
  endfacet
  facet normal 0 0 -1
    outer loop
      vertex 14.1144 4.77768 12.4
      vertex 15.0572 3.01384 12.4
      vertex 14.8889 2.91294 12.4
    endloop
  endfacet
  facet normal 0 0 -1
    outer loop
      vertex 15.4194 3.16388 12.4
      vertex 14.8389 5.07776 12.4
      vertex 15.2196 5.17314 12.4
    endloop
  endfacet
  facet normal 0 0 -1
    outer loop
      vertex 13.7777 4.57588 12.4
      vertex 14.8889 2.91294 12.4
      vertex 14.7312 2.79602 12.4
    endloop
  endfacet
  facet normal 0 0 -1
    outer loop
      vertex 13.4624 4.34204 12.4
      vertex 14.7312 2.79602 12.4
      vertex 14.5858 2.66421 12.4
    endloop
  endfacet
  facet normal 0 0 -1
    outer loop
      vertex 15.2346 3.09776 12.4
      vertex 14.4693 4.94552 12.4
      vertex 14.8389 5.07776 12.4
    endloop
  endfacet
  facet normal 0 0 -1
    outer loop
      vertex 13.1716 4.07843 12.4
      vertex 14.5858 2.66421 12.4
      vertex 14.454 2.51879 12.4
    endloop
  endfacet
  facet normal 0 0 -1
    outer loop
      vertex 12.908 3.78757 12.4
      vertex 14.454 2.51879 12.4
      vertex 14.3371 2.36114 12.4
    endloop
  endfacet
  facet normal 0 0 -1
    outer loop
      vertex 12.6741 3.47228 12.4
      vertex 14.3371 2.36114 12.4
      vertex 14.2362 2.19279 12.4
    endloop
  endfacet
  facet normal 0 0 -1
    outer loop
      vertex 12.4723 3.13559 12.4
      vertex 14.2362 2.19279 12.4
      vertex 14.1522 2.01537 12.4
    endloop
  endfacet
  facet normal 0 0 -1
    outer loop
      vertex 15.0572 3.01384 12.4
      vertex 14.1144 4.77768 12.4
      vertex 14.4693 4.94552 12.4
    endloop
  endfacet
  facet normal 0 0 -1
    outer loop
      vertex 12.3045 2.78073 12.4
      vertex 14.1522 2.01537 12.4
      vertex 14.0861 1.83057 12.4
    endloop
  endfacet
  facet normal 0 0 -1
    outer loop
      vertex 12.1722 2.41114 12.4
      vertex 14.0861 1.83057 12.4
      vertex 14.0384 1.64018 12.4
    endloop
  endfacet
  facet normal 0 0 -1
    outer loop
      vertex 12.0769 2.03036 12.4
      vertex 14.0384 1.64018 12.4
      vertex 14.0096 1.44603 12.4
    endloop
  endfacet
  facet normal 0 0 -1
    outer loop
      vertex 12.0193 1.64207 12.4
      vertex 14.0096 1.44603 12.4
      vertex 14 1.25 12.4
    endloop
  endfacet
  facet normal -0 0 -1
    outer loop
      vertex 14.2362 0.307207 12.4
      vertex 12.4723 -0.635587 12.4
      vertex 14.1522 0.484633 12.4
    endloop
  endfacet
  facet normal 0 0 -1
    outer loop
      vertex 14.8889 2.91294 12.4
      vertex 13.7777 4.57588 12.4
      vertex 14.1144 4.77768 12.4
    endloop
  endfacet
  facet normal 0 0 -1
    outer loop
      vertex 12.3045 -0.280733 12.4
      vertex 14.1522 0.484633 12.4
      vertex 12.4723 -0.635587 12.4
    endloop
  endfacet
  facet normal 0 0 -1
    outer loop
      vertex 14.7312 2.79602 12.4
      vertex 13.4624 4.34204 12.4
      vertex 13.7777 4.57588 12.4
    endloop
  endfacet
  facet normal -0 0 -1
    outer loop
      vertex 14.1522 0.484633 12.4
      vertex 12.3045 -0.280733 12.4
      vertex 14.0861 0.669431 12.4
    endloop
  endfacet
  facet normal 0 0 -1
    outer loop
      vertex 14.5858 2.66421 12.4
      vertex 13.1716 4.07843 12.4
      vertex 13.4624 4.34204 12.4
    endloop
  endfacet
  facet normal 0 0 -1
    outer loop
      vertex 12.1722 0.0888615 12.4
      vertex 14.0861 0.669431 12.4
      vertex 12.3045 -0.280733 12.4
    endloop
  endfacet
  facet normal 0 0 -1
    outer loop
      vertex 14.454 2.51879 12.4
      vertex 12.908 3.78757 12.4
      vertex 13.1716 4.07843 12.4
    endloop
  endfacet
  facet normal -0 0 -1
    outer loop
      vertex 14.0861 0.669431 12.4
      vertex 12.1722 0.0888615 12.4
      vertex 14.0384 0.859819 12.4
    endloop
  endfacet
  facet normal 0 0 -1
    outer loop
      vertex 14.3371 2.36114 12.4
      vertex 12.6741 3.47228 12.4
      vertex 12.908 3.78757 12.4
    endloop
  endfacet
  facet normal 0 0 -1
    outer loop
      vertex 12.0769 0.469639 12.4
      vertex 14.0384 0.859819 12.4
      vertex 12.1722 0.0888615 12.4
    endloop
  endfacet
  facet normal 0 0 -1
    outer loop
      vertex 14.2362 2.19279 12.4
      vertex 12.4723 3.13559 12.4
      vertex 12.6741 3.47228 12.4
    endloop
  endfacet
  facet normal -0 0 -1
    outer loop
      vertex 14.0384 0.859819 12.4
      vertex 12.0769 0.469639 12.4
      vertex 14.0096 1.05397 12.4
    endloop
  endfacet
  facet normal 0 0 -1
    outer loop
      vertex 14.1522 2.01537 12.4
      vertex 12.3045 2.78073 12.4
      vertex 12.4723 3.13559 12.4
    endloop
  endfacet
  facet normal 0 0 -1
    outer loop
      vertex 12.0193 0.857932 12.4
      vertex 14.0096 1.05397 12.4
      vertex 12.0769 0.469639 12.4
    endloop
  endfacet
  facet normal 0 0 -1
    outer loop
      vertex 14.0861 1.83057 12.4
      vertex 12.1722 2.41114 12.4
      vertex 12.3045 2.78073 12.4
    endloop
  endfacet
  facet normal -0 0 -1
    outer loop
      vertex 14.0096 1.05397 12.4
      vertex 12.0193 0.857932 12.4
      vertex 14 1.25 12.4
    endloop
  endfacet
  facet normal 0 0 -1
    outer loop
      vertex 14.0384 1.64018 12.4
      vertex 12.0769 2.03036 12.4
      vertex 12.1722 2.41114 12.4
    endloop
  endfacet
  facet normal 0 0 -1
    outer loop
      vertex 12 1.25 12.4
      vertex 14 1.25 12.4
      vertex 12.0193 0.857932 12.4
    endloop
  endfacet
  facet normal 0 0 -1
    outer loop
      vertex 14.0096 1.44603 12.4
      vertex 12.0193 1.64207 12.4
      vertex 12.0769 2.03036 12.4
    endloop
  endfacet
  facet normal 0 0 -1
    outer loop
      vertex 14 1.25 12.4
      vertex 12 1.25 12.4
      vertex 12.0193 1.64207 12.4
    endloop
  endfacet
  facet normal 0.336879 -0.941548 0
    outer loop
      vertex 17.1611 -2.57776 12.4
      vertex 17.5307 -2.44552 13.9
      vertex 17.1611 -2.57776 13.9
    endloop
  endfacet
  facet normal 0.336879 -0.941548 0
    outer loop
      vertex 17.5307 -2.44552 13.9
      vertex 17.1611 -2.57776 12.4
      vertex 17.5307 -2.44552 12.4
    endloop
  endfacet
  facet normal 0.941497 0.337022 0
    outer loop
      vertex 19.8278 2.41114 13.9
      vertex 19.6955 2.78073 12.4
      vertex 19.6955 2.78073 13.9
    endloop
  endfacet
  facet normal 0.941497 0.337022 0
    outer loop
      vertex 19.6955 2.78073 12.4
      vertex 19.8278 2.41114 13.9
      vertex 19.8278 2.41114 12.4
    endloop
  endfacet
  facet normal 0.803127 -0.595807 0
    outer loop
      vertex 19.092 -1.28757 13.9
      vertex 19.3259 -0.972281 12.4
      vertex 19.3259 -0.972281 13.9
    endloop
  endfacet
  facet normal 0.803127 -0.595807 0
    outer loop
      vertex 19.3259 -0.972281 12.4
      vertex 19.092 -1.28757 13.9
      vertex 19.092 -1.28757 12.4
    endloop
  endfacet
  facet normal 0.857736 -0.51409 0
    outer loop
      vertex 19.3259 -0.972281 13.9
      vertex 19.5277 -0.635587 12.4
      vertex 19.5277 -0.635587 13.9
    endloop
  endfacet
  facet normal 0.857736 -0.51409 0
    outer loop
      vertex 19.5277 -0.635587 12.4
      vertex 19.3259 -0.972281 13.9
      vertex 19.3259 -0.972281 12.4
    endloop
  endfacet
  facet normal 0.941498 -0.337019 0
    outer loop
      vertex 19.6955 -0.280733 13.9
      vertex 19.8278 0.0888615 12.4
      vertex 19.8278 0.0888615 13.9
    endloop
  endfacet
  facet normal 0.941498 -0.337019 0
    outer loop
      vertex 19.8278 0.0888615 12.4
      vertex 19.6955 -0.280733 13.9
      vertex 19.6955 -0.280733 12.4
    endloop
  endfacet
  facet normal -0.904025 0.42748 0
    outer loop
      vertex 12.3045 2.78073 12.4
      vertex 12.4723 3.13559 13.9
      vertex 12.4723 3.13559 12.4
    endloop
  endfacet
  facet normal -0.904025 0.42748 0
    outer loop
      vertex 12.4723 3.13559 13.9
      vertex 12.3045 2.78073 12.4
      vertex 12.3045 2.78073 13.9
    endloop
  endfacet
  facet normal -0.243027 0.970019 0
    outer loop
      vertex 15.2196 5.17314 12.4
      vertex 14.8389 5.07776 13.9
      vertex 15.2196 5.17314 13.9
    endloop
  endfacet
  facet normal -0.243027 0.970019 0
    outer loop
      vertex 14.8389 5.07776 13.9
      vertex 15.2196 5.17314 12.4
      vertex 14.8389 5.07776 12.4
    endloop
  endfacet
  facet normal 0.904025 0.42748 0
    outer loop
      vertex 19.6955 2.78073 13.9
      vertex 19.5277 3.13559 12.4
      vertex 19.5277 3.13559 13.9
    endloop
  endfacet
  facet normal 0.904025 0.42748 0
    outer loop
      vertex 19.5277 3.13559 12.4
      vertex 19.6955 2.78073 13.9
      vertex 19.6955 2.78073 12.4
    endloop
  endfacet
  facet normal 0.146733 0.989176 -0
    outer loop
      vertex 16.7804 5.17314 12.4
      vertex 16.3921 5.23074 13.9
      vertex 16.7804 5.17314 13.9
    endloop
  endfacet
  facet normal 0.146733 0.989176 0
    outer loop
      vertex 16.3921 5.23074 13.9
      vertex 16.7804 5.17314 12.4
      vertex 16.3921 5.23074 12.4
    endloop
  endfacet
  facet normal -0.857736 -0.51409 0
    outer loop
      vertex 12.6741 -0.972281 12.4
      vertex 12.4723 -0.635587 13.9
      vertex 12.4723 -0.635587 12.4
    endloop
  endfacet
  facet normal -0.857736 -0.51409 0
    outer loop
      vertex 12.4723 -0.635587 13.9
      vertex 12.6741 -0.972281 12.4
      vertex 12.6741 -0.972281 13.9
    endloop
  endfacet
  facet normal 0.857733 0.514095 0
    outer loop
      vertex 19.5277 3.13559 13.9
      vertex 19.3259 3.47228 12.4
      vertex 19.3259 3.47228 13.9
    endloop
  endfacet
  facet normal 0.857733 0.514095 0
    outer loop
      vertex 19.3259 3.47228 12.4
      vertex 19.5277 3.13559 13.9
      vertex 19.5277 3.13559 12.4
    endloop
  endfacet
  facet normal -0.740977 -0.671531 0
    outer loop
      vertex 13.1716 -1.57843 12.4
      vertex 12.908 -1.28757 13.9
      vertex 12.908 -1.28757 12.4
    endloop
  endfacet
  facet normal -0.740977 -0.671531 0
    outer loop
      vertex 12.908 -1.28757 13.9
      vertex 13.1716 -1.57843 12.4
      vertex 13.1716 -1.57843 13.9
    endloop
  endfacet
  facet normal 0.243027 -0.970019 0
    outer loop
      vertex 16.7804 -2.67314 12.4
      vertex 17.1611 -2.57776 13.9
      vertex 16.7804 -2.67314 13.9
    endloop
  endfacet
  facet normal 0.243027 -0.970019 0
    outer loop
      vertex 17.1611 -2.57776 13.9
      vertex 16.7804 -2.67314 12.4
      vertex 17.1611 -2.57776 12.4
    endloop
  endfacet
  facet normal -0.514084 0.85774 0
    outer loop
      vertex 14.1144 4.77768 12.4
      vertex 13.7777 4.57588 13.9
      vertex 14.1144 4.77768 13.9
    endloop
  endfacet
  facet normal -0.514084 0.85774 0
    outer loop
      vertex 13.7777 4.57588 13.9
      vertex 14.1144 4.77768 12.4
      vertex 13.7777 4.57588 12.4
    endloop
  endfacet
  facet normal -0.427523 0.904004 0
    outer loop
      vertex 14.4693 4.94552 12.4
      vertex 14.1144 4.77768 13.9
      vertex 14.4693 4.94552 13.9
    endloop
  endfacet
  facet normal -0.427523 0.904004 0
    outer loop
      vertex 14.1144 4.77768 13.9
      vertex 14.4693 4.94552 12.4
      vertex 14.1144 4.77768 12.4
    endloop
  endfacet
  facet normal -0.941498 -0.337019 0
    outer loop
      vertex 12.3045 -0.280733 12.4
      vertex 12.1722 0.0888615 13.9
      vertex 12.1722 0.0888615 12.4
    endloop
  endfacet
  facet normal -0.941498 -0.337019 0
    outer loop
      vertex 12.1722 0.0888615 13.9
      vertex 12.3045 -0.280733 12.4
      vertex 12.3045 -0.280733 13.9
    endloop
  endfacet
  facet normal -0.514084 -0.85774 0
    outer loop
      vertex 13.7777 -2.07588 12.4
      vertex 14.1144 -2.27768 13.9
      vertex 13.7777 -2.07588 13.9
    endloop
  endfacet
  facet normal -0.514084 -0.85774 -0
    outer loop
      vertex 14.1144 -2.27768 13.9
      vertex 13.7777 -2.07588 12.4
      vertex 14.1144 -2.27768 12.4
    endloop
  endfacet
  facet normal 0.671621 0.740895 -0
    outer loop
      vertex 18.8284 4.07843 12.4
      vertex 18.5376 4.34204 13.9
      vertex 18.8284 4.07843 13.9
    endloop
  endfacet
  facet normal 0.671621 0.740895 0
    outer loop
      vertex 18.5376 4.34204 13.9
      vertex 18.8284 4.07843 12.4
      vertex 18.5376 4.34204 12.4
    endloop
  endfacet
  facet normal -0.97008 0.242787 0
    outer loop
      vertex 12.0769 2.03036 12.4
      vertex 12.1722 2.41114 13.9
      vertex 12.1722 2.41114 12.4
    endloop
  endfacet
  facet normal -0.97008 0.242787 0
    outer loop
      vertex 12.1722 2.41114 13.9
      vertex 12.0769 2.03036 12.4
      vertex 12.0769 2.03036 13.9
    endloop
  endfacet
  facet normal -0.803127 -0.595807 0
    outer loop
      vertex 12.908 -1.28757 12.4
      vertex 12.6741 -0.972281 13.9
      vertex 12.6741 -0.972281 12.4
    endloop
  endfacet
  facet normal -0.803127 -0.595807 0
    outer loop
      vertex 12.6741 -0.972281 13.9
      vertex 12.908 -1.28757 12.4
      vertex 12.908 -1.28757 13.9
    endloop
  endfacet
  facet normal -0.989176 -0.146736 0
    outer loop
      vertex 12.0769 0.469639 12.4
      vertex 12.0193 0.857932 13.9
      vertex 12.0193 0.857932 12.4
    endloop
  endfacet
  facet normal -0.989176 -0.146736 0
    outer loop
      vertex 12.0193 0.857932 13.9
      vertex 12.0769 0.469639 12.4
      vertex 12.0769 0.469639 13.9
    endloop
  endfacet
  facet normal 0.595695 -0.80321 0
    outer loop
      vertex 18.2223 -2.07588 12.4
      vertex 18.5376 -1.84204 13.9
      vertex 18.2223 -2.07588 13.9
    endloop
  endfacet
  facet normal 0.595695 -0.80321 0
    outer loop
      vertex 18.5376 -1.84204 13.9
      vertex 18.2223 -2.07588 12.4
      vertex 18.5376 -1.84204 12.4
    endloop
  endfacet
  facet normal -0.671621 -0.740895 0
    outer loop
      vertex 13.1716 -1.57843 12.4
      vertex 13.4624 -1.84204 13.9
      vertex 13.1716 -1.57843 13.9
    endloop
  endfacet
  facet normal -0.671621 -0.740895 -0
    outer loop
      vertex 13.4624 -1.84204 13.9
      vertex 13.1716 -1.57843 12.4
      vertex 13.4624 -1.84204 12.4
    endloop
  endfacet
  facet normal -0.803128 0.595806 0
    outer loop
      vertex 12.6741 3.47228 12.4
      vertex 12.908 3.78757 13.9
      vertex 12.908 3.78757 12.4
    endloop
  endfacet
  facet normal -0.803128 0.595806 0
    outer loop
      vertex 12.908 3.78757 13.9
      vertex 12.6741 3.47228 12.4
      vertex 12.6741 3.47228 13.9
    endloop
  endfacet
  facet normal -0.857733 0.514095 0
    outer loop
      vertex 12.4723 3.13559 12.4
      vertex 12.6741 3.47228 13.9
      vertex 12.6741 3.47228 12.4
    endloop
  endfacet
  facet normal -0.857733 0.514095 0
    outer loop
      vertex 12.6741 3.47228 13.9
      vertex 12.4723 3.13559 12.4
      vertex 12.4723 3.13559 13.9
    endloop
  endfacet
  facet normal -0.049061 -0.998796 0
    outer loop
      vertex 15.6079 -2.73074 12.4
      vertex 16 -2.75 13.9
      vertex 15.6079 -2.73074 13.9
    endloop
  endfacet
  facet normal -0.049061 -0.998796 -0
    outer loop
      vertex 16 -2.75 13.9
      vertex 15.6079 -2.73074 12.4
      vertex 16 -2.75 12.4
    endloop
  endfacet
  facet normal -0.998791 0.0491664 0
    outer loop
      vertex 12 1.25 12.4
      vertex 12.0193 1.64207 13.9
      vertex 12.0193 1.64207 12.4
    endloop
  endfacet
  facet normal -0.998791 0.0491664 0
    outer loop
      vertex 12.0193 1.64207 13.9
      vertex 12 1.25 12.4
      vertex 12 1.25 13.9
    endloop
  endfacet
  facet normal 0.740977 -0.671531 0
    outer loop
      vertex 18.8284 -1.57843 13.9
      vertex 19.092 -1.28757 12.4
      vertex 19.092 -1.28757 13.9
    endloop
  endfacet
  facet normal 0.740977 -0.671531 0
    outer loop
      vertex 19.092 -1.28757 12.4
      vertex 18.8284 -1.57843 13.9
      vertex 18.8284 -1.57843 12.4
    endloop
  endfacet
  facet normal 0.671621 -0.740895 0
    outer loop
      vertex 18.5376 -1.84204 12.4
      vertex 18.8284 -1.57843 13.9
      vertex 18.5376 -1.84204 13.9
    endloop
  endfacet
  facet normal 0.671621 -0.740895 0
    outer loop
      vertex 18.8284 -1.57843 13.9
      vertex 18.5376 -1.84204 12.4
      vertex 18.8284 -1.57843 12.4
    endloop
  endfacet
  facet normal 0.989176 0.146736 0
    outer loop
      vertex 18.9856 1.54405 1
      vertex 18.9424 1.83527 0
      vertex 18.9424 1.83527 1
    endloop
  endfacet
  facet normal 0.989176 0.146736 0
    outer loop
      vertex 18.9424 1.83527 0
      vertex 18.9856 1.54405 1
      vertex 18.9856 1.54405 0
    endloop
  endfacet
  facet normal 0.998803 0.0489126 0
    outer loop
      vertex 19 1.25 1
      vertex 18.9856 1.54405 0
      vertex 18.9856 1.54405 1
    endloop
  endfacet
  facet normal 0.998803 0.0489126 0
    outer loop
      vertex 18.9856 1.54405 0
      vertex 19 1.25 1
      vertex 19 1.25 0
    endloop
  endfacet
  facet normal 0.969978 0.243191 0
    outer loop
      vertex 18.9424 1.83527 1
      vertex 18.8708 2.12085 0
      vertex 18.8708 2.12085 1
    endloop
  endfacet
  facet normal 0.969978 0.243191 0
    outer loop
      vertex 18.8708 2.12085 0
      vertex 18.9424 1.83527 1
      vertex 18.9424 1.83527 0
    endloop
  endfacet
  facet normal 0.336986 -0.94151 0
    outer loop
      vertex 16.8709 -1.62082 0
      vertex 17.148 -1.52164 1
      vertex 16.8709 -1.62082 1
    endloop
  endfacet
  facet normal 0.336986 -0.94151 0
    outer loop
      vertex 17.148 -1.52164 1
      vertex 16.8709 -1.62082 0
      vertex 17.148 -1.52164 0
    endloop
  endfacet
  facet normal 0.857661 0.514216 0
    outer loop
      vertex 18.6458 2.66419 1
      vertex 18.4944 2.91671 0
      vertex 18.4944 2.91671 1
    endloop
  endfacet
  facet normal 0.857661 0.514216 0
    outer loop
      vertex 18.4944 2.91671 0
      vertex 18.6458 2.66419 1
      vertex 18.6458 2.66419 0
    endloop
  endfacet
  facet normal 0.941527 0.336939 0
    outer loop
      vertex 18.8708 2.12085 1
      vertex 18.7716 2.39805 0
      vertex 18.7716 2.39805 1
    endloop
  endfacet
  facet normal 0.941527 0.336939 0
    outer loop
      vertex 18.7716 2.39805 0
      vertex 18.8708 2.12085 1
      vertex 18.8708 2.12085 0
    endloop
  endfacet
  facet normal 0.242983 0.970031 -0
    outer loop
      vertex 16.8709 4.12082 0
      vertex 16.5853 4.19236 1
      vertex 16.8709 4.12082 1
    endloop
  endfacet
  facet normal 0.242983 0.970031 0
    outer loop
      vertex 16.5853 4.19236 1
      vertex 16.8709 4.12082 0
      vertex 16.5853 4.19236 0
    endloop
  endfacet
  facet normal -0.740969 0.671539 0
    outer loop
      vertex 13.681 3.15318 0
      vertex 13.8787 3.37132 1
      vertex 13.8787 3.37132 0
    endloop
  endfacet
  facet normal -0.740969 0.671539 0
    outer loop
      vertex 13.8787 3.37132 1
      vertex 13.681 3.15318 0
      vertex 13.681 3.15318 1
    endloop
  endfacet
  facet normal 0.0490738 -0.998795 0
    outer loop
      vertex 16 -1.75 0
      vertex 16.2941 -1.73555 1
      vertex 16 -1.75 1
    endloop
  endfacet
  facet normal 0.0490738 -0.998795 0
    outer loop
      vertex 16.2941 -1.73555 1
      vertex 16 -1.75 0
      vertex 16.2941 -1.73555 0
    endloop
  endfacet
  facet normal 0.427491 0.90402 -0
    outer loop
      vertex 17.4142 3.89576 0
      vertex 17.148 4.02164 1
      vertex 17.4142 3.89576 1
    endloop
  endfacet
  facet normal 0.427491 0.90402 0
    outer loop
      vertex 17.148 4.02164 1
      vertex 17.4142 3.89576 0
      vertex 17.148 4.02164 0
    endloop
  endfacet
  facet normal 0.671625 0.740891 -0
    outer loop
      vertex 18.1213 3.37132 0
      vertex 17.9032 3.56903 1
      vertex 18.1213 3.37132 1
    endloop
  endfacet
  facet normal 0.671625 0.740891 0
    outer loop
      vertex 17.9032 3.56903 1
      vertex 18.1213 3.37132 0
      vertex 17.9032 3.56903 0
    endloop
  endfacet
  facet normal -0.595655 -0.803241 0
    outer loop
      vertex 14.0968 -1.06903 0
      vertex 14.3333 -1.24441 1
      vertex 14.0968 -1.06903 1
    endloop
  endfacet
  facet normal -0.595655 -0.803241 -0
    outer loop
      vertex 14.3333 -1.24441 1
      vertex 14.0968 -1.06903 0
      vertex 14.3333 -1.24441 0
    endloop
  endfacet
  facet normal 0.242983 -0.970031 0
    outer loop
      vertex 16.5853 -1.69236 0
      vertex 16.8709 -1.62082 1
      vertex 16.5853 -1.69236 1
    endloop
  endfacet
  facet normal 0.242983 -0.970031 0
    outer loop
      vertex 16.8709 -1.62082 1
      vertex 16.5853 -1.69236 0
      vertex 16.8709 -1.62082 0
    endloop
  endfacet
  facet normal 0.989176 -0.146736 0
    outer loop
      vertex 18.9424 0.664729 1
      vertex 18.9856 0.955949 0
      vertex 18.9856 0.955949 1
    endloop
  endfacet
  facet normal 0.989176 -0.146736 0
    outer loop
      vertex 18.9856 0.955949 0
      vertex 18.9424 0.664729 1
      vertex 18.9424 0.664729 0
    endloop
  endfacet
  facet normal 0.514121 -0.857718 0
    outer loop
      vertex 17.4142 -1.39576 0
      vertex 17.6667 -1.24441 1
      vertex 17.4142 -1.39576 1
    endloop
  endfacet
  facet normal 0.514121 -0.857718 0
    outer loop
      vertex 17.6667 -1.24441 1
      vertex 17.4142 -1.39576 0
      vertex 17.6667 -1.24441 0
    endloop
  endfacet
  facet normal -0.242983 -0.970031 0
    outer loop
      vertex 15.1291 -1.62082 0
      vertex 15.4147 -1.69236 1
      vertex 15.1291 -1.62082 1
    endloop
  endfacet
  facet normal -0.242983 -0.970031 -0
    outer loop
      vertex 15.4147 -1.69236 1
      vertex 15.1291 -1.62082 0
      vertex 15.4147 -1.69236 0
    endloop
  endfacet
  facet normal -0.595655 0.803241 0
    outer loop
      vertex 14.3333 3.74441 0
      vertex 14.0968 3.56903 1
      vertex 14.3333 3.74441 1
    endloop
  endfacet
  facet normal -0.595655 0.803241 0
    outer loop
      vertex 14.0968 3.56903 1
      vertex 14.3333 3.74441 0
      vertex 14.0968 3.56903 0
    endloop
  endfacet
  facet normal -0.998803 -0.0489125 0
    outer loop
      vertex 13.0144 0.955949 0
      vertex 13 1.25 1
      vertex 13 1.25 0
    endloop
  endfacet
  facet normal -0.998803 -0.0489125 0
    outer loop
      vertex 13 1.25 1
      vertex 13.0144 0.955949 0
      vertex 13.0144 0.955949 1
    endloop
  endfacet
  facet normal -0.969979 -0.243189 0
    outer loop
      vertex 13.1292 0.379147 0
      vertex 13.0576 0.664729 1
      vertex 13.0576 0.664729 0
    endloop
  endfacet
  facet normal -0.969979 -0.243189 0
    outer loop
      vertex 13.0576 0.664729 1
      vertex 13.1292 0.379147 0
      vertex 13.1292 0.379147 1
    endloop
  endfacet
  facet normal 0.969979 -0.243189 0
    outer loop
      vertex 18.8708 0.379147 1
      vertex 18.9424 0.664729 0
      vertex 18.9424 0.664729 1
    endloop
  endfacet
  facet normal 0.969979 -0.243189 0
    outer loop
      vertex 18.9424 0.664729 0
      vertex 18.8708 0.379147 1
      vertex 18.8708 0.379147 0
    endloop
  endfacet
  facet normal -0.514121 0.857718 0
    outer loop
      vertex 14.5858 3.89576 0
      vertex 14.3333 3.74441 1
      vertex 14.5858 3.89576 1
    endloop
  endfacet
  facet normal -0.514121 0.857718 0
    outer loop
      vertex 14.3333 3.74441 1
      vertex 14.5858 3.89576 0
      vertex 14.3333 3.74441 0
    endloop
  endfacet
  facet normal 0.595655 0.803241 -0
    outer loop
      vertex 17.9032 3.56903 0
      vertex 17.6667 3.74441 1
      vertex 17.9032 3.56903 1
    endloop
  endfacet
  facet normal 0.595655 0.803241 0
    outer loop
      vertex 17.6667 3.74441 1
      vertex 17.9032 3.56903 0
      vertex 17.6667 3.74441 0
    endloop
  endfacet
  facet normal -0.0490738 0.998795 0
    outer loop
      vertex 16 4.25 0
      vertex 15.7059 4.23555 1
      vertex 16 4.25 1
    endloop
  endfacet
  facet normal -0.0490738 0.998795 0
    outer loop
      vertex 15.7059 4.23555 1
      vertex 16 4.25 0
      vertex 15.7059 4.23555 0
    endloop
  endfacet
  facet normal -0.904088 -0.427347 0
    outer loop
      vertex 13.3542 -0.164189 0
      vertex 13.2284 0.101951 1
      vertex 13.2284 0.101951 0
    endloop
  endfacet
  facet normal -0.904088 -0.427347 0
    outer loop
      vertex 13.2284 0.101951 1
      vertex 13.3542 -0.164189 0
      vertex 13.3542 -0.164189 1
    endloop
  endfacet
  facet normal 0.941525 -0.336943 0
    outer loop
      vertex 18.7716 0.101951 1
      vertex 18.8708 0.379147 0
      vertex 18.8708 0.379147 1
    endloop
  endfacet
  facet normal 0.941525 -0.336943 0
    outer loop
      vertex 18.8708 0.379147 0
      vertex 18.7716 0.101951 1
      vertex 18.7716 0.101951 0
    endloop
  endfacet
  facet normal 0.146712 0.989179 -0
    outer loop
      vertex 16.5853 4.19236 0
      vertex 16.2941 4.23555 1
      vertex 16.5853 4.19236 1
    endloop
  endfacet
  facet normal 0.146712 0.989179 0
    outer loop
      vertex 16.2941 4.23555 1
      vertex 16.5853 4.19236 0
      vertex 16.2941 4.23555 0
    endloop
  endfacet
  facet normal -0.427491 0.90402 0
    outer loop
      vertex 14.852 4.02164 0
      vertex 14.5858 3.89576 1
      vertex 14.852 4.02164 1
    endloop
  endfacet
  facet normal -0.427491 0.90402 0
    outer loop
      vertex 14.5858 3.89576 1
      vertex 14.852 4.02164 0
      vertex 14.5858 3.89576 0
    endloop
  endfacet
  facet normal 0.514121 0.857718 -0
    outer loop
      vertex 17.6667 3.74441 0
      vertex 17.4142 3.89576 1
      vertex 17.6667 3.74441 1
    endloop
  endfacet
  facet normal 0.514121 0.857718 0
    outer loop
      vertex 17.4142 3.89576 1
      vertex 17.6667 3.74441 0
      vertex 17.4142 3.89576 0
    endloop
  endfacet
  facet normal 0.427491 -0.90402 0
    outer loop
      vertex 17.148 -1.52164 0
      vertex 17.4142 -1.39576 1
      vertex 17.148 -1.52164 1
    endloop
  endfacet
  facet normal 0.427491 -0.90402 0
    outer loop
      vertex 17.4142 -1.39576 1
      vertex 17.148 -1.52164 0
      vertex 17.4142 -1.39576 0
    endloop
  endfacet
  facet normal -0.941525 -0.336943 0
    outer loop
      vertex 13.2284 0.101951 0
      vertex 13.1292 0.379147 1
      vertex 13.1292 0.379147 0
    endloop
  endfacet
  facet normal -0.941525 -0.336943 0
    outer loop
      vertex 13.1292 0.379147 1
      vertex 13.2284 0.101951 0
      vertex 13.2284 0.101951 1
    endloop
  endfacet
  facet normal 0.857662 -0.514215 0
    outer loop
      vertex 18.4944 -0.41671 1
      vertex 18.6458 -0.164189 0
      vertex 18.6458 -0.164189 1
    endloop
  endfacet
  facet normal 0.857662 -0.514215 0
    outer loop
      vertex 18.6458 -0.164189 0
      vertex 18.4944 -0.41671 1
      vertex 18.4944 -0.41671 0
    endloop
  endfacet
  facet normal 0.904088 -0.427347 0
    outer loop
      vertex 18.6458 -0.164189 1
      vertex 18.7716 0.101951 0
      vertex 18.7716 0.101951 1
    endloop
  endfacet
  facet normal 0.904088 -0.427347 0
    outer loop
      vertex 18.7716 0.101951 0
      vertex 18.6458 -0.164189 1
      vertex 18.6458 -0.164189 0
    endloop
  endfacet
  facet normal 0.998803 -0.0489125 0
    outer loop
      vertex 18.9856 0.955949 1
      vertex 19 1.25 0
      vertex 19 1.25 1
    endloop
  endfacet
  facet normal 0.998803 -0.0489125 0
    outer loop
      vertex 19 1.25 0
      vertex 18.9856 0.955949 1
      vertex 18.9856 0.955949 0
    endloop
  endfacet
  facet normal -0.146712 0.989179 0
    outer loop
      vertex 15.7059 4.23555 0
      vertex 15.4147 4.19236 1
      vertex 15.7059 4.23555 1
    endloop
  endfacet
  facet normal -0.146712 0.989179 0
    outer loop
      vertex 15.4147 4.19236 1
      vertex 15.7059 4.23555 0
      vertex 15.4147 4.19236 0
    endloop
  endfacet
  facet normal 0.146712 -0.989179 0
    outer loop
      vertex 16.2941 -1.73555 0
      vertex 16.5853 -1.69236 1
      vertex 16.2941 -1.73555 1
    endloop
  endfacet
  facet normal 0.146712 -0.989179 0
    outer loop
      vertex 16.5853 -1.69236 1
      vertex 16.2941 -1.73555 0
      vertex 16.5853 -1.69236 0
    endloop
  endfacet
  facet normal 0.740971 -0.671538 0
    outer loop
      vertex 18.1213 -0.87132 1
      vertex 18.319 -0.653179 0
      vertex 18.319 -0.653179 1
    endloop
  endfacet
  facet normal 0.740971 -0.671538 0
    outer loop
      vertex 18.319 -0.653179 0
      vertex 18.1213 -0.87132 1
      vertex 18.1213 -0.87132 0
    endloop
  endfacet
  facet normal 0.803171 -0.595749 0
    outer loop
      vertex 18.319 -0.653179 1
      vertex 18.4944 -0.41671 0
      vertex 18.4944 -0.41671 1
    endloop
  endfacet
  facet normal 0.803171 -0.595749 0
    outer loop
      vertex 18.4944 -0.41671 0
      vertex 18.319 -0.653179 1
      vertex 18.319 -0.653179 0
    endloop
  endfacet
  facet normal -0.242983 0.970031 0
    outer loop
      vertex 15.4147 4.19236 0
      vertex 15.1291 4.12082 1
      vertex 15.4147 4.19236 1
    endloop
  endfacet
  facet normal -0.242983 0.970031 0
    outer loop
      vertex 15.1291 4.12082 1
      vertex 15.4147 4.19236 0
      vertex 15.1291 4.12082 0
    endloop
  endfacet
  facet normal 0.803172 0.595747 0
    outer loop
      vertex 18.4944 2.91671 1
      vertex 18.319 3.15318 0
      vertex 18.319 3.15318 1
    endloop
  endfacet
  facet normal 0.803172 0.595747 0
    outer loop
      vertex 18.319 3.15318 0
      vertex 18.4944 2.91671 1
      vertex 18.4944 2.91671 0
    endloop
  endfacet
  facet normal 0.0490738 0.998795 -0
    outer loop
      vertex 16.2941 4.23555 0
      vertex 16 4.25 1
      vertex 16.2941 4.23555 1
    endloop
  endfacet
  facet normal 0.0490738 0.998795 0
    outer loop
      vertex 16 4.25 1
      vertex 16.2941 4.23555 0
      vertex 16 4.25 0
    endloop
  endfacet
  facet normal 0.904088 0.427347 0
    outer loop
      vertex 18.7716 2.39805 1
      vertex 18.6458 2.66419 0
      vertex 18.6458 2.66419 1
    endloop
  endfacet
  facet normal 0.904088 0.427347 0
    outer loop
      vertex 18.6458 2.66419 0
      vertex 18.7716 2.39805 1
      vertex 18.7716 2.39805 0
    endloop
  endfacet
  facet normal -0.857661 0.514216 0
    outer loop
      vertex 13.3542 2.66419 0
      vertex 13.5056 2.91671 1
      vertex 13.5056 2.91671 0
    endloop
  endfacet
  facet normal -0.857661 0.514216 0
    outer loop
      vertex 13.5056 2.91671 1
      vertex 13.3542 2.66419 0
      vertex 13.3542 2.66419 1
    endloop
  endfacet
  facet normal -0.671625 0.740891 0
    outer loop
      vertex 14.0968 3.56903 0
      vertex 13.8787 3.37132 1
      vertex 14.0968 3.56903 1
    endloop
  endfacet
  facet normal -0.671625 0.740891 0
    outer loop
      vertex 13.8787 3.37132 1
      vertex 14.0968 3.56903 0
      vertex 13.8787 3.37132 0
    endloop
  endfacet
  facet normal -0.857662 -0.514215 0
    outer loop
      vertex 13.5056 -0.41671 0
      vertex 13.3542 -0.164189 1
      vertex 13.3542 -0.164189 0
    endloop
  endfacet
  facet normal -0.857662 -0.514215 0
    outer loop
      vertex 13.3542 -0.164189 1
      vertex 13.5056 -0.41671 0
      vertex 13.5056 -0.41671 1
    endloop
  endfacet
  facet normal -0.427491 -0.90402 0
    outer loop
      vertex 14.5858 -1.39576 0
      vertex 14.852 -1.52164 1
      vertex 14.5858 -1.39576 1
    endloop
  endfacet
  facet normal -0.427491 -0.90402 -0
    outer loop
      vertex 14.852 -1.52164 1
      vertex 14.5858 -1.39576 0
      vertex 14.852 -1.52164 0
    endloop
  endfacet
  facet normal -0.740971 -0.671538 0
    outer loop
      vertex 13.8787 -0.87132 0
      vertex 13.681 -0.653179 1
      vertex 13.681 -0.653179 0
    endloop
  endfacet
  facet normal -0.740971 -0.671538 0
    outer loop
      vertex 13.681 -0.653179 1
      vertex 13.8787 -0.87132 0
      vertex 13.8787 -0.87132 1
    endloop
  endfacet
  facet normal -0.336986 0.94151 0
    outer loop
      vertex 15.1291 4.12082 0
      vertex 14.852 4.02164 1
      vertex 15.1291 4.12082 1
    endloop
  endfacet
  facet normal -0.336986 0.94151 0
    outer loop
      vertex 14.852 4.02164 1
      vertex 15.1291 4.12082 0
      vertex 14.852 4.02164 0
    endloop
  endfacet
  facet normal -0.514121 -0.857718 0
    outer loop
      vertex 14.3333 -1.24441 0
      vertex 14.5858 -1.39576 1
      vertex 14.3333 -1.24441 1
    endloop
  endfacet
  facet normal -0.514121 -0.857718 -0
    outer loop
      vertex 14.5858 -1.39576 1
      vertex 14.3333 -1.24441 0
      vertex 14.5858 -1.39576 0
    endloop
  endfacet
  facet normal 0.740969 0.671539 0
    outer loop
      vertex 18.319 3.15318 1
      vertex 18.1213 3.37132 0
      vertex 18.1213 3.37132 1
    endloop
  endfacet
  facet normal 0.740969 0.671539 0
    outer loop
      vertex 18.1213 3.37132 0
      vertex 18.319 3.15318 1
      vertex 18.319 3.15318 0
    endloop
  endfacet
  facet normal 0.595655 -0.803241 0
    outer loop
      vertex 17.6667 -1.24441 0
      vertex 17.9032 -1.06903 1
      vertex 17.6667 -1.24441 1
    endloop
  endfacet
  facet normal 0.595655 -0.803241 0
    outer loop
      vertex 17.9032 -1.06903 1
      vertex 17.6667 -1.24441 0
      vertex 17.9032 -1.06903 0
    endloop
  endfacet
  facet normal -0.941527 0.336939 0
    outer loop
      vertex 13.1292 2.12085 0
      vertex 13.2284 2.39805 1
      vertex 13.2284 2.39805 0
    endloop
  endfacet
  facet normal -0.941527 0.336939 0
    outer loop
      vertex 13.2284 2.39805 1
      vertex 13.1292 2.12085 0
      vertex 13.1292 2.12085 1
    endloop
  endfacet
  facet normal -0.989176 -0.146736 0
    outer loop
      vertex 13.0576 0.664729 0
      vertex 13.0144 0.955949 1
      vertex 13.0144 0.955949 0
    endloop
  endfacet
  facet normal -0.989176 -0.146736 0
    outer loop
      vertex 13.0144 0.955949 1
      vertex 13.0576 0.664729 0
      vertex 13.0576 0.664729 1
    endloop
  endfacet
  facet normal 0.336986 0.94151 -0
    outer loop
      vertex 17.148 4.02164 0
      vertex 16.8709 4.12082 1
      vertex 17.148 4.02164 1
    endloop
  endfacet
  facet normal 0.336986 0.94151 0
    outer loop
      vertex 16.8709 4.12082 1
      vertex 17.148 4.02164 0
      vertex 16.8709 4.12082 0
    endloop
  endfacet
  facet normal -0.803171 -0.595749 0
    outer loop
      vertex 13.681 -0.653179 0
      vertex 13.5056 -0.41671 1
      vertex 13.5056 -0.41671 0
    endloop
  endfacet
  facet normal -0.803171 -0.595749 0
    outer loop
      vertex 13.5056 -0.41671 1
      vertex 13.681 -0.653179 0
      vertex 13.681 -0.653179 1
    endloop
  endfacet
  facet normal -0.969978 0.243191 0
    outer loop
      vertex 13.0576 1.83527 0
      vertex 13.1292 2.12085 1
      vertex 13.1292 2.12085 0
    endloop
  endfacet
  facet normal -0.969978 0.243191 0
    outer loop
      vertex 13.1292 2.12085 1
      vertex 13.0576 1.83527 0
      vertex 13.0576 1.83527 1
    endloop
  endfacet
  facet normal -0.904088 0.427347 0
    outer loop
      vertex 13.2284 2.39805 0
      vertex 13.3542 2.66419 1
      vertex 13.3542 2.66419 0
    endloop
  endfacet
  facet normal -0.904088 0.427347 0
    outer loop
      vertex 13.3542 2.66419 1
      vertex 13.2284 2.39805 0
      vertex 13.2284 2.39805 1
    endloop
  endfacet
  facet normal -0.671625 -0.740891 0
    outer loop
      vertex 13.8787 -0.87132 0
      vertex 14.0968 -1.06903 1
      vertex 13.8787 -0.87132 1
    endloop
  endfacet
  facet normal -0.671625 -0.740891 -0
    outer loop
      vertex 14.0968 -1.06903 1
      vertex 13.8787 -0.87132 0
      vertex 14.0968 -1.06903 0
    endloop
  endfacet
  facet normal -0.803172 0.595747 0
    outer loop
      vertex 13.5056 2.91671 0
      vertex 13.681 3.15318 1
      vertex 13.681 3.15318 0
    endloop
  endfacet
  facet normal -0.803172 0.595747 0
    outer loop
      vertex 13.681 3.15318 1
      vertex 13.5056 2.91671 0
      vertex 13.5056 2.91671 1
    endloop
  endfacet
  facet normal -0.0490738 -0.998795 0
    outer loop
      vertex 15.7059 -1.73555 0
      vertex 16 -1.75 1
      vertex 15.7059 -1.73555 1
    endloop
  endfacet
  facet normal -0.0490738 -0.998795 -0
    outer loop
      vertex 16 -1.75 1
      vertex 15.7059 -1.73555 0
      vertex 16 -1.75 0
    endloop
  endfacet
  facet normal -0.146712 -0.989179 0
    outer loop
      vertex 15.4147 -1.69236 0
      vertex 15.7059 -1.73555 1
      vertex 15.4147 -1.69236 1
    endloop
  endfacet
  facet normal -0.146712 -0.989179 -0
    outer loop
      vertex 15.7059 -1.73555 1
      vertex 15.4147 -1.69236 0
      vertex 15.7059 -1.73555 0
    endloop
  endfacet
  facet normal -0.989176 0.146736 0
    outer loop
      vertex 13.0144 1.54405 0
      vertex 13.0576 1.83527 1
      vertex 13.0576 1.83527 0
    endloop
  endfacet
  facet normal -0.989176 0.146736 0
    outer loop
      vertex 13.0576 1.83527 1
      vertex 13.0144 1.54405 0
      vertex 13.0144 1.54405 1
    endloop
  endfacet
  facet normal -0.998803 0.0489126 0
    outer loop
      vertex 13 1.25 0
      vertex 13.0144 1.54405 1
      vertex 13.0144 1.54405 0
    endloop
  endfacet
  facet normal -0.998803 0.0489126 0
    outer loop
      vertex 13.0144 1.54405 1
      vertex 13 1.25 0
      vertex 13 1.25 1
    endloop
  endfacet
  facet normal -0.336986 -0.94151 0
    outer loop
      vertex 14.852 -1.52164 0
      vertex 15.1291 -1.62082 1
      vertex 14.852 -1.52164 1
    endloop
  endfacet
  facet normal -0.336986 -0.94151 -0
    outer loop
      vertex 15.1291 -1.62082 1
      vertex 14.852 -1.52164 0
      vertex 15.1291 -1.62082 0
    endloop
  endfacet
  facet normal 0.671625 -0.740891 0
    outer loop
      vertex 17.9032 -1.06903 0
      vertex 18.1213 -0.87132 1
      vertex 17.9032 -1.06903 1
    endloop
  endfacet
  facet normal 0.671625 -0.740891 0
    outer loop
      vertex 18.1213 -0.87132 1
      vertex 17.9032 -1.06903 0
      vertex 18.1213 -0.87132 0
    endloop
  endfacet
  facet normal 0 0 1
    outer loop
      vertex 18 1.25 1
      vertex 19 1.25 1
      vertex 18.9856 1.54405 1
    endloop
  endfacet
  facet normal 0 0 1
    outer loop
      vertex 17.9904 1.44603 1
      vertex 18.9856 1.54405 1
      vertex 18.9424 1.83527 1
    endloop
  endfacet
  facet normal 0 0 1
    outer loop
      vertex 19 1.25 1
      vertex 18 1.25 1
      vertex 18.9856 0.955949 1
    endloop
  endfacet
  facet normal 0 0 1
    outer loop
      vertex 17.9616 1.64018 1
      vertex 18.9424 1.83527 1
      vertex 18.8708 2.12085 1
    endloop
  endfacet
  facet normal -0 0 1
    outer loop
      vertex 17.9904 1.05397 1
      vertex 18.9856 0.955949 1
      vertex 18 1.25 1
    endloop
  endfacet
  facet normal 0 0 1
    outer loop
      vertex 17.9139 1.83057 1
      vertex 18.8708 2.12085 1
      vertex 18.7716 2.39805 1
    endloop
  endfacet
  facet normal 0 0 1
    outer loop
      vertex 18.9856 0.955949 1
      vertex 17.9904 1.05397 1
      vertex 18.9424 0.664729 1
    endloop
  endfacet
  facet normal 0 0 1
    outer loop
      vertex 17.8478 2.01537 1
      vertex 18.7716 2.39805 1
      vertex 18.6458 2.66419 1
    endloop
  endfacet
  facet normal -0 0 1
    outer loop
      vertex 17.9616 0.859819 1
      vertex 18.9424 0.664729 1
      vertex 17.9904 1.05397 1
    endloop
  endfacet
  facet normal 0 0 1
    outer loop
      vertex 17.7638 2.19279 1
      vertex 18.6458 2.66419 1
      vertex 18.4944 2.91671 1
    endloop
  endfacet
  facet normal 0 0 1
    outer loop
      vertex 18.9424 0.664729 1
      vertex 17.9616 0.859819 1
      vertex 18.8708 0.379147 1
    endloop
  endfacet
  facet normal 0 0 1
    outer loop
      vertex 17.6629 2.36114 1
      vertex 18.4944 2.91671 1
      vertex 18.319 3.15318 1
    endloop
  endfacet
  facet normal -0 0 1
    outer loop
      vertex 17.9139 0.669431 1
      vertex 18.8708 0.379147 1
      vertex 17.9616 0.859819 1
    endloop
  endfacet
  facet normal 0 0 1
    outer loop
      vertex 17.546 2.51879 1
      vertex 18.319 3.15318 1
      vertex 18.1213 3.37132 1
    endloop
  endfacet
  facet normal 0 0 1
    outer loop
      vertex 18.8708 0.379147 1
      vertex 17.9139 0.669431 1
      vertex 18.7716 0.101951 1
    endloop
  endfacet
  facet normal -0 0 1
    outer loop
      vertex 17.8478 0.484633 1
      vertex 18.7716 0.101951 1
      vertex 17.9139 0.669431 1
    endloop
  endfacet
  facet normal 0 0 1
    outer loop
      vertex 18.9856 1.54405 1
      vertex 17.9904 1.44603 1
      vertex 18 1.25 1
    endloop
  endfacet
  facet normal 0 0 1
    outer loop
      vertex 18.9424 1.83527 1
      vertex 17.9616 1.64018 1
      vertex 17.9904 1.44603 1
    endloop
  endfacet
  facet normal 0 0 1
    outer loop
      vertex 18.8708 2.12085 1
      vertex 17.9139 1.83057 1
      vertex 17.9616 1.64018 1
    endloop
  endfacet
  facet normal 0 0 1
    outer loop
      vertex 17.4142 2.66421 1
      vertex 18.1213 3.37132 1
      vertex 17.9032 3.56903 1
    endloop
  endfacet
  facet normal 0 0 1
    outer loop
      vertex 18.7716 2.39805 1
      vertex 17.8478 2.01537 1
      vertex 17.9139 1.83057 1
    endloop
  endfacet
  facet normal 0 0 1
    outer loop
      vertex 18.6458 2.66419 1
      vertex 17.7638 2.19279 1
      vertex 17.8478 2.01537 1
    endloop
  endfacet
  facet normal 0 0 1
    outer loop
      vertex 17.2688 2.79602 1
      vertex 17.9032 3.56903 1
      vertex 17.6667 3.74441 1
    endloop
  endfacet
  facet normal 0 0 1
    outer loop
      vertex 18.4944 2.91671 1
      vertex 17.6629 2.36114 1
      vertex 17.7638 2.19279 1
    endloop
  endfacet
  facet normal 0 0 1
    outer loop
      vertex 18.319 3.15318 1
      vertex 17.546 2.51879 1
      vertex 17.6629 2.36114 1
    endloop
  endfacet
  facet normal 0 0 1
    outer loop
      vertex 18.1213 3.37132 1
      vertex 17.4142 2.66421 1
      vertex 17.546 2.51879 1
    endloop
  endfacet
  facet normal 0 0 1
    outer loop
      vertex 17.1111 2.91294 1
      vertex 17.6667 3.74441 1
      vertex 17.4142 3.89576 1
    endloop
  endfacet
  facet normal 0 0 1
    outer loop
      vertex 17.9032 3.56903 1
      vertex 17.2688 2.79602 1
      vertex 17.4142 2.66421 1
    endloop
  endfacet
  facet normal 0 0 1
    outer loop
      vertex 16.9428 3.01384 1
      vertex 17.4142 3.89576 1
      vertex 17.148 4.02164 1
    endloop
  endfacet
  facet normal 0 0 1
    outer loop
      vertex 17.6667 3.74441 1
      vertex 17.1111 2.91294 1
      vertex 17.2688 2.79602 1
    endloop
  endfacet
  facet normal 0 0 1
    outer loop
      vertex 17.4142 3.89576 1
      vertex 16.9428 3.01384 1
      vertex 17.1111 2.91294 1
    endloop
  endfacet
  facet normal 0 0 1
    outer loop
      vertex 16.7654 3.09776 1
      vertex 17.148 4.02164 1
      vertex 16.8709 4.12082 1
    endloop
  endfacet
  facet normal 0 0 1
    outer loop
      vertex 17.148 4.02164 1
      vertex 16.7654 3.09776 1
      vertex 16.9428 3.01384 1
    endloop
  endfacet
  facet normal 0 0 1
    outer loop
      vertex 16.5806 3.16388 1
      vertex 16.8709 4.12082 1
      vertex 16.5853 4.19236 1
    endloop
  endfacet
  facet normal 0 0 1
    outer loop
      vertex 16.8709 4.12082 1
      vertex 16.5806 3.16388 1
      vertex 16.7654 3.09776 1
    endloop
  endfacet
  facet normal 0 0 1
    outer loop
      vertex 16.5853 4.19236 1
      vertex 16.3902 3.21157 1
      vertex 16.5806 3.16388 1
    endloop
  endfacet
  facet normal 0 0 1
    outer loop
      vertex 16.2941 4.23555 1
      vertex 16.3902 3.21157 1
      vertex 16.5853 4.19236 1
    endloop
  endfacet
  facet normal 0 0 1
    outer loop
      vertex 16.2941 4.23555 1
      vertex 16.196 3.24037 1
      vertex 16.3902 3.21157 1
    endloop
  endfacet
  facet normal 0 0 1
    outer loop
      vertex 16 4.25 1
      vertex 16.196 3.24037 1
      vertex 16.2941 4.23555 1
    endloop
  endfacet
  facet normal 0 0 1
    outer loop
      vertex 16 4.25 1
      vertex 16 3.25 1
      vertex 16.196 3.24037 1
    endloop
  endfacet
  facet normal 0 0 1
    outer loop
      vertex 16 4.25 1
      vertex 15.804 3.24037 1
      vertex 16 3.25 1
    endloop
  endfacet
  facet normal -0 0 1
    outer loop
      vertex 15.7059 4.23555 1
      vertex 15.804 3.24037 1
      vertex 16 4.25 1
    endloop
  endfacet
  facet normal 0 0 1
    outer loop
      vertex 15.7059 4.23555 1
      vertex 15.6098 3.21157 1
      vertex 15.804 3.24037 1
    endloop
  endfacet
  facet normal -0 0 1
    outer loop
      vertex 15.4147 4.19236 1
      vertex 15.6098 3.21157 1
      vertex 15.7059 4.23555 1
    endloop
  endfacet
  facet normal 0 0 1
    outer loop
      vertex 15.6098 3.21157 1
      vertex 15.4147 4.19236 1
      vertex 15.4194 3.16388 1
    endloop
  endfacet
  facet normal -0 0 1
    outer loop
      vertex 15.1291 4.12082 1
      vertex 15.4194 3.16388 1
      vertex 15.4147 4.19236 1
    endloop
  endfacet
  facet normal 0 0 1
    outer loop
      vertex 15.4194 3.16388 1
      vertex 15.1291 4.12082 1
      vertex 15.2346 3.09776 1
    endloop
  endfacet
  facet normal -0 0 1
    outer loop
      vertex 14.852 4.02164 1
      vertex 15.2346 3.09776 1
      vertex 15.1291 4.12082 1
    endloop
  endfacet
  facet normal 0 0 1
    outer loop
      vertex 15.2346 3.09776 1
      vertex 14.852 4.02164 1
      vertex 15.0572 3.01384 1
    endloop
  endfacet
  facet normal -0 0 1
    outer loop
      vertex 14.5858 3.89576 1
      vertex 15.0572 3.01384 1
      vertex 14.852 4.02164 1
    endloop
  endfacet
  facet normal 0 0 1
    outer loop
      vertex 15.0572 3.01384 1
      vertex 14.5858 3.89576 1
      vertex 14.8889 2.91294 1
    endloop
  endfacet
  facet normal -0 0 1
    outer loop
      vertex 14.3333 3.74441 1
      vertex 14.8889 2.91294 1
      vertex 14.5858 3.89576 1
    endloop
  endfacet
  facet normal 0 0 1
    outer loop
      vertex 14.8889 2.91294 1
      vertex 14.3333 3.74441 1
      vertex 14.7312 2.79602 1
    endloop
  endfacet
  facet normal -0 0 1
    outer loop
      vertex 14.0968 3.56903 1
      vertex 14.7312 2.79602 1
      vertex 14.3333 3.74441 1
    endloop
  endfacet
  facet normal 0 0 1
    outer loop
      vertex 14.7312 2.79602 1
      vertex 14.0968 3.56903 1
      vertex 14.5858 2.66421 1
    endloop
  endfacet
  facet normal -0 0 1
    outer loop
      vertex 13.8787 3.37132 1
      vertex 14.5858 2.66421 1
      vertex 14.0968 3.56903 1
    endloop
  endfacet
  facet normal 0 0 1
    outer loop
      vertex 14.5858 2.66421 1
      vertex 13.8787 3.37132 1
      vertex 14.454 2.51879 1
    endloop
  endfacet
  facet normal -0 0 1
    outer loop
      vertex 13.681 3.15318 1
      vertex 14.454 2.51879 1
      vertex 13.8787 3.37132 1
    endloop
  endfacet
  facet normal 0 0 1
    outer loop
      vertex 14.454 2.51879 1
      vertex 13.681 3.15318 1
      vertex 14.3371 2.36114 1
    endloop
  endfacet
  facet normal -0 0 1
    outer loop
      vertex 13.5056 2.91671 1
      vertex 14.3371 2.36114 1
      vertex 13.681 3.15318 1
    endloop
  endfacet
  facet normal 0 0 1
    outer loop
      vertex 14.3371 2.36114 1
      vertex 13.5056 2.91671 1
      vertex 14.2362 2.19279 1
    endloop
  endfacet
  facet normal -0 0 1
    outer loop
      vertex 13.3542 2.66419 1
      vertex 14.2362 2.19279 1
      vertex 13.5056 2.91671 1
    endloop
  endfacet
  facet normal 0 0 1
    outer loop
      vertex 14.2362 2.19279 1
      vertex 13.3542 2.66419 1
      vertex 14.1522 2.01537 1
    endloop
  endfacet
  facet normal -0 0 1
    outer loop
      vertex 13.2284 2.39805 1
      vertex 14.1522 2.01537 1
      vertex 13.3542 2.66419 1
    endloop
  endfacet
  facet normal 0 0 1
    outer loop
      vertex 18.7716 0.101951 1
      vertex 17.8478 0.484633 1
      vertex 18.6458 -0.164189 1
    endloop
  endfacet
  facet normal -0 0 1
    outer loop
      vertex 17.7638 0.307207 1
      vertex 18.6458 -0.164189 1
      vertex 17.8478 0.484633 1
    endloop
  endfacet
  facet normal 0 0 1
    outer loop
      vertex 18.6458 -0.164189 1
      vertex 17.7638 0.307207 1
      vertex 18.4944 -0.41671 1
    endloop
  endfacet
  facet normal -0 0 1
    outer loop
      vertex 17.6629 0.13886 1
      vertex 18.4944 -0.41671 1
      vertex 17.7638 0.307207 1
    endloop
  endfacet
  facet normal 0 0 1
    outer loop
      vertex 18.4944 -0.41671 1
      vertex 17.6629 0.13886 1
      vertex 18.319 -0.653179 1
    endloop
  endfacet
  facet normal -0 0 1
    outer loop
      vertex 17.546 -0.0187864 1
      vertex 18.319 -0.653179 1
      vertex 17.6629 0.13886 1
    endloop
  endfacet
  facet normal 0 0 1
    outer loop
      vertex 18.319 -0.653179 1
      vertex 17.546 -0.0187864 1
      vertex 18.1213 -0.87132 1
    endloop
  endfacet
  facet normal -0 0 1
    outer loop
      vertex 17.4142 -0.164213 1
      vertex 18.1213 -0.87132 1
      vertex 17.546 -0.0187864 1
    endloop
  endfacet
  facet normal 0 0 1
    outer loop
      vertex 18.1213 -0.87132 1
      vertex 17.4142 -0.164213 1
      vertex 17.9032 -1.06903 1
    endloop
  endfacet
  facet normal -0 0 1
    outer loop
      vertex 17.2688 -0.296021 1
      vertex 17.9032 -1.06903 1
      vertex 17.4142 -0.164213 1
    endloop
  endfacet
  facet normal 0 0 1
    outer loop
      vertex 17.9032 -1.06903 1
      vertex 17.2688 -0.296021 1
      vertex 17.6667 -1.24441 1
    endloop
  endfacet
  facet normal -0 0 1
    outer loop
      vertex 17.1111 -0.412939 1
      vertex 17.6667 -1.24441 1
      vertex 17.2688 -0.296021 1
    endloop
  endfacet
  facet normal 0 0 1
    outer loop
      vertex 17.6667 -1.24441 1
      vertex 17.1111 -0.412939 1
      vertex 17.4142 -1.39576 1
    endloop
  endfacet
  facet normal -0 0 1
    outer loop
      vertex 16.9428 -0.513842 1
      vertex 17.4142 -1.39576 1
      vertex 17.1111 -0.412939 1
    endloop
  endfacet
  facet normal 0 0 1
    outer loop
      vertex 17.4142 -1.39576 1
      vertex 16.9428 -0.513842 1
      vertex 17.148 -1.52164 1
    endloop
  endfacet
  facet normal -0 0 1
    outer loop
      vertex 16.7654 -0.597758 1
      vertex 17.148 -1.52164 1
      vertex 16.9428 -0.513842 1
    endloop
  endfacet
  facet normal 0 0 1
    outer loop
      vertex 17.148 -1.52164 1
      vertex 16.7654 -0.597758 1
      vertex 16.8709 -1.62082 1
    endloop
  endfacet
  facet normal -0 0 1
    outer loop
      vertex 16.5806 -0.66388 1
      vertex 16.8709 -1.62082 1
      vertex 16.7654 -0.597758 1
    endloop
  endfacet
  facet normal 0 0 1
    outer loop
      vertex 16.8709 -1.62082 1
      vertex 16.5806 -0.66388 1
      vertex 16.5853 -1.69236 1
    endloop
  endfacet
  facet normal -0 0 1
    outer loop
      vertex 16.3902 -0.71157 1
      vertex 16.5853 -1.69236 1
      vertex 16.5806 -0.66388 1
    endloop
  endfacet
  facet normal 0 0 1
    outer loop
      vertex 16.3902 -0.71157 1
      vertex 16.2941 -1.73555 1
      vertex 16.5853 -1.69236 1
    endloop
  endfacet
  facet normal -0 0 1
    outer loop
      vertex 16.196 -0.740369 1
      vertex 16.2941 -1.73555 1
      vertex 16.3902 -0.71157 1
    endloop
  endfacet
  facet normal -0 0 1
    outer loop
      vertex 16 -0.75 1
      vertex 16.2941 -1.73555 1
      vertex 16.196 -0.740369 1
    endloop
  endfacet
  facet normal 0 0 1
    outer loop
      vertex 16 -0.75 1
      vertex 16 -1.75 1
      vertex 16.2941 -1.73555 1
    endloop
  endfacet
  facet normal 0 0 1
    outer loop
      vertex 15.804 -0.740369 1
      vertex 16 -1.75 1
      vertex 16 -0.75 1
    endloop
  endfacet
  facet normal 0 0 1
    outer loop
      vertex 15.804 -0.740369 1
      vertex 15.7059 -1.73555 1
      vertex 16 -1.75 1
    endloop
  endfacet
  facet normal 0 0 1
    outer loop
      vertex 15.6098 -0.71157 1
      vertex 15.7059 -1.73555 1
      vertex 15.804 -0.740369 1
    endloop
  endfacet
  facet normal 0 0 1
    outer loop
      vertex 15.4147 -1.69236 1
      vertex 15.6098 -0.71157 1
      vertex 15.4194 -0.66388 1
    endloop
  endfacet
  facet normal 0 0 1
    outer loop
      vertex 15.6098 -0.71157 1
      vertex 15.4147 -1.69236 1
      vertex 15.7059 -1.73555 1
    endloop
  endfacet
  facet normal 0 0 1
    outer loop
      vertex 15.1291 -1.62082 1
      vertex 15.4194 -0.66388 1
      vertex 15.2346 -0.597758 1
    endloop
  endfacet
  facet normal 0 0 1
    outer loop
      vertex 15.4194 -0.66388 1
      vertex 15.1291 -1.62082 1
      vertex 15.4147 -1.69236 1
    endloop
  endfacet
  facet normal 0 0 1
    outer loop
      vertex 14.852 -1.52164 1
      vertex 15.2346 -0.597758 1
      vertex 15.0572 -0.513842 1
    endloop
  endfacet
  facet normal 0 0 1
    outer loop
      vertex 14.5858 -1.39576 1
      vertex 15.0572 -0.513842 1
      vertex 14.8889 -0.412939 1
    endloop
  endfacet
  facet normal 0 0 1
    outer loop
      vertex 15.2346 -0.597758 1
      vertex 14.852 -1.52164 1
      vertex 15.1291 -1.62082 1
    endloop
  endfacet
  facet normal 0 0 1
    outer loop
      vertex 14.3333 -1.24441 1
      vertex 14.8889 -0.412939 1
      vertex 14.7312 -0.296021 1
    endloop
  endfacet
  facet normal 0 0 1
    outer loop
      vertex 15.0572 -0.513842 1
      vertex 14.5858 -1.39576 1
      vertex 14.852 -1.52164 1
    endloop
  endfacet
  facet normal 0 0 1
    outer loop
      vertex 14.0968 -1.06903 1
      vertex 14.7312 -0.296021 1
      vertex 14.5858 -0.164213 1
    endloop
  endfacet
  facet normal 0 0 1
    outer loop
      vertex 13.8787 -0.87132 1
      vertex 14.5858 -0.164213 1
      vertex 14.454 -0.0187864 1
    endloop
  endfacet
  facet normal 0 0 1
    outer loop
      vertex 13.681 -0.653179 1
      vertex 14.454 -0.0187864 1
      vertex 14.3371 0.13886 1
    endloop
  endfacet
  facet normal 0 0 1
    outer loop
      vertex 14.8889 -0.412939 1
      vertex 14.3333 -1.24441 1
      vertex 14.5858 -1.39576 1
    endloop
  endfacet
  facet normal 0 0 1
    outer loop
      vertex 13.5056 -0.41671 1
      vertex 14.3371 0.13886 1
      vertex 14.2362 0.307207 1
    endloop
  endfacet
  facet normal 0 0 1
    outer loop
      vertex 13.3542 -0.164189 1
      vertex 14.2362 0.307207 1
      vertex 14.1522 0.484633 1
    endloop
  endfacet
  facet normal 0 0 1
    outer loop
      vertex 14.7312 -0.296021 1
      vertex 14.0968 -1.06903 1
      vertex 14.3333 -1.24441 1
    endloop
  endfacet
  facet normal 0 0 1
    outer loop
      vertex 13.2284 0.101951 1
      vertex 14.1522 0.484633 1
      vertex 14.0861 0.669431 1
    endloop
  endfacet
  facet normal 0 0 1
    outer loop
      vertex 13.1292 0.379147 1
      vertex 14.0861 0.669431 1
      vertex 14.0384 0.859819 1
    endloop
  endfacet
  facet normal 0 0 1
    outer loop
      vertex 13.0576 0.664729 1
      vertex 14.0384 0.859819 1
      vertex 14.0096 1.05397 1
    endloop
  endfacet
  facet normal 0 0 1
    outer loop
      vertex 13.0144 0.955949 1
      vertex 14.0096 1.05397 1
      vertex 14 1.25 1
    endloop
  endfacet
  facet normal 0 0 1
    outer loop
      vertex 14.1522 2.01537 1
      vertex 13.2284 2.39805 1
      vertex 14.0861 1.83057 1
    endloop
  endfacet
  facet normal 0 0 1
    outer loop
      vertex 14.5858 -0.164213 1
      vertex 13.8787 -0.87132 1
      vertex 14.0968 -1.06903 1
    endloop
  endfacet
  facet normal -0 0 1
    outer loop
      vertex 13.1292 2.12085 1
      vertex 14.0861 1.83057 1
      vertex 13.2284 2.39805 1
    endloop
  endfacet
  facet normal 0 0 1
    outer loop
      vertex 14.454 -0.0187864 1
      vertex 13.681 -0.653179 1
      vertex 13.8787 -0.87132 1
    endloop
  endfacet
  facet normal 0 0 1
    outer loop
      vertex 14.0861 1.83057 1
      vertex 13.1292 2.12085 1
      vertex 14.0384 1.64018 1
    endloop
  endfacet
  facet normal 0 0 1
    outer loop
      vertex 14.3371 0.13886 1
      vertex 13.5056 -0.41671 1
      vertex 13.681 -0.653179 1
    endloop
  endfacet
  facet normal -0 0 1
    outer loop
      vertex 13.0576 1.83527 1
      vertex 14.0384 1.64018 1
      vertex 13.1292 2.12085 1
    endloop
  endfacet
  facet normal 0 0 1
    outer loop
      vertex 14.2362 0.307207 1
      vertex 13.3542 -0.164189 1
      vertex 13.5056 -0.41671 1
    endloop
  endfacet
  facet normal 0 0 1
    outer loop
      vertex 14.0384 1.64018 1
      vertex 13.0576 1.83527 1
      vertex 14.0096 1.44603 1
    endloop
  endfacet
  facet normal 0 0 1
    outer loop
      vertex 14.1522 0.484633 1
      vertex 13.2284 0.101951 1
      vertex 13.3542 -0.164189 1
    endloop
  endfacet
  facet normal -0 0 1
    outer loop
      vertex 13.0144 1.54405 1
      vertex 14.0096 1.44603 1
      vertex 13.0576 1.83527 1
    endloop
  endfacet
  facet normal 0 0 1
    outer loop
      vertex 14.0861 0.669431 1
      vertex 13.1292 0.379147 1
      vertex 13.2284 0.101951 1
    endloop
  endfacet
  facet normal 0 0 1
    outer loop
      vertex 14.0096 1.44603 1
      vertex 13.0144 1.54405 1
      vertex 14 1.25 1
    endloop
  endfacet
  facet normal 0 0 1
    outer loop
      vertex 14.0384 0.859819 1
      vertex 13.0576 0.664729 1
      vertex 13.1292 0.379147 1
    endloop
  endfacet
  facet normal 0 0 1
    outer loop
      vertex 13 1.25 1
      vertex 14 1.25 1
      vertex 13.0144 1.54405 1
    endloop
  endfacet
  facet normal 0 0 1
    outer loop
      vertex 14.0096 1.05397 1
      vertex 13.0144 0.955949 1
      vertex 13.0576 0.664729 1
    endloop
  endfacet
  facet normal 0 0 1
    outer loop
      vertex 14 1.25 1
      vertex 13 1.25 1
      vertex 13.0144 0.955949 1
    endloop
  endfacet
endsolid OpenSCAD_Model
