solid OpenSCAD_Model
  facet normal 1 -0 0
    outer loop
      vertex 24.8 0 1.2
      vertex 24.8 27 0
      vertex 24.8 27 1.2
    endloop
  endfacet
  facet normal 1 0 0
    outer loop
      vertex 24.8 27 0
      vertex 24.8 0 1.2
      vertex 24.8 0 0
    endloop
  endfacet
  facet normal 0 0 1
    outer loop
      vertex 24.8 27 1.2
      vertex 23.3 13.5 1.2
      vertex 24.8 0 1.2
    endloop
  endfacet
  facet normal 0 0 1
    outer loop
      vertex 24.8 27 1.2
      vertex 23.2952 13.598 1.2
      vertex 23.3 13.5 1.2
    endloop
  endfacet
  facet normal 0 0 1
    outer loop
      vertex 24.8 27 1.2
      vertex 23.2808 13.6951 1.2
      vertex 23.2952 13.598 1.2
    endloop
  endfacet
  facet normal 0 0 1
    outer loop
      vertex 24.8 27 1.2
      vertex 23.2569 13.7903 1.2
      vertex 23.2808 13.6951 1.2
    endloop
  endfacet
  facet normal 0 0 1
    outer loop
      vertex 24.8 27 1.2
      vertex 23.2239 13.8827 1.2
      vertex 23.2569 13.7903 1.2
    endloop
  endfacet
  facet normal 0 0 1
    outer loop
      vertex 24.8 27 1.2
      vertex 23.1819 13.9714 1.2
      vertex 23.2239 13.8827 1.2
    endloop
  endfacet
  facet normal 0 0 1
    outer loop
      vertex 24.8 27 1.2
      vertex 23.1315 14.0556 1.2
      vertex 23.1819 13.9714 1.2
    endloop
  endfacet
  facet normal 0 0 1
    outer loop
      vertex 24.8 27 1.2
      vertex 23.073 14.1344 1.2
      vertex 23.1315 14.0556 1.2
    endloop
  endfacet
  facet normal 0 0 1
    outer loop
      vertex 24.8 27 1.2
      vertex 23.0071 14.2071 1.2
      vertex 23.073 14.1344 1.2
    endloop
  endfacet
  facet normal 0 0 1
    outer loop
      vertex 24.8 27 1.2
      vertex 22.9344 14.273 1.2
      vertex 23.0071 14.2071 1.2
    endloop
  endfacet
  facet normal 0 0 1
    outer loop
      vertex 24.8 27 1.2
      vertex 22.8556 14.3315 1.2
      vertex 22.9344 14.273 1.2
    endloop
  endfacet
  facet normal 0 0 1
    outer loop
      vertex 24.8 27 1.2
      vertex 22.7714 14.3819 1.2
      vertex 22.8556 14.3315 1.2
    endloop
  endfacet
  facet normal 0 0 1
    outer loop
      vertex 24.8 27 1.2
      vertex 22.6827 14.4239 1.2
      vertex 22.7714 14.3819 1.2
    endloop
  endfacet
  facet normal 0 0 1
    outer loop
      vertex 24.8 27 1.2
      vertex 22.5903 14.4569 1.2
      vertex 22.6827 14.4239 1.2
    endloop
  endfacet
  facet normal 0 0 1
    outer loop
      vertex 24.8 27 1.2
      vertex 22.4951 14.4808 1.2
      vertex 22.5903 14.4569 1.2
    endloop
  endfacet
  facet normal 0 0 1
    outer loop
      vertex 24.8 27 1.2
      vertex 22.398 14.4952 1.2
      vertex 22.4951 14.4808 1.2
    endloop
  endfacet
  facet normal 0 0 1
    outer loop
      vertex 24.8 27 1.2
      vertex 22.3 14.5 1.2
      vertex 22.398 14.4952 1.2
    endloop
  endfacet
  facet normal 0 0 1
    outer loop
      vertex 24.8 27 1.2
      vertex 22.202 14.4952 1.2
      vertex 22.3 14.5 1.2
    endloop
  endfacet
  facet normal 0 0 1
    outer loop
      vertex 24.8 27 1.2
      vertex 22.1049 14.4808 1.2
      vertex 22.202 14.4952 1.2
    endloop
  endfacet
  facet normal 0 0 1
    outer loop
      vertex 24.8 27 1.2
      vertex 22.0097 14.4569 1.2
      vertex 22.1049 14.4808 1.2
    endloop
  endfacet
  facet normal 0 0 1
    outer loop
      vertex 24.8 27 1.2
      vertex 21.9173 14.4239 1.2
      vertex 22.0097 14.4569 1.2
    endloop
  endfacet
  facet normal 0 0 1
    outer loop
      vertex 24.8 27 1.2
      vertex 21.8286 14.3819 1.2
      vertex 21.9173 14.4239 1.2
    endloop
  endfacet
  facet normal 0 0 1
    outer loop
      vertex 24.8 27 1.2
      vertex 21.7444 14.3315 1.2
      vertex 21.8286 14.3819 1.2
    endloop
  endfacet
  facet normal 0 0 1
    outer loop
      vertex 24.8 27 1.2
      vertex 21.6656 14.273 1.2
      vertex 21.7444 14.3315 1.2
    endloop
  endfacet
  facet normal 0 0 1
    outer loop
      vertex 24.8 27 1.2
      vertex 21.5929 14.2071 1.2
      vertex 21.6656 14.273 1.2
    endloop
  endfacet
  facet normal 0 0 1
    outer loop
      vertex 3.20711 14.2071 1.2
      vertex 21.5929 14.2071 1.2
      vertex 24.8 27 1.2
    endloop
  endfacet
  facet normal 0 0 1
    outer loop
      vertex 21.5929 14.2071 1.2
      vertex 3.20711 14.2071 1.2
      vertex 21.527 14.1344 1.2
    endloop
  endfacet
  facet normal 0 -0 1
    outer loop
      vertex 3.27301 14.1344 1.2
      vertex 21.527 14.1344 1.2
      vertex 3.20711 14.2071 1.2
    endloop
  endfacet
  facet normal 0 0 1
    outer loop
      vertex 21.527 14.1344 1.2
      vertex 3.27301 14.1344 1.2
      vertex 21.4685 14.0556 1.2
    endloop
  endfacet
  facet normal 0 -0 1
    outer loop
      vertex 3.33147 14.0556 1.2
      vertex 21.4685 14.0556 1.2
      vertex 3.27301 14.1344 1.2
    endloop
  endfacet
  facet normal 0 0 1
    outer loop
      vertex 13.3567 8.3097 1.2
      vertex 21.3 13.5 1.2
      vertex 21.3048 13.598 1.2
    endloop
  endfacet
  facet normal 0 0 1
    outer loop
      vertex 13.1257 8.39235 1.2
      vertex 21.3048 13.598 1.2
      vertex 21.3192 13.6951 1.2
    endloop
  endfacet
  facet normal 0 0 1
    outer loop
      vertex 12.8877 8.45196 1.2
      vertex 21.3192 13.6951 1.2
      vertex 21.3431 13.7903 1.2
    endloop
  endfacet
  facet normal 0 0 1
    outer loop
      vertex 21.4685 14.0556 1.2
      vertex 3.33147 14.0556 1.2
      vertex 21.4181 13.9714 1.2
    endloop
  endfacet
  facet normal 0 0 1
    outer loop
      vertex 21.3 13.5 1.2
      vertex 14.888 6.24504 1.2
      vertex 14.9 6 1.2
    endloop
  endfacet
  facet normal 0 0 1
    outer loop
      vertex 21.3 13.5 1.2
      vertex 14.852 6.48773 1.2
      vertex 14.888 6.24504 1.2
    endloop
  endfacet
  facet normal 0 0 1
    outer loop
      vertex 21.3 13.5 1.2
      vertex 14.7924 6.72571 1.2
      vertex 14.852 6.48773 1.2
    endloop
  endfacet
  facet normal 0 0 1
    outer loop
      vertex 21.3 13.5 1.2
      vertex 14.7097 6.95671 1.2
      vertex 14.7924 6.72571 1.2
    endloop
  endfacet
  facet normal 0 0 1
    outer loop
      vertex 21.3 13.5 1.2
      vertex 14.6048 7.17849 1.2
      vertex 14.7097 6.95671 1.2
    endloop
  endfacet
  facet normal 0 0 1
    outer loop
      vertex 21.3 13.5 1.2
      vertex 14.4787 7.38893 1.2
      vertex 14.6048 7.17849 1.2
    endloop
  endfacet
  facet normal 0 0 1
    outer loop
      vertex 21.3 13.5 1.2
      vertex 14.3325 7.58598 1.2
      vertex 14.4787 7.38893 1.2
    endloop
  endfacet
  facet normal 0 0 1
    outer loop
      vertex 21.3 13.5 1.2
      vertex 14.1678 7.76777 1.2
      vertex 14.3325 7.58598 1.2
    endloop
  endfacet
  facet normal 0 0 1
    outer loop
      vertex 21.3 13.5 1.2
      vertex 13.986 7.93253 1.2
      vertex 14.1678 7.76777 1.2
    endloop
  endfacet
  facet normal 0 0 1
    outer loop
      vertex 21.3 13.5 1.2
      vertex 13.7889 8.07867 1.2
      vertex 13.986 7.93253 1.2
    endloop
  endfacet
  facet normal 0 0 1
    outer loop
      vertex 21.3 13.5 1.2
      vertex 13.5785 8.2048 1.2
      vertex 13.7889 8.07867 1.2
    endloop
  endfacet
  facet normal 0 0 1
    outer loop
      vertex 21.3 13.5 1.2
      vertex 13.3567 8.3097 1.2
      vertex 13.5785 8.2048 1.2
    endloop
  endfacet
  facet normal 0 0 1
    outer loop
      vertex 21.3048 13.598 1.2
      vertex 13.1257 8.39235 1.2
      vertex 13.3567 8.3097 1.2
    endloop
  endfacet
  facet normal 0 0 1
    outer loop
      vertex 21.3192 13.6951 1.2
      vertex 12.8877 8.45196 1.2
      vertex 13.1257 8.39235 1.2
    endloop
  endfacet
  facet normal 0 0 1
    outer loop
      vertex 21.3431 13.7903 1.2
      vertex 12.645 8.48796 1.2
      vertex 12.8877 8.45196 1.2
    endloop
  endfacet
  facet normal 0 0 1
    outer loop
      vertex 21.4181 13.9714 1.2
      vertex 12.4 8.5 1.2
      vertex 21.3761 13.8827 1.2
    endloop
  endfacet
  facet normal 0 0 1
    outer loop
      vertex 21.3761 13.8827 1.2
      vertex 12.645 8.48796 1.2
      vertex 21.3431 13.7903 1.2
    endloop
  endfacet
  facet normal 0 -0 1
    outer loop
      vertex 12.645 8.48796 1.2
      vertex 21.3761 13.8827 1.2
      vertex 12.4 8.5 1.2
    endloop
  endfacet
  facet normal -0 -0 1
    outer loop
      vertex 3.42388 13.8827 1.2
      vertex 12.4 8.5 1.2
      vertex 3.38192 13.9714 1.2
    endloop
  endfacet
  facet normal 0 0 1
    outer loop
      vertex 12.4 8.5 1.2
      vertex 3.42388 13.8827 1.2
      vertex 12.155 8.48796 1.2
    endloop
  endfacet
  facet normal -0 -0 1
    outer loop
      vertex 3.45694 13.7903 1.2
      vertex 12.155 8.48796 1.2
      vertex 3.42388 13.8827 1.2
    endloop
  endfacet
  facet normal -0 -0 1
    outer loop
      vertex 3.48078 13.6951 1.2
      vertex 11.9123 8.45196 1.2
      vertex 3.45694 13.7903 1.2
    endloop
  endfacet
  facet normal 0 0 1
    outer loop
      vertex 11.9123 8.45196 1.2
      vertex 3.48078 13.6951 1.2
      vertex 11.6743 8.39235 1.2
    endloop
  endfacet
  facet normal -0 -0 1
    outer loop
      vertex 3.49518 13.598 1.2
      vertex 11.6743 8.39235 1.2
      vertex 3.48078 13.6951 1.2
    endloop
  endfacet
  facet normal 0 0 1
    outer loop
      vertex 11.6743 8.39235 1.2
      vertex 3.49518 13.598 1.2
      vertex 11.4433 8.3097 1.2
    endloop
  endfacet
  facet normal -0 -0 1
    outer loop
      vertex 3.5 13.5 1.2
      vertex 11.4433 8.3097 1.2
      vertex 3.49518 13.598 1.2
    endloop
  endfacet
  facet normal -0 0 1
    outer loop
      vertex 3.27301 12.8656 1.2
      vertex 10.4675 7.58598 1.2
      vertex 3.33147 12.9444 1.2
    endloop
  endfacet
  facet normal -0 0 1
    outer loop
      vertex 3.33147 12.9444 1.2
      vertex 10.4675 7.58598 1.2
      vertex 3.38192 13.0286 1.2
    endloop
  endfacet
  facet normal 0 0 1
    outer loop
      vertex 10.6322 7.76777 1.2
      vertex 3.38192 13.0286 1.2
      vertex 10.4675 7.58598 1.2
    endloop
  endfacet
  facet normal -0 0 1
    outer loop
      vertex 3.38192 13.0286 1.2
      vertex 10.6322 7.76777 1.2
      vertex 3.42388 13.1173 1.2
    endloop
  endfacet
  facet normal 0 0 1
    outer loop
      vertex 10.814 7.93253 1.2
      vertex 3.42388 13.1173 1.2
      vertex 10.6322 7.76777 1.2
    endloop
  endfacet
  facet normal -0 0 1
    outer loop
      vertex 3.42388 13.1173 1.2
      vertex 10.814 7.93253 1.2
      vertex 3.45694 13.2097 1.2
    endloop
  endfacet
  facet normal -0 0 1
    outer loop
      vertex 3.49518 13.402 1.2
      vertex 11.2215 8.2048 1.2
      vertex 3.5 13.5 1.2
    endloop
  endfacet
  facet normal 0 0 1
    outer loop
      vertex 11.0111 8.07867 1.2
      vertex 3.45694 13.2097 1.2
      vertex 10.814 7.93253 1.2
    endloop
  endfacet
  facet normal -0 0 1
    outer loop
      vertex 3.45694 13.2097 1.2
      vertex 11.0111 8.07867 1.2
      vertex 3.48078 13.3049 1.2
    endloop
  endfacet
  facet normal 0 0 1
    outer loop
      vertex 11.2215 8.2048 1.2
      vertex 3.48078 13.3049 1.2
      vertex 11.0111 8.07867 1.2
    endloop
  endfacet
  facet normal -0 0 1
    outer loop
      vertex 3.48078 13.3049 1.2
      vertex 11.2215 8.2048 1.2
      vertex 3.49518 13.402 1.2
    endloop
  endfacet
  facet normal 0 0 1
    outer loop
      vertex 11.4433 8.3097 1.2
      vertex 3.5 13.5 1.2
      vertex 11.2215 8.2048 1.2
    endloop
  endfacet
  facet normal 0 0 1
    outer loop
      vertex 12.155 8.48796 1.2
      vertex 3.45694 13.7903 1.2
      vertex 11.9123 8.45196 1.2
    endloop
  endfacet
  facet normal 0 -0 1
    outer loop
      vertex 12.4 8.5 1.2
      vertex 21.4181 13.9714 1.2
      vertex 3.38192 13.9714 1.2
    endloop
  endfacet
  facet normal 0 -0 1
    outer loop
      vertex 3.38192 13.9714 1.2
      vertex 21.4181 13.9714 1.2
      vertex 3.33147 14.0556 1.2
    endloop
  endfacet
  facet normal -0 0 1
    outer loop
      vertex 0 27 1.2
      vertex 3.20711 14.2071 1.2
      vertex 24.8 27 1.2
    endloop
  endfacet
  facet normal 0 0 1
    outer loop
      vertex 3.20711 14.2071 1.2
      vertex 0 27 1.2
      vertex 3.13439 14.273 1.2
    endloop
  endfacet
  facet normal 0 0 1
    outer loop
      vertex 3.13439 14.273 1.2
      vertex 0 27 1.2
      vertex 3.05557 14.3315 1.2
    endloop
  endfacet
  facet normal 0 0 1
    outer loop
      vertex 3.05557 14.3315 1.2
      vertex 0 27 1.2
      vertex 2.9714 14.3819 1.2
    endloop
  endfacet
  facet normal 0 0 1
    outer loop
      vertex 2.9714 14.3819 1.2
      vertex 0 27 1.2
      vertex 2.88268 14.4239 1.2
    endloop
  endfacet
  facet normal 0 0 1
    outer loop
      vertex 2.88268 14.4239 1.2
      vertex 0 27 1.2
      vertex 2.79028 14.4569 1.2
    endloop
  endfacet
  facet normal 0 0 1
    outer loop
      vertex 2.79028 14.4569 1.2
      vertex 0 27 1.2
      vertex 2.69509 14.4808 1.2
    endloop
  endfacet
  facet normal 0 0 1
    outer loop
      vertex 2.69509 14.4808 1.2
      vertex 0 27 1.2
      vertex 2.59802 14.4952 1.2
    endloop
  endfacet
  facet normal 0 0 1
    outer loop
      vertex 2.59802 14.4952 1.2
      vertex 0 27 1.2
      vertex 2.5 14.5 1.2
    endloop
  endfacet
  facet normal 0 0 1
    outer loop
      vertex 2.5 14.5 1.2
      vertex 0 27 1.2
      vertex 2.40198 14.4952 1.2
    endloop
  endfacet
  facet normal 0 0 1
    outer loop
      vertex 2.40198 14.4952 1.2
      vertex 0 27 1.2
      vertex 2.30491 14.4808 1.2
    endloop
  endfacet
  facet normal 0 0 1
    outer loop
      vertex 2.30491 14.4808 1.2
      vertex 0 27 1.2
      vertex 2.20971 14.4569 1.2
    endloop
  endfacet
  facet normal 0 0 1
    outer loop
      vertex 2.20971 14.4569 1.2
      vertex 0 27 1.2
      vertex 2.11732 14.4239 1.2
    endloop
  endfacet
  facet normal 0 0 1
    outer loop
      vertex 1.50482 13.598 1.2
      vertex 0 27 1.2
      vertex 1.5 13.5 1.2
    endloop
  endfacet
  facet normal 0 0 1
    outer loop
      vertex 1.51921 13.6951 1.2
      vertex 0 27 1.2
      vertex 1.50482 13.598 1.2
    endloop
  endfacet
  facet normal 0 0 1
    outer loop
      vertex 1.54306 13.7903 1.2
      vertex 0 27 1.2
      vertex 1.51921 13.6951 1.2
    endloop
  endfacet
  facet normal 0 0 1
    outer loop
      vertex 1.57612 13.8827 1.2
      vertex 0 27 1.2
      vertex 1.54306 13.7903 1.2
    endloop
  endfacet
  facet normal 0 0 1
    outer loop
      vertex 1.61808 13.9714 1.2
      vertex 0 27 1.2
      vertex 1.57612 13.8827 1.2
    endloop
  endfacet
  facet normal 0 0 1
    outer loop
      vertex 1.66853 14.0556 1.2
      vertex 0 27 1.2
      vertex 1.61808 13.9714 1.2
    endloop
  endfacet
  facet normal 0 0 1
    outer loop
      vertex 1.72699 14.1344 1.2
      vertex 0 27 1.2
      vertex 1.66853 14.0556 1.2
    endloop
  endfacet
  facet normal 0 0 1
    outer loop
      vertex 1.79289 14.2071 1.2
      vertex 0 27 1.2
      vertex 1.72699 14.1344 1.2
    endloop
  endfacet
  facet normal 0 0 1
    outer loop
      vertex 1.86561 14.273 1.2
      vertex 0 27 1.2
      vertex 1.79289 14.2071 1.2
    endloop
  endfacet
  facet normal 0 0 1
    outer loop
      vertex 1.94443 14.3315 1.2
      vertex 0 27 1.2
      vertex 1.86561 14.273 1.2
    endloop
  endfacet
  facet normal 0 0 1
    outer loop
      vertex 2.0286 14.3819 1.2
      vertex 0 27 1.2
      vertex 1.94443 14.3315 1.2
    endloop
  endfacet
  facet normal 0 0 1
    outer loop
      vertex 2.11732 14.4239 1.2
      vertex 0 27 1.2
      vertex 2.0286 14.3819 1.2
    endloop
  endfacet
  facet normal -0 0 1
    outer loop
      vertex 23.2952 13.402 1.2
      vertex 24.8 0 1.2
      vertex 23.3 13.5 1.2
    endloop
  endfacet
  facet normal -0 0 1
    outer loop
      vertex 23.2808 13.3049 1.2
      vertex 24.8 0 1.2
      vertex 23.2952 13.402 1.2
    endloop
  endfacet
  facet normal -0 0 1
    outer loop
      vertex 23.2569 13.2097 1.2
      vertex 24.8 0 1.2
      vertex 23.2808 13.3049 1.2
    endloop
  endfacet
  facet normal -0 0 1
    outer loop
      vertex 23.2239 13.1173 1.2
      vertex 24.8 0 1.2
      vertex 23.2569 13.2097 1.2
    endloop
  endfacet
  facet normal -0 0 1
    outer loop
      vertex 23.1819 13.0286 1.2
      vertex 24.8 0 1.2
      vertex 23.2239 13.1173 1.2
    endloop
  endfacet
  facet normal -0 0 1
    outer loop
      vertex 23.1315 12.9444 1.2
      vertex 24.8 0 1.2
      vertex 23.1819 13.0286 1.2
    endloop
  endfacet
  facet normal -0 0 1
    outer loop
      vertex 23.073 12.8656 1.2
      vertex 24.8 0 1.2
      vertex 23.1315 12.9444 1.2
    endloop
  endfacet
  facet normal -0 0 1
    outer loop
      vertex 23.0071 12.7929 1.2
      vertex 24.8 0 1.2
      vertex 23.073 12.8656 1.2
    endloop
  endfacet
  facet normal -0 0 1
    outer loop
      vertex 22.9344 12.727 1.2
      vertex 24.8 0 1.2
      vertex 23.0071 12.7929 1.2
    endloop
  endfacet
  facet normal -0 0 1
    outer loop
      vertex 22.8556 12.6685 1.2
      vertex 24.8 0 1.2
      vertex 22.9344 12.727 1.2
    endloop
  endfacet
  facet normal -0 0 1
    outer loop
      vertex 22.7714 12.6181 1.2
      vertex 24.8 0 1.2
      vertex 22.8556 12.6685 1.2
    endloop
  endfacet
  facet normal -0 0 1
    outer loop
      vertex 22.6827 12.5761 1.2
      vertex 24.8 0 1.2
      vertex 22.7714 12.6181 1.2
    endloop
  endfacet
  facet normal -0 0 1
    outer loop
      vertex 22.5903 12.5431 1.2
      vertex 24.8 0 1.2
      vertex 22.6827 12.5761 1.2
    endloop
  endfacet
  facet normal -0 0 1
    outer loop
      vertex 22.4951 12.5192 1.2
      vertex 24.8 0 1.2
      vertex 22.5903 12.5431 1.2
    endloop
  endfacet
  facet normal -0 0 1
    outer loop
      vertex 22.398 12.5048 1.2
      vertex 24.8 0 1.2
      vertex 22.4951 12.5192 1.2
    endloop
  endfacet
  facet normal -0 0 1
    outer loop
      vertex 22.3 12.5 1.2
      vertex 24.8 0 1.2
      vertex 22.398 12.5048 1.2
    endloop
  endfacet
  facet normal 0 0 1
    outer loop
      vertex 22.202 12.5048 1.2
      vertex 24.8 0 1.2
      vertex 22.3 12.5 1.2
    endloop
  endfacet
  facet normal 0 0 1
    outer loop
      vertex 14.9 6 1.2
      vertex 22.202 12.5048 1.2
      vertex 22.1049 12.5192 1.2
    endloop
  endfacet
  facet normal 0 0 1
    outer loop
      vertex 14.9 6 1.2
      vertex 22.1049 12.5192 1.2
      vertex 22.0097 12.5431 1.2
    endloop
  endfacet
  facet normal 0 0 1
    outer loop
      vertex 14.9 6 1.2
      vertex 22.0097 12.5431 1.2
      vertex 21.9173 12.5761 1.2
    endloop
  endfacet
  facet normal 0 0 1
    outer loop
      vertex 14.9 6 1.2
      vertex 21.9173 12.5761 1.2
      vertex 21.8286 12.6181 1.2
    endloop
  endfacet
  facet normal 0 0 1
    outer loop
      vertex 14.9 6 1.2
      vertex 21.8286 12.6181 1.2
      vertex 21.7444 12.6685 1.2
    endloop
  endfacet
  facet normal 0 0 1
    outer loop
      vertex 14.9 6 1.2
      vertex 21.7444 12.6685 1.2
      vertex 21.6656 12.727 1.2
    endloop
  endfacet
  facet normal 0 0 1
    outer loop
      vertex 14.9 6 1.2
      vertex 21.6656 12.727 1.2
      vertex 21.5929 12.7929 1.2
    endloop
  endfacet
  facet normal 0 0 1
    outer loop
      vertex 14.9 6 1.2
      vertex 21.5929 12.7929 1.2
      vertex 21.527 12.8656 1.2
    endloop
  endfacet
  facet normal 0 0 1
    outer loop
      vertex 14.9 6 1.2
      vertex 21.527 12.8656 1.2
      vertex 21.4685 12.9444 1.2
    endloop
  endfacet
  facet normal 0 0 1
    outer loop
      vertex 14.9 6 1.2
      vertex 21.4685 12.9444 1.2
      vertex 21.4181 13.0286 1.2
    endloop
  endfacet
  facet normal 0 0 1
    outer loop
      vertex 14.9 6 1.2
      vertex 21.4181 13.0286 1.2
      vertex 21.3761 13.1173 1.2
    endloop
  endfacet
  facet normal 0 0 1
    outer loop
      vertex 14.9 6 1.2
      vertex 21.3761 13.1173 1.2
      vertex 21.3431 13.2097 1.2
    endloop
  endfacet
  facet normal 0 0 1
    outer loop
      vertex 14.9 6 1.2
      vertex 21.3048 13.402 1.2
      vertex 21.3 13.5 1.2
    endloop
  endfacet
  facet normal 0 0 1
    outer loop
      vertex 14.9 6 1.2
      vertex 21.3192 13.3049 1.2
      vertex 21.3048 13.402 1.2
    endloop
  endfacet
  facet normal 0 0 1
    outer loop
      vertex 14.9 6 1.2
      vertex 21.3431 13.2097 1.2
      vertex 21.3192 13.3049 1.2
    endloop
  endfacet
  facet normal 0 0 1
    outer loop
      vertex 22.202 12.5048 1.2
      vertex 14.9 6 1.2
      vertex 24.8 0 1.2
    endloop
  endfacet
  facet normal -0 0 1
    outer loop
      vertex 14.888 5.75496 1.2
      vertex 24.8 0 1.2
      vertex 14.9 6 1.2
    endloop
  endfacet
  facet normal -0 0 1
    outer loop
      vertex 14.852 5.51227 1.2
      vertex 24.8 0 1.2
      vertex 14.888 5.75496 1.2
    endloop
  endfacet
  facet normal -0 0 1
    outer loop
      vertex 14.7924 5.27429 1.2
      vertex 24.8 0 1.2
      vertex 14.852 5.51227 1.2
    endloop
  endfacet
  facet normal -0 0 1
    outer loop
      vertex 14.7097 5.04329 1.2
      vertex 24.8 0 1.2
      vertex 14.7924 5.27429 1.2
    endloop
  endfacet
  facet normal -0 0 1
    outer loop
      vertex 14.6048 4.82151 1.2
      vertex 24.8 0 1.2
      vertex 14.7097 5.04329 1.2
    endloop
  endfacet
  facet normal -0 0 1
    outer loop
      vertex 14.4787 4.61107 1.2
      vertex 24.8 0 1.2
      vertex 14.6048 4.82151 1.2
    endloop
  endfacet
  facet normal -0 0 1
    outer loop
      vertex 14.3325 4.41402 1.2
      vertex 24.8 0 1.2
      vertex 14.4787 4.61107 1.2
    endloop
  endfacet
  facet normal -0 0 1
    outer loop
      vertex 14.1678 4.23223 1.2
      vertex 24.8 0 1.2
      vertex 14.3325 4.41402 1.2
    endloop
  endfacet
  facet normal -0 0 1
    outer loop
      vertex 13.986 4.06747 1.2
      vertex 24.8 0 1.2
      vertex 14.1678 4.23223 1.2
    endloop
  endfacet
  facet normal -0 0 1
    outer loop
      vertex 13.7889 3.92133 1.2
      vertex 24.8 0 1.2
      vertex 13.986 4.06747 1.2
    endloop
  endfacet
  facet normal -0 0 1
    outer loop
      vertex 13.5785 3.7952 1.2
      vertex 24.8 0 1.2
      vertex 13.7889 3.92133 1.2
    endloop
  endfacet
  facet normal -0 0 1
    outer loop
      vertex 13.3567 3.6903 1.2
      vertex 24.8 0 1.2
      vertex 13.5785 3.7952 1.2
    endloop
  endfacet
  facet normal -0 0 1
    outer loop
      vertex 13.1257 3.60765 1.2
      vertex 24.8 0 1.2
      vertex 13.3567 3.6903 1.2
    endloop
  endfacet
  facet normal -0 0 1
    outer loop
      vertex 12.8877 3.54804 1.2
      vertex 24.8 0 1.2
      vertex 13.1257 3.60765 1.2
    endloop
  endfacet
  facet normal -0 0 1
    outer loop
      vertex 12.645 3.51204 1.2
      vertex 24.8 0 1.2
      vertex 12.8877 3.54804 1.2
    endloop
  endfacet
  facet normal -0 0 1
    outer loop
      vertex 12.4 3.5 1.2
      vertex 24.8 0 1.2
      vertex 12.645 3.51204 1.2
    endloop
  endfacet
  facet normal 0 0 1
    outer loop
      vertex 0 0 1.2
      vertex 12.4 3.5 1.2
      vertex 12.155 3.51204 1.2
    endloop
  endfacet
  facet normal 0 0 1
    outer loop
      vertex 0 0 1.2
      vertex 12.155 3.51204 1.2
      vertex 11.9123 3.54804 1.2
    endloop
  endfacet
  facet normal 0 0 1
    outer loop
      vertex 0 0 1.2
      vertex 11.9123 3.54804 1.2
      vertex 11.6743 3.60765 1.2
    endloop
  endfacet
  facet normal 0 0 1
    outer loop
      vertex 10.4675 7.58598 1.2
      vertex 3.27301 12.8656 1.2
      vertex 10.3213 7.38893 1.2
    endloop
  endfacet
  facet normal -0 0 1
    outer loop
      vertex 3.20711 12.7929 1.2
      vertex 10.3213 7.38893 1.2
      vertex 3.27301 12.8656 1.2
    endloop
  endfacet
  facet normal 0 0 1
    outer loop
      vertex 10.3213 7.38893 1.2
      vertex 3.20711 12.7929 1.2
      vertex 10.1952 7.17849 1.2
    endloop
  endfacet
  facet normal -0 0 1
    outer loop
      vertex 3.13439 12.727 1.2
      vertex 10.1952 7.17849 1.2
      vertex 3.20711 12.7929 1.2
    endloop
  endfacet
  facet normal 0 0 1
    outer loop
      vertex 10.1952 7.17849 1.2
      vertex 3.13439 12.727 1.2
      vertex 10.0903 6.95671 1.2
    endloop
  endfacet
  facet normal -0 0 1
    outer loop
      vertex 3.05557 12.6685 1.2
      vertex 10.0903 6.95671 1.2
      vertex 3.13439 12.727 1.2
    endloop
  endfacet
  facet normal 0 0 1
    outer loop
      vertex 10.0903 6.95671 1.2
      vertex 3.05557 12.6685 1.2
      vertex 10.0076 6.72571 1.2
    endloop
  endfacet
  facet normal -0 0 1
    outer loop
      vertex 2.9714 12.6181 1.2
      vertex 10.0076 6.72571 1.2
      vertex 3.05557 12.6685 1.2
    endloop
  endfacet
  facet normal -0 0 1
    outer loop
      vertex 2.88268 12.5761 1.2
      vertex 10.0076 6.72571 1.2
      vertex 2.9714 12.6181 1.2
    endloop
  endfacet
  facet normal 0 0 1
    outer loop
      vertex 10.0076 6.72571 1.2
      vertex 2.88268 12.5761 1.2
      vertex 9.94804 6.48773 1.2
    endloop
  endfacet
  facet normal -0 0 1
    outer loop
      vertex 2.79028 12.5431 1.2
      vertex 9.94804 6.48773 1.2
      vertex 2.88268 12.5761 1.2
    endloop
  endfacet
  facet normal 0 0 1
    outer loop
      vertex 9.94804 6.48773 1.2
      vertex 2.79028 12.5431 1.2
      vertex 9.91204 6.24504 1.2
    endloop
  endfacet
  facet normal -0 0 1
    outer loop
      vertex 2.69509 12.5192 1.2
      vertex 9.91204 6.24504 1.2
      vertex 2.79028 12.5431 1.2
    endloop
  endfacet
  facet normal 0 0 1
    outer loop
      vertex 9.91204 6.24504 1.2
      vertex 2.69509 12.5192 1.2
      vertex 9.9 6 1.2
    endloop
  endfacet
  facet normal -0 0 1
    outer loop
      vertex 2.59802 12.5048 1.2
      vertex 9.9 6 1.2
      vertex 2.69509 12.5192 1.2
    endloop
  endfacet
  facet normal 0 0 1
    outer loop
      vertex 0 0 1.2
      vertex 9.9 6 1.2
      vertex 2.59802 12.5048 1.2
    endloop
  endfacet
  facet normal 0 0 1
    outer loop
      vertex 9.9 6 1.2
      vertex 0 0 1.2
      vertex 9.91204 5.75496 1.2
    endloop
  endfacet
  facet normal 0 0 1
    outer loop
      vertex 9.91204 5.75496 1.2
      vertex 0 0 1.2
      vertex 9.94804 5.51227 1.2
    endloop
  endfacet
  facet normal 0 0 1
    outer loop
      vertex 9.94804 5.51227 1.2
      vertex 0 0 1.2
      vertex 10.0076 5.27429 1.2
    endloop
  endfacet
  facet normal 0 0 1
    outer loop
      vertex 10.0076 5.27429 1.2
      vertex 0 0 1.2
      vertex 10.0903 5.04329 1.2
    endloop
  endfacet
  facet normal 0 0 1
    outer loop
      vertex 10.1952 4.82151 1.2
      vertex 0 0 1.2
      vertex 10.3213 4.61107 1.2
    endloop
  endfacet
  facet normal 0 0 1
    outer loop
      vertex 10.3213 4.61107 1.2
      vertex 0 0 1.2
      vertex 10.4675 4.41402 1.2
    endloop
  endfacet
  facet normal 0 0 1
    outer loop
      vertex 10.0903 5.04329 1.2
      vertex 0 0 1.2
      vertex 10.1952 4.82151 1.2
    endloop
  endfacet
  facet normal 0 0 1
    outer loop
      vertex 0 0 1.2
      vertex 2.59802 12.5048 1.2
      vertex 2.5 12.5 1.2
    endloop
  endfacet
  facet normal 0 0 1
    outer loop
      vertex 0 0 1.2
      vertex 2.5 12.5 1.2
      vertex 2.40198 12.5048 1.2
    endloop
  endfacet
  facet normal 0 0 1
    outer loop
      vertex 0 0 1.2
      vertex 2.40198 12.5048 1.2
      vertex 2.30491 12.5192 1.2
    endloop
  endfacet
  facet normal 0 0 1
    outer loop
      vertex 0 0 1.2
      vertex 2.30491 12.5192 1.2
      vertex 2.20971 12.5431 1.2
    endloop
  endfacet
  facet normal 0 0 1
    outer loop
      vertex 0 0 1.2
      vertex 2.20971 12.5431 1.2
      vertex 2.11732 12.5761 1.2
    endloop
  endfacet
  facet normal 0 0 1
    outer loop
      vertex 0 0 1.2
      vertex 2.11732 12.5761 1.2
      vertex 2.0286 12.6181 1.2
    endloop
  endfacet
  facet normal 0 0 1
    outer loop
      vertex 0 0 1.2
      vertex 2.0286 12.6181 1.2
      vertex 1.94443 12.6685 1.2
    endloop
  endfacet
  facet normal 0 0 1
    outer loop
      vertex 0 0 1.2
      vertex 1.94443 12.6685 1.2
      vertex 1.86561 12.727 1.2
    endloop
  endfacet
  facet normal 0 0 1
    outer loop
      vertex 0 0 1.2
      vertex 1.86561 12.727 1.2
      vertex 1.79289 12.7929 1.2
    endloop
  endfacet
  facet normal 0 0 1
    outer loop
      vertex 0 0 1.2
      vertex 1.5 13.5 1.2
      vertex 0 27 1.2
    endloop
  endfacet
  facet normal 0 0 1
    outer loop
      vertex 12.4 3.5 1.2
      vertex 0 0 1.2
      vertex 24.8 0 1.2
    endloop
  endfacet
  facet normal 0 0 1
    outer loop
      vertex 11.4433 3.6903 1.2
      vertex 0 0 1.2
      vertex 11.6743 3.60765 1.2
    endloop
  endfacet
  facet normal 0 0 1
    outer loop
      vertex 11.2215 3.7952 1.2
      vertex 0 0 1.2
      vertex 11.4433 3.6903 1.2
    endloop
  endfacet
  facet normal 0 0 1
    outer loop
      vertex 11.0111 3.92133 1.2
      vertex 0 0 1.2
      vertex 11.2215 3.7952 1.2
    endloop
  endfacet
  facet normal 0 0 1
    outer loop
      vertex 10.814 4.06747 1.2
      vertex 0 0 1.2
      vertex 11.0111 3.92133 1.2
    endloop
  endfacet
  facet normal 0 0 1
    outer loop
      vertex 10.6322 4.23223 1.2
      vertex 0 0 1.2
      vertex 10.814 4.06747 1.2
    endloop
  endfacet
  facet normal 0 0 1
    outer loop
      vertex 10.4675 4.41402 1.2
      vertex 0 0 1.2
      vertex 10.6322 4.23223 1.2
    endloop
  endfacet
  facet normal 0 0 1
    outer loop
      vertex 1.72699 12.8656 1.2
      vertex 0 0 1.2
      vertex 1.79289 12.7929 1.2
    endloop
  endfacet
  facet normal 0 0 1
    outer loop
      vertex 1.66853 12.9444 1.2
      vertex 0 0 1.2
      vertex 1.72699 12.8656 1.2
    endloop
  endfacet
  facet normal 0 0 1
    outer loop
      vertex 1.61808 13.0286 1.2
      vertex 0 0 1.2
      vertex 1.66853 12.9444 1.2
    endloop
  endfacet
  facet normal 0 0 1
    outer loop
      vertex 1.57612 13.1173 1.2
      vertex 0 0 1.2
      vertex 1.61808 13.0286 1.2
    endloop
  endfacet
  facet normal 0 0 1
    outer loop
      vertex 1.54306 13.2097 1.2
      vertex 0 0 1.2
      vertex 1.57612 13.1173 1.2
    endloop
  endfacet
  facet normal 0 0 1
    outer loop
      vertex 1.51921 13.3049 1.2
      vertex 0 0 1.2
      vertex 1.54306 13.2097 1.2
    endloop
  endfacet
  facet normal 0 0 1
    outer loop
      vertex 1.50482 13.402 1.2
      vertex 0 0 1.2
      vertex 1.51921 13.3049 1.2
    endloop
  endfacet
  facet normal 0 0 1
    outer loop
      vertex 1.5 13.5 1.2
      vertex 0 0 1.2
      vertex 1.50482 13.402 1.2
    endloop
  endfacet
  facet normal 0 0 -1
    outer loop
      vertex 24.8 0 0
      vertex 23.3 13.5 0
      vertex 24.8 27 0
    endloop
  endfacet
  facet normal 0 0 -1
    outer loop
      vertex 24.8 0 0
      vertex 23.2952 13.402 0
      vertex 23.3 13.5 0
    endloop
  endfacet
  facet normal 0 0 -1
    outer loop
      vertex 24.8 0 0
      vertex 23.2808 13.3049 0
      vertex 23.2952 13.402 0
    endloop
  endfacet
  facet normal 0 0 -1
    outer loop
      vertex 24.8 0 0
      vertex 23.2569 13.2097 0
      vertex 23.2808 13.3049 0
    endloop
  endfacet
  facet normal 0 0 -1
    outer loop
      vertex 24.8 0 0
      vertex 23.2239 13.1173 0
      vertex 23.2569 13.2097 0
    endloop
  endfacet
  facet normal 0 0 -1
    outer loop
      vertex 24.8 0 0
      vertex 23.1819 13.0286 0
      vertex 23.2239 13.1173 0
    endloop
  endfacet
  facet normal 0 0 -1
    outer loop
      vertex 24.8 0 0
      vertex 23.1315 12.9444 0
      vertex 23.1819 13.0286 0
    endloop
  endfacet
  facet normal 0 0 -1
    outer loop
      vertex 24.8 0 0
      vertex 23.073 12.8656 0
      vertex 23.1315 12.9444 0
    endloop
  endfacet
  facet normal 0 0 -1
    outer loop
      vertex 24.8 0 0
      vertex 23.0071 12.7929 0
      vertex 23.073 12.8656 0
    endloop
  endfacet
  facet normal 0 0 -1
    outer loop
      vertex 24.8 0 0
      vertex 22.9344 12.727 0
      vertex 23.0071 12.7929 0
    endloop
  endfacet
  facet normal 0 0 -1
    outer loop
      vertex 24.8 0 0
      vertex 22.8556 12.6685 0
      vertex 22.9344 12.727 0
    endloop
  endfacet
  facet normal 0 0 -1
    outer loop
      vertex 24.8 0 0
      vertex 22.7714 12.6181 0
      vertex 22.8556 12.6685 0
    endloop
  endfacet
  facet normal 0 0 -1
    outer loop
      vertex 24.8 0 0
      vertex 22.6827 12.5761 0
      vertex 22.7714 12.6181 0
    endloop
  endfacet
  facet normal 0 0 -1
    outer loop
      vertex 24.8 0 0
      vertex 22.5903 12.5431 0
      vertex 22.6827 12.5761 0
    endloop
  endfacet
  facet normal 0 0 -1
    outer loop
      vertex 24.8 0 0
      vertex 22.4951 12.5192 0
      vertex 22.5903 12.5431 0
    endloop
  endfacet
  facet normal 0 0 -1
    outer loop
      vertex 24.8 0 0
      vertex 22.398 12.5048 0
      vertex 22.4951 12.5192 0
    endloop
  endfacet
  facet normal 0 0 -1
    outer loop
      vertex 24.8 0 0
      vertex 22.3 12.5 0
      vertex 22.398 12.5048 0
    endloop
  endfacet
  facet normal 0 0 -1
    outer loop
      vertex 24.8 0 0
      vertex 22.202 12.5048 0
      vertex 22.3 12.5 0
    endloop
  endfacet
  facet normal 0 0 -1
    outer loop
      vertex 14.9 6 0
      vertex 22.202 12.5048 0
      vertex 24.8 0 0
    endloop
  endfacet
  facet normal -0 0 -1
    outer loop
      vertex 22.202 12.5048 0
      vertex 14.9 6 0
      vertex 22.1049 12.5192 0
    endloop
  endfacet
  facet normal 0 0 -1
    outer loop
      vertex 14.888 6.24504 0
      vertex 22.1049 12.5192 0
      vertex 14.9 6 0
    endloop
  endfacet
  facet normal -0 0 -1
    outer loop
      vertex 22.1049 12.5192 0
      vertex 14.888 6.24504 0
      vertex 22.0097 12.5431 0
    endloop
  endfacet
  facet normal 0 0 -1
    outer loop
      vertex 14.852 6.48773 0
      vertex 22.0097 12.5431 0
      vertex 14.888 6.24504 0
    endloop
  endfacet
  facet normal -0 0 -1
    outer loop
      vertex 22.0097 12.5431 0
      vertex 14.852 6.48773 0
      vertex 21.9173 12.5761 0
    endloop
  endfacet
  facet normal 0 0 -1
    outer loop
      vertex 14.7924 6.72571 0
      vertex 21.9173 12.5761 0
      vertex 14.852 6.48773 0
    endloop
  endfacet
  facet normal -0 0 -1
    outer loop
      vertex 21.9173 12.5761 0
      vertex 14.7924 6.72571 0
      vertex 21.8286 12.6181 0
    endloop
  endfacet
  facet normal -0 0 -1
    outer loop
      vertex 21.8286 12.6181 0
      vertex 14.7924 6.72571 0
      vertex 21.7444 12.6685 0
    endloop
  endfacet
  facet normal 0 0 -1
    outer loop
      vertex 14.7097 6.95671 0
      vertex 21.7444 12.6685 0
      vertex 14.7924 6.72571 0
    endloop
  endfacet
  facet normal -0 0 -1
    outer loop
      vertex 21.7444 12.6685 0
      vertex 14.7097 6.95671 0
      vertex 21.6656 12.727 0
    endloop
  endfacet
  facet normal 0 0 -1
    outer loop
      vertex 14.6048 7.17849 0
      vertex 21.6656 12.727 0
      vertex 14.7097 6.95671 0
    endloop
  endfacet
  facet normal 0 0 -1
    outer loop
      vertex 14.3325 7.58598 0
      vertex 21.527 12.8656 0
      vertex 14.4787 7.38893 0
    endloop
  endfacet
  facet normal -0 0 -1
    outer loop
      vertex 21.5929 12.7929 0
      vertex 14.4787 7.38893 0
      vertex 21.527 12.8656 0
    endloop
  endfacet
  facet normal 0 0 -1
    outer loop
      vertex 14.4787 7.38893 0
      vertex 21.5929 12.7929 0
      vertex 14.6048 7.17849 0
    endloop
  endfacet
  facet normal -0 0 -1
    outer loop
      vertex 21.6656 12.727 0
      vertex 14.6048 7.17849 0
      vertex 21.5929 12.7929 0
    endloop
  endfacet
  facet normal 0 0 -1
    outer loop
      vertex 24.8 0 0
      vertex 14.888 5.75496 0
      vertex 14.9 6 0
    endloop
  endfacet
  facet normal 0 0 -1
    outer loop
      vertex 24.8 0 0
      vertex 14.852 5.51227 0
      vertex 14.888 5.75496 0
    endloop
  endfacet
  facet normal 0 0 -1
    outer loop
      vertex 24.8 0 0
      vertex 14.7924 5.27429 0
      vertex 14.852 5.51227 0
    endloop
  endfacet
  facet normal 0 0 -1
    outer loop
      vertex 24.8 0 0
      vertex 14.7097 5.04329 0
      vertex 14.7924 5.27429 0
    endloop
  endfacet
  facet normal 0 0 -1
    outer loop
      vertex 24.8 0 0
      vertex 14.6048 4.82151 0
      vertex 14.7097 5.04329 0
    endloop
  endfacet
  facet normal 0 0 -1
    outer loop
      vertex 24.8 0 0
      vertex 14.4787 4.61107 0
      vertex 14.6048 4.82151 0
    endloop
  endfacet
  facet normal 0 0 -1
    outer loop
      vertex 24.8 0 0
      vertex 14.3325 4.41402 0
      vertex 14.4787 4.61107 0
    endloop
  endfacet
  facet normal 0 0 -1
    outer loop
      vertex 24.8 0 0
      vertex 14.1678 4.23223 0
      vertex 14.3325 4.41402 0
    endloop
  endfacet
  facet normal 0 0 -1
    outer loop
      vertex 24.8 0 0
      vertex 13.986 4.06747 0
      vertex 14.1678 4.23223 0
    endloop
  endfacet
  facet normal 0 0 -1
    outer loop
      vertex 24.8 0 0
      vertex 13.7889 3.92133 0
      vertex 13.986 4.06747 0
    endloop
  endfacet
  facet normal 0 0 -1
    outer loop
      vertex 24.8 0 0
      vertex 13.5785 3.7952 0
      vertex 13.7889 3.92133 0
    endloop
  endfacet
  facet normal 0 0 -1
    outer loop
      vertex 24.8 0 0
      vertex 13.3567 3.6903 0
      vertex 13.5785 3.7952 0
    endloop
  endfacet
  facet normal 0 0 -1
    outer loop
      vertex 24.8 0 0
      vertex 13.1257 3.60765 0
      vertex 13.3567 3.6903 0
    endloop
  endfacet
  facet normal 0 0 -1
    outer loop
      vertex 24.8 0 0
      vertex 12.8877 3.54804 0
      vertex 13.1257 3.60765 0
    endloop
  endfacet
  facet normal 0 0 -1
    outer loop
      vertex 24.8 0 0
      vertex 12.645 3.51204 0
      vertex 12.8877 3.54804 0
    endloop
  endfacet
  facet normal 0 0 -1
    outer loop
      vertex 24.8 0 0
      vertex 12.4 3.5 0
      vertex 12.645 3.51204 0
    endloop
  endfacet
  facet normal 0 0 -1
    outer loop
      vertex 0 0 0
      vertex 12.4 3.5 0
      vertex 24.8 0 0
    endloop
  endfacet
  facet normal -0 0 -1
    outer loop
      vertex 12.4 3.5 0
      vertex 0 0 0
      vertex 12.155 3.51204 0
    endloop
  endfacet
  facet normal -0 0 -1
    outer loop
      vertex 12.155 3.51204 0
      vertex 0 0 0
      vertex 11.9123 3.54804 0
    endloop
  endfacet
  facet normal 0 0 -1
    outer loop
      vertex 0 0 0
      vertex 9.9 6 0
      vertex 9.91204 5.75496 0
    endloop
  endfacet
  facet normal 0 0 -1
    outer loop
      vertex 0 0 0
      vertex 9.91204 5.75496 0
      vertex 9.94804 5.51227 0
    endloop
  endfacet
  facet normal 0 0 -1
    outer loop
      vertex 0 0 0
      vertex 9.94804 5.51227 0
      vertex 10.0076 5.27429 0
    endloop
  endfacet
  facet normal 0 0 -1
    outer loop
      vertex 0 0 0
      vertex 10.0076 5.27429 0
      vertex 10.0903 5.04329 0
    endloop
  endfacet
  facet normal 0 0 -1
    outer loop
      vertex 0 0 0
      vertex 10.0903 5.04329 0
      vertex 10.1952 4.82151 0
    endloop
  endfacet
  facet normal 0 0 -1
    outer loop
      vertex 0 0 0
      vertex 10.1952 4.82151 0
      vertex 10.3213 4.61107 0
    endloop
  endfacet
  facet normal 0 0 -1
    outer loop
      vertex 0 0 0
      vertex 10.3213 4.61107 0
      vertex 10.4675 4.41402 0
    endloop
  endfacet
  facet normal 0 0 -1
    outer loop
      vertex 9.9 6 0
      vertex 3.49518 13.402 0
      vertex 3.5 13.5 0
    endloop
  endfacet
  facet normal 0 0 -1
    outer loop
      vertex 9.9 6 0
      vertex 3.48078 13.3049 0
      vertex 3.49518 13.402 0
    endloop
  endfacet
  facet normal 0 0 -1
    outer loop
      vertex 9.9 6 0
      vertex 3.45694 13.2097 0
      vertex 3.48078 13.3049 0
    endloop
  endfacet
  facet normal 0 0 -1
    outer loop
      vertex 9.9 6 0
      vertex 3.42388 13.1173 0
      vertex 3.45694 13.2097 0
    endloop
  endfacet
  facet normal 0 0 -1
    outer loop
      vertex 9.9 6 0
      vertex 3.38192 13.0286 0
      vertex 3.42388 13.1173 0
    endloop
  endfacet
  facet normal 0 0 -1
    outer loop
      vertex 9.9 6 0
      vertex 3.33147 12.9444 0
      vertex 3.38192 13.0286 0
    endloop
  endfacet
  facet normal 0 0 -1
    outer loop
      vertex 9.9 6 0
      vertex 3.27301 12.8656 0
      vertex 3.33147 12.9444 0
    endloop
  endfacet
  facet normal 0 0 -1
    outer loop
      vertex 9.9 6 0
      vertex 3.20711 12.7929 0
      vertex 3.27301 12.8656 0
    endloop
  endfacet
  facet normal 0 0 -1
    outer loop
      vertex 9.9 6 0
      vertex 3.13439 12.727 0
      vertex 3.20711 12.7929 0
    endloop
  endfacet
  facet normal 0 0 -1
    outer loop
      vertex 9.9 6 0
      vertex 3.05557 12.6685 0
      vertex 3.13439 12.727 0
    endloop
  endfacet
  facet normal 0 0 -1
    outer loop
      vertex 9.9 6 0
      vertex 2.9714 12.6181 0
      vertex 3.05557 12.6685 0
    endloop
  endfacet
  facet normal 0 0 -1
    outer loop
      vertex 0 0 0
      vertex 10.4675 4.41402 0
      vertex 10.6322 4.23223 0
    endloop
  endfacet
  facet normal 0 0 -1
    outer loop
      vertex 9.9 6 0
      vertex 2.88268 12.5761 0
      vertex 2.9714 12.6181 0
    endloop
  endfacet
  facet normal 0 0 -1
    outer loop
      vertex 9.9 6 0
      vertex 2.79028 12.5431 0
      vertex 2.88268 12.5761 0
    endloop
  endfacet
  facet normal 0 0 -1
    outer loop
      vertex 9.9 6 0
      vertex 2.69509 12.5192 0
      vertex 2.79028 12.5431 0
    endloop
  endfacet
  facet normal -0 0 -1
    outer loop
      vertex 9.9 6 0
      vertex 0 0 0
      vertex 2.59802 12.5048 0
    endloop
  endfacet
  facet normal 0 0 -1
    outer loop
      vertex 9.9 6 0
      vertex 2.59802 12.5048 0
      vertex 2.69509 12.5192 0
    endloop
  endfacet
  facet normal 0 0 -1
    outer loop
      vertex 2.59802 12.5048 0
      vertex 0 0 0
      vertex 2.5 12.5 0
    endloop
  endfacet
  facet normal -0 0 -1
    outer loop
      vertex 2.5 12.5 0
      vertex 0 0 0
      vertex 2.40198 12.5048 0
    endloop
  endfacet
  facet normal -0 0 -1
    outer loop
      vertex 2.40198 12.5048 0
      vertex 0 0 0
      vertex 2.30491 12.5192 0
    endloop
  endfacet
  facet normal -0 0 -1
    outer loop
      vertex 2.30491 12.5192 0
      vertex 0 0 0
      vertex 2.20971 12.5431 0
    endloop
  endfacet
  facet normal -0 0 -1
    outer loop
      vertex 2.20971 12.5431 0
      vertex 0 0 0
      vertex 2.11732 12.5761 0
    endloop
  endfacet
  facet normal -0 0 -1
    outer loop
      vertex 2.11732 12.5761 0
      vertex 0 0 0
      vertex 2.0286 12.6181 0
    endloop
  endfacet
  facet normal -0 0 -1
    outer loop
      vertex 2.0286 12.6181 0
      vertex 0 0 0
      vertex 1.94443 12.6685 0
    endloop
  endfacet
  facet normal -0 0 -1
    outer loop
      vertex 1.94443 12.6685 0
      vertex 0 0 0
      vertex 1.86561 12.727 0
    endloop
  endfacet
  facet normal -0 0 -1
    outer loop
      vertex 1.50482 13.402 0
      vertex 0 0 0
      vertex 1.5 13.5 0
    endloop
  endfacet
  facet normal -0 0 -1
    outer loop
      vertex 1.51921 13.3049 0
      vertex 0 0 0
      vertex 1.50482 13.402 0
    endloop
  endfacet
  facet normal -0 0 -1
    outer loop
      vertex 1.54306 13.2097 0
      vertex 0 0 0
      vertex 1.51921 13.3049 0
    endloop
  endfacet
  facet normal -0 0 -1
    outer loop
      vertex 1.57612 13.1173 0
      vertex 0 0 0
      vertex 1.54306 13.2097 0
    endloop
  endfacet
  facet normal -0 0 -1
    outer loop
      vertex 1.61808 13.0286 0
      vertex 0 0 0
      vertex 1.57612 13.1173 0
    endloop
  endfacet
  facet normal -0 0 -1
    outer loop
      vertex 1.66853 12.9444 0
      vertex 0 0 0
      vertex 1.61808 13.0286 0
    endloop
  endfacet
  facet normal -0 0 -1
    outer loop
      vertex 1.72699 12.8656 0
      vertex 0 0 0
      vertex 1.66853 12.9444 0
    endloop
  endfacet
  facet normal -0 0 -1
    outer loop
      vertex 1.79289 12.7929 0
      vertex 0 0 0
      vertex 1.72699 12.8656 0
    endloop
  endfacet
  facet normal -0 0 -1
    outer loop
      vertex 1.86561 12.727 0
      vertex 0 0 0
      vertex 1.79289 12.7929 0
    endloop
  endfacet
  facet normal -0 0 -1
    outer loop
      vertex 10.814 4.06747 0
      vertex 0 0 0
      vertex 10.6322 4.23223 0
    endloop
  endfacet
  facet normal -0 0 -1
    outer loop
      vertex 11.0111 3.92133 0
      vertex 0 0 0
      vertex 10.814 4.06747 0
    endloop
  endfacet
  facet normal -0 0 -1
    outer loop
      vertex 11.2215 3.7952 0
      vertex 0 0 0
      vertex 11.0111 3.92133 0
    endloop
  endfacet
  facet normal -0 0 -1
    outer loop
      vertex 11.4433 3.6903 0
      vertex 0 0 0
      vertex 11.2215 3.7952 0
    endloop
  endfacet
  facet normal -0 0 -1
    outer loop
      vertex 11.6743 3.60765 0
      vertex 0 0 0
      vertex 11.4433 3.6903 0
    endloop
  endfacet
  facet normal -0 0 -1
    outer loop
      vertex 11.9123 3.54804 0
      vertex 0 0 0
      vertex 11.6743 3.60765 0
    endloop
  endfacet
  facet normal 0 0 -1
    outer loop
      vertex 23.2952 13.598 0
      vertex 24.8 27 0
      vertex 23.3 13.5 0
    endloop
  endfacet
  facet normal 0 0 -1
    outer loop
      vertex 23.2808 13.6951 0
      vertex 24.8 27 0
      vertex 23.2952 13.598 0
    endloop
  endfacet
  facet normal 0 0 -1
    outer loop
      vertex 23.2569 13.7903 0
      vertex 24.8 27 0
      vertex 23.2808 13.6951 0
    endloop
  endfacet
  facet normal 0 0 -1
    outer loop
      vertex 23.2239 13.8827 0
      vertex 24.8 27 0
      vertex 23.2569 13.7903 0
    endloop
  endfacet
  facet normal 0 0 -1
    outer loop
      vertex 23.1819 13.9714 0
      vertex 24.8 27 0
      vertex 23.2239 13.8827 0
    endloop
  endfacet
  facet normal 0 0 -1
    outer loop
      vertex 23.1315 14.0556 0
      vertex 24.8 27 0
      vertex 23.1819 13.9714 0
    endloop
  endfacet
  facet normal 0 0 -1
    outer loop
      vertex 23.073 14.1344 0
      vertex 24.8 27 0
      vertex 23.1315 14.0556 0
    endloop
  endfacet
  facet normal 0 0 -1
    outer loop
      vertex 23.0071 14.2071 0
      vertex 24.8 27 0
      vertex 23.073 14.1344 0
    endloop
  endfacet
  facet normal 0 0 -1
    outer loop
      vertex 22.9344 14.273 0
      vertex 24.8 27 0
      vertex 23.0071 14.2071 0
    endloop
  endfacet
  facet normal 0 0 -1
    outer loop
      vertex 22.8556 14.3315 0
      vertex 24.8 27 0
      vertex 22.9344 14.273 0
    endloop
  endfacet
  facet normal 0 0 -1
    outer loop
      vertex 22.7714 14.3819 0
      vertex 24.8 27 0
      vertex 22.8556 14.3315 0
    endloop
  endfacet
  facet normal 0 0 -1
    outer loop
      vertex 22.6827 14.4239 0
      vertex 24.8 27 0
      vertex 22.7714 14.3819 0
    endloop
  endfacet
  facet normal 0 0 -1
    outer loop
      vertex 22.5903 14.4569 0
      vertex 24.8 27 0
      vertex 22.6827 14.4239 0
    endloop
  endfacet
  facet normal 0 0 -1
    outer loop
      vertex 22.4951 14.4808 0
      vertex 24.8 27 0
      vertex 22.5903 14.4569 0
    endloop
  endfacet
  facet normal 0 0 -1
    outer loop
      vertex 22.398 14.4952 0
      vertex 24.8 27 0
      vertex 22.4951 14.4808 0
    endloop
  endfacet
  facet normal 0 0 -1
    outer loop
      vertex 22.3 14.5 0
      vertex 24.8 27 0
      vertex 22.398 14.4952 0
    endloop
  endfacet
  facet normal 0 0 -1
    outer loop
      vertex 22.202 14.4952 0
      vertex 24.8 27 0
      vertex 22.3 14.5 0
    endloop
  endfacet
  facet normal 0 0 -1
    outer loop
      vertex 22.1049 14.4808 0
      vertex 24.8 27 0
      vertex 22.202 14.4952 0
    endloop
  endfacet
  facet normal 0 0 -1
    outer loop
      vertex 22.0097 14.4569 0
      vertex 24.8 27 0
      vertex 22.1049 14.4808 0
    endloop
  endfacet
  facet normal 0 0 -1
    outer loop
      vertex 21.9173 14.4239 0
      vertex 24.8 27 0
      vertex 22.0097 14.4569 0
    endloop
  endfacet
  facet normal 0 0 -1
    outer loop
      vertex 21.8286 14.3819 0
      vertex 24.8 27 0
      vertex 21.9173 14.4239 0
    endloop
  endfacet
  facet normal 0 0 -1
    outer loop
      vertex 21.7444 14.3315 0
      vertex 24.8 27 0
      vertex 21.8286 14.3819 0
    endloop
  endfacet
  facet normal 0 0 -1
    outer loop
      vertex 21.6656 14.273 0
      vertex 24.8 27 0
      vertex 21.7444 14.3315 0
    endloop
  endfacet
  facet normal 0 0 -1
    outer loop
      vertex 21.5929 14.2071 0
      vertex 24.8 27 0
      vertex 21.6656 14.273 0
    endloop
  endfacet
  facet normal 0 0 -1
    outer loop
      vertex 3.20711 14.2071 0
      vertex 21.5929 14.2071 0
      vertex 21.527 14.1344 0
    endloop
  endfacet
  facet normal 0 0 -1
    outer loop
      vertex 3.27301 14.1344 0
      vertex 21.527 14.1344 0
      vertex 21.4685 14.0556 0
    endloop
  endfacet
  facet normal 0 0 -1
    outer loop
      vertex 3.33147 14.0556 0
      vertex 21.4685 14.0556 0
      vertex 21.4181 13.9714 0
    endloop
  endfacet
  facet normal 0 0 -1
    outer loop
      vertex 12.4 8.5 0
      vertex 21.4181 13.9714 0
      vertex 21.3761 13.8827 0
    endloop
  endfacet
  facet normal 0 0 -1
    outer loop
      vertex 12.645 8.48796 0
      vertex 21.3761 13.8827 0
      vertex 21.3431 13.7903 0
    endloop
  endfacet
  facet normal -0 0 -1
    outer loop
      vertex 21.527 12.8656 0
      vertex 14.3325 7.58598 0
      vertex 21.4685 12.9444 0
    endloop
  endfacet
  facet normal -0 0 -1
    outer loop
      vertex 21.4685 12.9444 0
      vertex 14.3325 7.58598 0
      vertex 21.4181 13.0286 0
    endloop
  endfacet
  facet normal 0 0 -1
    outer loop
      vertex 14.1678 7.76777 0
      vertex 21.4181 13.0286 0
      vertex 14.3325 7.58598 0
    endloop
  endfacet
  facet normal -0 0 -1
    outer loop
      vertex 21.4181 13.0286 0
      vertex 14.1678 7.76777 0
      vertex 21.3761 13.1173 0
    endloop
  endfacet
  facet normal 0 0 -1
    outer loop
      vertex 13.986 7.93253 0
      vertex 21.3761 13.1173 0
      vertex 14.1678 7.76777 0
    endloop
  endfacet
  facet normal -0 0 -1
    outer loop
      vertex 21.3761 13.1173 0
      vertex 13.986 7.93253 0
      vertex 21.3431 13.2097 0
    endloop
  endfacet
  facet normal 0 0 -1
    outer loop
      vertex 13.7889 8.07867 0
      vertex 21.3431 13.2097 0
      vertex 13.986 7.93253 0
    endloop
  endfacet
  facet normal -0 0 -1
    outer loop
      vertex 21.3431 13.2097 0
      vertex 13.7889 8.07867 0
      vertex 21.3192 13.3049 0
    endloop
  endfacet
  facet normal 0 0 -1
    outer loop
      vertex 13.5785 8.2048 0
      vertex 21.3192 13.3049 0
      vertex 13.7889 8.07867 0
    endloop
  endfacet
  facet normal -0 0 -1
    outer loop
      vertex 21.3192 13.3049 0
      vertex 13.5785 8.2048 0
      vertex 21.3048 13.402 0
    endloop
  endfacet
  facet normal -0 0 -1
    outer loop
      vertex 21.3048 13.402 0
      vertex 13.5785 8.2048 0
      vertex 21.3 13.5 0
    endloop
  endfacet
  facet normal 0 0 -1
    outer loop
      vertex 13.3567 8.3097 0
      vertex 21.3 13.5 0
      vertex 13.5785 8.2048 0
    endloop
  endfacet
  facet normal -0 0 -1
    outer loop
      vertex 21.3 13.5 0
      vertex 13.3567 8.3097 0
      vertex 21.3048 13.598 0
    endloop
  endfacet
  facet normal 0 0 -1
    outer loop
      vertex 13.1257 8.39235 0
      vertex 21.3048 13.598 0
      vertex 13.3567 8.3097 0
    endloop
  endfacet
  facet normal -0 0 -1
    outer loop
      vertex 21.3048 13.598 0
      vertex 13.1257 8.39235 0
      vertex 21.3192 13.6951 0
    endloop
  endfacet
  facet normal 0 0 -1
    outer loop
      vertex 12.8877 8.45196 0
      vertex 21.3192 13.6951 0
      vertex 13.1257 8.39235 0
    endloop
  endfacet
  facet normal -0 0 -1
    outer loop
      vertex 21.3192 13.6951 0
      vertex 12.8877 8.45196 0
      vertex 21.3431 13.7903 0
    endloop
  endfacet
  facet normal 0 0 -1
    outer loop
      vertex 12.645 8.48796 0
      vertex 21.3431 13.7903 0
      vertex 12.8877 8.45196 0
    endloop
  endfacet
  facet normal 0 0 -1
    outer loop
      vertex 21.3761 13.8827 0
      vertex 12.645 8.48796 0
      vertex 12.4 8.5 0
    endloop
  endfacet
  facet normal -0 0 -1
    outer loop
      vertex 21.4181 13.9714 0
      vertex 12.4 8.5 0
      vertex 3.38192 13.9714 0
    endloop
  endfacet
  facet normal 0 0 -1
    outer loop
      vertex 3.42388 13.8827 0
      vertex 12.4 8.5 0
      vertex 12.155 8.48796 0
    endloop
  endfacet
  facet normal 0 0 -1
    outer loop
      vertex 3.45694 13.7903 0
      vertex 12.155 8.48796 0
      vertex 11.9123 8.45196 0
    endloop
  endfacet
  facet normal 0 0 -1
    outer loop
      vertex 3.48078 13.6951 0
      vertex 11.9123 8.45196 0
      vertex 11.6743 8.39235 0
    endloop
  endfacet
  facet normal 0 0 -1
    outer loop
      vertex 3.49518 13.598 0
      vertex 11.6743 8.39235 0
      vertex 11.4433 8.3097 0
    endloop
  endfacet
  facet normal 0 0 -1
    outer loop
      vertex 3.5 13.5 0
      vertex 11.4433 8.3097 0
      vertex 11.2215 8.2048 0
    endloop
  endfacet
  facet normal 0 0 -1
    outer loop
      vertex 3.5 13.5 0
      vertex 11.2215 8.2048 0
      vertex 11.0111 8.07867 0
    endloop
  endfacet
  facet normal 0 0 -1
    outer loop
      vertex 3.5 13.5 0
      vertex 11.0111 8.07867 0
      vertex 10.814 7.93253 0
    endloop
  endfacet
  facet normal 0 0 -1
    outer loop
      vertex 3.5 13.5 0
      vertex 10.814 7.93253 0
      vertex 10.6322 7.76777 0
    endloop
  endfacet
  facet normal 0 0 -1
    outer loop
      vertex 3.5 13.5 0
      vertex 10.6322 7.76777 0
      vertex 10.4675 7.58598 0
    endloop
  endfacet
  facet normal 0 0 -1
    outer loop
      vertex 3.5 13.5 0
      vertex 10.4675 7.58598 0
      vertex 10.3213 7.38893 0
    endloop
  endfacet
  facet normal 0 0 -1
    outer loop
      vertex 3.5 13.5 0
      vertex 9.91204 6.24504 0
      vertex 9.9 6 0
    endloop
  endfacet
  facet normal 0 0 -1
    outer loop
      vertex 3.5 13.5 0
      vertex 9.94804 6.48773 0
      vertex 9.91204 6.24504 0
    endloop
  endfacet
  facet normal 0 0 -1
    outer loop
      vertex 3.5 13.5 0
      vertex 10.0076 6.72571 0
      vertex 9.94804 6.48773 0
    endloop
  endfacet
  facet normal 0 0 -1
    outer loop
      vertex 3.5 13.5 0
      vertex 10.0903 6.95671 0
      vertex 10.0076 6.72571 0
    endloop
  endfacet
  facet normal 0 0 -1
    outer loop
      vertex 3.5 13.5 0
      vertex 10.1952 7.17849 0
      vertex 10.0903 6.95671 0
    endloop
  endfacet
  facet normal 0 0 -1
    outer loop
      vertex 3.5 13.5 0
      vertex 10.3213 7.38893 0
      vertex 10.1952 7.17849 0
    endloop
  endfacet
  facet normal 0 0 -1
    outer loop
      vertex 11.4433 8.3097 0
      vertex 3.5 13.5 0
      vertex 3.49518 13.598 0
    endloop
  endfacet
  facet normal 0 0 -1
    outer loop
      vertex 11.6743 8.39235 0
      vertex 3.49518 13.598 0
      vertex 3.48078 13.6951 0
    endloop
  endfacet
  facet normal 0 0 -1
    outer loop
      vertex 11.9123 8.45196 0
      vertex 3.48078 13.6951 0
      vertex 3.45694 13.7903 0
    endloop
  endfacet
  facet normal 0 0 -1
    outer loop
      vertex 12.155 8.48796 0
      vertex 3.45694 13.7903 0
      vertex 3.42388 13.8827 0
    endloop
  endfacet
  facet normal 0 0 -1
    outer loop
      vertex 12.4 8.5 0
      vertex 3.42388 13.8827 0
      vertex 3.38192 13.9714 0
    endloop
  endfacet
  facet normal 0 0 -1
    outer loop
      vertex 21.4181 13.9714 0
      vertex 3.38192 13.9714 0
      vertex 3.33147 14.0556 0
    endloop
  endfacet
  facet normal 0 0 -1
    outer loop
      vertex 21.4685 14.0556 0
      vertex 3.33147 14.0556 0
      vertex 3.27301 14.1344 0
    endloop
  endfacet
  facet normal 0 0 -1
    outer loop
      vertex 21.527 14.1344 0
      vertex 3.27301 14.1344 0
      vertex 3.20711 14.2071 0
    endloop
  endfacet
  facet normal 0 0 -1
    outer loop
      vertex 21.5929 14.2071 0
      vertex 3.20711 14.2071 0
      vertex 24.8 27 0
    endloop
  endfacet
  facet normal 0 0 -1
    outer loop
      vertex 0 27 0
      vertex 3.20711 14.2071 0
      vertex 3.13439 14.273 0
    endloop
  endfacet
  facet normal 0 0 -1
    outer loop
      vertex 0 27 0
      vertex 3.13439 14.273 0
      vertex 3.05557 14.3315 0
    endloop
  endfacet
  facet normal 0 0 -1
    outer loop
      vertex 0 27 0
      vertex 3.05557 14.3315 0
      vertex 2.9714 14.3819 0
    endloop
  endfacet
  facet normal 0 0 -1
    outer loop
      vertex 0 27 0
      vertex 2.9714 14.3819 0
      vertex 2.88268 14.4239 0
    endloop
  endfacet
  facet normal 0 0 -1
    outer loop
      vertex 0 27 0
      vertex 2.88268 14.4239 0
      vertex 2.79028 14.4569 0
    endloop
  endfacet
  facet normal 0 0 -1
    outer loop
      vertex 0 27 0
      vertex 2.79028 14.4569 0
      vertex 2.69509 14.4808 0
    endloop
  endfacet
  facet normal 0 0 -1
    outer loop
      vertex 0 27 0
      vertex 2.69509 14.4808 0
      vertex 2.59802 14.4952 0
    endloop
  endfacet
  facet normal 0 0 -1
    outer loop
      vertex 0 27 0
      vertex 2.59802 14.4952 0
      vertex 2.5 14.5 0
    endloop
  endfacet
  facet normal 0 0 -1
    outer loop
      vertex 0 27 0
      vertex 2.5 14.5 0
      vertex 2.40198 14.4952 0
    endloop
  endfacet
  facet normal 0 0 -1
    outer loop
      vertex 0 27 0
      vertex 2.40198 14.4952 0
      vertex 2.30491 14.4808 0
    endloop
  endfacet
  facet normal 0 0 -1
    outer loop
      vertex 0 27 0
      vertex 2.30491 14.4808 0
      vertex 2.20971 14.4569 0
    endloop
  endfacet
  facet normal 0 0 -1
    outer loop
      vertex 0 27 0
      vertex 2.20971 14.4569 0
      vertex 2.11732 14.4239 0
    endloop
  endfacet
  facet normal 0 0 -1
    outer loop
      vertex 0 27 0
      vertex 2.11732 14.4239 0
      vertex 2.0286 14.3819 0
    endloop
  endfacet
  facet normal 0 0 -1
    outer loop
      vertex 0 27 0
      vertex 1.5 13.5 0
      vertex 0 0 0
    endloop
  endfacet
  facet normal 0 0 -1
    outer loop
      vertex 3.20711 14.2071 0
      vertex 0 27 0
      vertex 24.8 27 0
    endloop
  endfacet
  facet normal 0 0 -1
    outer loop
      vertex 1.94443 14.3315 0
      vertex 0 27 0
      vertex 2.0286 14.3819 0
    endloop
  endfacet
  facet normal 0 0 -1
    outer loop
      vertex 1.86561 14.273 0
      vertex 0 27 0
      vertex 1.94443 14.3315 0
    endloop
  endfacet
  facet normal 0 0 -1
    outer loop
      vertex 1.79289 14.2071 0
      vertex 0 27 0
      vertex 1.86561 14.273 0
    endloop
  endfacet
  facet normal 0 0 -1
    outer loop
      vertex 1.72699 14.1344 0
      vertex 0 27 0
      vertex 1.79289 14.2071 0
    endloop
  endfacet
  facet normal 0 0 -1
    outer loop
      vertex 1.66853 14.0556 0
      vertex 0 27 0
      vertex 1.72699 14.1344 0
    endloop
  endfacet
  facet normal 0 0 -1
    outer loop
      vertex 1.61808 13.9714 0
      vertex 0 27 0
      vertex 1.66853 14.0556 0
    endloop
  endfacet
  facet normal 0 0 -1
    outer loop
      vertex 1.57612 13.8827 0
      vertex 0 27 0
      vertex 1.61808 13.9714 0
    endloop
  endfacet
  facet normal 0 0 -1
    outer loop
      vertex 1.54306 13.7903 0
      vertex 0 27 0
      vertex 1.57612 13.8827 0
    endloop
  endfacet
  facet normal 0 0 -1
    outer loop
      vertex 1.51921 13.6951 0
      vertex 0 27 0
      vertex 1.54306 13.7903 0
    endloop
  endfacet
  facet normal 0 0 -1
    outer loop
      vertex 1.50482 13.598 0
      vertex 0 27 0
      vertex 1.51921 13.6951 0
    endloop
  endfacet
  facet normal 0 0 -1
    outer loop
      vertex 1.5 13.5 0
      vertex 0 27 0
      vertex 1.50482 13.598 0
    endloop
  endfacet
  facet normal -1 0 0
    outer loop
      vertex 0 0 0
      vertex 0 27 1.2
      vertex 0 27 0
    endloop
  endfacet
  facet normal -1 -0 0
    outer loop
      vertex 0 27 1.2
      vertex 0 0 0
      vertex 0 0 1.2
    endloop
  endfacet
  facet normal 0 1 -0
    outer loop
      vertex 24.8 27 0
      vertex 0 27 1.2
      vertex 24.8 27 1.2
    endloop
  endfacet
  facet normal 0 1 0
    outer loop
      vertex 0 27 1.2
      vertex 24.8 27 0
      vertex 0 27 0
    endloop
  endfacet
  facet normal 0 -1 0
    outer loop
      vertex 0 0 0
      vertex 24.8 0 1.2
      vertex 0 0 1.2
    endloop
  endfacet
  facet normal 0 -1 -0
    outer loop
      vertex 24.8 0 1.2
      vertex 0 0 0
      vertex 24.8 0 0
    endloop
  endfacet
  facet normal -0.989176 -0.146732 0
    outer loop
      vertex 14.888 6.24504 0
      vertex 14.852 6.48773 1.2
      vertex 14.852 6.48773 0
    endloop
  endfacet
  facet normal -0.989176 -0.146732 0
    outer loop
      vertex 14.852 6.48773 1.2
      vertex 14.888 6.24504 0
      vertex 14.888 6.24504 1.2
    endloop
  endfacet
  facet normal -0.998803 -0.048913 0
    outer loop
      vertex 14.9 6 0
      vertex 14.888 6.24504 1.2
      vertex 14.888 6.24504 0
    endloop
  endfacet
  facet normal -0.998803 -0.048913 0
    outer loop
      vertex 14.888 6.24504 1.2
      vertex 14.9 6 0
      vertex 14.9 6 1.2
    endloop
  endfacet
  facet normal -0.970042 -0.242938 0
    outer loop
      vertex 14.852 6.48773 0
      vertex 14.7924 6.72571 1.2
      vertex 14.7924 6.72571 0
    endloop
  endfacet
  facet normal -0.970042 -0.242938 0
    outer loop
      vertex 14.7924 6.72571 1.2
      vertex 14.852 6.48773 0
      vertex 14.852 6.48773 1.2
    endloop
  endfacet
  facet normal 0.242958 -0.970037 0
    outer loop
      vertex 11.6743 8.39235 0
      vertex 11.9123 8.45196 1.2
      vertex 11.6743 8.39235 1.2
    endloop
  endfacet
  facet normal 0.242958 -0.970037 0
    outer loop
      vertex 11.9123 8.45196 1.2
      vertex 11.6743 8.39235 0
      vertex 11.9123 8.45196 0
    endloop
  endfacet
  facet normal 0.90398 0.427575 0
    outer loop
      vertex 10.1952 4.82151 1.2
      vertex 10.0903 5.04329 0
      vertex 10.0903 5.04329 1.2
    endloop
  endfacet
  facet normal 0.90398 0.427575 0
    outer loop
      vertex 10.0903 5.04329 0
      vertex 10.1952 4.82151 1.2
      vertex 10.1952 4.82151 0
    endloop
  endfacet
  facet normal -0.514166 -0.857691 0
    outer loop
      vertex 13.5785 8.2048 0
      vertex 13.7889 8.07867 1.2
      vertex 13.5785 8.2048 1.2
    endloop
  endfacet
  facet normal -0.514166 -0.857691 -0
    outer loop
      vertex 13.7889 8.07867 1.2
      vertex 13.5785 8.2048 0
      vertex 13.7889 8.07867 0
    endloop
  endfacet
  facet normal -0.514166 0.857691 0
    outer loop
      vertex 13.7889 3.92133 0
      vertex 13.5785 3.7952 1.2
      vertex 13.7889 3.92133 1.2
    endloop
  endfacet
  facet normal -0.514166 0.857691 0
    outer loop
      vertex 13.5785 3.7952 1.2
      vertex 13.7889 3.92133 0
      vertex 13.5785 3.7952 0
    endloop
  endfacet
  facet normal -0.336879 0.941548 0
    outer loop
      vertex 13.3567 3.6903 0
      vertex 13.1257 3.60765 1.2
      vertex 13.3567 3.6903 1.2
    endloop
  endfacet
  facet normal -0.336879 0.941548 0
    outer loop
      vertex 13.1257 3.60765 1.2
      vertex 13.3567 3.6903 0
      vertex 13.1257 3.60765 0
    endloop
  endfacet
  facet normal 0.97008 -0.242785 0
    outer loop
      vertex 9.94804 6.48773 1.2
      vertex 10.0076 6.72571 0
      vertex 10.0076 6.72571 1.2
    endloop
  endfacet
  facet normal 0.97008 -0.242785 0
    outer loop
      vertex 10.0076 6.72571 0
      vertex 9.94804 6.48773 1.2
      vertex 9.94804 6.48773 0
    endloop
  endfacet
  facet normal 0.671528 -0.740979 0
    outer loop
      vertex 10.6322 7.76777 0
      vertex 10.814 7.93253 1.2
      vertex 10.6322 7.76777 1.2
    endloop
  endfacet
  facet normal 0.671528 -0.740979 0
    outer loop
      vertex 10.814 7.93253 1.2
      vertex 10.6322 7.76777 0
      vertex 10.814 7.93253 0
    endloop
  endfacet
  facet normal 0.514166 -0.857691 0
    outer loop
      vertex 11.0111 8.07867 0
      vertex 11.2215 8.2048 1.2
      vertex 11.0111 8.07867 1.2
    endloop
  endfacet
  facet normal 0.514166 -0.857691 0
    outer loop
      vertex 11.2215 8.2048 1.2
      vertex 11.0111 8.07867 0
      vertex 11.2215 8.2048 0
    endloop
  endfacet
  facet normal -0.146726 0.989177 0
    outer loop
      vertex 12.8877 3.54804 0
      vertex 12.645 3.51204 1.2
      vertex 12.8877 3.54804 1.2
    endloop
  endfacet
  facet normal -0.146726 0.989177 0
    outer loop
      vertex 12.645 3.51204 1.2
      vertex 12.8877 3.54804 0
      vertex 12.645 3.51204 0
    endloop
  endfacet
  facet normal 0.803095 -0.595851 0
    outer loop
      vertex 10.3213 7.38893 1.2
      vertex 10.4675 7.58598 0
      vertex 10.4675 7.58598 1.2
    endloop
  endfacet
  facet normal 0.803095 -0.595851 0
    outer loop
      vertex 10.4675 7.58598 0
      vertex 10.3213 7.38893 1.2
      vertex 10.3213 7.38893 0
    endloop
  endfacet
  facet normal -0.90398 -0.427575 0
    outer loop
      vertex 14.7097 6.95671 0
      vertex 14.6048 7.17849 1.2
      vertex 14.6048 7.17849 0
    endloop
  endfacet
  facet normal -0.90398 -0.427575 0
    outer loop
      vertex 14.6048 7.17849 1.2
      vertex 14.7097 6.95671 0
      vertex 14.7097 6.95671 1.2
    endloop
  endfacet
  facet normal 0.941483 -0.337059 0
    outer loop
      vertex 10.0076 6.72571 1.2
      vertex 10.0903 6.95671 0
      vertex 10.0903 6.95671 1.2
    endloop
  endfacet
  facet normal 0.941483 -0.337059 0
    outer loop
      vertex 10.0903 6.95671 0
      vertex 10.0076 6.72571 1.2
      vertex 10.0076 6.72571 0
    endloop
  endfacet
  facet normal 0.336879 0.941548 -0
    outer loop
      vertex 11.6743 3.60765 0
      vertex 11.4433 3.6903 1.2
      vertex 11.6743 3.60765 1.2
    endloop
  endfacet
  facet normal 0.336879 0.941548 0
    outer loop
      vertex 11.4433 3.6903 1.2
      vertex 11.6743 3.60765 0
      vertex 11.4433 3.6903 0
    endloop
  endfacet
  facet normal -0.595596 -0.803284 0
    outer loop
      vertex 13.7889 8.07867 0
      vertex 13.986 7.93253 1.2
      vertex 13.7889 8.07867 1.2
    endloop
  endfacet
  facet normal -0.595596 -0.803284 -0
    outer loop
      vertex 13.986 7.93253 1.2
      vertex 13.7889 8.07867 0
      vertex 13.986 7.93253 0
    endloop
  endfacet
  facet normal 0.90398 -0.427575 0
    outer loop
      vertex 10.0903 6.95671 1.2
      vertex 10.1952 7.17849 0
      vertex 10.1952 7.17849 1.2
    endloop
  endfacet
  facet normal 0.90398 -0.427575 0
    outer loop
      vertex 10.1952 7.17849 0
      vertex 10.0903 6.95671 1.2
      vertex 10.0903 6.95671 0
    endloop
  endfacet
  facet normal -0.803095 0.595851 0
    outer loop
      vertex 14.3325 4.41402 0
      vertex 14.4787 4.61107 1.2
      vertex 14.4787 4.61107 0
    endloop
  endfacet
  facet normal -0.803095 0.595851 0
    outer loop
      vertex 14.4787 4.61107 1.2
      vertex 14.3325 4.41402 0
      vertex 14.3325 4.41402 1.2
    endloop
  endfacet
  facet normal -0.146726 -0.989177 0
    outer loop
      vertex 12.645 8.48796 0
      vertex 12.8877 8.45196 1.2
      vertex 12.645 8.48796 1.2
    endloop
  endfacet
  facet normal -0.146726 -0.989177 -0
    outer loop
      vertex 12.8877 8.45196 1.2
      vertex 12.645 8.48796 0
      vertex 12.8877 8.45196 0
    endloop
  endfacet
  facet normal 0.989176 -0.146732 0
    outer loop
      vertex 9.91204 6.24504 1.2
      vertex 9.94804 6.48773 0
      vertex 9.94804 6.48773 1.2
    endloop
  endfacet
  facet normal 0.989176 -0.146732 0
    outer loop
      vertex 9.94804 6.48773 0
      vertex 9.91204 6.24504 1.2
      vertex 9.91204 6.24504 0
    endloop
  endfacet
  facet normal -0.803095 -0.595851 0
    outer loop
      vertex 14.4787 7.38893 0
      vertex 14.3325 7.58598 1.2
      vertex 14.3325 7.58598 0
    endloop
  endfacet
  facet normal -0.803095 -0.595851 0
    outer loop
      vertex 14.3325 7.58598 1.2
      vertex 14.4787 7.38893 0
      vertex 14.4787 7.38893 1.2
    endloop
  endfacet
  facet normal -0.0490836 -0.998795 0
    outer loop
      vertex 12.4 8.5 0
      vertex 12.645 8.48796 1.2
      vertex 12.4 8.5 1.2
    endloop
  endfacet
  facet normal -0.0490836 -0.998795 -0
    outer loop
      vertex 12.645 8.48796 1.2
      vertex 12.4 8.5 0
      vertex 12.645 8.48796 0
    endloop
  endfacet
  facet normal 0.857788 0.514004 0
    outer loop
      vertex 10.3213 4.61107 1.2
      vertex 10.1952 4.82151 0
      vertex 10.1952 4.82151 1.2
    endloop
  endfacet
  facet normal 0.857788 0.514004 0
    outer loop
      vertex 10.1952 4.82151 0
      vertex 10.3213 4.61107 1.2
      vertex 10.3213 4.61107 0
    endloop
  endfacet
  facet normal 0.941483 0.337059 0
    outer loop
      vertex 10.0903 5.04329 1.2
      vertex 10.0076 5.27429 0
      vertex 10.0076 5.27429 1.2
    endloop
  endfacet
  facet normal 0.941483 0.337059 0
    outer loop
      vertex 10.0076 5.27429 0
      vertex 10.0903 5.04329 1.2
      vertex 10.0903 5.04329 0
    endloop
  endfacet
  facet normal 0.427543 -0.903995 0
    outer loop
      vertex 11.2215 8.2048 0
      vertex 11.4433 8.3097 1.2
      vertex 11.2215 8.2048 1.2
    endloop
  endfacet
  facet normal 0.427543 -0.903995 0
    outer loop
      vertex 11.4433 8.3097 1.2
      vertex 11.2215 8.2048 0
      vertex 11.4433 8.3097 0
    endloop
  endfacet
  facet normal -0.90398 0.427575 0
    outer loop
      vertex 14.6048 4.82151 0
      vertex 14.7097 5.04329 1.2
      vertex 14.7097 5.04329 0
    endloop
  endfacet
  facet normal -0.90398 0.427575 0
    outer loop
      vertex 14.7097 5.04329 1.2
      vertex 14.6048 4.82151 0
      vertex 14.6048 4.82151 1.2
    endloop
  endfacet
  facet normal 0.595596 0.803284 -0
    outer loop
      vertex 11.0111 3.92133 0
      vertex 10.814 4.06747 1.2
      vertex 11.0111 3.92133 1.2
    endloop
  endfacet
  facet normal 0.595596 0.803284 0
    outer loop
      vertex 10.814 4.06747 1.2
      vertex 11.0111 3.92133 0
      vertex 10.814 4.06747 0
    endloop
  endfacet
  facet normal 0.857788 -0.514004 0
    outer loop
      vertex 10.1952 7.17849 1.2
      vertex 10.3213 7.38893 0
      vertex 10.3213 7.38893 1.2
    endloop
  endfacet
  facet normal 0.857788 -0.514004 0
    outer loop
      vertex 10.3213 7.38893 0
      vertex 10.1952 7.17849 1.2
      vertex 10.1952 7.17849 0
    endloop
  endfacet
  facet normal -0.998803 0.048913 0
    outer loop
      vertex 14.888 5.75496 0
      vertex 14.9 6 1.2
      vertex 14.9 6 0
    endloop
  endfacet
  facet normal -0.998803 0.048913 0
    outer loop
      vertex 14.9 6 1.2
      vertex 14.888 5.75496 0
      vertex 14.888 5.75496 1.2
    endloop
  endfacet
  facet normal -0.941483 0.337059 0
    outer loop
      vertex 14.7097 5.04329 0
      vertex 14.7924 5.27429 1.2
      vertex 14.7924 5.27429 0
    endloop
  endfacet
  facet normal -0.941483 0.337059 0
    outer loop
      vertex 14.7924 5.27429 1.2
      vertex 14.7097 5.04329 0
      vertex 14.7097 5.04329 1.2
    endloop
  endfacet
  facet normal -0.242958 0.970037 0
    outer loop
      vertex 13.1257 3.60765 0
      vertex 12.8877 3.54804 1.2
      vertex 13.1257 3.60765 1.2
    endloop
  endfacet
  facet normal -0.242958 0.970037 0
    outer loop
      vertex 12.8877 3.54804 1.2
      vertex 13.1257 3.60765 0
      vertex 12.8877 3.54804 0
    endloop
  endfacet
  facet normal -0.857788 -0.514004 0
    outer loop
      vertex 14.6048 7.17849 0
      vertex 14.4787 7.38893 1.2
      vertex 14.4787 7.38893 0
    endloop
  endfacet
  facet normal -0.857788 -0.514004 0
    outer loop
      vertex 14.4787 7.38893 1.2
      vertex 14.6048 7.17849 0
      vertex 14.6048 7.17849 1.2
    endloop
  endfacet
  facet normal -0.941483 -0.337059 0
    outer loop
      vertex 14.7924 6.72571 0
      vertex 14.7097 6.95671 1.2
      vertex 14.7097 6.95671 0
    endloop
  endfacet
  facet normal -0.941483 -0.337059 0
    outer loop
      vertex 14.7097 6.95671 1.2
      vertex 14.7924 6.72571 0
      vertex 14.7924 6.72571 1.2
    endloop
  endfacet
  facet normal 0.998795 0.0490756 0
    outer loop
      vertex 9.91204 5.75496 1.2
      vertex 9.9 6 0
      vertex 9.9 6 1.2
    endloop
  endfacet
  facet normal 0.998795 0.0490756 0
    outer loop
      vertex 9.9 6 0
      vertex 9.91204 5.75496 1.2
      vertex 9.91204 5.75496 0
    endloop
  endfacet
  facet normal -0.989176 0.146732 0
    outer loop
      vertex 14.852 5.51227 0
      vertex 14.888 5.75496 1.2
      vertex 14.888 5.75496 0
    endloop
  endfacet
  facet normal -0.989176 0.146732 0
    outer loop
      vertex 14.888 5.75496 1.2
      vertex 14.852 5.51227 0
      vertex 14.852 5.51227 1.2
    endloop
  endfacet
  facet normal 0.671528 0.740979 -0
    outer loop
      vertex 10.814 4.06747 0
      vertex 10.6322 4.23223 1.2
      vertex 10.814 4.06747 1.2
    endloop
  endfacet
  facet normal 0.671528 0.740979 0
    outer loop
      vertex 10.6322 4.23223 1.2
      vertex 10.814 4.06747 0
      vertex 10.6322 4.23223 0
    endloop
  endfacet
  facet normal -0.970042 0.242938 0
    outer loop
      vertex 14.7924 5.27429 0
      vertex 14.852 5.51227 1.2
      vertex 14.852 5.51227 0
    endloop
  endfacet
  facet normal -0.970042 0.242938 0
    outer loop
      vertex 14.852 5.51227 1.2
      vertex 14.7924 5.27429 0
      vertex 14.7924 5.27429 1.2
    endloop
  endfacet
  facet normal -0.671528 -0.740979 0
    outer loop
      vertex 13.986 7.93253 0
      vertex 14.1678 7.76777 1.2
      vertex 13.986 7.93253 1.2
    endloop
  endfacet
  facet normal -0.671528 -0.740979 -0
    outer loop
      vertex 14.1678 7.76777 1.2
      vertex 13.986 7.93253 0
      vertex 14.1678 7.76777 0
    endloop
  endfacet
  facet normal -0.336879 -0.941548 0
    outer loop
      vertex 13.1257 8.39235 0
      vertex 13.3567 8.3097 1.2
      vertex 13.1257 8.39235 1.2
    endloop
  endfacet
  facet normal -0.336879 -0.941548 -0
    outer loop
      vertex 13.3567 8.3097 1.2
      vertex 13.1257 8.39235 0
      vertex 13.3567 8.3097 0
    endloop
  endfacet
  facet normal 0.336879 -0.941548 0
    outer loop
      vertex 11.4433 8.3097 0
      vertex 11.6743 8.39235 1.2
      vertex 11.4433 8.3097 1.2
    endloop
  endfacet
  facet normal 0.336879 -0.941548 0
    outer loop
      vertex 11.6743 8.39235 1.2
      vertex 11.4433 8.3097 0
      vertex 11.6743 8.39235 0
    endloop
  endfacet
  facet normal 0.514166 0.857691 -0
    outer loop
      vertex 11.2215 3.7952 0
      vertex 11.0111 3.92133 1.2
      vertex 11.2215 3.7952 1.2
    endloop
  endfacet
  facet normal 0.514166 0.857691 0
    outer loop
      vertex 11.0111 3.92133 1.2
      vertex 11.2215 3.7952 0
      vertex 11.0111 3.92133 0
    endloop
  endfacet
  facet normal -0.857788 0.514004 0
    outer loop
      vertex 14.4787 4.61107 0
      vertex 14.6048 4.82151 1.2
      vertex 14.6048 4.82151 0
    endloop
  endfacet
  facet normal -0.857788 0.514004 0
    outer loop
      vertex 14.6048 4.82151 1.2
      vertex 14.4787 4.61107 0
      vertex 14.4787 4.61107 1.2
    endloop
  endfacet
  facet normal -0.427543 -0.903995 0
    outer loop
      vertex 13.3567 8.3097 0
      vertex 13.5785 8.2048 1.2
      vertex 13.3567 8.3097 1.2
    endloop
  endfacet
  facet normal -0.427543 -0.903995 -0
    outer loop
      vertex 13.5785 8.2048 1.2
      vertex 13.3567 8.3097 0
      vertex 13.5785 8.2048 0
    endloop
  endfacet
  facet normal 0.146726 0.989177 -0
    outer loop
      vertex 12.155 3.51204 0
      vertex 11.9123 3.54804 1.2
      vertex 12.155 3.51204 1.2
    endloop
  endfacet
  facet normal 0.146726 0.989177 0
    outer loop
      vertex 11.9123 3.54804 1.2
      vertex 12.155 3.51204 0
      vertex 11.9123 3.54804 0
    endloop
  endfacet
  facet normal 0.595596 -0.803284 0
    outer loop
      vertex 10.814 7.93253 0
      vertex 11.0111 8.07867 1.2
      vertex 10.814 7.93253 1.2
    endloop
  endfacet
  facet normal 0.595596 -0.803284 0
    outer loop
      vertex 11.0111 8.07867 1.2
      vertex 10.814 7.93253 0
      vertex 11.0111 8.07867 0
    endloop
  endfacet
  facet normal 0.0490836 0.998795 -0
    outer loop
      vertex 12.4 3.5 0
      vertex 12.155 3.51204 1.2
      vertex 12.4 3.5 1.2
    endloop
  endfacet
  facet normal 0.0490836 0.998795 0
    outer loop
      vertex 12.155 3.51204 1.2
      vertex 12.4 3.5 0
      vertex 12.155 3.51204 0
    endloop
  endfacet
  facet normal 0.741083 -0.671414 0
    outer loop
      vertex 10.4675 7.58598 1.2
      vertex 10.6322 7.76777 0
      vertex 10.6322 7.76777 1.2
    endloop
  endfacet
  facet normal 0.741083 -0.671414 0
    outer loop
      vertex 10.6322 7.76777 0
      vertex 10.4675 7.58598 1.2
      vertex 10.4675 7.58598 0
    endloop
  endfacet
  facet normal -0.0490836 0.998795 0
    outer loop
      vertex 12.645 3.51204 0
      vertex 12.4 3.5 1.2
      vertex 12.645 3.51204 1.2
    endloop
  endfacet
  facet normal -0.0490836 0.998795 0
    outer loop
      vertex 12.4 3.5 1.2
      vertex 12.645 3.51204 0
      vertex 12.4 3.5 0
    endloop
  endfacet
  facet normal 0.146726 -0.989177 0
    outer loop
      vertex 11.9123 8.45196 0
      vertex 12.155 8.48796 1.2
      vertex 11.9123 8.45196 1.2
    endloop
  endfacet
  facet normal 0.146726 -0.989177 0
    outer loop
      vertex 12.155 8.48796 1.2
      vertex 11.9123 8.45196 0
      vertex 12.155 8.48796 0
    endloop
  endfacet
  facet normal 0.242958 0.970037 -0
    outer loop
      vertex 11.9123 3.54804 0
      vertex 11.6743 3.60765 1.2
      vertex 11.9123 3.54804 1.2
    endloop
  endfacet
  facet normal 0.242958 0.970037 0
    outer loop
      vertex 11.6743 3.60765 1.2
      vertex 11.9123 3.54804 0
      vertex 11.6743 3.60765 0
    endloop
  endfacet
  facet normal -0.671528 0.740979 0
    outer loop
      vertex 14.1678 4.23223 0
      vertex 13.986 4.06747 1.2
      vertex 14.1678 4.23223 1.2
    endloop
  endfacet
  facet normal -0.671528 0.740979 0
    outer loop
      vertex 13.986 4.06747 1.2
      vertex 14.1678 4.23223 0
      vertex 13.986 4.06747 0
    endloop
  endfacet
  facet normal -0.242958 -0.970037 0
    outer loop
      vertex 12.8877 8.45196 0
      vertex 13.1257 8.39235 1.2
      vertex 12.8877 8.45196 1.2
    endloop
  endfacet
  facet normal -0.242958 -0.970037 -0
    outer loop
      vertex 13.1257 8.39235 1.2
      vertex 12.8877 8.45196 0
      vertex 13.1257 8.39235 0
    endloop
  endfacet
  facet normal 0.97008 0.242785 0
    outer loop
      vertex 10.0076 5.27429 1.2
      vertex 9.94804 5.51227 0
      vertex 9.94804 5.51227 1.2
    endloop
  endfacet
  facet normal 0.97008 0.242785 0
    outer loop
      vertex 9.94804 5.51227 0
      vertex 10.0076 5.27429 1.2
      vertex 10.0076 5.27429 0
    endloop
  endfacet
  facet normal 0.427543 0.903995 -0
    outer loop
      vertex 11.4433 3.6903 0
      vertex 11.2215 3.7952 1.2
      vertex 11.4433 3.6903 1.2
    endloop
  endfacet
  facet normal 0.427543 0.903995 0
    outer loop
      vertex 11.2215 3.7952 1.2
      vertex 11.4433 3.6903 0
      vertex 11.2215 3.7952 0
    endloop
  endfacet
  facet normal 0.741083 0.671414 0
    outer loop
      vertex 10.6322 4.23223 1.2
      vertex 10.4675 4.41402 0
      vertex 10.4675 4.41402 1.2
    endloop
  endfacet
  facet normal 0.741083 0.671414 0
    outer loop
      vertex 10.4675 4.41402 0
      vertex 10.6322 4.23223 1.2
      vertex 10.6322 4.23223 0
    endloop
  endfacet
  facet normal -0.427543 0.903995 0
    outer loop
      vertex 13.5785 3.7952 0
      vertex 13.3567 3.6903 1.2
      vertex 13.5785 3.7952 1.2
    endloop
  endfacet
  facet normal -0.427543 0.903995 0
    outer loop
      vertex 13.3567 3.6903 1.2
      vertex 13.5785 3.7952 0
      vertex 13.3567 3.6903 0
    endloop
  endfacet
  facet normal 0.0490836 -0.998795 0
    outer loop
      vertex 12.155 8.48796 0
      vertex 12.4 8.5 1.2
      vertex 12.155 8.48796 1.2
    endloop
  endfacet
  facet normal 0.0490836 -0.998795 0
    outer loop
      vertex 12.4 8.5 1.2
      vertex 12.155 8.48796 0
      vertex 12.4 8.5 0
    endloop
  endfacet
  facet normal 0.989176 0.146732 0
    outer loop
      vertex 9.94804 5.51227 1.2
      vertex 9.91204 5.75496 0
      vertex 9.91204 5.75496 1.2
    endloop
  endfacet
  facet normal 0.989176 0.146732 0
    outer loop
      vertex 9.91204 5.75496 0
      vertex 9.94804 5.51227 1.2
      vertex 9.94804 5.51227 0
    endloop
  endfacet
  facet normal -0.741083 -0.671414 0
    outer loop
      vertex 14.3325 7.58598 0
      vertex 14.1678 7.76777 1.2
      vertex 14.1678 7.76777 0
    endloop
  endfacet
  facet normal -0.741083 -0.671414 0
    outer loop
      vertex 14.1678 7.76777 1.2
      vertex 14.3325 7.58598 0
      vertex 14.3325 7.58598 1.2
    endloop
  endfacet
  facet normal -0.595596 0.803284 0
    outer loop
      vertex 13.986 4.06747 0
      vertex 13.7889 3.92133 1.2
      vertex 13.986 4.06747 1.2
    endloop
  endfacet
  facet normal -0.595596 0.803284 0
    outer loop
      vertex 13.7889 3.92133 1.2
      vertex 13.986 4.06747 0
      vertex 13.7889 3.92133 0
    endloop
  endfacet
  facet normal 0.803095 0.595851 0
    outer loop
      vertex 10.4675 4.41402 1.2
      vertex 10.3213 4.61107 0
      vertex 10.3213 4.61107 1.2
    endloop
  endfacet
  facet normal 0.803095 0.595851 0
    outer loop
      vertex 10.3213 4.61107 0
      vertex 10.4675 4.41402 1.2
      vertex 10.4675 4.41402 0
    endloop
  endfacet
  facet normal 0.998795 -0.0490756 0
    outer loop
      vertex 9.9 6 1.2
      vertex 9.91204 6.24504 0
      vertex 9.91204 6.24504 1.2
    endloop
  endfacet
  facet normal 0.998795 -0.0490756 0
    outer loop
      vertex 9.91204 6.24504 0
      vertex 9.9 6 1.2
      vertex 9.9 6 0
    endloop
  endfacet
  facet normal -0.741083 0.671414 0
    outer loop
      vertex 14.1678 4.23223 0
      vertex 14.3325 4.41402 1.2
      vertex 14.3325 4.41402 0
    endloop
  endfacet
  facet normal -0.741083 0.671414 0
    outer loop
      vertex 14.3325 4.41402 1.2
      vertex 14.1678 4.23223 0
      vertex 14.1678 4.23223 1.2
    endloop
  endfacet
  facet normal -0.989182 -0.146696 0
    outer loop
      vertex 3.49518 13.598 0
      vertex 3.48078 13.6951 1.2
      vertex 3.48078 13.6951 0
    endloop
  endfacet
  facet normal -0.989182 -0.146696 0
    outer loop
      vertex 3.48078 13.6951 1.2
      vertex 3.49518 13.598 0
      vertex 3.49518 13.598 1.2
    endloop
  endfacet
  facet normal -0.998793 -0.0491243 0
    outer loop
      vertex 3.5 13.5 0
      vertex 3.49518 13.598 1.2
      vertex 3.49518 13.598 0
    endloop
  endfacet
  facet normal -0.998793 -0.0491243 0
    outer loop
      vertex 3.49518 13.598 1.2
      vertex 3.5 13.5 0
      vertex 3.5 13.5 1.2
    endloop
  endfacet
  facet normal -0.970047 -0.242919 0
    outer loop
      vertex 3.48078 13.6951 0
      vertex 3.45694 13.7903 1.2
      vertex 3.45694 13.7903 0
    endloop
  endfacet
  facet normal -0.970047 -0.242919 0
    outer loop
      vertex 3.45694 13.7903 1.2
      vertex 3.48078 13.6951 0
      vertex 3.48078 13.6951 1.2
    endloop
  endfacet
  facet normal 0.671505 0.741 -0
    outer loop
      vertex 1.86561 12.727 0
      vertex 1.79289 12.7929 1.2
      vertex 1.86561 12.727 1.2
    endloop
  endfacet
  facet normal 0.671505 0.741 0
    outer loop
      vertex 1.79289 12.7929 1.2
      vertex 1.86561 12.727 0
      vertex 1.79289 12.7929 0
    endloop
  endfacet
  facet normal -0.941548 -0.336879 0
    outer loop
      vertex 3.45694 13.7903 0
      vertex 3.42388 13.8827 1.2
      vertex 3.42388 13.8827 0
    endloop
  endfacet
  facet normal -0.941548 -0.336879 0
    outer loop
      vertex 3.42388 13.8827 1.2
      vertex 3.45694 13.7903 0
      vertex 3.45694 13.7903 1.2
    endloop
  endfacet
  facet normal -0.336336 -0.941742 0
    outer loop
      vertex 2.79028 14.4569 0
      vertex 2.88268 14.4239 1.2
      vertex 2.79028 14.4569 1.2
    endloop
  endfacet
  facet normal -0.336336 -0.941742 -0
    outer loop
      vertex 2.88268 14.4239 1.2
      vertex 2.79028 14.4569 0
      vertex 2.88268 14.4239 0
    endloop
  endfacet
  facet normal 0.048911 0.998803 -0
    outer loop
      vertex 2.5 12.5 0
      vertex 2.40198 12.5048 1.2
      vertex 2.5 12.5 1.2
    endloop
  endfacet
  facet normal 0.048911 0.998803 0
    outer loop
      vertex 2.40198 12.5048 1.2
      vertex 2.5 12.5 0
      vertex 2.40198 12.5048 0
    endloop
  endfacet
  facet normal -0.941548 0.336879 0
    outer loop
      vertex 3.42388 13.1173 0
      vertex 3.45694 13.2097 1.2
      vertex 3.45694 13.2097 0
    endloop
  endfacet
  facet normal -0.941548 0.336879 0
    outer loop
      vertex 3.45694 13.2097 1.2
      vertex 3.42388 13.1173 0
      vertex 3.42388 13.1173 1.2
    endloop
  endfacet
  facet normal 0.427876 -0.903837 0
    outer loop
      vertex 2.0286 14.3819 0
      vertex 2.11732 14.4239 1.2
      vertex 2.0286 14.3819 1.2
    endloop
  endfacet
  facet normal 0.427876 -0.903837 0
    outer loop
      vertex 2.11732 14.4239 1.2
      vertex 2.0286 14.3819 0
      vertex 2.11732 14.4239 0
    endloop
  endfacet
  facet normal -0.671505 -0.741 0
    outer loop
      vertex 3.13439 14.273 0
      vertex 3.20711 14.2071 1.2
      vertex 3.13439 14.273 1.2
    endloop
  endfacet
  facet normal -0.671505 -0.741 -0
    outer loop
      vertex 3.20711 14.2071 1.2
      vertex 3.13439 14.273 0
      vertex 3.20711 14.2071 0
    endloop
  endfacet
  facet normal -0.243518 0.969896 0
    outer loop
      vertex 2.79028 12.5431 0
      vertex 2.69509 12.5192 1.2
      vertex 2.79028 12.5431 1.2
    endloop
  endfacet
  facet normal -0.243518 0.969896 0
    outer loop
      vertex 2.69509 12.5192 1.2
      vertex 2.79028 12.5431 0
      vertex 2.69509 12.5192 0
    endloop
  endfacet
  facet normal -0.146741 -0.989175 0
    outer loop
      vertex 2.59802 14.4952 0
      vertex 2.69509 14.4808 1.2
      vertex 2.59802 14.4952 1.2
    endloop
  endfacet
  facet normal -0.146741 -0.989175 -0
    outer loop
      vertex 2.69509 14.4808 1.2
      vertex 2.59802 14.4952 0
      vertex 2.69509 14.4808 0
    endloop
  endfacet
  facet normal 0.970023 -0.243015 0
    outer loop
      vertex 1.51921 13.6951 1.2
      vertex 1.54306 13.7903 0
      vertex 1.54306 13.7903 1.2
    endloop
  endfacet
  facet normal 0.970023 -0.243015 0
    outer loop
      vertex 1.54306 13.7903 0
      vertex 1.51921 13.6951 1.2
      vertex 1.51921 13.6951 0
    endloop
  endfacet
  facet normal 0.903958 0.427622 0
    outer loop
      vertex 1.61808 13.0286 1.2
      vertex 1.57612 13.1173 0
      vertex 1.57612 13.1173 1.2
    endloop
  endfacet
  facet normal 0.903958 0.427622 0
    outer loop
      vertex 1.57612 13.1173 0
      vertex 1.61808 13.0286 1.2
      vertex 1.61808 13.0286 0
    endloop
  endfacet
  facet normal -0.80312 0.595817 0
    outer loop
      vertex 3.27301 12.8656 0
      vertex 3.33147 12.9444 1.2
      vertex 3.33147 12.9444 0
    endloop
  endfacet
  facet normal -0.80312 0.595817 0
    outer loop
      vertex 3.33147 12.9444 1.2
      vertex 3.27301 12.8656 0
      vertex 3.27301 12.8656 1.2
    endloop
  endfacet
  facet normal 0.80312 0.595817 0
    outer loop
      vertex 1.72699 12.8656 1.2
      vertex 1.66853 12.9444 0
      vertex 1.66853 12.9444 1.2
    endloop
  endfacet
  facet normal 0.80312 0.595817 0
    outer loop
      vertex 1.66853 12.9444 0
      vertex 1.72699 12.8656 1.2
      vertex 1.72699 12.8656 0
    endloop
  endfacet
  facet normal -0.989182 0.146696 0
    outer loop
      vertex 3.48078 13.3049 0
      vertex 3.49518 13.402 1.2
      vertex 3.49518 13.402 0
    endloop
  endfacet
  facet normal -0.989182 0.146696 0
    outer loop
      vertex 3.49518 13.402 1.2
      vertex 3.48078 13.3049 0
      vertex 3.48078 13.3049 1.2
    endloop
  endfacet
  facet normal 0.146741 -0.989175 0
    outer loop
      vertex 2.30491 14.4808 0
      vertex 2.40198 14.4952 1.2
      vertex 2.30491 14.4808 1.2
    endloop
  endfacet
  facet normal 0.146741 -0.989175 0
    outer loop
      vertex 2.40198 14.4952 1.2
      vertex 2.30491 14.4808 0
      vertex 2.40198 14.4952 0
    endloop
  endfacet
  facet normal -0.048911 -0.998803 0
    outer loop
      vertex 2.5 14.5 0
      vertex 2.59802 14.4952 1.2
      vertex 2.5 14.5 1.2
    endloop
  endfacet
  facet normal -0.048911 -0.998803 -0
    outer loop
      vertex 2.59802 14.4952 1.2
      vertex 2.5 14.5 0
      vertex 2.59802 14.4952 0
    endloop
  endfacet
  facet normal 0.941548 0.336879 0
    outer loop
      vertex 1.57612 13.1173 1.2
      vertex 1.54306 13.2097 0
      vertex 1.54306 13.2097 1.2
    endloop
  endfacet
  facet normal 0.941548 0.336879 0
    outer loop
      vertex 1.54306 13.2097 0
      vertex 1.57612 13.1173 1.2
      vertex 1.57612 13.1173 0
    endloop
  endfacet
  facet normal -0.427876 -0.903837 0
    outer loop
      vertex 2.88268 14.4239 0
      vertex 2.9714 14.3819 1.2
      vertex 2.88268 14.4239 1.2
    endloop
  endfacet
  facet normal -0.427876 -0.903837 -0
    outer loop
      vertex 2.9714 14.3819 1.2
      vertex 2.88268 14.4239 0
      vertex 2.9714 14.3819 0
    endloop
  endfacet
  facet normal 0.857807 0.513971 0
    outer loop
      vertex 1.66853 12.9444 1.2
      vertex 1.61808 13.0286 0
      vertex 1.61808 13.0286 1.2
    endloop
  endfacet
  facet normal 0.857807 0.513971 0
    outer loop
      vertex 1.61808 13.0286 0
      vertex 1.66853 12.9444 1.2
      vertex 1.66853 12.9444 0
    endloop
  endfacet
  facet normal 0.146741 0.989175 -0
    outer loop
      vertex 2.40198 12.5048 0
      vertex 2.30491 12.5192 1.2
      vertex 2.40198 12.5048 1.2
    endloop
  endfacet
  facet normal 0.146741 0.989175 0
    outer loop
      vertex 2.30491 12.5192 1.2
      vertex 2.40198 12.5048 0
      vertex 2.30491 12.5192 0
    endloop
  endfacet
  facet normal -0.671505 0.741 0
    outer loop
      vertex 3.20711 12.7929 0
      vertex 3.13439 12.727 1.2
      vertex 3.20711 12.7929 1.2
    endloop
  endfacet
  facet normal -0.671505 0.741 0
    outer loop
      vertex 3.13439 12.727 1.2
      vertex 3.20711 12.7929 0
      vertex 3.13439 12.727 0
    endloop
  endfacet
  facet normal 0.336369 -0.94173 0
    outer loop
      vertex 2.11732 14.4239 0
      vertex 2.20971 14.4569 1.2
      vertex 2.11732 14.4239 1.2
    endloop
  endfacet
  facet normal 0.336369 -0.94173 0
    outer loop
      vertex 2.20971 14.4569 1.2
      vertex 2.11732 14.4239 0
      vertex 2.20971 14.4569 0
    endloop
  endfacet
  facet normal -0.970047 0.242919 0
    outer loop
      vertex 3.45694 13.2097 0
      vertex 3.48078 13.3049 1.2
      vertex 3.48078 13.3049 0
    endloop
  endfacet
  facet normal -0.970047 0.242919 0
    outer loop
      vertex 3.48078 13.3049 1.2
      vertex 3.45694 13.2097 0
      vertex 3.45694 13.2097 1.2
    endloop
  endfacet
  facet normal 0.671505 -0.741 0
    outer loop
      vertex 1.79289 14.2071 0
      vertex 1.86561 14.273 1.2
      vertex 1.79289 14.2071 1.2
    endloop
  endfacet
  facet normal 0.671505 -0.741 0
    outer loop
      vertex 1.86561 14.273 1.2
      vertex 1.79289 14.2071 0
      vertex 1.86561 14.273 0
    endloop
  endfacet
  facet normal 0.595983 0.802997 -0
    outer loop
      vertex 1.94443 12.6685 0
      vertex 1.86561 12.727 1.2
      vertex 1.94443 12.6685 1.2
    endloop
  endfacet
  facet normal 0.595983 0.802997 0
    outer loop
      vertex 1.86561 12.727 1.2
      vertex 1.94443 12.6685 0
      vertex 1.86561 12.727 0
    endloop
  endfacet
  facet normal -0.80312 -0.595817 0
    outer loop
      vertex 3.33147 14.0556 0
      vertex 3.27301 14.1344 1.2
      vertex 3.27301 14.1344 0
    endloop
  endfacet
  facet normal -0.80312 -0.595817 0
    outer loop
      vertex 3.27301 14.1344 1.2
      vertex 3.33147 14.0556 0
      vertex 3.33147 14.0556 1.2
    endloop
  endfacet
  facet normal 0.857807 -0.513971 0
    outer loop
      vertex 1.61808 13.9714 1.2
      vertex 1.66853 14.0556 0
      vertex 1.66853 14.0556 1.2
    endloop
  endfacet
  facet normal 0.857807 -0.513971 0
    outer loop
      vertex 1.66853 14.0556 0
      vertex 1.61808 13.9714 1.2
      vertex 1.61808 13.9714 0
    endloop
  endfacet
  facet normal -0.998793 0.0491243 0
    outer loop
      vertex 3.49518 13.402 0
      vertex 3.5 13.5 1.2
      vertex 3.5 13.5 0
    endloop
  endfacet
  facet normal -0.998793 0.0491243 0
    outer loop
      vertex 3.5 13.5 1.2
      vertex 3.49518 13.402 0
      vertex 3.49518 13.402 1.2
    endloop
  endfacet
  facet normal -0.336336 0.941742 0
    outer loop
      vertex 2.88268 12.5761 0
      vertex 2.79028 12.5431 1.2
      vertex 2.88268 12.5761 1.2
    endloop
  endfacet
  facet normal -0.336336 0.941742 0
    outer loop
      vertex 2.79028 12.5431 1.2
      vertex 2.88268 12.5761 0
      vertex 2.79028 12.5431 0
    endloop
  endfacet
  facet normal 0.941548 -0.336879 0
    outer loop
      vertex 1.54306 13.7903 1.2
      vertex 1.57612 13.8827 0
      vertex 1.57612 13.8827 1.2
    endloop
  endfacet
  facet normal 0.941548 -0.336879 0
    outer loop
      vertex 1.57612 13.8827 0
      vertex 1.54306 13.7903 1.2
      vertex 1.54306 13.7903 0
    endloop
  endfacet
  facet normal -0.595983 -0.802997 0
    outer loop
      vertex 3.05557 14.3315 0
      vertex 3.13439 14.273 1.2
      vertex 3.05557 14.3315 1.2
    endloop
  endfacet
  facet normal -0.595983 -0.802997 -0
    outer loop
      vertex 3.13439 14.273 1.2
      vertex 3.05557 14.3315 0
      vertex 3.13439 14.273 0
    endloop
  endfacet
  facet normal -0.513731 -0.857951 0
    outer loop
      vertex 2.9714 14.3819 0
      vertex 3.05557 14.3315 1.2
      vertex 2.9714 14.3819 1.2
    endloop
  endfacet
  facet normal -0.513731 -0.857951 -0
    outer loop
      vertex 3.05557 14.3315 1.2
      vertex 2.9714 14.3819 0
      vertex 3.05557 14.3315 0
    endloop
  endfacet
  facet normal -0.146741 0.989175 0
    outer loop
      vertex 2.69509 12.5192 0
      vertex 2.59802 12.5048 1.2
      vertex 2.69509 12.5192 1.2
    endloop
  endfacet
  facet normal -0.146741 0.989175 0
    outer loop
      vertex 2.59802 12.5048 1.2
      vertex 2.69509 12.5192 0
      vertex 2.59802 12.5048 0
    endloop
  endfacet
  facet normal -0.857807 0.513971 0
    outer loop
      vertex 3.33147 12.9444 0
      vertex 3.38192 13.0286 1.2
      vertex 3.38192 13.0286 0
    endloop
  endfacet
  facet normal -0.857807 0.513971 0
    outer loop
      vertex 3.38192 13.0286 1.2
      vertex 3.33147 12.9444 0
      vertex 3.33147 12.9444 1.2
    endloop
  endfacet
  facet normal 0.998793 0.0491243 0
    outer loop
      vertex 1.50482 13.402 1.2
      vertex 1.5 13.5 0
      vertex 1.5 13.5 1.2
    endloop
  endfacet
  facet normal 0.998793 0.0491243 0
    outer loop
      vertex 1.5 13.5 0
      vertex 1.50482 13.402 1.2
      vertex 1.50482 13.402 0
    endloop
  endfacet
  facet normal -0.243518 -0.969896 0
    outer loop
      vertex 2.69509 14.4808 0
      vertex 2.79028 14.4569 1.2
      vertex 2.69509 14.4808 1.2
    endloop
  endfacet
  facet normal -0.243518 -0.969896 -0
    outer loop
      vertex 2.79028 14.4569 1.2
      vertex 2.69509 14.4808 0
      vertex 2.79028 14.4569 0
    endloop
  endfacet
  facet normal 0.998793 -0.0491243 0
    outer loop
      vertex 1.5 13.5 1.2
      vertex 1.50482 13.598 0
      vertex 1.50482 13.598 1.2
    endloop
  endfacet
  facet normal 0.998793 -0.0491243 0
    outer loop
      vertex 1.50482 13.598 0
      vertex 1.5 13.5 1.2
      vertex 1.5 13.5 0
    endloop
  endfacet
  facet normal 0.513731 -0.857951 0
    outer loop
      vertex 1.94443 14.3315 0
      vertex 2.0286 14.3819 1.2
      vertex 1.94443 14.3315 1.2
    endloop
  endfacet
  facet normal 0.513731 -0.857951 0
    outer loop
      vertex 2.0286 14.3819 1.2
      vertex 1.94443 14.3315 0
      vertex 2.0286 14.3819 0
    endloop
  endfacet
  facet normal 0.243494 0.969902 -0
    outer loop
      vertex 2.30491 12.5192 0
      vertex 2.20971 12.5431 1.2
      vertex 2.30491 12.5192 1.2
    endloop
  endfacet
  facet normal 0.243494 0.969902 0
    outer loop
      vertex 2.20971 12.5431 1.2
      vertex 2.30491 12.5192 0
      vertex 2.20971 12.5431 0
    endloop
  endfacet
  facet normal -0.903958 -0.427622 0
    outer loop
      vertex 3.42388 13.8827 0
      vertex 3.38192 13.9714 1.2
      vertex 3.38192 13.9714 0
    endloop
  endfacet
  facet normal -0.903958 -0.427622 0
    outer loop
      vertex 3.38192 13.9714 1.2
      vertex 3.42388 13.8827 0
      vertex 3.42388 13.8827 1.2
    endloop
  endfacet
  facet normal -0.857807 -0.513971 0
    outer loop
      vertex 3.38192 13.9714 0
      vertex 3.33147 14.0556 1.2
      vertex 3.33147 14.0556 0
    endloop
  endfacet
  facet normal -0.857807 -0.513971 0
    outer loop
      vertex 3.33147 14.0556 1.2
      vertex 3.38192 13.9714 0
      vertex 3.38192 13.9714 1.2
    endloop
  endfacet
  facet normal 0.740908 -0.671607 0
    outer loop
      vertex 1.72699 14.1344 1.2
      vertex 1.79289 14.2071 0
      vertex 1.79289 14.2071 1.2
    endloop
  endfacet
  facet normal 0.740908 -0.671607 0
    outer loop
      vertex 1.79289 14.2071 0
      vertex 1.72699 14.1344 1.2
      vertex 1.72699 14.1344 0
    endloop
  endfacet
  facet normal 0.989196 0.146597 0
    outer loop
      vertex 1.51921 13.3049 1.2
      vertex 1.50482 13.402 0
      vertex 1.50482 13.402 1.2
    endloop
  endfacet
  facet normal 0.989196 0.146597 0
    outer loop
      vertex 1.50482 13.402 0
      vertex 1.51921 13.3049 1.2
      vertex 1.51921 13.3049 0
    endloop
  endfacet
  facet normal 0.740908 0.671607 0
    outer loop
      vertex 1.79289 12.7929 1.2
      vertex 1.72699 12.8656 0
      vertex 1.72699 12.8656 1.2
    endloop
  endfacet
  facet normal 0.740908 0.671607 0
    outer loop
      vertex 1.72699 12.8656 0
      vertex 1.79289 12.7929 1.2
      vertex 1.79289 12.7929 0
    endloop
  endfacet
  facet normal 0.048911 -0.998803 0
    outer loop
      vertex 2.40198 14.4952 0
      vertex 2.5 14.5 1.2
      vertex 2.40198 14.4952 1.2
    endloop
  endfacet
  facet normal 0.048911 -0.998803 0
    outer loop
      vertex 2.5 14.5 1.2
      vertex 2.40198 14.4952 0
      vertex 2.5 14.5 0
    endloop
  endfacet
  facet normal 0.243494 -0.969902 0
    outer loop
      vertex 2.20971 14.4569 0
      vertex 2.30491 14.4808 1.2
      vertex 2.20971 14.4569 1.2
    endloop
  endfacet
  facet normal 0.243494 -0.969902 0
    outer loop
      vertex 2.30491 14.4808 1.2
      vertex 2.20971 14.4569 0
      vertex 2.30491 14.4808 0
    endloop
  endfacet
  facet normal 0.513731 0.857951 -0
    outer loop
      vertex 2.0286 12.6181 0
      vertex 1.94443 12.6685 1.2
      vertex 2.0286 12.6181 1.2
    endloop
  endfacet
  facet normal 0.513731 0.857951 0
    outer loop
      vertex 1.94443 12.6685 1.2
      vertex 2.0286 12.6181 0
      vertex 1.94443 12.6685 0
    endloop
  endfacet
  facet normal 0.903958 -0.427622 0
    outer loop
      vertex 1.57612 13.8827 1.2
      vertex 1.61808 13.9714 0
      vertex 1.61808 13.9714 1.2
    endloop
  endfacet
  facet normal 0.903958 -0.427622 0
    outer loop
      vertex 1.61808 13.9714 0
      vertex 1.57612 13.8827 1.2
      vertex 1.57612 13.8827 0
    endloop
  endfacet
  facet normal -0.427876 0.903837 0
    outer loop
      vertex 2.9714 12.6181 0
      vertex 2.88268 12.5761 1.2
      vertex 2.9714 12.6181 1.2
    endloop
  endfacet
  facet normal -0.427876 0.903837 0
    outer loop
      vertex 2.88268 12.5761 1.2
      vertex 2.9714 12.6181 0
      vertex 2.88268 12.5761 0
    endloop
  endfacet
  facet normal -0.595983 0.802997 0
    outer loop
      vertex 3.13439 12.727 0
      vertex 3.05557 12.6685 1.2
      vertex 3.13439 12.727 1.2
    endloop
  endfacet
  facet normal -0.595983 0.802997 0
    outer loop
      vertex 3.05557 12.6685 1.2
      vertex 3.13439 12.727 0
      vertex 3.05557 12.6685 0
    endloop
  endfacet
  facet normal 0.970023 0.243015 0
    outer loop
      vertex 1.54306 13.2097 1.2
      vertex 1.51921 13.3049 0
      vertex 1.51921 13.3049 1.2
    endloop
  endfacet
  facet normal 0.970023 0.243015 0
    outer loop
      vertex 1.51921 13.3049 0
      vertex 1.54306 13.2097 1.2
      vertex 1.54306 13.2097 0
    endloop
  endfacet
  facet normal -0.740908 -0.671607 0
    outer loop
      vertex 3.27301 14.1344 0
      vertex 3.20711 14.2071 1.2
      vertex 3.20711 14.2071 0
    endloop
  endfacet
  facet normal -0.740908 -0.671607 0
    outer loop
      vertex 3.20711 14.2071 1.2
      vertex 3.27301 14.1344 0
      vertex 3.27301 14.1344 1.2
    endloop
  endfacet
  facet normal -0.513731 0.857951 0
    outer loop
      vertex 3.05557 12.6685 0
      vertex 2.9714 12.6181 1.2
      vertex 3.05557 12.6685 1.2
    endloop
  endfacet
  facet normal -0.513731 0.857951 0
    outer loop
      vertex 2.9714 12.6181 1.2
      vertex 3.05557 12.6685 0
      vertex 2.9714 12.6181 0
    endloop
  endfacet
  facet normal -0.903958 0.427622 0
    outer loop
      vertex 3.38192 13.0286 0
      vertex 3.42388 13.1173 1.2
      vertex 3.42388 13.1173 0
    endloop
  endfacet
  facet normal -0.903958 0.427622 0
    outer loop
      vertex 3.42388 13.1173 1.2
      vertex 3.38192 13.0286 0
      vertex 3.38192 13.0286 1.2
    endloop
  endfacet
  facet normal 0.80312 -0.595817 0
    outer loop
      vertex 1.66853 14.0556 1.2
      vertex 1.72699 14.1344 0
      vertex 1.72699 14.1344 1.2
    endloop
  endfacet
  facet normal 0.80312 -0.595817 0
    outer loop
      vertex 1.72699 14.1344 0
      vertex 1.66853 14.0556 1.2
      vertex 1.66853 14.0556 0
    endloop
  endfacet
  facet normal -0.048911 0.998803 0
    outer loop
      vertex 2.59802 12.5048 0
      vertex 2.5 12.5 1.2
      vertex 2.59802 12.5048 1.2
    endloop
  endfacet
  facet normal -0.048911 0.998803 0
    outer loop
      vertex 2.5 12.5 1.2
      vertex 2.59802 12.5048 0
      vertex 2.5 12.5 0
    endloop
  endfacet
  facet normal 0.595983 -0.802997 0
    outer loop
      vertex 1.86561 14.273 0
      vertex 1.94443 14.3315 1.2
      vertex 1.86561 14.273 1.2
    endloop
  endfacet
  facet normal 0.595983 -0.802997 0
    outer loop
      vertex 1.94443 14.3315 1.2
      vertex 1.86561 14.273 0
      vertex 1.94443 14.3315 0
    endloop
  endfacet
  facet normal -0.740908 0.671607 0
    outer loop
      vertex 3.20711 12.7929 0
      vertex 3.27301 12.8656 1.2
      vertex 3.27301 12.8656 0
    endloop
  endfacet
  facet normal -0.740908 0.671607 0
    outer loop
      vertex 3.27301 12.8656 1.2
      vertex 3.20711 12.7929 0
      vertex 3.20711 12.7929 1.2
    endloop
  endfacet
  facet normal 0.989196 -0.146597 0
    outer loop
      vertex 1.50482 13.598 1.2
      vertex 1.51921 13.6951 0
      vertex 1.51921 13.6951 1.2
    endloop
  endfacet
  facet normal 0.989196 -0.146597 0
    outer loop
      vertex 1.51921 13.6951 0
      vertex 1.50482 13.598 1.2
      vertex 1.50482 13.598 0
    endloop
  endfacet
  facet normal 0.336369 0.94173 -0
    outer loop
      vertex 2.20971 12.5431 0
      vertex 2.11732 12.5761 1.2
      vertex 2.20971 12.5431 1.2
    endloop
  endfacet
  facet normal 0.336369 0.94173 0
    outer loop
      vertex 2.11732 12.5761 1.2
      vertex 2.20971 12.5431 0
      vertex 2.11732 12.5761 0
    endloop
  endfacet
  facet normal 0.427876 0.903837 -0
    outer loop
      vertex 2.11732 12.5761 0
      vertex 2.0286 12.6181 1.2
      vertex 2.11732 12.5761 1.2
    endloop
  endfacet
  facet normal 0.427876 0.903837 0
    outer loop
      vertex 2.0286 12.6181 1.2
      vertex 2.11732 12.5761 0
      vertex 2.0286 12.6181 0
    endloop
  endfacet
  facet normal -0.989182 -0.146696 0
    outer loop
      vertex 23.2952 13.598 0
      vertex 23.2808 13.6951 1.2
      vertex 23.2808 13.6951 0
    endloop
  endfacet
  facet normal -0.989182 -0.146696 0
    outer loop
      vertex 23.2808 13.6951 1.2
      vertex 23.2952 13.598 0
      vertex 23.2952 13.598 1.2
    endloop
  endfacet
  facet normal -0.998803 -0.0489209 0
    outer loop
      vertex 23.3 13.5 0
      vertex 23.2952 13.598 1.2
      vertex 23.2952 13.598 0
    endloop
  endfacet
  facet normal -0.998803 -0.0489209 0
    outer loop
      vertex 23.2952 13.598 1.2
      vertex 23.3 13.5 0
      vertex 23.3 13.5 1.2
    endloop
  endfacet
  facet normal -0.969902 -0.243494 0
    outer loop
      vertex 23.2808 13.6951 0
      vertex 23.2569 13.7903 1.2
      vertex 23.2569 13.7903 0
    endloop
  endfacet
  facet normal -0.969902 -0.243494 0
    outer loop
      vertex 23.2569 13.7903 1.2
      vertex 23.2808 13.6951 0
      vertex 23.2808 13.6951 1.2
    endloop
  endfacet
  facet normal 0.243494 -0.969902 0
    outer loop
      vertex 22.0097 14.4569 0
      vertex 22.1049 14.4808 1.2
      vertex 22.0097 14.4569 1.2
    endloop
  endfacet
  facet normal 0.243494 -0.969902 0
    outer loop
      vertex 22.1049 14.4808 1.2
      vertex 22.0097 14.4569 0
      vertex 22.1049 14.4808 0
    endloop
  endfacet
  facet normal 0.9038 0.427955 0
    outer loop
      vertex 21.4181 13.0286 1.2
      vertex 21.3761 13.1173 0
      vertex 21.3761 13.1173 1.2
    endloop
  endfacet
  facet normal 0.9038 0.427955 0
    outer loop
      vertex 21.3761 13.1173 0
      vertex 21.4181 13.0286 1.2
      vertex 21.4181 13.0286 0
    endloop
  endfacet
  facet normal -0.427955 0.9038 0
    outer loop
      vertex 22.7714 12.6181 0
      vertex 22.6827 12.5761 1.2
      vertex 22.7714 12.6181 1.2
    endloop
  endfacet
  facet normal -0.427955 0.9038 0
    outer loop
      vertex 22.6827 12.5761 1.2
      vertex 22.7714 12.6181 0
      vertex 22.6827 12.5761 0
    endloop
  endfacet
  facet normal 0.243494 0.969902 -0
    outer loop
      vertex 22.1049 12.5192 0
      vertex 22.0097 12.5431 1.2
      vertex 22.1049 12.5192 1.2
    endloop
  endfacet
  facet normal 0.243494 0.969902 0
    outer loop
      vertex 22.0097 12.5431 1.2
      vertex 22.1049 12.5192 0
      vertex 22.0097 12.5431 0
    endloop
  endfacet
  facet normal -0.513596 0.858032 0
    outer loop
      vertex 22.8556 12.6685 0
      vertex 22.7714 12.6181 1.2
      vertex 22.8556 12.6685 1.2
    endloop
  endfacet
  facet normal -0.513596 0.858032 0
    outer loop
      vertex 22.7714 12.6181 1.2
      vertex 22.8556 12.6685 0
      vertex 22.7714 12.6181 0
    endloop
  endfacet
  facet normal 0.336336 0.941742 -0
    outer loop
      vertex 22.0097 12.5431 0
      vertex 21.9173 12.5761 1.2
      vertex 22.0097 12.5431 1.2
    endloop
  endfacet
  facet normal 0.336336 0.941742 0
    outer loop
      vertex 21.9173 12.5761 1.2
      vertex 22.0097 12.5431 0
      vertex 21.9173 12.5761 0
    endloop
  endfacet
  facet normal -0.336336 0.941742 0
    outer loop
      vertex 22.6827 12.5761 0
      vertex 22.5903 12.5431 1.2
      vertex 22.6827 12.5761 1.2
    endloop
  endfacet
  facet normal -0.336336 0.941742 0
    outer loop
      vertex 22.5903 12.5431 1.2
      vertex 22.6827 12.5761 0
      vertex 22.5903 12.5431 0
    endloop
  endfacet
  facet normal 0.671607 -0.740908 0
    outer loop
      vertex 21.5929 14.2071 0
      vertex 21.6656 14.273 1.2
      vertex 21.5929 14.2071 1.2
    endloop
  endfacet
  facet normal 0.671607 -0.740908 0
    outer loop
      vertex 21.6656 14.273 1.2
      vertex 21.5929 14.2071 0
      vertex 21.6656 14.273 0
    endloop
  endfacet
  facet normal -0.243494 0.969902 0
    outer loop
      vertex 22.5903 12.5431 0
      vertex 22.4951 12.5192 1.2
      vertex 22.5903 12.5431 1.2
    endloop
  endfacet
  facet normal -0.243494 0.969902 0
    outer loop
      vertex 22.4951 12.5192 1.2
      vertex 22.5903 12.5431 0
      vertex 22.4951 12.5192 0
    endloop
  endfacet
  facet normal 0.858032 -0.513596 0
    outer loop
      vertex 21.4181 13.9714 1.2
      vertex 21.4685 14.0556 0
      vertex 21.4685 14.0556 1.2
    endloop
  endfacet
  facet normal 0.858032 -0.513596 0
    outer loop
      vertex 21.4685 14.0556 0
      vertex 21.4181 13.9714 1.2
      vertex 21.4181 13.9714 0
    endloop
  endfacet
  facet normal 0.989182 -0.146696 0
    outer loop
      vertex 21.3048 13.598 1.2
      vertex 21.3192 13.6951 0
      vertex 21.3192 13.6951 1.2
    endloop
  endfacet
  facet normal 0.989182 -0.146696 0
    outer loop
      vertex 21.3192 13.6951 0
      vertex 21.3048 13.598 1.2
      vertex 21.3048 13.598 0
    endloop
  endfacet
  facet normal -0.9038 -0.427955 0
    outer loop
      vertex 23.2239 13.8827 0
      vertex 23.1819 13.9714 1.2
      vertex 23.1819 13.9714 0
    endloop
  endfacet
  facet normal -0.9038 -0.427955 0
    outer loop
      vertex 23.1819 13.9714 1.2
      vertex 23.2239 13.8827 0
      vertex 23.2239 13.8827 1.2
    endloop
  endfacet
  facet normal -0.802925 0.59608 0
    outer loop
      vertex 23.073 12.8656 0
      vertex 23.1315 12.9444 1.2
      vertex 23.1315 12.9444 0
    endloop
  endfacet
  facet normal -0.802925 0.59608 0
    outer loop
      vertex 23.1315 12.9444 1.2
      vertex 23.073 12.8656 0
      vertex 23.073 12.8656 1.2
    endloop
  endfacet
  facet normal 0.59608 -0.802925 0
    outer loop
      vertex 21.6656 14.273 0
      vertex 21.7444 14.3315 1.2
      vertex 21.6656 14.273 1.2
    endloop
  endfacet
  facet normal 0.59608 -0.802925 0
    outer loop
      vertex 21.7444 14.3315 1.2
      vertex 21.6656 14.273 0
      vertex 21.7444 14.3315 0
    endloop
  endfacet
  facet normal -0.59608 -0.802925 0
    outer loop
      vertex 22.8556 14.3315 0
      vertex 22.9344 14.273 1.2
      vertex 22.8556 14.3315 1.2
    endloop
  endfacet
  facet normal -0.59608 -0.802925 -0
    outer loop
      vertex 22.9344 14.273 1.2
      vertex 22.8556 14.3315 0
      vertex 22.9344 14.273 0
    endloop
  endfacet
  facet normal -0.146696 -0.989182 0
    outer loop
      vertex 22.398 14.4952 0
      vertex 22.4951 14.4808 1.2
      vertex 22.398 14.4952 1.2
    endloop
  endfacet
  facet normal -0.146696 -0.989182 -0
    outer loop
      vertex 22.4951 14.4808 1.2
      vertex 22.398 14.4952 0
      vertex 22.4951 14.4808 0
    endloop
  endfacet
  facet normal -0.802925 -0.59608 0
    outer loop
      vertex 23.1315 14.0556 0
      vertex 23.073 14.1344 1.2
      vertex 23.073 14.1344 0
    endloop
  endfacet
  facet normal -0.802925 -0.59608 0
    outer loop
      vertex 23.073 14.1344 1.2
      vertex 23.1315 14.0556 0
      vertex 23.1315 14.0556 1.2
    endloop
  endfacet
  facet normal 0.513596 -0.858032 0
    outer loop
      vertex 21.7444 14.3315 0
      vertex 21.8286 14.3819 1.2
      vertex 21.7444 14.3315 1.2
    endloop
  endfacet
  facet normal 0.513596 -0.858032 0
    outer loop
      vertex 21.8286 14.3819 1.2
      vertex 21.7444 14.3315 0
      vertex 21.8286 14.3819 0
    endloop
  endfacet
  facet normal 0.146696 -0.989182 0
    outer loop
      vertex 22.1049 14.4808 0
      vertex 22.202 14.4952 1.2
      vertex 22.1049 14.4808 1.2
    endloop
  endfacet
  facet normal 0.146696 -0.989182 0
    outer loop
      vertex 22.202 14.4952 1.2
      vertex 22.1049 14.4808 0
      vertex 22.202 14.4952 0
    endloop
  endfacet
  facet normal -0.513596 -0.858032 0
    outer loop
      vertex 22.7714 14.3819 0
      vertex 22.8556 14.3315 1.2
      vertex 22.7714 14.3819 1.2
    endloop
  endfacet
  facet normal -0.513596 -0.858032 -0
    outer loop
      vertex 22.8556 14.3315 1.2
      vertex 22.7714 14.3819 0
      vertex 22.8556 14.3315 0
    endloop
  endfacet
  facet normal -0.671607 -0.740908 0
    outer loop
      vertex 22.9344 14.273 0
      vertex 23.0071 14.2071 1.2
      vertex 22.9344 14.273 1.2
    endloop
  endfacet
  facet normal -0.671607 -0.740908 -0
    outer loop
      vertex 23.0071 14.2071 1.2
      vertex 22.9344 14.273 0
      vertex 23.0071 14.2071 0
    endloop
  endfacet
  facet normal 0.941742 0.336336 0
    outer loop
      vertex 21.3761 13.1173 1.2
      vertex 21.3431 13.2097 0
      vertex 21.3431 13.2097 1.2
    endloop
  endfacet
  facet normal 0.941742 0.336336 0
    outer loop
      vertex 21.3431 13.2097 0
      vertex 21.3761 13.1173 1.2
      vertex 21.3761 13.1173 0
    endloop
  endfacet
  facet normal -0.998803 0.0489209 0
    outer loop
      vertex 23.2952 13.402 0
      vertex 23.3 13.5 1.2
      vertex 23.3 13.5 0
    endloop
  endfacet
  facet normal -0.998803 0.0489209 0
    outer loop
      vertex 23.3 13.5 1.2
      vertex 23.2952 13.402 0
      vertex 23.2952 13.402 1.2
    endloop
  endfacet
  facet normal 0.427955 -0.9038 0
    outer loop
      vertex 21.8286 14.3819 0
      vertex 21.9173 14.4239 1.2
      vertex 21.8286 14.3819 1.2
    endloop
  endfacet
  facet normal 0.427955 -0.9038 0
    outer loop
      vertex 21.9173 14.4239 1.2
      vertex 21.8286 14.3819 0
      vertex 21.9173 14.4239 0
    endloop
  endfacet
  facet normal -0.9038 0.427955 0
    outer loop
      vertex 23.1819 13.0286 0
      vertex 23.2239 13.1173 1.2
      vertex 23.2239 13.1173 0
    endloop
  endfacet
  facet normal -0.9038 0.427955 0
    outer loop
      vertex 23.2239 13.1173 1.2
      vertex 23.1819 13.0286 0
      vertex 23.1819 13.0286 1.2
    endloop
  endfacet
  facet normal 0.59608 0.802925 -0
    outer loop
      vertex 21.7444 12.6685 0
      vertex 21.6656 12.727 1.2
      vertex 21.7444 12.6685 1.2
    endloop
  endfacet
  facet normal 0.59608 0.802925 0
    outer loop
      vertex 21.6656 12.727 1.2
      vertex 21.7444 12.6685 0
      vertex 21.6656 12.727 0
    endloop
  endfacet
  facet normal 0.802925 -0.59608 0
    outer loop
      vertex 21.4685 14.0556 1.2
      vertex 21.527 14.1344 0
      vertex 21.527 14.1344 1.2
    endloop
  endfacet
  facet normal 0.802925 -0.59608 0
    outer loop
      vertex 21.527 14.1344 0
      vertex 21.4685 14.0556 1.2
      vertex 21.4685 14.0556 0
    endloop
  endfacet
  facet normal 0.941742 -0.336336 0
    outer loop
      vertex 21.3431 13.7903 1.2
      vertex 21.3761 13.8827 0
      vertex 21.3761 13.8827 1.2
    endloop
  endfacet
  facet normal 0.941742 -0.336336 0
    outer loop
      vertex 21.3761 13.8827 0
      vertex 21.3431 13.7903 1.2
      vertex 21.3431 13.7903 0
    endloop
  endfacet
  facet normal -0.941742 -0.336336 0
    outer loop
      vertex 23.2569 13.7903 0
      vertex 23.2239 13.8827 1.2
      vertex 23.2239 13.8827 0
    endloop
  endfacet
  facet normal -0.941742 -0.336336 0
    outer loop
      vertex 23.2239 13.8827 1.2
      vertex 23.2569 13.7903 0
      vertex 23.2569 13.7903 1.2
    endloop
  endfacet
  facet normal -0.858032 -0.513596 0
    outer loop
      vertex 23.1819 13.9714 0
      vertex 23.1315 14.0556 1.2
      vertex 23.1315 14.0556 0
    endloop
  endfacet
  facet normal -0.858032 -0.513596 0
    outer loop
      vertex 23.1315 14.0556 1.2
      vertex 23.1819 13.9714 0
      vertex 23.1819 13.9714 1.2
    endloop
  endfacet
  facet normal 0.671607 0.740908 -0
    outer loop
      vertex 21.6656 12.727 0
      vertex 21.5929 12.7929 1.2
      vertex 21.6656 12.727 1.2
    endloop
  endfacet
  facet normal 0.671607 0.740908 0
    outer loop
      vertex 21.5929 12.7929 1.2
      vertex 21.6656 12.727 0
      vertex 21.5929 12.7929 0
    endloop
  endfacet
  facet normal -0.969902 0.243494 0
    outer loop
      vertex 23.2569 13.2097 0
      vertex 23.2808 13.3049 1.2
      vertex 23.2808 13.3049 0
    endloop
  endfacet
  facet normal -0.969902 0.243494 0
    outer loop
      vertex 23.2808 13.3049 1.2
      vertex 23.2569 13.2097 0
      vertex 23.2569 13.2097 1.2
    endloop
  endfacet
  facet normal -0.989182 0.146696 0
    outer loop
      vertex 23.2808 13.3049 0
      vertex 23.2952 13.402 1.2
      vertex 23.2952 13.402 0
    endloop
  endfacet
  facet normal -0.989182 0.146696 0
    outer loop
      vertex 23.2952 13.402 1.2
      vertex 23.2808 13.3049 0
      vertex 23.2808 13.3049 1.2
    endloop
  endfacet
  facet normal 0.513596 0.858032 -0
    outer loop
      vertex 21.8286 12.6181 0
      vertex 21.7444 12.6685 1.2
      vertex 21.8286 12.6181 1.2
    endloop
  endfacet
  facet normal 0.513596 0.858032 0
    outer loop
      vertex 21.7444 12.6685 1.2
      vertex 21.8286 12.6181 0
      vertex 21.7444 12.6685 0
    endloop
  endfacet
  facet normal -0.336336 -0.941742 0
    outer loop
      vertex 22.5903 14.4569 0
      vertex 22.6827 14.4239 1.2
      vertex 22.5903 14.4569 1.2
    endloop
  endfacet
  facet normal -0.336336 -0.941742 -0
    outer loop
      vertex 22.6827 14.4239 1.2
      vertex 22.5903 14.4569 0
      vertex 22.6827 14.4239 0
    endloop
  endfacet
  facet normal 0.336336 -0.941742 0
    outer loop
      vertex 21.9173 14.4239 0
      vertex 22.0097 14.4569 1.2
      vertex 21.9173 14.4239 1.2
    endloop
  endfacet
  facet normal 0.336336 -0.941742 0
    outer loop
      vertex 22.0097 14.4569 1.2
      vertex 21.9173 14.4239 0
      vertex 22.0097 14.4569 0
    endloop
  endfacet
  facet normal -0.146696 0.989182 0
    outer loop
      vertex 22.4951 12.5192 0
      vertex 22.398 12.5048 1.2
      vertex 22.4951 12.5192 1.2
    endloop
  endfacet
  facet normal -0.146696 0.989182 0
    outer loop
      vertex 22.398 12.5048 1.2
      vertex 22.4951 12.5192 0
      vertex 22.398 12.5048 0
    endloop
  endfacet
  facet normal -0.858032 0.513596 0
    outer loop
      vertex 23.1315 12.9444 0
      vertex 23.1819 13.0286 1.2
      vertex 23.1819 13.0286 0
    endloop
  endfacet
  facet normal -0.858032 0.513596 0
    outer loop
      vertex 23.1819 13.0286 1.2
      vertex 23.1315 12.9444 0
      vertex 23.1315 12.9444 1.2
    endloop
  endfacet
  facet normal 0.0489209 -0.998803 0
    outer loop
      vertex 22.202 14.4952 0
      vertex 22.3 14.5 1.2
      vertex 22.202 14.4952 1.2
    endloop
  endfacet
  facet normal 0.0489209 -0.998803 0
    outer loop
      vertex 22.3 14.5 1.2
      vertex 22.202 14.4952 0
      vertex 22.3 14.5 0
    endloop
  endfacet
  facet normal 0.998803 0.0489209 0
    outer loop
      vertex 21.3048 13.402 1.2
      vertex 21.3 13.5 0
      vertex 21.3 13.5 1.2
    endloop
  endfacet
  facet normal 0.998803 0.0489209 0
    outer loop
      vertex 21.3 13.5 0
      vertex 21.3048 13.402 1.2
      vertex 21.3048 13.402 0
    endloop
  endfacet
  facet normal -0.941742 0.336336 0
    outer loop
      vertex 23.2239 13.1173 0
      vertex 23.2569 13.2097 1.2
      vertex 23.2569 13.2097 0
    endloop
  endfacet
  facet normal -0.941742 0.336336 0
    outer loop
      vertex 23.2569 13.2097 1.2
      vertex 23.2239 13.1173 0
      vertex 23.2239 13.1173 1.2
    endloop
  endfacet
  facet normal -0.427955 -0.9038 0
    outer loop
      vertex 22.6827 14.4239 0
      vertex 22.7714 14.3819 1.2
      vertex 22.6827 14.4239 1.2
    endloop
  endfacet
  facet normal -0.427955 -0.9038 -0
    outer loop
      vertex 22.7714 14.3819 1.2
      vertex 22.6827 14.4239 0
      vertex 22.7714 14.3819 0
    endloop
  endfacet
  facet normal -0.740908 -0.671607 0
    outer loop
      vertex 23.073 14.1344 0
      vertex 23.0071 14.2071 1.2
      vertex 23.0071 14.2071 0
    endloop
  endfacet
  facet normal -0.740908 -0.671607 0
    outer loop
      vertex 23.0071 14.2071 1.2
      vertex 23.073 14.1344 0
      vertex 23.073 14.1344 1.2
    endloop
  endfacet
  facet normal -0.0489209 -0.998803 0
    outer loop
      vertex 22.3 14.5 0
      vertex 22.398 14.4952 1.2
      vertex 22.3 14.5 1.2
    endloop
  endfacet
  facet normal -0.0489209 -0.998803 -0
    outer loop
      vertex 22.398 14.4952 1.2
      vertex 22.3 14.5 0
      vertex 22.398 14.4952 0
    endloop
  endfacet
  facet normal 0.858032 0.513596 0
    outer loop
      vertex 21.4685 12.9444 1.2
      vertex 21.4181 13.0286 0
      vertex 21.4181 13.0286 1.2
    endloop
  endfacet
  facet normal 0.858032 0.513596 0
    outer loop
      vertex 21.4181 13.0286 0
      vertex 21.4685 12.9444 1.2
      vertex 21.4685 12.9444 0
    endloop
  endfacet
  facet normal 0.146696 0.989182 -0
    outer loop
      vertex 22.202 12.5048 0
      vertex 22.1049 12.5192 1.2
      vertex 22.202 12.5048 1.2
    endloop
  endfacet
  facet normal 0.146696 0.989182 0
    outer loop
      vertex 22.1049 12.5192 1.2
      vertex 22.202 12.5048 0
      vertex 22.1049 12.5192 0
    endloop
  endfacet
  facet normal -0.671607 0.740908 0
    outer loop
      vertex 23.0071 12.7929 0
      vertex 22.9344 12.727 1.2
      vertex 23.0071 12.7929 1.2
    endloop
  endfacet
  facet normal -0.671607 0.740908 0
    outer loop
      vertex 22.9344 12.727 1.2
      vertex 23.0071 12.7929 0
      vertex 22.9344 12.727 0
    endloop
  endfacet
  facet normal 0.0489209 0.998803 -0
    outer loop
      vertex 22.3 12.5 0
      vertex 22.202 12.5048 1.2
      vertex 22.3 12.5 1.2
    endloop
  endfacet
  facet normal 0.0489209 0.998803 0
    outer loop
      vertex 22.202 12.5048 1.2
      vertex 22.3 12.5 0
      vertex 22.202 12.5048 0
    endloop
  endfacet
  facet normal 0.740908 -0.671607 0
    outer loop
      vertex 21.527 14.1344 1.2
      vertex 21.5929 14.2071 0
      vertex 21.5929 14.2071 1.2
    endloop
  endfacet
  facet normal 0.740908 -0.671607 0
    outer loop
      vertex 21.5929 14.2071 0
      vertex 21.527 14.1344 1.2
      vertex 21.527 14.1344 0
    endloop
  endfacet
  facet normal 0.9038 -0.427955 0
    outer loop
      vertex 21.3761 13.8827 1.2
      vertex 21.4181 13.9714 0
      vertex 21.4181 13.9714 1.2
    endloop
  endfacet
  facet normal 0.9038 -0.427955 0
    outer loop
      vertex 21.4181 13.9714 0
      vertex 21.3761 13.8827 1.2
      vertex 21.3761 13.8827 0
    endloop
  endfacet
  facet normal 0.969902 -0.243494 0
    outer loop
      vertex 21.3192 13.6951 1.2
      vertex 21.3431 13.7903 0
      vertex 21.3431 13.7903 1.2
    endloop
  endfacet
  facet normal 0.969902 -0.243494 0
    outer loop
      vertex 21.3431 13.7903 0
      vertex 21.3192 13.6951 1.2
      vertex 21.3192 13.6951 0
    endloop
  endfacet
  facet normal -0.243494 -0.969902 0
    outer loop
      vertex 22.4951 14.4808 0
      vertex 22.5903 14.4569 1.2
      vertex 22.4951 14.4808 1.2
    endloop
  endfacet
  facet normal -0.243494 -0.969902 -0
    outer loop
      vertex 22.5903 14.4569 1.2
      vertex 22.4951 14.4808 0
      vertex 22.5903 14.4569 0
    endloop
  endfacet
  facet normal 0.969902 0.243494 0
    outer loop
      vertex 21.3431 13.2097 1.2
      vertex 21.3192 13.3049 0
      vertex 21.3192 13.3049 1.2
    endloop
  endfacet
  facet normal 0.969902 0.243494 0
    outer loop
      vertex 21.3192 13.3049 0
      vertex 21.3431 13.2097 1.2
      vertex 21.3431 13.2097 0
    endloop
  endfacet
  facet normal 0.427955 0.9038 -0
    outer loop
      vertex 21.9173 12.5761 0
      vertex 21.8286 12.6181 1.2
      vertex 21.9173 12.5761 1.2
    endloop
  endfacet
  facet normal 0.427955 0.9038 0
    outer loop
      vertex 21.8286 12.6181 1.2
      vertex 21.9173 12.5761 0
      vertex 21.8286 12.6181 0
    endloop
  endfacet
  facet normal 0.740908 0.671607 0
    outer loop
      vertex 21.5929 12.7929 1.2
      vertex 21.527 12.8656 0
      vertex 21.527 12.8656 1.2
    endloop
  endfacet
  facet normal 0.740908 0.671607 0
    outer loop
      vertex 21.527 12.8656 0
      vertex 21.5929 12.7929 1.2
      vertex 21.5929 12.7929 0
    endloop
  endfacet
  facet normal -0.0489209 0.998803 0
    outer loop
      vertex 22.398 12.5048 0
      vertex 22.3 12.5 1.2
      vertex 22.398 12.5048 1.2
    endloop
  endfacet
  facet normal -0.0489209 0.998803 0
    outer loop
      vertex 22.3 12.5 1.2
      vertex 22.398 12.5048 0
      vertex 22.3 12.5 0
    endloop
  endfacet
  facet normal 0.989182 0.146696 0
    outer loop
      vertex 21.3192 13.3049 1.2
      vertex 21.3048 13.402 0
      vertex 21.3048 13.402 1.2
    endloop
  endfacet
  facet normal 0.989182 0.146696 0
    outer loop
      vertex 21.3048 13.402 0
      vertex 21.3192 13.3049 1.2
      vertex 21.3192 13.3049 0
    endloop
  endfacet
  facet normal -0.59608 0.802925 0
    outer loop
      vertex 22.9344 12.727 0
      vertex 22.8556 12.6685 1.2
      vertex 22.9344 12.727 1.2
    endloop
  endfacet
  facet normal -0.59608 0.802925 0
    outer loop
      vertex 22.8556 12.6685 1.2
      vertex 22.9344 12.727 0
      vertex 22.8556 12.6685 0
    endloop
  endfacet
  facet normal 0.802925 0.59608 0
    outer loop
      vertex 21.527 12.8656 1.2
      vertex 21.4685 12.9444 0
      vertex 21.4685 12.9444 1.2
    endloop
  endfacet
  facet normal 0.802925 0.59608 0
    outer loop
      vertex 21.4685 12.9444 0
      vertex 21.527 12.8656 1.2
      vertex 21.527 12.8656 0
    endloop
  endfacet
  facet normal 0.998803 -0.0489209 0
    outer loop
      vertex 21.3 13.5 1.2
      vertex 21.3048 13.598 0
      vertex 21.3048 13.598 1.2
    endloop
  endfacet
  facet normal 0.998803 -0.0489209 0
    outer loop
      vertex 21.3048 13.598 0
      vertex 21.3 13.5 1.2
      vertex 21.3 13.5 0
    endloop
  endfacet
  facet normal -0.740908 0.671607 0
    outer loop
      vertex 23.0071 12.7929 0
      vertex 23.073 12.8656 1.2
      vertex 23.073 12.8656 0
    endloop
  endfacet
  facet normal -0.740908 0.671607 0
    outer loop
      vertex 23.073 12.8656 1.2
      vertex 23.0071 12.7929 0
      vertex 23.0071 12.7929 1.2
    endloop
  endfacet
endsolid OpenSCAD_Model
