ISO-10303-21;
HEADER;
FILE_DESCRIPTION(('KiCad electronic assembly'),'2;1');
FILE_NAME('main-board.step','2026-09-25T14:12:42',('Pcbnew'),('Kicad'),
  'Open CASCADE STEP processor 7.6','KiCad to STEP converter','Unknown'
  );
FILE_SCHEMA(('AUTOMOTIVE_DESIGN { 1 0 10303 214 1 1 1 1 }'));
ENDSEC;
DATA;
#1 = APPLICATION_PROTOCOL_DEFINITION('international standard',
  'automotive_design',2000,#2);
#2 = APPLICATION_CONTEXT(
  'core data for automotive mechanical design processes');
#3 = SHAPE_DEFINITION_REPRESENTATION(#4,#10);
#4 = PRODUCT_DEFINITION_SHAPE('','',#5);
#5 = PRODUCT_DEFINITION('design','',#6,#9);
#6 = PRODUCT_DEFINITION_FORMATION('','',#7);
#7 = PRODUCT('main-board 1','main-board 1','',(#8));
#8 = PRODUCT_CONTEXT('',#2,'mechanical');
#9 = PRODUCT_DEFINITION_CONTEXT('part definition',#2,'design');
#10 = SHAPE_REPRESENTATION('',(#11,#15),#19);
#11 = AXIS2_PLACEMENT_3D('',#12,#13,#14);
#12 = CARTESIAN_POINT('',(0.,0.,0.));
#13 = DIRECTION('',(0.,0.,1.));
#14 = DIRECTION('',(1.,0.,-0.));
#15 = AXIS2_PLACEMENT_3D('',#16,#17,#18);
#16 = CARTESIAN_POINT('',(0.,0.,0.));
#17 = DIRECTION('',(0.,0.,1.));
#18 = DIRECTION('',(1.,0.,-0.));
#19 = ( GEOMETRIC_REPRESENTATION_CONTEXT(3) 
GLOBAL_UNCERTAINTY_ASSIGNED_CONTEXT((#23)) GLOBAL_UNIT_ASSIGNED_CONTEXT(
(#20,#21,#22)) REPRESENTATION_CONTEXT('Context #1',
  '3D Context with UNIT and UNCERTAINTY') );
#20 = ( LENGTH_UNIT() NAMED_UNIT(*) SI_UNIT(.MILLI.,.METRE.) );
#21 = ( NAMED_UNIT(*) PLANE_ANGLE_UNIT() SI_UNIT($,.RADIAN.) );
#22 = ( NAMED_UNIT(*) SI_UNIT($,.STERADIAN.) SOLID_ANGLE_UNIT() );
#23 = UNCERTAINTY_MEASURE_WITH_UNIT(LENGTH_MEASURE(1.E-07),#20,
  'distance_accuracy_value','confusion accuracy');
#24 = PRODUCT_RELATED_PRODUCT_CATEGORY('part',$,(#7));
#25 = SHAPE_DEFINITION_REPRESENTATION(#26,#32);
#26 = PRODUCT_DEFINITION_SHAPE('','',#27);
#27 = PRODUCT_DEFINITION('design','',#28,#31);
#28 = PRODUCT_DEFINITION_FORMATION('','',#29);
#29 = PRODUCT('main-board PCB','main-board PCB','',(#30));
#30 = PRODUCT_CONTEXT('',#2,'mechanical');
#31 = PRODUCT_DEFINITION_CONTEXT('part definition',#2,'design');
#32 = ADVANCED_BREP_SHAPE_REPRESENTATION('',(#11,#33),#18911);
#33 = MANIFOLD_SOLID_BREP('',#34);
#34 = CLOSED_SHELL('',(#35,#155,#231,#307,#7120,#12613,#12640,#12667,
    #12694,#12721,#12748,#12775,#12802,#12829,#12856,#12883,#12910,
    #12937,#12964,#12991,#13018,#13045,#13072,#13099,#13126,#13153,
    #13180,#13207,#13234,#13261,#13288,#13315,#13342,#13369,#13396,
    #13423,#13450,#13477,#13504,#13531,#13558,#13585,#13612,#13639,
    #13666,#13693,#13720,#13747,#13774,#13801,#13828,#13855,#13882,
    #13909,#13936,#13963,#13990,#14017,#14044,#14071,#14098,#14125,
    #14152,#14179,#14206,#14233,#14260,#14287,#14314,#14341,#14368,
    #14395,#14422,#14449,#14476,#14503,#14530,#14557,#14584,#14611,
    #14638,#14665,#14692,#14719,#14746,#14773,#14800,#14827,#14854,
    #14881,#14908,#14935,#14962,#14989,#15016,#15043,#15070,#15097,
    #15124,#15151,#15178,#15205,#15232,#15259,#15286,#15313,#15340,
    #15367,#15394,#15421,#15448,#15475,#15502,#15529,#15556,#15583,
    #15610,#15637,#15664,#15691,#15718,#15745,#15752,#15779,#15806,
    #15833,#15860,#15887,#15914,#15941,#15968,#15995,#16022,#16049,
    #16076,#16103,#16130,#16157,#16184,#16211,#16238,#16265,#16292,
    #16319,#16346,#16393,#16420,#16447,#16474,#16501,#16528,#16555,
    #16582,#16609,#16636,#16663,#16690,#16717,#16744,#16771,#16798,
    #16825,#16852,#16879,#16886,#16913,#16960,#16987,#17014,#17041,
    #17068,#17095,#17122,#17149,#17176,#17203,#17230,#17257,#17284,
    #17311,#17338,#17365,#17392,#17419,#17446,#17453,#17480,#17527,
    #17554,#17581,#17608,#17635,#17662,#17689,#17716,#17743,#17770,
    #17797,#17824,#17851,#17878,#17905,#17932,#17959,#17986,#18013,
    #18020,#18067,#18094,#18121,#18148,#18175,#18202,#18229,#18256,
    #18283,#18310,#18337,#18364,#18391,#18418,#18445,#18472,#18499,
    #18526,#18553,#18560,#18587,#18614,#18641,#18668,#18695,#18722,
    #18749,#18776,#18803,#18830,#18857,#18884));
#35 = ADVANCED_FACE('',(#36),#50,.T.);
#36 = FACE_BOUND('',#37,.T.);
#37 = EDGE_LOOP('',(#38,#73,#101,#129));
#38 = ORIENTED_EDGE('',*,*,#39,.T.);
#39 = EDGE_CURVE('',#40,#42,#44,.T.);
#40 = VERTEX_POINT('',#41);
#41 = CARTESIAN_POINT('',(146.757945,-80.020532,0.));
#42 = VERTEX_POINT('',#43);
#43 = CARTESIAN_POINT('',(146.757945,-80.020532,1.6));
#44 = SURFACE_CURVE('',#45,(#49,#61),.PCURVE_S1.);
#45 = LINE('',#46,#47);
#46 = CARTESIAN_POINT('',(146.757945,-80.020532,0.));
#47 = VECTOR('',#48,1.);
#48 = DIRECTION('',(0.,0.,1.));
#49 = PCURVE('',#50,#55);
#50 = PLANE('',#51);
#51 = AXIS2_PLACEMENT_3D('',#52,#53,#54);
#52 = CARTESIAN_POINT('',(146.757945,-80.020532,0.));
#53 = DIRECTION('',(8.11595771911E-02,0.996701120211,-0.));
#54 = DIRECTION('',(0.996701120211,-8.11595771911E-02,0.));
#55 = DEFINITIONAL_REPRESENTATION('',(#56),#60);
#56 = LINE('',#57,#58);
#57 = CARTESIAN_POINT('',(0.,0.));
#58 = VECTOR('',#59,1.);
#59 = DIRECTION('',(0.,-1.));
#60 = ( GEOMETRIC_REPRESENTATION_CONTEXT(2) 
PARAMETRIC_REPRESENTATION_CONTEXT() REPRESENTATION_CONTEXT('2D SPACE',''
  ) );
#61 = PCURVE('',#62,#67);
#62 = PLANE('',#63);
#63 = AXIS2_PLACEMENT_3D('',#64,#65,#66);
#64 = CARTESIAN_POINT('',(146.,-80.,0.));
#65 = DIRECTION('',(2.707910308711E-02,0.999633293851,-0.));
#66 = DIRECTION('',(0.999633293851,-2.707910308711E-02,0.));
#67 = DEFINITIONAL_REPRESENTATION('',(#68),#72);
#68 = LINE('',#69,#70);
#69 = CARTESIAN_POINT('',(0.758223045053,0.));
#70 = VECTOR('',#71,1.);
#71 = DIRECTION('',(0.,-1.));
#72 = ( GEOMETRIC_REPRESENTATION_CONTEXT(2) 
PARAMETRIC_REPRESENTATION_CONTEXT() REPRESENTATION_CONTEXT('2D SPACE',''
  ) );
#73 = ORIENTED_EDGE('',*,*,#74,.T.);
#74 = EDGE_CURVE('',#42,#75,#77,.T.);
#75 = VERTEX_POINT('',#76);
#76 = CARTESIAN_POINT('',(147.513666,-80.082069,1.6));
#77 = SURFACE_CURVE('',#78,(#82,#89),.PCURVE_S1.);
#78 = LINE('',#79,#80);
#79 = CARTESIAN_POINT('',(146.757945,-80.020532,1.6));
#80 = VECTOR('',#81,1.);
#81 = DIRECTION('',(0.996701120211,-8.11595771911E-02,0.));
#82 = PCURVE('',#50,#83);
#83 = DEFINITIONAL_REPRESENTATION('',(#84),#88);
#84 = LINE('',#85,#86);
#85 = CARTESIAN_POINT('',(0.,-1.6));
#86 = VECTOR('',#87,1.);
#87 = DIRECTION('',(1.,0.));
#88 = ( GEOMETRIC_REPRESENTATION_CONTEXT(2) 
PARAMETRIC_REPRESENTATION_CONTEXT() REPRESENTATION_CONTEXT('2D SPACE',''
  ) );
#89 = PCURVE('',#90,#95);
#90 = PLANE('',#91);
#91 = AXIS2_PLACEMENT_3D('',#92,#93,#94);
#92 = CARTESIAN_POINT('',(130.,-105.,1.6));
#93 = DIRECTION('',(-0.,-0.,-1.));
#94 = DIRECTION('',(-1.,0.,0.));
#95 = DEFINITIONAL_REPRESENTATION('',(#96),#100);
#96 = LINE('',#97,#98);
#97 = CARTESIAN_POINT('',(-16.757945,24.979468));
#98 = VECTOR('',#99,1.);
#99 = DIRECTION('',(-0.996701120211,-8.11595771911E-02));
#100 = ( GEOMETRIC_REPRESENTATION_CONTEXT(2) 
PARAMETRIC_REPRESENTATION_CONTEXT() REPRESENTATION_CONTEXT('2D SPACE',''
  ) );
#101 = ORIENTED_EDGE('',*,*,#102,.F.);
#102 = EDGE_CURVE('',#103,#75,#105,.T.);
#103 = VERTEX_POINT('',#104);
#104 = CARTESIAN_POINT('',(147.513666,-80.082069,0.));
#105 = SURFACE_CURVE('',#106,(#110,#117),.PCURVE_S1.);
#106 = LINE('',#107,#108);
#107 = CARTESIAN_POINT('',(147.513666,-80.082069,0.));
#108 = VECTOR('',#109,1.);
#109 = DIRECTION('',(0.,0.,1.));
#110 = PCURVE('',#50,#111);
#111 = DEFINITIONAL_REPRESENTATION('',(#112),#116);
#112 = LINE('',#113,#114);
#113 = CARTESIAN_POINT('',(0.758222284169,0.));
#114 = VECTOR('',#115,1.);
#115 = DIRECTION('',(0.,-1.));
#116 = ( GEOMETRIC_REPRESENTATION_CONTEXT(2) 
PARAMETRIC_REPRESENTATION_CONTEXT() REPRESENTATION_CONTEXT('2D SPACE',''
  ) );
#117 = PCURVE('',#118,#123);
#118 = PLANE('',#119);
#119 = AXIS2_PLACEMENT_3D('',#120,#121,#122);
#120 = CARTESIAN_POINT('',(147.513666,-80.082069,0.));
#121 = DIRECTION('',(0.134999850318,0.99084561886,-0.));
#122 = DIRECTION('',(0.99084561886,-0.134999850318,0.));
#123 = DEFINITIONAL_REPRESENTATION('',(#124),#128);
#124 = LINE('',#125,#126);
#125 = CARTESIAN_POINT('',(0.,0.));
#126 = VECTOR('',#127,1.);
#127 = DIRECTION('',(0.,-1.));
#128 = ( GEOMETRIC_REPRESENTATION_CONTEXT(2) 
PARAMETRIC_REPRESENTATION_CONTEXT() REPRESENTATION_CONTEXT('2D SPACE',''
  ) );
#129 = ORIENTED_EDGE('',*,*,#130,.F.);
#130 = EDGE_CURVE('',#40,#103,#131,.T.);
#131 = SURFACE_CURVE('',#132,(#136,#143),.PCURVE_S1.);
#132 = LINE('',#133,#134);
#133 = CARTESIAN_POINT('',(146.757945,-80.020532,0.));
#134 = VECTOR('',#135,1.);
#135 = DIRECTION('',(0.996701120211,-8.11595771911E-02,0.));
#136 = PCURVE('',#50,#137);
#137 = DEFINITIONAL_REPRESENTATION('',(#138),#142);
#138 = LINE('',#139,#140);
#139 = CARTESIAN_POINT('',(0.,0.));
#140 = VECTOR('',#141,1.);
#141 = DIRECTION('',(1.,0.));
#142 = ( GEOMETRIC_REPRESENTATION_CONTEXT(2) 
PARAMETRIC_REPRESENTATION_CONTEXT() REPRESENTATION_CONTEXT('2D SPACE',''
  ) );
#143 = PCURVE('',#144,#149);
#144 = PLANE('',#145);
#145 = AXIS2_PLACEMENT_3D('',#146,#147,#148);
#146 = CARTESIAN_POINT('',(130.,-105.,0.));
#147 = DIRECTION('',(-0.,-0.,-1.));
#148 = DIRECTION('',(-1.,0.,0.));
#149 = DEFINITIONAL_REPRESENTATION('',(#150),#154);
#150 = LINE('',#151,#152);
#151 = CARTESIAN_POINT('',(-16.757945,24.979468));
#152 = VECTOR('',#153,1.);
#153 = DIRECTION('',(-0.996701120211,-8.11595771911E-02));
#154 = ( GEOMETRIC_REPRESENTATION_CONTEXT(2) 
PARAMETRIC_REPRESENTATION_CONTEXT() REPRESENTATION_CONTEXT('2D SPACE',''
  ) );
#155 = ADVANCED_FACE('',(#156),#62,.T.);
#156 = FACE_BOUND('',#157,.T.);
#157 = EDGE_LOOP('',(#158,#188,#209,#210));
#158 = ORIENTED_EDGE('',*,*,#159,.T.);
#159 = EDGE_CURVE('',#160,#162,#164,.T.);
#160 = VERTEX_POINT('',#161);
#161 = CARTESIAN_POINT('',(146.,-80.,0.));
#162 = VERTEX_POINT('',#163);
#163 = CARTESIAN_POINT('',(146.,-80.,1.6));
#164 = SURFACE_CURVE('',#165,(#169,#176),.PCURVE_S1.);
#165 = LINE('',#166,#167);
#166 = CARTESIAN_POINT('',(146.,-80.,0.));
#167 = VECTOR('',#168,1.);
#168 = DIRECTION('',(0.,0.,1.));
#169 = PCURVE('',#62,#170);
#170 = DEFINITIONAL_REPRESENTATION('',(#171),#175);
#171 = LINE('',#172,#173);
#172 = CARTESIAN_POINT('',(0.,0.));
#173 = VECTOR('',#174,1.);
#174 = DIRECTION('',(0.,-1.));
#175 = ( GEOMETRIC_REPRESENTATION_CONTEXT(2) 
PARAMETRIC_REPRESENTATION_CONTEXT() REPRESENTATION_CONTEXT('2D SPACE',''
  ) );
#176 = PCURVE('',#177,#182);
#177 = PLANE('',#178);
#178 = AXIS2_PLACEMENT_3D('',#179,#180,#181);
#179 = CARTESIAN_POINT('',(114.,-80.,0.));
#180 = DIRECTION('',(0.,1.,0.));
#181 = DIRECTION('',(1.,0.,0.));
#182 = DEFINITIONAL_REPRESENTATION('',(#183),#187);
#183 = LINE('',#184,#185);
#184 = CARTESIAN_POINT('',(32.,0.));
#185 = VECTOR('',#186,1.);
#186 = DIRECTION('',(0.,-1.));
#187 = ( GEOMETRIC_REPRESENTATION_CONTEXT(2) 
PARAMETRIC_REPRESENTATION_CONTEXT() REPRESENTATION_CONTEXT('2D SPACE',''
  ) );
#188 = ORIENTED_EDGE('',*,*,#189,.T.);
#189 = EDGE_CURVE('',#162,#42,#190,.T.);
#190 = SURFACE_CURVE('',#191,(#195,#202),.PCURVE_S1.);
#191 = LINE('',#192,#193);
#192 = CARTESIAN_POINT('',(146.,-80.,1.6));
#193 = VECTOR('',#194,1.);
#194 = DIRECTION('',(0.999633293851,-2.707910308711E-02,0.));
#195 = PCURVE('',#62,#196);
#196 = DEFINITIONAL_REPRESENTATION('',(#197),#201);
#197 = LINE('',#198,#199);
#198 = CARTESIAN_POINT('',(0.,-1.6));
#199 = VECTOR('',#200,1.);
#200 = DIRECTION('',(1.,0.));
#201 = ( GEOMETRIC_REPRESENTATION_CONTEXT(2) 
PARAMETRIC_REPRESENTATION_CONTEXT() REPRESENTATION_CONTEXT('2D SPACE',''
  ) );
#202 = PCURVE('',#90,#203);
#203 = DEFINITIONAL_REPRESENTATION('',(#204),#208);
#204 = LINE('',#205,#206);
#205 = CARTESIAN_POINT('',(-16.,25.));
#206 = VECTOR('',#207,1.);
#207 = DIRECTION('',(-0.999633293851,-2.707910308711E-02));
#208 = ( GEOMETRIC_REPRESENTATION_CONTEXT(2) 
PARAMETRIC_REPRESENTATION_CONTEXT() REPRESENTATION_CONTEXT('2D SPACE',''
  ) );
#209 = ORIENTED_EDGE('',*,*,#39,.F.);
#210 = ORIENTED_EDGE('',*,*,#211,.F.);
#211 = EDGE_CURVE('',#160,#40,#212,.T.);
#212 = SURFACE_CURVE('',#213,(#217,#224),.PCURVE_S1.);
#213 = LINE('',#214,#215);
#214 = CARTESIAN_POINT('',(146.,-80.,0.));
#215 = VECTOR('',#216,1.);
#216 = DIRECTION('',(0.999633293851,-2.707910308711E-02,0.));
#217 = PCURVE('',#62,#218);
#218 = DEFINITIONAL_REPRESENTATION('',(#219),#223);
#219 = LINE('',#220,#221);
#220 = CARTESIAN_POINT('',(0.,0.));
#221 = VECTOR('',#222,1.);
#222 = DIRECTION('',(1.,0.));
#223 = ( GEOMETRIC_REPRESENTATION_CONTEXT(2) 
PARAMETRIC_REPRESENTATION_CONTEXT() REPRESENTATION_CONTEXT('2D SPACE',''
  ) );
#224 = PCURVE('',#144,#225);
#225 = DEFINITIONAL_REPRESENTATION('',(#226),#230);
#226 = LINE('',#227,#228);
#227 = CARTESIAN_POINT('',(-16.,25.));
#228 = VECTOR('',#229,1.);
#229 = DIRECTION('',(-0.999633293851,-2.707910308711E-02));
#230 = ( GEOMETRIC_REPRESENTATION_CONTEXT(2) 
PARAMETRIC_REPRESENTATION_CONTEXT() REPRESENTATION_CONTEXT('2D SPACE',''
  ) );
#231 = ADVANCED_FACE('',(#232),#118,.T.);
#232 = FACE_BOUND('',#233,.T.);
#233 = EDGE_LOOP('',(#234,#235,#258,#286));
#234 = ORIENTED_EDGE('',*,*,#102,.T.);
#235 = ORIENTED_EDGE('',*,*,#236,.T.);
#236 = EDGE_CURVE('',#75,#237,#239,.T.);
#237 = VERTEX_POINT('',#238);
#238 = CARTESIAN_POINT('',(148.264948,-80.184429,1.6));
#239 = SURFACE_CURVE('',#240,(#244,#251),.PCURVE_S1.);
#240 = LINE('',#241,#242);
#241 = CARTESIAN_POINT('',(147.513666,-80.082069,1.6));
#242 = VECTOR('',#243,1.);
#243 = DIRECTION('',(0.99084561886,-0.134999850318,0.));
#244 = PCURVE('',#118,#245);
#245 = DEFINITIONAL_REPRESENTATION('',(#246),#250);
#246 = LINE('',#247,#248);
#247 = CARTESIAN_POINT('',(0.,-1.6));
#248 = VECTOR('',#249,1.);
#249 = DIRECTION('',(1.,0.));
#250 = ( GEOMETRIC_REPRESENTATION_CONTEXT(2) 
PARAMETRIC_REPRESENTATION_CONTEXT() REPRESENTATION_CONTEXT('2D SPACE',''
  ) );
#251 = PCURVE('',#90,#252);
#252 = DEFINITIONAL_REPRESENTATION('',(#253),#257);
#253 = LINE('',#254,#255);
#254 = CARTESIAN_POINT('',(-17.513666,24.917931));
#255 = VECTOR('',#256,1.);
#256 = DIRECTION('',(-0.99084561886,-0.134999850318));
#257 = ( GEOMETRIC_REPRESENTATION_CONTEXT(2) 
PARAMETRIC_REPRESENTATION_CONTEXT() REPRESENTATION_CONTEXT('2D SPACE',''
  ) );
#258 = ORIENTED_EDGE('',*,*,#259,.F.);
#259 = EDGE_CURVE('',#260,#237,#262,.T.);
#260 = VERTEX_POINT('',#261);
#261 = CARTESIAN_POINT('',(148.264948,-80.184429,0.));
#262 = SURFACE_CURVE('',#263,(#267,#274),.PCURVE_S1.);
#263 = LINE('',#264,#265);
#264 = CARTESIAN_POINT('',(148.264948,-80.184429,0.));
#265 = VECTOR('',#266,1.);
#266 = DIRECTION('',(0.,0.,1.));
#267 = PCURVE('',#118,#268);
#268 = DEFINITIONAL_REPRESENTATION('',(#269),#273);
#269 = LINE('',#270,#271);
#270 = CARTESIAN_POINT('',(0.758223062907,0.));
#271 = VECTOR('',#272,1.);
#272 = DIRECTION('',(0.,-1.));
#273 = ( GEOMETRIC_REPRESENTATION_CONTEXT(2) 
PARAMETRIC_REPRESENTATION_CONTEXT() REPRESENTATION_CONTEXT('2D SPACE',''
  ) );
#274 = PCURVE('',#275,#280);
#275 = PLANE('',#276);
#276 = AXIS2_PLACEMENT_3D('',#277,#278,#279);
#277 = CARTESIAN_POINT('',(148.264948,-80.184429,0.));
#278 = DIRECTION('',(0.188444694077,0.98208380359,-0.));
#279 = DIRECTION('',(0.98208380359,-0.188444694077,0.));
#280 = DEFINITIONAL_REPRESENTATION('',(#281),#285);
#281 = LINE('',#282,#283);
#282 = CARTESIAN_POINT('',(0.,0.));
#283 = VECTOR('',#284,1.);
#284 = DIRECTION('',(0.,-1.));
#285 = ( GEOMETRIC_REPRESENTATION_CONTEXT(2) 
PARAMETRIC_REPRESENTATION_CONTEXT() REPRESENTATION_CONTEXT('2D SPACE',''
  ) );
#286 = ORIENTED_EDGE('',*,*,#287,.F.);
#287 = EDGE_CURVE('',#103,#260,#288,.T.);
#288 = SURFACE_CURVE('',#289,(#293,#300),.PCURVE_S1.);
#289 = LINE('',#290,#291);
#290 = CARTESIAN_POINT('',(147.513666,-80.082069,0.));
#291 = VECTOR('',#292,1.);
#292 = DIRECTION('',(0.99084561886,-0.134999850318,0.));
#293 = PCURVE('',#118,#294);
#294 = DEFINITIONAL_REPRESENTATION('',(#295),#299);
#295 = LINE('',#296,#297);
#296 = CARTESIAN_POINT('',(0.,0.));
#297 = VECTOR('',#298,1.);
#298 = DIRECTION('',(1.,0.));
#299 = ( GEOMETRIC_REPRESENTATION_CONTEXT(2) 
PARAMETRIC_REPRESENTATION_CONTEXT() REPRESENTATION_CONTEXT('2D SPACE',''
  ) );
#300 = PCURVE('',#144,#301);
#301 = DEFINITIONAL_REPRESENTATION('',(#302),#306);
#302 = LINE('',#303,#304);
#303 = CARTESIAN_POINT('',(-17.513666,24.917931));
#304 = VECTOR('',#305,1.);
#305 = DIRECTION('',(-0.99084561886,-0.134999850318));
#306 = ( GEOMETRIC_REPRESENTATION_CONTEXT(2) 
PARAMETRIC_REPRESENTATION_CONTEXT() REPRESENTATION_CONTEXT('2D SPACE',''
  ) );
#307 = ADVANCED_FACE('',(#308,#3577,#3612,#3647,#3682,#3717,#3752,#3787,
    #3822,#3857,#3892,#3927,#3962,#3997,#4032,#4067,#4102,#4137,#4172,
    #4207,#4242,#4277,#4312,#4347,#4909,#4944,#5506,#5541,#6103,#6665,
    #6700,#6735,#6770,#6805,#6840,#6875,#6910,#6945,#6980,#7015,#7050,
    #7085),#144,.T.);
#308 = FACE_BOUND('',#309,.T.);
#309 = EDGE_LOOP('',(#310,#311,#312,#335,#363,#391,#419,#447,#475,#503,
    #531,#559,#587,#615,#643,#671,#699,#727,#755,#783,#811,#839,#867,
    #895,#923,#951,#979,#1007,#1035,#1063,#1091,#1119,#1147,#1175,#1203,
    #1231,#1259,#1287,#1315,#1343,#1371,#1399,#1427,#1455,#1483,#1511,
    #1539,#1567,#1595,#1623,#1651,#1679,#1707,#1735,#1763,#1791,#1819,
    #1847,#1875,#1903,#1931,#1959,#1987,#2015,#2043,#2071,#2099,#2127,
    #2155,#2183,#2211,#2239,#2267,#2295,#2323,#2351,#2379,#2407,#2435,
    #2463,#2491,#2519,#2547,#2575,#2603,#2631,#2659,#2687,#2715,#2743,
    #2771,#2799,#2827,#2855,#2883,#2911,#2939,#2967,#2995,#3023,#3051,
    #3079,#3107,#3135,#3163,#3191,#3219,#3247,#3275,#3303,#3331,#3359,
    #3387,#3415,#3443,#3471,#3499,#3527,#3555,#3576));
#310 = ORIENTED_EDGE('',*,*,#130,.T.);
#311 = ORIENTED_EDGE('',*,*,#287,.T.);
#312 = ORIENTED_EDGE('',*,*,#313,.T.);
#313 = EDGE_CURVE('',#260,#314,#316,.T.);
#314 = VERTEX_POINT('',#315);
#315 = CARTESIAN_POINT('',(149.009586,-80.327312,0.));
#316 = SURFACE_CURVE('',#317,(#321,#328),.PCURVE_S1.);
#317 = LINE('',#318,#319);
#318 = CARTESIAN_POINT('',(148.264948,-80.184429,0.));
#319 = VECTOR('',#320,1.);
#320 = DIRECTION('',(0.98208380359,-0.188444694077,0.));
#321 = PCURVE('',#144,#322);
#322 = DEFINITIONAL_REPRESENTATION('',(#323),#327);
#323 = LINE('',#324,#325);
#324 = CARTESIAN_POINT('',(-18.264948,24.815571));
#325 = VECTOR('',#326,1.);
#326 = DIRECTION('',(-0.98208380359,-0.188444694077));
#327 = ( GEOMETRIC_REPRESENTATION_CONTEXT(2) 
PARAMETRIC_REPRESENTATION_CONTEXT() REPRESENTATION_CONTEXT('2D SPACE',''
  ) );
#328 = PCURVE('',#275,#329);
#329 = DEFINITIONAL_REPRESENTATION('',(#330),#334);
#330 = LINE('',#331,#332);
#331 = CARTESIAN_POINT('',(0.,0.));
#332 = VECTOR('',#333,1.);
#333 = DIRECTION('',(1.,0.));
#334 = ( GEOMETRIC_REPRESENTATION_CONTEXT(2) 
PARAMETRIC_REPRESENTATION_CONTEXT() REPRESENTATION_CONTEXT('2D SPACE',''
  ) );
#335 = ORIENTED_EDGE('',*,*,#336,.T.);
#336 = EDGE_CURVE('',#314,#337,#339,.T.);
#337 = VERTEX_POINT('',#338);
#338 = CARTESIAN_POINT('',(149.745397,-80.5103,0.));
#339 = SURFACE_CURVE('',#340,(#344,#351),.PCURVE_S1.);
#340 = LINE('',#341,#342);
#341 = CARTESIAN_POINT('',(149.009586,-80.327312,0.));
#342 = VECTOR('',#343,1.);
#343 = DIRECTION('',(0.970441145165,-0.241337903716,0.));
#344 = PCURVE('',#144,#345);
#345 = DEFINITIONAL_REPRESENTATION('',(#346),#350);
#346 = LINE('',#347,#348);
#347 = CARTESIAN_POINT('',(-19.009586,24.672688));
#348 = VECTOR('',#349,1.);
#349 = DIRECTION('',(-0.970441145165,-0.241337903716));
#350 = ( GEOMETRIC_REPRESENTATION_CONTEXT(2) 
PARAMETRIC_REPRESENTATION_CONTEXT() REPRESENTATION_CONTEXT('2D SPACE',''
  ) );
#351 = PCURVE('',#352,#357);
#352 = PLANE('',#353);
#353 = AXIS2_PLACEMENT_3D('',#354,#355,#356);
#354 = CARTESIAN_POINT('',(149.009586,-80.327312,0.));
#355 = DIRECTION('',(0.241337903716,0.970441145165,-0.));
#356 = DIRECTION('',(0.970441145165,-0.241337903716,0.));
#357 = DEFINITIONAL_REPRESENTATION('',(#358),#362);
#358 = LINE('',#359,#360);
#359 = CARTESIAN_POINT('',(0.,0.));
#360 = VECTOR('',#361,1.);
#361 = DIRECTION('',(1.,0.));
#362 = ( GEOMETRIC_REPRESENTATION_CONTEXT(2) 
PARAMETRIC_REPRESENTATION_CONTEXT() REPRESENTATION_CONTEXT('2D SPACE',''
  ) );
#363 = ORIENTED_EDGE('',*,*,#364,.T.);
#364 = EDGE_CURVE('',#337,#365,#367,.T.);
#365 = VERTEX_POINT('',#366);
#366 = CARTESIAN_POINT('',(150.470221,-80.732856,0.));
#367 = SURFACE_CURVE('',#368,(#372,#379),.PCURVE_S1.);
#368 = LINE('',#369,#370);
#369 = CARTESIAN_POINT('',(149.745397,-80.5103,0.));
#370 = VECTOR('',#371,1.);
#371 = DIRECTION('',(0.955951879609,-0.293523429851,0.));
#372 = PCURVE('',#144,#373);
#373 = DEFINITIONAL_REPRESENTATION('',(#374),#378);
#374 = LINE('',#375,#376);
#375 = CARTESIAN_POINT('',(-19.745397,24.4897));
#376 = VECTOR('',#377,1.);
#377 = DIRECTION('',(-0.955951879609,-0.293523429851));
#378 = ( GEOMETRIC_REPRESENTATION_CONTEXT(2) 
PARAMETRIC_REPRESENTATION_CONTEXT() REPRESENTATION_CONTEXT('2D SPACE',''
  ) );
#379 = PCURVE('',#380,#385);
#380 = PLANE('',#381);
#381 = AXIS2_PLACEMENT_3D('',#382,#383,#384);
#382 = CARTESIAN_POINT('',(149.745397,-80.5103,0.));
#383 = DIRECTION('',(0.293523429851,0.955951879609,-0.));
#384 = DIRECTION('',(0.955951879609,-0.293523429851,0.));
#385 = DEFINITIONAL_REPRESENTATION('',(#386),#390);
#386 = LINE('',#387,#388);
#387 = CARTESIAN_POINT('',(0.,0.));
#388 = VECTOR('',#389,1.);
#389 = DIRECTION('',(1.,0.));
#390 = ( GEOMETRIC_REPRESENTATION_CONTEXT(2) 
PARAMETRIC_REPRESENTATION_CONTEXT() REPRESENTATION_CONTEXT('2D SPACE',''
  ) );
#391 = ORIENTED_EDGE('',*,*,#392,.T.);
#392 = EDGE_CURVE('',#365,#393,#395,.T.);
#393 = VERTEX_POINT('',#394);
#394 = CARTESIAN_POINT('',(151.181934,-80.994326,0.));
#395 = SURFACE_CURVE('',#396,(#400,#407),.PCURVE_S1.);
#396 = LINE('',#397,#398);
#397 = CARTESIAN_POINT('',(150.470221,-80.732856,0.));
#398 = VECTOR('',#399,1.);
#399 = DIRECTION('',(0.938659339746,-0.344845826286,0.));
#400 = PCURVE('',#144,#401);
#401 = DEFINITIONAL_REPRESENTATION('',(#402),#406);
#402 = LINE('',#403,#404);
#403 = CARTESIAN_POINT('',(-20.470221,24.267144));
#404 = VECTOR('',#405,1.);
#405 = DIRECTION('',(-0.938659339746,-0.344845826286));
#406 = ( GEOMETRIC_REPRESENTATION_CONTEXT(2) 
PARAMETRIC_REPRESENTATION_CONTEXT() REPRESENTATION_CONTEXT('2D SPACE',''
  ) );
#407 = PCURVE('',#408,#413);
#408 = PLANE('',#409);
#409 = AXIS2_PLACEMENT_3D('',#410,#411,#412);
#410 = CARTESIAN_POINT('',(150.470221,-80.732856,0.));
#411 = DIRECTION('',(0.344845826286,0.938659339746,-0.));
#412 = DIRECTION('',(0.938659339746,-0.344845826286,0.));
#413 = DEFINITIONAL_REPRESENTATION('',(#414),#418);
#414 = LINE('',#415,#416);
#415 = CARTESIAN_POINT('',(0.,0.));
#416 = VECTOR('',#417,1.);
#417 = DIRECTION('',(1.,0.));
#418 = ( GEOMETRIC_REPRESENTATION_CONTEXT(2) 
PARAMETRIC_REPRESENTATION_CONTEXT() REPRESENTATION_CONTEXT('2D SPACE',''
  ) );
#419 = ORIENTED_EDGE('',*,*,#420,.T.);
#420 = EDGE_CURVE('',#393,#421,#423,.T.);
#421 = VERTEX_POINT('',#422);
#422 = CARTESIAN_POINT('',(151.878447,-81.293944,0.));
#423 = SURFACE_CURVE('',#424,(#428,#435),.PCURVE_S1.);
#424 = LINE('',#425,#426);
#425 = CARTESIAN_POINT('',(151.181934,-80.994326,0.));
#426 = VECTOR('',#427,1.);
#427 = DIRECTION('',(0.918612983605,-0.395158431963,0.));
#428 = PCURVE('',#144,#429);
#429 = DEFINITIONAL_REPRESENTATION('',(#430),#434);
#430 = LINE('',#431,#432);
#431 = CARTESIAN_POINT('',(-21.181934,24.005674));
#432 = VECTOR('',#433,1.);
#433 = DIRECTION('',(-0.918612983605,-0.395158431963));
#434 = ( GEOMETRIC_REPRESENTATION_CONTEXT(2) 
PARAMETRIC_REPRESENTATION_CONTEXT() REPRESENTATION_CONTEXT('2D SPACE',''
  ) );
#435 = PCURVE('',#436,#441);
#436 = PLANE('',#437);
#437 = AXIS2_PLACEMENT_3D('',#438,#439,#440);
#438 = CARTESIAN_POINT('',(151.181934,-80.994326,0.));
#439 = DIRECTION('',(0.395158431963,0.918612983605,-0.));
#440 = DIRECTION('',(0.918612983605,-0.395158431963,0.));
#441 = DEFINITIONAL_REPRESENTATION('',(#442),#446);
#442 = LINE('',#443,#444);
#443 = CARTESIAN_POINT('',(0.,0.));
#444 = VECTOR('',#445,1.);
#445 = DIRECTION('',(1.,0.));
#446 = ( GEOMETRIC_REPRESENTATION_CONTEXT(2) 
PARAMETRIC_REPRESENTATION_CONTEXT() REPRESENTATION_CONTEXT('2D SPACE',''
  ) );
#447 = ORIENTED_EDGE('',*,*,#448,.T.);
#448 = EDGE_CURVE('',#421,#449,#451,.T.);
#449 = VERTEX_POINT('',#450);
#450 = CARTESIAN_POINT('',(152.557718,-81.630831,0.));
#451 = SURFACE_CURVE('',#452,(#456,#463),.PCURVE_S1.);
#452 = LINE('',#453,#454);
#453 = CARTESIAN_POINT('',(151.878447,-81.293944,0.));
#454 = VECTOR('',#455,1.);
#455 = DIRECTION('',(0.895872459279,-0.444311306075,0.));
#456 = PCURVE('',#144,#457);
#457 = DEFINITIONAL_REPRESENTATION('',(#458),#462);
#458 = LINE('',#459,#460);
#459 = CARTESIAN_POINT('',(-21.878447,23.706056));
#460 = VECTOR('',#461,1.);
#461 = DIRECTION('',(-0.895872459279,-0.444311306075));
#462 = ( GEOMETRIC_REPRESENTATION_CONTEXT(2) 
PARAMETRIC_REPRESENTATION_CONTEXT() REPRESENTATION_CONTEXT('2D SPACE',''
  ) );
#463 = PCURVE('',#464,#469);
#464 = PLANE('',#465);
#465 = AXIS2_PLACEMENT_3D('',#466,#467,#468);
#466 = CARTESIAN_POINT('',(151.878447,-81.293944,0.));
#467 = DIRECTION('',(0.444311306075,0.895872459279,-0.));
#468 = DIRECTION('',(0.895872459279,-0.444311306075,0.));
#469 = DEFINITIONAL_REPRESENTATION('',(#470),#474);
#470 = LINE('',#471,#472);
#471 = CARTESIAN_POINT('',(0.,0.));
#472 = VECTOR('',#473,1.);
#473 = DIRECTION('',(1.,0.));
#474 = ( GEOMETRIC_REPRESENTATION_CONTEXT(2) 
PARAMETRIC_REPRESENTATION_CONTEXT() REPRESENTATION_CONTEXT('2D SPACE',''
  ) );
#475 = ORIENTED_EDGE('',*,*,#476,.T.);
#476 = EDGE_CURVE('',#449,#477,#479,.T.);
#477 = VERTEX_POINT('',#478);
#478 = CARTESIAN_POINT('',(153.217754,-82.004,0.));
#479 = SURFACE_CURVE('',#480,(#484,#491),.PCURVE_S1.);
#480 = LINE('',#481,#482);
#481 = CARTESIAN_POINT('',(152.557718,-81.630831,0.));
#482 = VECTOR('',#483,1.);
#483 = DIRECTION('',(0.870503413193,-0.492162379321,0.));
#484 = PCURVE('',#144,#485);
#485 = DEFINITIONAL_REPRESENTATION('',(#486),#490);
#486 = LINE('',#487,#488);
#487 = CARTESIAN_POINT('',(-22.557718,23.369169));
#488 = VECTOR('',#489,1.);
#489 = DIRECTION('',(-0.870503413193,-0.492162379321));
#490 = ( GEOMETRIC_REPRESENTATION_CONTEXT(2) 
PARAMETRIC_REPRESENTATION_CONTEXT() REPRESENTATION_CONTEXT('2D SPACE',''
  ) );
#491 = PCURVE('',#492,#497);
#492 = PLANE('',#493);
#493 = AXIS2_PLACEMENT_3D('',#494,#495,#496);
#494 = CARTESIAN_POINT('',(152.557718,-81.630831,0.));
#495 = DIRECTION('',(0.492162379321,0.870503413193,-0.));
#496 = DIRECTION('',(0.870503413193,-0.492162379321,0.));
#497 = DEFINITIONAL_REPRESENTATION('',(#498),#502);
#498 = LINE('',#499,#500);
#499 = CARTESIAN_POINT('',(0.,0.));
#500 = VECTOR('',#501,1.);
#501 = DIRECTION('',(1.,0.));
#502 = ( GEOMETRIC_REPRESENTATION_CONTEXT(2) 
PARAMETRIC_REPRESENTATION_CONTEXT() REPRESENTATION_CONTEXT('2D SPACE',''
  ) );
#503 = ORIENTED_EDGE('',*,*,#504,.T.);
#504 = EDGE_CURVE('',#477,#505,#507,.T.);
#505 = VERTEX_POINT('',#506);
#506 = CARTESIAN_POINT('',(153.856619,-82.412354,0.));
#507 = SURFACE_CURVE('',#508,(#512,#519),.PCURVE_S1.);
#508 = LINE('',#509,#510);
#509 = CARTESIAN_POINT('',(153.217754,-82.004,0.));
#510 = VECTOR('',#511,1.);
#511 = DIRECTION('',(0.842582400834,-0.538567449634,0.));
#512 = PCURVE('',#144,#513);
#513 = DEFINITIONAL_REPRESENTATION('',(#514),#518);
#514 = LINE('',#515,#516);
#515 = CARTESIAN_POINT('',(-23.217754,22.996));
#516 = VECTOR('',#517,1.);
#517 = DIRECTION('',(-0.842582400834,-0.538567449634));
#518 = ( GEOMETRIC_REPRESENTATION_CONTEXT(2) 
PARAMETRIC_REPRESENTATION_CONTEXT() REPRESENTATION_CONTEXT('2D SPACE',''
  ) );
#519 = PCURVE('',#520,#525);
#520 = PLANE('',#521);
#521 = AXIS2_PLACEMENT_3D('',#522,#523,#524);
#522 = CARTESIAN_POINT('',(153.217754,-82.004,0.));
#523 = DIRECTION('',(0.538567449634,0.842582400834,-0.));
#524 = DIRECTION('',(0.842582400834,-0.538567449634,0.));
#525 = DEFINITIONAL_REPRESENTATION('',(#526),#530);
#526 = LINE('',#527,#528);
#527 = CARTESIAN_POINT('',(0.,0.));
#528 = VECTOR('',#529,1.);
#529 = DIRECTION('',(1.,0.));
#530 = ( GEOMETRIC_REPRESENTATION_CONTEXT(2) 
PARAMETRIC_REPRESENTATION_CONTEXT() REPRESENTATION_CONTEXT('2D SPACE',''
  ) );
#531 = ORIENTED_EDGE('',*,*,#532,.T.);
#532 = EDGE_CURVE('',#505,#533,#535,.T.);
#533 = VERTEX_POINT('',#534);
#534 = CARTESIAN_POINT('',(154.472439,-82.854697,0.));
#535 = SURFACE_CURVE('',#536,(#540,#547),.PCURVE_S1.);
#536 = LINE('',#537,#538);
#537 = CARTESIAN_POINT('',(153.856619,-82.412354,0.));
#538 = VECTOR('',#539,1.);
#539 = DIRECTION('',(0.812188862896,-0.583394592868,0.));
#540 = PCURVE('',#144,#541);
#541 = DEFINITIONAL_REPRESENTATION('',(#542),#546);
#542 = LINE('',#543,#544);
#543 = CARTESIAN_POINT('',(-23.856619,22.587646));
#544 = VECTOR('',#545,1.);
#545 = DIRECTION('',(-0.812188862896,-0.583394592868));
#546 = ( GEOMETRIC_REPRESENTATION_CONTEXT(2) 
PARAMETRIC_REPRESENTATION_CONTEXT() REPRESENTATION_CONTEXT('2D SPACE',''
  ) );
#547 = PCURVE('',#548,#553);
#548 = PLANE('',#549);
#549 = AXIS2_PLACEMENT_3D('',#550,#551,#552);
#550 = CARTESIAN_POINT('',(153.856619,-82.412354,0.));
#551 = DIRECTION('',(0.583394592868,0.812188862896,-0.));
#552 = DIRECTION('',(0.812188862896,-0.583394592868,0.));
#553 = DEFINITIONAL_REPRESENTATION('',(#554),#558);
#554 = LINE('',#555,#556);
#555 = CARTESIAN_POINT('',(0.,0.));
#556 = VECTOR('',#557,1.);
#557 = DIRECTION('',(1.,0.));
#558 = ( GEOMETRIC_REPRESENTATION_CONTEXT(2) 
PARAMETRIC_REPRESENTATION_CONTEXT() REPRESENTATION_CONTEXT('2D SPACE',''
  ) );
#559 = ORIENTED_EDGE('',*,*,#560,.T.);
#560 = EDGE_CURVE('',#533,#561,#563,.T.);
#561 = VERTEX_POINT('',#562);
#562 = CARTESIAN_POINT('',(155.063408,-83.329731,0.));
#563 = SURFACE_CURVE('',#564,(#568,#575),.PCURVE_S1.);
#564 = LINE('',#565,#566);
#565 = CARTESIAN_POINT('',(154.472439,-82.854697,0.));
#566 = VECTOR('',#567,1.);
#567 = DIRECTION('',(0.779413490755,-0.626509864591,0.));
#568 = PCURVE('',#144,#569);
#569 = DEFINITIONAL_REPRESENTATION('',(#570),#574);
#570 = LINE('',#571,#572);
#571 = CARTESIAN_POINT('',(-24.472439,22.145303));
#572 = VECTOR('',#573,1.);
#573 = DIRECTION('',(-0.779413490755,-0.626509864591));
#574 = ( GEOMETRIC_REPRESENTATION_CONTEXT(2) 
PARAMETRIC_REPRESENTATION_CONTEXT() REPRESENTATION_CONTEXT('2D SPACE',''
  ) );
#575 = PCURVE('',#576,#581);
#576 = PLANE('',#577);
#577 = AXIS2_PLACEMENT_3D('',#578,#579,#580);
#578 = CARTESIAN_POINT('',(154.472439,-82.854697,0.));
#579 = DIRECTION('',(0.626509864591,0.779413490755,-0.));
#580 = DIRECTION('',(0.779413490755,-0.626509864591,0.));
#581 = DEFINITIONAL_REPRESENTATION('',(#582),#586);
#582 = LINE('',#583,#584);
#583 = CARTESIAN_POINT('',(0.,0.));
#584 = VECTOR('',#585,1.);
#585 = DIRECTION('',(1.,0.));
#586 = ( GEOMETRIC_REPRESENTATION_CONTEXT(2) 
PARAMETRIC_REPRESENTATION_CONTEXT() REPRESENTATION_CONTEXT('2D SPACE',''
  ) );
#587 = ORIENTED_EDGE('',*,*,#588,.T.);
#588 = EDGE_CURVE('',#561,#589,#591,.T.);
#589 = VERTEX_POINT('',#590);
#590 = CARTESIAN_POINT('',(155.627792,-83.836063,0.));
#591 = SURFACE_CURVE('',#592,(#596,#603),.PCURVE_S1.);
#592 = LINE('',#593,#594);
#593 = CARTESIAN_POINT('',(155.063408,-83.329731,0.));
#594 = VECTOR('',#595,1.);
#595 = DIRECTION('',(0.744351405063,-0.667788129409,0.));
#596 = PCURVE('',#144,#597);
#597 = DEFINITIONAL_REPRESENTATION('',(#598),#602);
#598 = LINE('',#599,#600);
#599 = CARTESIAN_POINT('',(-25.063408,21.670269));
#600 = VECTOR('',#601,1.);
#601 = DIRECTION('',(-0.744351405063,-0.667788129409));
#602 = ( GEOMETRIC_REPRESENTATION_CONTEXT(2) 
PARAMETRIC_REPRESENTATION_CONTEXT() REPRESENTATION_CONTEXT('2D SPACE',''
  ) );
#603 = PCURVE('',#604,#609);
#604 = PLANE('',#605);
#605 = AXIS2_PLACEMENT_3D('',#606,#607,#608);
#606 = CARTESIAN_POINT('',(155.063408,-83.329731,0.));
#607 = DIRECTION('',(0.667788129409,0.744351405063,-0.));
#608 = DIRECTION('',(0.744351405063,-0.667788129409,0.));
#609 = DEFINITIONAL_REPRESENTATION('',(#610),#614);
#610 = LINE('',#611,#612);
#611 = CARTESIAN_POINT('',(0.,0.));
#612 = VECTOR('',#613,1.);
#613 = DIRECTION('',(1.,0.));
#614 = ( GEOMETRIC_REPRESENTATION_CONTEXT(2) 
PARAMETRIC_REPRESENTATION_CONTEXT() REPRESENTATION_CONTEXT('2D SPACE',''
  ) );
#615 = ORIENTED_EDGE('',*,*,#616,.T.);
#616 = EDGE_CURVE('',#589,#617,#619,.T.);
#617 = VERTEX_POINT('',#618);
#618 = CARTESIAN_POINT('',(156.163937,-84.372208,0.));
#619 = SURFACE_CURVE('',#620,(#624,#631),.PCURVE_S1.);
#620 = LINE('',#621,#622);
#621 = CARTESIAN_POINT('',(155.627792,-83.836063,0.));
#622 = VECTOR('',#623,1.);
#623 = DIRECTION('',(0.707106781187,-0.707106781187,0.));
#624 = PCURVE('',#144,#625);
#625 = DEFINITIONAL_REPRESENTATION('',(#626),#630);
#626 = LINE('',#627,#628);
#627 = CARTESIAN_POINT('',(-25.627792,21.163937));
#628 = VECTOR('',#629,1.);
#629 = DIRECTION('',(-0.707106781187,-0.707106781187));
#630 = ( GEOMETRIC_REPRESENTATION_CONTEXT(2) 
PARAMETRIC_REPRESENTATION_CONTEXT() REPRESENTATION_CONTEXT('2D SPACE',''
  ) );
#631 = PCURVE('',#632,#637);
#632 = PLANE('',#633);
#633 = AXIS2_PLACEMENT_3D('',#634,#635,#636);
#634 = CARTESIAN_POINT('',(155.627792,-83.836063,0.));
#635 = DIRECTION('',(0.707106781187,0.707106781187,-0.));
#636 = DIRECTION('',(0.707106781187,-0.707106781187,0.));
#637 = DEFINITIONAL_REPRESENTATION('',(#638),#642);
#638 = LINE('',#639,#640);
#639 = CARTESIAN_POINT('',(0.,0.));
#640 = VECTOR('',#641,1.);
#641 = DIRECTION('',(1.,0.));
#642 = ( GEOMETRIC_REPRESENTATION_CONTEXT(2) 
PARAMETRIC_REPRESENTATION_CONTEXT() REPRESENTATION_CONTEXT('2D SPACE',''
  ) );
#643 = ORIENTED_EDGE('',*,*,#644,.T.);
#644 = EDGE_CURVE('',#617,#645,#647,.T.);
#645 = VERTEX_POINT('',#646);
#646 = CARTESIAN_POINT('',(156.670269,-84.936592,0.));
#647 = SURFACE_CURVE('',#648,(#652,#659),.PCURVE_S1.);
#648 = LINE('',#649,#650);
#649 = CARTESIAN_POINT('',(156.163937,-84.372208,0.));
#650 = VECTOR('',#651,1.);
#651 = DIRECTION('',(0.667788129409,-0.744351405063,0.));
#652 = PCURVE('',#144,#653);
#653 = DEFINITIONAL_REPRESENTATION('',(#654),#658);
#654 = LINE('',#655,#656);
#655 = CARTESIAN_POINT('',(-26.163937,20.627792));
#656 = VECTOR('',#657,1.);
#657 = DIRECTION('',(-0.667788129409,-0.744351405063));
#658 = ( GEOMETRIC_REPRESENTATION_CONTEXT(2) 
PARAMETRIC_REPRESENTATION_CONTEXT() REPRESENTATION_CONTEXT('2D SPACE',''
  ) );
#659 = PCURVE('',#660,#665);
#660 = PLANE('',#661);
#661 = AXIS2_PLACEMENT_3D('',#662,#663,#664);
#662 = CARTESIAN_POINT('',(156.163937,-84.372208,0.));
#663 = DIRECTION('',(0.744351405063,0.667788129409,-0.));
#664 = DIRECTION('',(0.667788129409,-0.744351405063,0.));
#665 = DEFINITIONAL_REPRESENTATION('',(#666),#670);
#666 = LINE('',#667,#668);
#667 = CARTESIAN_POINT('',(0.,0.));
#668 = VECTOR('',#669,1.);
#669 = DIRECTION('',(1.,0.));
#670 = ( GEOMETRIC_REPRESENTATION_CONTEXT(2) 
PARAMETRIC_REPRESENTATION_CONTEXT() REPRESENTATION_CONTEXT('2D SPACE',''
  ) );
#671 = ORIENTED_EDGE('',*,*,#672,.T.);
#672 = EDGE_CURVE('',#645,#673,#675,.T.);
#673 = VERTEX_POINT('',#674);
#674 = CARTESIAN_POINT('',(157.145303,-85.527561,0.));
#675 = SURFACE_CURVE('',#676,(#680,#687),.PCURVE_S1.);
#676 = LINE('',#677,#678);
#677 = CARTESIAN_POINT('',(156.670269,-84.936592,0.));
#678 = VECTOR('',#679,1.);
#679 = DIRECTION('',(0.626509864591,-0.779413490755,0.));
#680 = PCURVE('',#144,#681);
#681 = DEFINITIONAL_REPRESENTATION('',(#682),#686);
#682 = LINE('',#683,#684);
#683 = CARTESIAN_POINT('',(-26.670269,20.063408));
#684 = VECTOR('',#685,1.);
#685 = DIRECTION('',(-0.626509864591,-0.779413490755));
#686 = ( GEOMETRIC_REPRESENTATION_CONTEXT(2) 
PARAMETRIC_REPRESENTATION_CONTEXT() REPRESENTATION_CONTEXT('2D SPACE',''
  ) );
#687 = PCURVE('',#688,#693);
#688 = PLANE('',#689);
#689 = AXIS2_PLACEMENT_3D('',#690,#691,#692);
#690 = CARTESIAN_POINT('',(156.670269,-84.936592,0.));
#691 = DIRECTION('',(0.779413490755,0.626509864591,-0.));
#692 = DIRECTION('',(0.626509864591,-0.779413490755,0.));
#693 = DEFINITIONAL_REPRESENTATION('',(#694),#698);
#694 = LINE('',#695,#696);
#695 = CARTESIAN_POINT('',(0.,0.));
#696 = VECTOR('',#697,1.);
#697 = DIRECTION('',(1.,0.));
#698 = ( GEOMETRIC_REPRESENTATION_CONTEXT(2) 
PARAMETRIC_REPRESENTATION_CONTEXT() REPRESENTATION_CONTEXT('2D SPACE',''
  ) );
#699 = ORIENTED_EDGE('',*,*,#700,.T.);
#700 = EDGE_CURVE('',#673,#701,#703,.T.);
#701 = VERTEX_POINT('',#702);
#702 = CARTESIAN_POINT('',(157.587646,-86.143381,0.));
#703 = SURFACE_CURVE('',#704,(#708,#715),.PCURVE_S1.);
#704 = LINE('',#705,#706);
#705 = CARTESIAN_POINT('',(157.145303,-85.527561,0.));
#706 = VECTOR('',#707,1.);
#707 = DIRECTION('',(0.583394592868,-0.812188862896,0.));
#708 = PCURVE('',#144,#709);
#709 = DEFINITIONAL_REPRESENTATION('',(#710),#714);
#710 = LINE('',#711,#712);
#711 = CARTESIAN_POINT('',(-27.145303,19.472439));
#712 = VECTOR('',#713,1.);
#713 = DIRECTION('',(-0.583394592868,-0.812188862896));
#714 = ( GEOMETRIC_REPRESENTATION_CONTEXT(2) 
PARAMETRIC_REPRESENTATION_CONTEXT() REPRESENTATION_CONTEXT('2D SPACE',''
  ) );
#715 = PCURVE('',#716,#721);
#716 = PLANE('',#717);
#717 = AXIS2_PLACEMENT_3D('',#718,#719,#720);
#718 = CARTESIAN_POINT('',(157.145303,-85.527561,0.));
#719 = DIRECTION('',(0.812188862896,0.583394592868,-0.));
#720 = DIRECTION('',(0.583394592868,-0.812188862896,0.));
#721 = DEFINITIONAL_REPRESENTATION('',(#722),#726);
#722 = LINE('',#723,#724);
#723 = CARTESIAN_POINT('',(0.,0.));
#724 = VECTOR('',#725,1.);
#725 = DIRECTION('',(1.,0.));
#726 = ( GEOMETRIC_REPRESENTATION_CONTEXT(2) 
PARAMETRIC_REPRESENTATION_CONTEXT() REPRESENTATION_CONTEXT('2D SPACE',''
  ) );
#727 = ORIENTED_EDGE('',*,*,#728,.T.);
#728 = EDGE_CURVE('',#701,#729,#731,.T.);
#729 = VERTEX_POINT('',#730);
#730 = CARTESIAN_POINT('',(157.996,-86.782246,0.));
#731 = SURFACE_CURVE('',#732,(#736,#743),.PCURVE_S1.);
#732 = LINE('',#733,#734);
#733 = CARTESIAN_POINT('',(157.587646,-86.143381,0.));
#734 = VECTOR('',#735,1.);
#735 = DIRECTION('',(0.538567449634,-0.842582400834,0.));
#736 = PCURVE('',#144,#737);
#737 = DEFINITIONAL_REPRESENTATION('',(#738),#742);
#738 = LINE('',#739,#740);
#739 = CARTESIAN_POINT('',(-27.587646,18.856619));
#740 = VECTOR('',#741,1.);
#741 = DIRECTION('',(-0.538567449634,-0.842582400834));
#742 = ( GEOMETRIC_REPRESENTATION_CONTEXT(2) 
PARAMETRIC_REPRESENTATION_CONTEXT() REPRESENTATION_CONTEXT('2D SPACE',''
  ) );
#743 = PCURVE('',#744,#749);
#744 = PLANE('',#745);
#745 = AXIS2_PLACEMENT_3D('',#746,#747,#748);
#746 = CARTESIAN_POINT('',(157.587646,-86.143381,0.));
#747 = DIRECTION('',(0.842582400834,0.538567449634,-0.));
#748 = DIRECTION('',(0.538567449634,-0.842582400834,0.));
#749 = DEFINITIONAL_REPRESENTATION('',(#750),#754);
#750 = LINE('',#751,#752);
#751 = CARTESIAN_POINT('',(0.,0.));
#752 = VECTOR('',#753,1.);
#753 = DIRECTION('',(1.,0.));
#754 = ( GEOMETRIC_REPRESENTATION_CONTEXT(2) 
PARAMETRIC_REPRESENTATION_CONTEXT() REPRESENTATION_CONTEXT('2D SPACE',''
  ) );
#755 = ORIENTED_EDGE('',*,*,#756,.T.);
#756 = EDGE_CURVE('',#729,#757,#759,.T.);
#757 = VERTEX_POINT('',#758);
#758 = CARTESIAN_POINT('',(158.369169,-87.442282,0.));
#759 = SURFACE_CURVE('',#760,(#764,#771),.PCURVE_S1.);
#760 = LINE('',#761,#762);
#761 = CARTESIAN_POINT('',(157.996,-86.782246,0.));
#762 = VECTOR('',#763,1.);
#763 = DIRECTION('',(0.492162379321,-0.870503413193,0.));
#764 = PCURVE('',#144,#765);
#765 = DEFINITIONAL_REPRESENTATION('',(#766),#770);
#766 = LINE('',#767,#768);
#767 = CARTESIAN_POINT('',(-27.996,18.217754));
#768 = VECTOR('',#769,1.);
#769 = DIRECTION('',(-0.492162379321,-0.870503413193));
#770 = ( GEOMETRIC_REPRESENTATION_CONTEXT(2) 
PARAMETRIC_REPRESENTATION_CONTEXT() REPRESENTATION_CONTEXT('2D SPACE',''
  ) );
#771 = PCURVE('',#772,#777);
#772 = PLANE('',#773);
#773 = AXIS2_PLACEMENT_3D('',#774,#775,#776);
#774 = CARTESIAN_POINT('',(157.996,-86.782246,0.));
#775 = DIRECTION('',(0.870503413193,0.492162379321,-0.));
#776 = DIRECTION('',(0.492162379321,-0.870503413193,0.));
#777 = DEFINITIONAL_REPRESENTATION('',(#778),#782);
#778 = LINE('',#779,#780);
#779 = CARTESIAN_POINT('',(0.,0.));
#780 = VECTOR('',#781,1.);
#781 = DIRECTION('',(1.,0.));
#782 = ( GEOMETRIC_REPRESENTATION_CONTEXT(2) 
PARAMETRIC_REPRESENTATION_CONTEXT() REPRESENTATION_CONTEXT('2D SPACE',''
  ) );
#783 = ORIENTED_EDGE('',*,*,#784,.T.);
#784 = EDGE_CURVE('',#757,#785,#787,.T.);
#785 = VERTEX_POINT('',#786);
#786 = CARTESIAN_POINT('',(158.706056,-88.121553,0.));
#787 = SURFACE_CURVE('',#788,(#792,#799),.PCURVE_S1.);
#788 = LINE('',#789,#790);
#789 = CARTESIAN_POINT('',(158.369169,-87.442282,0.));
#790 = VECTOR('',#791,1.);
#791 = DIRECTION('',(0.444311306075,-0.895872459279,0.));
#792 = PCURVE('',#144,#793);
#793 = DEFINITIONAL_REPRESENTATION('',(#794),#798);
#794 = LINE('',#795,#796);
#795 = CARTESIAN_POINT('',(-28.369169,17.557718));
#796 = VECTOR('',#797,1.);
#797 = DIRECTION('',(-0.444311306075,-0.895872459279));
#798 = ( GEOMETRIC_REPRESENTATION_CONTEXT(2) 
PARAMETRIC_REPRESENTATION_CONTEXT() REPRESENTATION_CONTEXT('2D SPACE',''
  ) );
#799 = PCURVE('',#800,#805);
#800 = PLANE('',#801);
#801 = AXIS2_PLACEMENT_3D('',#802,#803,#804);
#802 = CARTESIAN_POINT('',(158.369169,-87.442282,0.));
#803 = DIRECTION('',(0.895872459279,0.444311306075,-0.));
#804 = DIRECTION('',(0.444311306075,-0.895872459279,0.));
#805 = DEFINITIONAL_REPRESENTATION('',(#806),#810);
#806 = LINE('',#807,#808);
#807 = CARTESIAN_POINT('',(0.,0.));
#808 = VECTOR('',#809,1.);
#809 = DIRECTION('',(1.,0.));
#810 = ( GEOMETRIC_REPRESENTATION_CONTEXT(2) 
PARAMETRIC_REPRESENTATION_CONTEXT() REPRESENTATION_CONTEXT('2D SPACE',''
  ) );
#811 = ORIENTED_EDGE('',*,*,#812,.T.);
#812 = EDGE_CURVE('',#785,#813,#815,.T.);
#813 = VERTEX_POINT('',#814);
#814 = CARTESIAN_POINT('',(159.005674,-88.818066,0.));
#815 = SURFACE_CURVE('',#816,(#820,#827),.PCURVE_S1.);
#816 = LINE('',#817,#818);
#817 = CARTESIAN_POINT('',(158.706056,-88.121553,0.));
#818 = VECTOR('',#819,1.);
#819 = DIRECTION('',(0.395158431963,-0.918612983605,0.));
#820 = PCURVE('',#144,#821);
#821 = DEFINITIONAL_REPRESENTATION('',(#822),#826);
#822 = LINE('',#823,#824);
#823 = CARTESIAN_POINT('',(-28.706056,16.878447));
#824 = VECTOR('',#825,1.);
#825 = DIRECTION('',(-0.395158431963,-0.918612983605));
#826 = ( GEOMETRIC_REPRESENTATION_CONTEXT(2) 
PARAMETRIC_REPRESENTATION_CONTEXT() REPRESENTATION_CONTEXT('2D SPACE',''
  ) );
#827 = PCURVE('',#828,#833);
#828 = PLANE('',#829);
#829 = AXIS2_PLACEMENT_3D('',#830,#831,#832);
#830 = CARTESIAN_POINT('',(158.706056,-88.121553,0.));
#831 = DIRECTION('',(0.918612983605,0.395158431963,-0.));
#832 = DIRECTION('',(0.395158431963,-0.918612983605,0.));
#833 = DEFINITIONAL_REPRESENTATION('',(#834),#838);
#834 = LINE('',#835,#836);
#835 = CARTESIAN_POINT('',(0.,0.));
#836 = VECTOR('',#837,1.);
#837 = DIRECTION('',(1.,0.));
#838 = ( GEOMETRIC_REPRESENTATION_CONTEXT(2) 
PARAMETRIC_REPRESENTATION_CONTEXT() REPRESENTATION_CONTEXT('2D SPACE',''
  ) );
#839 = ORIENTED_EDGE('',*,*,#840,.T.);
#840 = EDGE_CURVE('',#813,#841,#843,.T.);
#841 = VERTEX_POINT('',#842);
#842 = CARTESIAN_POINT('',(159.267144,-89.529779,0.));
#843 = SURFACE_CURVE('',#844,(#848,#855),.PCURVE_S1.);
#844 = LINE('',#845,#846);
#845 = CARTESIAN_POINT('',(159.005674,-88.818066,0.));
#846 = VECTOR('',#847,1.);
#847 = DIRECTION('',(0.344845826286,-0.938659339746,0.));
#848 = PCURVE('',#144,#849);
#849 = DEFINITIONAL_REPRESENTATION('',(#850),#854);
#850 = LINE('',#851,#852);
#851 = CARTESIAN_POINT('',(-29.005674,16.181934));
#852 = VECTOR('',#853,1.);
#853 = DIRECTION('',(-0.344845826286,-0.938659339746));
#854 = ( GEOMETRIC_REPRESENTATION_CONTEXT(2) 
PARAMETRIC_REPRESENTATION_CONTEXT() REPRESENTATION_CONTEXT('2D SPACE',''
  ) );
#855 = PCURVE('',#856,#861);
#856 = PLANE('',#857);
#857 = AXIS2_PLACEMENT_3D('',#858,#859,#860);
#858 = CARTESIAN_POINT('',(159.005674,-88.818066,0.));
#859 = DIRECTION('',(0.938659339746,0.344845826286,-0.));
#860 = DIRECTION('',(0.344845826286,-0.938659339746,0.));
#861 = DEFINITIONAL_REPRESENTATION('',(#862),#866);
#862 = LINE('',#863,#864);
#863 = CARTESIAN_POINT('',(0.,0.));
#864 = VECTOR('',#865,1.);
#865 = DIRECTION('',(1.,0.));
#866 = ( GEOMETRIC_REPRESENTATION_CONTEXT(2) 
PARAMETRIC_REPRESENTATION_CONTEXT() REPRESENTATION_CONTEXT('2D SPACE',''
  ) );
#867 = ORIENTED_EDGE('',*,*,#868,.T.);
#868 = EDGE_CURVE('',#841,#869,#871,.T.);
#869 = VERTEX_POINT('',#870);
#870 = CARTESIAN_POINT('',(159.4897,-90.254603,0.));
#871 = SURFACE_CURVE('',#872,(#876,#883),.PCURVE_S1.);
#872 = LINE('',#873,#874);
#873 = CARTESIAN_POINT('',(159.267144,-89.529779,0.));
#874 = VECTOR('',#875,1.);
#875 = DIRECTION('',(0.293523429851,-0.955951879609,0.));
#876 = PCURVE('',#144,#877);
#877 = DEFINITIONAL_REPRESENTATION('',(#878),#882);
#878 = LINE('',#879,#880);
#879 = CARTESIAN_POINT('',(-29.267144,15.470221));
#880 = VECTOR('',#881,1.);
#881 = DIRECTION('',(-0.293523429851,-0.955951879609));
#882 = ( GEOMETRIC_REPRESENTATION_CONTEXT(2) 
PARAMETRIC_REPRESENTATION_CONTEXT() REPRESENTATION_CONTEXT('2D SPACE',''
  ) );
#883 = PCURVE('',#884,#889);
#884 = PLANE('',#885);
#885 = AXIS2_PLACEMENT_3D('',#886,#887,#888);
#886 = CARTESIAN_POINT('',(159.267144,-89.529779,0.));
#887 = DIRECTION('',(0.955951879609,0.293523429851,-0.));
#888 = DIRECTION('',(0.293523429851,-0.955951879609,0.));
#889 = DEFINITIONAL_REPRESENTATION('',(#890),#894);
#890 = LINE('',#891,#892);
#891 = CARTESIAN_POINT('',(0.,0.));
#892 = VECTOR('',#893,1.);
#893 = DIRECTION('',(1.,0.));
#894 = ( GEOMETRIC_REPRESENTATION_CONTEXT(2) 
PARAMETRIC_REPRESENTATION_CONTEXT() REPRESENTATION_CONTEXT('2D SPACE',''
  ) );
#895 = ORIENTED_EDGE('',*,*,#896,.T.);
#896 = EDGE_CURVE('',#869,#897,#899,.T.);
#897 = VERTEX_POINT('',#898);
#898 = CARTESIAN_POINT('',(159.672688,-90.990414,0.));
#899 = SURFACE_CURVE('',#900,(#904,#911),.PCURVE_S1.);
#900 = LINE('',#901,#902);
#901 = CARTESIAN_POINT('',(159.4897,-90.254603,0.));
#902 = VECTOR('',#903,1.);
#903 = DIRECTION('',(0.241337903716,-0.970441145165,0.));
#904 = PCURVE('',#144,#905);
#905 = DEFINITIONAL_REPRESENTATION('',(#906),#910);
#906 = LINE('',#907,#908);
#907 = CARTESIAN_POINT('',(-29.4897,14.745397));
#908 = VECTOR('',#909,1.);
#909 = DIRECTION('',(-0.241337903716,-0.970441145165));
#910 = ( GEOMETRIC_REPRESENTATION_CONTEXT(2) 
PARAMETRIC_REPRESENTATION_CONTEXT() REPRESENTATION_CONTEXT('2D SPACE',''
  ) );
#911 = PCURVE('',#912,#917);
#912 = PLANE('',#913);
#913 = AXIS2_PLACEMENT_3D('',#914,#915,#916);
#914 = CARTESIAN_POINT('',(159.4897,-90.254603,0.));
#915 = DIRECTION('',(0.970441145165,0.241337903716,-0.));
#916 = DIRECTION('',(0.241337903716,-0.970441145165,0.));
#917 = DEFINITIONAL_REPRESENTATION('',(#918),#922);
#918 = LINE('',#919,#920);
#919 = CARTESIAN_POINT('',(0.,0.));
#920 = VECTOR('',#921,1.);
#921 = DIRECTION('',(1.,0.));
#922 = ( GEOMETRIC_REPRESENTATION_CONTEXT(2) 
PARAMETRIC_REPRESENTATION_CONTEXT() REPRESENTATION_CONTEXT('2D SPACE',''
  ) );
#923 = ORIENTED_EDGE('',*,*,#924,.T.);
#924 = EDGE_CURVE('',#897,#925,#927,.T.);
#925 = VERTEX_POINT('',#926);
#926 = CARTESIAN_POINT('',(159.815571,-91.735052,0.));
#927 = SURFACE_CURVE('',#928,(#932,#939),.PCURVE_S1.);
#928 = LINE('',#929,#930);
#929 = CARTESIAN_POINT('',(159.672688,-90.990414,0.));
#930 = VECTOR('',#931,1.);
#931 = DIRECTION('',(0.188444694077,-0.98208380359,0.));
#932 = PCURVE('',#144,#933);
#933 = DEFINITIONAL_REPRESENTATION('',(#934),#938);
#934 = LINE('',#935,#936);
#935 = CARTESIAN_POINT('',(-29.672688,14.009586));
#936 = VECTOR('',#937,1.);
#937 = DIRECTION('',(-0.188444694077,-0.98208380359));
#938 = ( GEOMETRIC_REPRESENTATION_CONTEXT(2) 
PARAMETRIC_REPRESENTATION_CONTEXT() REPRESENTATION_CONTEXT('2D SPACE',''
  ) );
#939 = PCURVE('',#940,#945);
#940 = PLANE('',#941);
#941 = AXIS2_PLACEMENT_3D('',#942,#943,#944);
#942 = CARTESIAN_POINT('',(159.672688,-90.990414,0.));
#943 = DIRECTION('',(0.98208380359,0.188444694077,-0.));
#944 = DIRECTION('',(0.188444694077,-0.98208380359,0.));
#945 = DEFINITIONAL_REPRESENTATION('',(#946),#950);
#946 = LINE('',#947,#948);
#947 = CARTESIAN_POINT('',(0.,0.));
#948 = VECTOR('',#949,1.);
#949 = DIRECTION('',(1.,0.));
#950 = ( GEOMETRIC_REPRESENTATION_CONTEXT(2) 
PARAMETRIC_REPRESENTATION_CONTEXT() REPRESENTATION_CONTEXT('2D SPACE',''
  ) );
#951 = ORIENTED_EDGE('',*,*,#952,.T.);
#952 = EDGE_CURVE('',#925,#953,#955,.T.);
#953 = VERTEX_POINT('',#954);
#954 = CARTESIAN_POINT('',(159.917931,-92.486334,0.));
#955 = SURFACE_CURVE('',#956,(#960,#967),.PCURVE_S1.);
#956 = LINE('',#957,#958);
#957 = CARTESIAN_POINT('',(159.815571,-91.735052,0.));
#958 = VECTOR('',#959,1.);
#959 = DIRECTION('',(0.134999850318,-0.99084561886,0.));
#960 = PCURVE('',#144,#961);
#961 = DEFINITIONAL_REPRESENTATION('',(#962),#966);
#962 = LINE('',#963,#964);
#963 = CARTESIAN_POINT('',(-29.815571,13.264948));
#964 = VECTOR('',#965,1.);
#965 = DIRECTION('',(-0.134999850318,-0.99084561886));
#966 = ( GEOMETRIC_REPRESENTATION_CONTEXT(2) 
PARAMETRIC_REPRESENTATION_CONTEXT() REPRESENTATION_CONTEXT('2D SPACE',''
  ) );
#967 = PCURVE('',#968,#973);
#968 = PLANE('',#969);
#969 = AXIS2_PLACEMENT_3D('',#970,#971,#972);
#970 = CARTESIAN_POINT('',(159.815571,-91.735052,0.));
#971 = DIRECTION('',(0.99084561886,0.134999850318,-0.));
#972 = DIRECTION('',(0.134999850318,-0.99084561886,0.));
#973 = DEFINITIONAL_REPRESENTATION('',(#974),#978);
#974 = LINE('',#975,#976);
#975 = CARTESIAN_POINT('',(0.,0.));
#976 = VECTOR('',#977,1.);
#977 = DIRECTION('',(1.,0.));
#978 = ( GEOMETRIC_REPRESENTATION_CONTEXT(2) 
PARAMETRIC_REPRESENTATION_CONTEXT() REPRESENTATION_CONTEXT('2D SPACE',''
  ) );
#979 = ORIENTED_EDGE('',*,*,#980,.T.);
#980 = EDGE_CURVE('',#953,#981,#983,.T.);
#981 = VERTEX_POINT('',#982);
#982 = CARTESIAN_POINT('',(159.979468,-93.242055,0.));
#983 = SURFACE_CURVE('',#984,(#988,#995),.PCURVE_S1.);
#984 = LINE('',#985,#986);
#985 = CARTESIAN_POINT('',(159.917931,-92.486334,0.));
#986 = VECTOR('',#987,1.);
#987 = DIRECTION('',(8.115957719108E-02,-0.996701120211,0.));
#988 = PCURVE('',#144,#989);
#989 = DEFINITIONAL_REPRESENTATION('',(#990),#994);
#990 = LINE('',#991,#992);
#991 = CARTESIAN_POINT('',(-29.917931,12.513666));
#992 = VECTOR('',#993,1.);
#993 = DIRECTION('',(-8.115957719108E-02,-0.996701120211));
#994 = ( GEOMETRIC_REPRESENTATION_CONTEXT(2) 
PARAMETRIC_REPRESENTATION_CONTEXT() REPRESENTATION_CONTEXT('2D SPACE',''
  ) );
#995 = PCURVE('',#996,#1001);
#996 = PLANE('',#997);
#997 = AXIS2_PLACEMENT_3D('',#998,#999,#1000);
#998 = CARTESIAN_POINT('',(159.917931,-92.486334,0.));
#999 = DIRECTION('',(0.996701120211,8.115957719108E-02,-0.));
#1000 = DIRECTION('',(8.115957719108E-02,-0.996701120211,0.));
#1001 = DEFINITIONAL_REPRESENTATION('',(#1002),#1006);
#1002 = LINE('',#1003,#1004);
#1003 = CARTESIAN_POINT('',(0.,0.));
#1004 = VECTOR('',#1005,1.);
#1005 = DIRECTION('',(1.,0.));
#1006 = ( GEOMETRIC_REPRESENTATION_CONTEXT(2) 
PARAMETRIC_REPRESENTATION_CONTEXT() REPRESENTATION_CONTEXT('2D SPACE',''
  ) );
#1007 = ORIENTED_EDGE('',*,*,#1008,.T.);
#1008 = EDGE_CURVE('',#981,#1009,#1011,.T.);
#1009 = VERTEX_POINT('',#1010);
#1010 = CARTESIAN_POINT('',(160.,-94.,0.));
#1011 = SURFACE_CURVE('',#1012,(#1016,#1023),.PCURVE_S1.);
#1012 = LINE('',#1013,#1014);
#1013 = CARTESIAN_POINT('',(159.979468,-93.242055,0.));
#1014 = VECTOR('',#1015,1.);
#1015 = DIRECTION('',(2.707910308711E-02,-0.999633293851,0.));
#1016 = PCURVE('',#144,#1017);
#1017 = DEFINITIONAL_REPRESENTATION('',(#1018),#1022);
#1018 = LINE('',#1019,#1020);
#1019 = CARTESIAN_POINT('',(-29.979468,11.757945));
#1020 = VECTOR('',#1021,1.);
#1021 = DIRECTION('',(-2.707910308711E-02,-0.999633293851));
#1022 = ( GEOMETRIC_REPRESENTATION_CONTEXT(2) 
PARAMETRIC_REPRESENTATION_CONTEXT() REPRESENTATION_CONTEXT('2D SPACE',''
  ) );
#1023 = PCURVE('',#1024,#1029);
#1024 = PLANE('',#1025);
#1025 = AXIS2_PLACEMENT_3D('',#1026,#1027,#1028);
#1026 = CARTESIAN_POINT('',(159.979468,-93.242055,0.));
#1027 = DIRECTION('',(0.999633293851,2.707910308711E-02,-0.));
#1028 = DIRECTION('',(2.707910308711E-02,-0.999633293851,0.));
#1029 = DEFINITIONAL_REPRESENTATION('',(#1030),#1034);
#1030 = LINE('',#1031,#1032);
#1031 = CARTESIAN_POINT('',(0.,0.));
#1032 = VECTOR('',#1033,1.);
#1033 = DIRECTION('',(1.,0.));
#1034 = ( GEOMETRIC_REPRESENTATION_CONTEXT(2) 
PARAMETRIC_REPRESENTATION_CONTEXT() REPRESENTATION_CONTEXT('2D SPACE',''
  ) );
#1035 = ORIENTED_EDGE('',*,*,#1036,.T.);
#1036 = EDGE_CURVE('',#1009,#1037,#1039,.T.);
#1037 = VERTEX_POINT('',#1038);
#1038 = CARTESIAN_POINT('',(160.,-116.,0.));
#1039 = SURFACE_CURVE('',#1040,(#1044,#1051),.PCURVE_S1.);
#1040 = LINE('',#1041,#1042);
#1041 = CARTESIAN_POINT('',(160.,-94.,0.));
#1042 = VECTOR('',#1043,1.);
#1043 = DIRECTION('',(0.,-1.,0.));
#1044 = PCURVE('',#144,#1045);
#1045 = DEFINITIONAL_REPRESENTATION('',(#1046),#1050);
#1046 = LINE('',#1047,#1048);
#1047 = CARTESIAN_POINT('',(-30.,11.));
#1048 = VECTOR('',#1049,1.);
#1049 = DIRECTION('',(0.,-1.));
#1050 = ( GEOMETRIC_REPRESENTATION_CONTEXT(2) 
PARAMETRIC_REPRESENTATION_CONTEXT() REPRESENTATION_CONTEXT('2D SPACE',''
  ) );
#1051 = PCURVE('',#1052,#1057);
#1052 = PLANE('',#1053);
#1053 = AXIS2_PLACEMENT_3D('',#1054,#1055,#1056);
#1054 = CARTESIAN_POINT('',(160.,-94.,0.));
#1055 = DIRECTION('',(1.,0.,-0.));
#1056 = DIRECTION('',(0.,-1.,0.));
#1057 = DEFINITIONAL_REPRESENTATION('',(#1058),#1062);
#1058 = LINE('',#1059,#1060);
#1059 = CARTESIAN_POINT('',(0.,0.));
#1060 = VECTOR('',#1061,1.);
#1061 = DIRECTION('',(1.,0.));
#1062 = ( GEOMETRIC_REPRESENTATION_CONTEXT(2) 
PARAMETRIC_REPRESENTATION_CONTEXT() REPRESENTATION_CONTEXT('2D SPACE',''
  ) );
#1063 = ORIENTED_EDGE('',*,*,#1064,.T.);
#1064 = EDGE_CURVE('',#1037,#1065,#1067,.T.);
#1065 = VERTEX_POINT('',#1066);
#1066 = CARTESIAN_POINT('',(159.979468,-116.757945,0.));
#1067 = SURFACE_CURVE('',#1068,(#1072,#1079),.PCURVE_S1.);
#1068 = LINE('',#1069,#1070);
#1069 = CARTESIAN_POINT('',(160.,-116.,0.));
#1070 = VECTOR('',#1071,1.);
#1071 = DIRECTION('',(-2.707910308711E-02,-0.999633293851,0.));
#1072 = PCURVE('',#144,#1073);
#1073 = DEFINITIONAL_REPRESENTATION('',(#1074),#1078);
#1074 = LINE('',#1075,#1076);
#1075 = CARTESIAN_POINT('',(-30.,-11.));
#1076 = VECTOR('',#1077,1.);
#1077 = DIRECTION('',(2.707910308711E-02,-0.999633293851));
#1078 = ( GEOMETRIC_REPRESENTATION_CONTEXT(2) 
PARAMETRIC_REPRESENTATION_CONTEXT() REPRESENTATION_CONTEXT('2D SPACE',''
  ) );
#1079 = PCURVE('',#1080,#1085);
#1080 = PLANE('',#1081);
#1081 = AXIS2_PLACEMENT_3D('',#1082,#1083,#1084);
#1082 = CARTESIAN_POINT('',(160.,-116.,0.));
#1083 = DIRECTION('',(0.999633293851,-2.707910308711E-02,0.));
#1084 = DIRECTION('',(-2.707910308711E-02,-0.999633293851,0.));
#1085 = DEFINITIONAL_REPRESENTATION('',(#1086),#1090);
#1086 = LINE('',#1087,#1088);
#1087 = CARTESIAN_POINT('',(0.,0.));
#1088 = VECTOR('',#1089,1.);
#1089 = DIRECTION('',(1.,0.));
#1090 = ( GEOMETRIC_REPRESENTATION_CONTEXT(2) 
PARAMETRIC_REPRESENTATION_CONTEXT() REPRESENTATION_CONTEXT('2D SPACE',''
  ) );
#1091 = ORIENTED_EDGE('',*,*,#1092,.T.);
#1092 = EDGE_CURVE('',#1065,#1093,#1095,.T.);
#1093 = VERTEX_POINT('',#1094);
#1094 = CARTESIAN_POINT('',(159.917931,-117.513666,0.));
#1095 = SURFACE_CURVE('',#1096,(#1100,#1107),.PCURVE_S1.);
#1096 = LINE('',#1097,#1098);
#1097 = CARTESIAN_POINT('',(159.979468,-116.757945,0.));
#1098 = VECTOR('',#1099,1.);
#1099 = DIRECTION('',(-8.115957719108E-02,-0.996701120211,0.));
#1100 = PCURVE('',#144,#1101);
#1101 = DEFINITIONAL_REPRESENTATION('',(#1102),#1106);
#1102 = LINE('',#1103,#1104);
#1103 = CARTESIAN_POINT('',(-29.979468,-11.757945));
#1104 = VECTOR('',#1105,1.);
#1105 = DIRECTION('',(8.115957719108E-02,-0.996701120211));
#1106 = ( GEOMETRIC_REPRESENTATION_CONTEXT(2) 
PARAMETRIC_REPRESENTATION_CONTEXT() REPRESENTATION_CONTEXT('2D SPACE',''
  ) );
#1107 = PCURVE('',#1108,#1113);
#1108 = PLANE('',#1109);
#1109 = AXIS2_PLACEMENT_3D('',#1110,#1111,#1112);
#1110 = CARTESIAN_POINT('',(159.979468,-116.757945,0.));
#1111 = DIRECTION('',(0.996701120211,-8.115957719108E-02,0.));
#1112 = DIRECTION('',(-8.115957719108E-02,-0.996701120211,0.));
#1113 = DEFINITIONAL_REPRESENTATION('',(#1114),#1118);
#1114 = LINE('',#1115,#1116);
#1115 = CARTESIAN_POINT('',(0.,0.));
#1116 = VECTOR('',#1117,1.);
#1117 = DIRECTION('',(1.,0.));
#1118 = ( GEOMETRIC_REPRESENTATION_CONTEXT(2) 
PARAMETRIC_REPRESENTATION_CONTEXT() REPRESENTATION_CONTEXT('2D SPACE',''
  ) );
#1119 = ORIENTED_EDGE('',*,*,#1120,.T.);
#1120 = EDGE_CURVE('',#1093,#1121,#1123,.T.);
#1121 = VERTEX_POINT('',#1122);
#1122 = CARTESIAN_POINT('',(159.815571,-118.264948,0.));
#1123 = SURFACE_CURVE('',#1124,(#1128,#1135),.PCURVE_S1.);
#1124 = LINE('',#1125,#1126);
#1125 = CARTESIAN_POINT('',(159.917931,-117.513666,0.));
#1126 = VECTOR('',#1127,1.);
#1127 = DIRECTION('',(-0.134999850318,-0.99084561886,0.));
#1128 = PCURVE('',#144,#1129);
#1129 = DEFINITIONAL_REPRESENTATION('',(#1130),#1134);
#1130 = LINE('',#1131,#1132);
#1131 = CARTESIAN_POINT('',(-29.917931,-12.513666));
#1132 = VECTOR('',#1133,1.);
#1133 = DIRECTION('',(0.134999850318,-0.99084561886));
#1134 = ( GEOMETRIC_REPRESENTATION_CONTEXT(2) 
PARAMETRIC_REPRESENTATION_CONTEXT() REPRESENTATION_CONTEXT('2D SPACE',''
  ) );
#1135 = PCURVE('',#1136,#1141);
#1136 = PLANE('',#1137);
#1137 = AXIS2_PLACEMENT_3D('',#1138,#1139,#1140);
#1138 = CARTESIAN_POINT('',(159.917931,-117.513666,0.));
#1139 = DIRECTION('',(0.99084561886,-0.134999850318,0.));
#1140 = DIRECTION('',(-0.134999850318,-0.99084561886,0.));
#1141 = DEFINITIONAL_REPRESENTATION('',(#1142),#1146);
#1142 = LINE('',#1143,#1144);
#1143 = CARTESIAN_POINT('',(0.,0.));
#1144 = VECTOR('',#1145,1.);
#1145 = DIRECTION('',(1.,0.));
#1146 = ( GEOMETRIC_REPRESENTATION_CONTEXT(2) 
PARAMETRIC_REPRESENTATION_CONTEXT() REPRESENTATION_CONTEXT('2D SPACE',''
  ) );
#1147 = ORIENTED_EDGE('',*,*,#1148,.T.);
#1148 = EDGE_CURVE('',#1121,#1149,#1151,.T.);
#1149 = VERTEX_POINT('',#1150);
#1150 = CARTESIAN_POINT('',(159.672688,-119.009586,0.));
#1151 = SURFACE_CURVE('',#1152,(#1156,#1163),.PCURVE_S1.);
#1152 = LINE('',#1153,#1154);
#1153 = CARTESIAN_POINT('',(159.815571,-118.264948,0.));
#1154 = VECTOR('',#1155,1.);
#1155 = DIRECTION('',(-0.188444694077,-0.98208380359,0.));
#1156 = PCURVE('',#144,#1157);
#1157 = DEFINITIONAL_REPRESENTATION('',(#1158),#1162);
#1158 = LINE('',#1159,#1160);
#1159 = CARTESIAN_POINT('',(-29.815571,-13.264948));
#1160 = VECTOR('',#1161,1.);
#1161 = DIRECTION('',(0.188444694077,-0.98208380359));
#1162 = ( GEOMETRIC_REPRESENTATION_CONTEXT(2) 
PARAMETRIC_REPRESENTATION_CONTEXT() REPRESENTATION_CONTEXT('2D SPACE',''
  ) );
#1163 = PCURVE('',#1164,#1169);
#1164 = PLANE('',#1165);
#1165 = AXIS2_PLACEMENT_3D('',#1166,#1167,#1168);
#1166 = CARTESIAN_POINT('',(159.815571,-118.264948,0.));
#1167 = DIRECTION('',(0.98208380359,-0.188444694077,0.));
#1168 = DIRECTION('',(-0.188444694077,-0.98208380359,0.));
#1169 = DEFINITIONAL_REPRESENTATION('',(#1170),#1174);
#1170 = LINE('',#1171,#1172);
#1171 = CARTESIAN_POINT('',(0.,0.));
#1172 = VECTOR('',#1173,1.);
#1173 = DIRECTION('',(1.,0.));
#1174 = ( GEOMETRIC_REPRESENTATION_CONTEXT(2) 
PARAMETRIC_REPRESENTATION_CONTEXT() REPRESENTATION_CONTEXT('2D SPACE',''
  ) );
#1175 = ORIENTED_EDGE('',*,*,#1176,.T.);
#1176 = EDGE_CURVE('',#1149,#1177,#1179,.T.);
#1177 = VERTEX_POINT('',#1178);
#1178 = CARTESIAN_POINT('',(159.4897,-119.745397,0.));
#1179 = SURFACE_CURVE('',#1180,(#1184,#1191),.PCURVE_S1.);
#1180 = LINE('',#1181,#1182);
#1181 = CARTESIAN_POINT('',(159.672688,-119.009586,0.));
#1182 = VECTOR('',#1183,1.);
#1183 = DIRECTION('',(-0.241337903716,-0.970441145165,0.));
#1184 = PCURVE('',#144,#1185);
#1185 = DEFINITIONAL_REPRESENTATION('',(#1186),#1190);
#1186 = LINE('',#1187,#1188);
#1187 = CARTESIAN_POINT('',(-29.672688,-14.009586));
#1188 = VECTOR('',#1189,1.);
#1189 = DIRECTION('',(0.241337903716,-0.970441145165));
#1190 = ( GEOMETRIC_REPRESENTATION_CONTEXT(2) 
PARAMETRIC_REPRESENTATION_CONTEXT() REPRESENTATION_CONTEXT('2D SPACE',''
  ) );
#1191 = PCURVE('',#1192,#1197);
#1192 = PLANE('',#1193);
#1193 = AXIS2_PLACEMENT_3D('',#1194,#1195,#1196);
#1194 = CARTESIAN_POINT('',(159.672688,-119.009586,0.));
#1195 = DIRECTION('',(0.970441145165,-0.241337903716,0.));
#1196 = DIRECTION('',(-0.241337903716,-0.970441145165,0.));
#1197 = DEFINITIONAL_REPRESENTATION('',(#1198),#1202);
#1198 = LINE('',#1199,#1200);
#1199 = CARTESIAN_POINT('',(0.,0.));
#1200 = VECTOR('',#1201,1.);
#1201 = DIRECTION('',(1.,0.));
#1202 = ( GEOMETRIC_REPRESENTATION_CONTEXT(2) 
PARAMETRIC_REPRESENTATION_CONTEXT() REPRESENTATION_CONTEXT('2D SPACE',''
  ) );
#1203 = ORIENTED_EDGE('',*,*,#1204,.T.);
#1204 = EDGE_CURVE('',#1177,#1205,#1207,.T.);
#1205 = VERTEX_POINT('',#1206);
#1206 = CARTESIAN_POINT('',(159.267144,-120.470221,0.));
#1207 = SURFACE_CURVE('',#1208,(#1212,#1219),.PCURVE_S1.);
#1208 = LINE('',#1209,#1210);
#1209 = CARTESIAN_POINT('',(159.4897,-119.745397,0.));
#1210 = VECTOR('',#1211,1.);
#1211 = DIRECTION('',(-0.293523429851,-0.955951879609,0.));
#1212 = PCURVE('',#144,#1213);
#1213 = DEFINITIONAL_REPRESENTATION('',(#1214),#1218);
#1214 = LINE('',#1215,#1216);
#1215 = CARTESIAN_POINT('',(-29.4897,-14.745397));
#1216 = VECTOR('',#1217,1.);
#1217 = DIRECTION('',(0.293523429851,-0.955951879609));
#1218 = ( GEOMETRIC_REPRESENTATION_CONTEXT(2) 
PARAMETRIC_REPRESENTATION_CONTEXT() REPRESENTATION_CONTEXT('2D SPACE',''
  ) );
#1219 = PCURVE('',#1220,#1225);
#1220 = PLANE('',#1221);
#1221 = AXIS2_PLACEMENT_3D('',#1222,#1223,#1224);
#1222 = CARTESIAN_POINT('',(159.4897,-119.745397,0.));
#1223 = DIRECTION('',(0.955951879609,-0.293523429851,0.));
#1224 = DIRECTION('',(-0.293523429851,-0.955951879609,0.));
#1225 = DEFINITIONAL_REPRESENTATION('',(#1226),#1230);
#1226 = LINE('',#1227,#1228);
#1227 = CARTESIAN_POINT('',(0.,0.));
#1228 = VECTOR('',#1229,1.);
#1229 = DIRECTION('',(1.,0.));
#1230 = ( GEOMETRIC_REPRESENTATION_CONTEXT(2) 
PARAMETRIC_REPRESENTATION_CONTEXT() REPRESENTATION_CONTEXT('2D SPACE',''
  ) );
#1231 = ORIENTED_EDGE('',*,*,#1232,.T.);
#1232 = EDGE_CURVE('',#1205,#1233,#1235,.T.);
#1233 = VERTEX_POINT('',#1234);
#1234 = CARTESIAN_POINT('',(159.005674,-121.181934,0.));
#1235 = SURFACE_CURVE('',#1236,(#1240,#1247),.PCURVE_S1.);
#1236 = LINE('',#1237,#1238);
#1237 = CARTESIAN_POINT('',(159.267144,-120.470221,0.));
#1238 = VECTOR('',#1239,1.);
#1239 = DIRECTION('',(-0.344845826286,-0.938659339746,0.));
#1240 = PCURVE('',#144,#1241);
#1241 = DEFINITIONAL_REPRESENTATION('',(#1242),#1246);
#1242 = LINE('',#1243,#1244);
#1243 = CARTESIAN_POINT('',(-29.267144,-15.470221));
#1244 = VECTOR('',#1245,1.);
#1245 = DIRECTION('',(0.344845826286,-0.938659339746));
#1246 = ( GEOMETRIC_REPRESENTATION_CONTEXT(2) 
PARAMETRIC_REPRESENTATION_CONTEXT() REPRESENTATION_CONTEXT('2D SPACE',''
  ) );
#1247 = PCURVE('',#1248,#1253);
#1248 = PLANE('',#1249);
#1249 = AXIS2_PLACEMENT_3D('',#1250,#1251,#1252);
#1250 = CARTESIAN_POINT('',(159.267144,-120.470221,0.));
#1251 = DIRECTION('',(0.938659339746,-0.344845826286,0.));
#1252 = DIRECTION('',(-0.344845826286,-0.938659339746,0.));
#1253 = DEFINITIONAL_REPRESENTATION('',(#1254),#1258);
#1254 = LINE('',#1255,#1256);
#1255 = CARTESIAN_POINT('',(0.,0.));
#1256 = VECTOR('',#1257,1.);
#1257 = DIRECTION('',(1.,0.));
#1258 = ( GEOMETRIC_REPRESENTATION_CONTEXT(2) 
PARAMETRIC_REPRESENTATION_CONTEXT() REPRESENTATION_CONTEXT('2D SPACE',''
  ) );
#1259 = ORIENTED_EDGE('',*,*,#1260,.T.);
#1260 = EDGE_CURVE('',#1233,#1261,#1263,.T.);
#1261 = VERTEX_POINT('',#1262);
#1262 = CARTESIAN_POINT('',(158.706056,-121.878447,0.));
#1263 = SURFACE_CURVE('',#1264,(#1268,#1275),.PCURVE_S1.);
#1264 = LINE('',#1265,#1266);
#1265 = CARTESIAN_POINT('',(159.005674,-121.181934,0.));
#1266 = VECTOR('',#1267,1.);
#1267 = DIRECTION('',(-0.395158431963,-0.918612983605,0.));
#1268 = PCURVE('',#144,#1269);
#1269 = DEFINITIONAL_REPRESENTATION('',(#1270),#1274);
#1270 = LINE('',#1271,#1272);
#1271 = CARTESIAN_POINT('',(-29.005674,-16.181934));
#1272 = VECTOR('',#1273,1.);
#1273 = DIRECTION('',(0.395158431963,-0.918612983605));
#1274 = ( GEOMETRIC_REPRESENTATION_CONTEXT(2) 
PARAMETRIC_REPRESENTATION_CONTEXT() REPRESENTATION_CONTEXT('2D SPACE',''
  ) );
#1275 = PCURVE('',#1276,#1281);
#1276 = PLANE('',#1277);
#1277 = AXIS2_PLACEMENT_3D('',#1278,#1279,#1280);
#1278 = CARTESIAN_POINT('',(159.005674,-121.181934,0.));
#1279 = DIRECTION('',(0.918612983605,-0.395158431963,0.));
#1280 = DIRECTION('',(-0.395158431963,-0.918612983605,0.));
#1281 = DEFINITIONAL_REPRESENTATION('',(#1282),#1286);
#1282 = LINE('',#1283,#1284);
#1283 = CARTESIAN_POINT('',(0.,0.));
#1284 = VECTOR('',#1285,1.);
#1285 = DIRECTION('',(1.,0.));
#1286 = ( GEOMETRIC_REPRESENTATION_CONTEXT(2) 
PARAMETRIC_REPRESENTATION_CONTEXT() REPRESENTATION_CONTEXT('2D SPACE',''
  ) );
#1287 = ORIENTED_EDGE('',*,*,#1288,.T.);
#1288 = EDGE_CURVE('',#1261,#1289,#1291,.T.);
#1289 = VERTEX_POINT('',#1290);
#1290 = CARTESIAN_POINT('',(158.369169,-122.557718,0.));
#1291 = SURFACE_CURVE('',#1292,(#1296,#1303),.PCURVE_S1.);
#1292 = LINE('',#1293,#1294);
#1293 = CARTESIAN_POINT('',(158.706056,-121.878447,0.));
#1294 = VECTOR('',#1295,1.);
#1295 = DIRECTION('',(-0.444311306075,-0.895872459279,0.));
#1296 = PCURVE('',#144,#1297);
#1297 = DEFINITIONAL_REPRESENTATION('',(#1298),#1302);
#1298 = LINE('',#1299,#1300);
#1299 = CARTESIAN_POINT('',(-28.706056,-16.878447));
#1300 = VECTOR('',#1301,1.);
#1301 = DIRECTION('',(0.444311306075,-0.895872459279));
#1302 = ( GEOMETRIC_REPRESENTATION_CONTEXT(2) 
PARAMETRIC_REPRESENTATION_CONTEXT() REPRESENTATION_CONTEXT('2D SPACE',''
  ) );
#1303 = PCURVE('',#1304,#1309);
#1304 = PLANE('',#1305);
#1305 = AXIS2_PLACEMENT_3D('',#1306,#1307,#1308);
#1306 = CARTESIAN_POINT('',(158.706056,-121.878447,0.));
#1307 = DIRECTION('',(0.895872459279,-0.444311306075,0.));
#1308 = DIRECTION('',(-0.444311306075,-0.895872459279,0.));
#1309 = DEFINITIONAL_REPRESENTATION('',(#1310),#1314);
#1310 = LINE('',#1311,#1312);
#1311 = CARTESIAN_POINT('',(0.,0.));
#1312 = VECTOR('',#1313,1.);
#1313 = DIRECTION('',(1.,0.));
#1314 = ( GEOMETRIC_REPRESENTATION_CONTEXT(2) 
PARAMETRIC_REPRESENTATION_CONTEXT() REPRESENTATION_CONTEXT('2D SPACE',''
  ) );
#1315 = ORIENTED_EDGE('',*,*,#1316,.T.);
#1316 = EDGE_CURVE('',#1289,#1317,#1319,.T.);
#1317 = VERTEX_POINT('',#1318);
#1318 = CARTESIAN_POINT('',(157.996,-123.217754,0.));
#1319 = SURFACE_CURVE('',#1320,(#1324,#1331),.PCURVE_S1.);
#1320 = LINE('',#1321,#1322);
#1321 = CARTESIAN_POINT('',(158.369169,-122.557718,0.));
#1322 = VECTOR('',#1323,1.);
#1323 = DIRECTION('',(-0.492162379321,-0.870503413193,0.));
#1324 = PCURVE('',#144,#1325);
#1325 = DEFINITIONAL_REPRESENTATION('',(#1326),#1330);
#1326 = LINE('',#1327,#1328);
#1327 = CARTESIAN_POINT('',(-28.369169,-17.557718));
#1328 = VECTOR('',#1329,1.);
#1329 = DIRECTION('',(0.492162379321,-0.870503413193));
#1330 = ( GEOMETRIC_REPRESENTATION_CONTEXT(2) 
PARAMETRIC_REPRESENTATION_CONTEXT() REPRESENTATION_CONTEXT('2D SPACE',''
  ) );
#1331 = PCURVE('',#1332,#1337);
#1332 = PLANE('',#1333);
#1333 = AXIS2_PLACEMENT_3D('',#1334,#1335,#1336);
#1334 = CARTESIAN_POINT('',(158.369169,-122.557718,0.));
#1335 = DIRECTION('',(0.870503413193,-0.492162379321,0.));
#1336 = DIRECTION('',(-0.492162379321,-0.870503413193,0.));
#1337 = DEFINITIONAL_REPRESENTATION('',(#1338),#1342);
#1338 = LINE('',#1339,#1340);
#1339 = CARTESIAN_POINT('',(0.,0.));
#1340 = VECTOR('',#1341,1.);
#1341 = DIRECTION('',(1.,0.));
#1342 = ( GEOMETRIC_REPRESENTATION_CONTEXT(2) 
PARAMETRIC_REPRESENTATION_CONTEXT() REPRESENTATION_CONTEXT('2D SPACE',''
  ) );
#1343 = ORIENTED_EDGE('',*,*,#1344,.T.);
#1344 = EDGE_CURVE('',#1317,#1345,#1347,.T.);
#1345 = VERTEX_POINT('',#1346);
#1346 = CARTESIAN_POINT('',(157.587646,-123.856619,0.));
#1347 = SURFACE_CURVE('',#1348,(#1352,#1359),.PCURVE_S1.);
#1348 = LINE('',#1349,#1350);
#1349 = CARTESIAN_POINT('',(157.996,-123.217754,0.));
#1350 = VECTOR('',#1351,1.);
#1351 = DIRECTION('',(-0.538567449634,-0.842582400834,0.));
#1352 = PCURVE('',#144,#1353);
#1353 = DEFINITIONAL_REPRESENTATION('',(#1354),#1358);
#1354 = LINE('',#1355,#1356);
#1355 = CARTESIAN_POINT('',(-27.996,-18.217754));
#1356 = VECTOR('',#1357,1.);
#1357 = DIRECTION('',(0.538567449634,-0.842582400834));
#1358 = ( GEOMETRIC_REPRESENTATION_CONTEXT(2) 
PARAMETRIC_REPRESENTATION_CONTEXT() REPRESENTATION_CONTEXT('2D SPACE',''
  ) );
#1359 = PCURVE('',#1360,#1365);
#1360 = PLANE('',#1361);
#1361 = AXIS2_PLACEMENT_3D('',#1362,#1363,#1364);
#1362 = CARTESIAN_POINT('',(157.996,-123.217754,0.));
#1363 = DIRECTION('',(0.842582400834,-0.538567449634,0.));
#1364 = DIRECTION('',(-0.538567449634,-0.842582400834,0.));
#1365 = DEFINITIONAL_REPRESENTATION('',(#1366),#1370);
#1366 = LINE('',#1367,#1368);
#1367 = CARTESIAN_POINT('',(0.,0.));
#1368 = VECTOR('',#1369,1.);
#1369 = DIRECTION('',(1.,0.));
#1370 = ( GEOMETRIC_REPRESENTATION_CONTEXT(2) 
PARAMETRIC_REPRESENTATION_CONTEXT() REPRESENTATION_CONTEXT('2D SPACE',''
  ) );
#1371 = ORIENTED_EDGE('',*,*,#1372,.T.);
#1372 = EDGE_CURVE('',#1345,#1373,#1375,.T.);
#1373 = VERTEX_POINT('',#1374);
#1374 = CARTESIAN_POINT('',(157.145303,-124.472439,0.));
#1375 = SURFACE_CURVE('',#1376,(#1380,#1387),.PCURVE_S1.);
#1376 = LINE('',#1377,#1378);
#1377 = CARTESIAN_POINT('',(157.587646,-123.856619,0.));
#1378 = VECTOR('',#1379,1.);
#1379 = DIRECTION('',(-0.583394592868,-0.812188862896,0.));
#1380 = PCURVE('',#144,#1381);
#1381 = DEFINITIONAL_REPRESENTATION('',(#1382),#1386);
#1382 = LINE('',#1383,#1384);
#1383 = CARTESIAN_POINT('',(-27.587646,-18.856619));
#1384 = VECTOR('',#1385,1.);
#1385 = DIRECTION('',(0.583394592868,-0.812188862896));
#1386 = ( GEOMETRIC_REPRESENTATION_CONTEXT(2) 
PARAMETRIC_REPRESENTATION_CONTEXT() REPRESENTATION_CONTEXT('2D SPACE',''
  ) );
#1387 = PCURVE('',#1388,#1393);
#1388 = PLANE('',#1389);
#1389 = AXIS2_PLACEMENT_3D('',#1390,#1391,#1392);
#1390 = CARTESIAN_POINT('',(157.587646,-123.856619,0.));
#1391 = DIRECTION('',(0.812188862896,-0.583394592868,0.));
#1392 = DIRECTION('',(-0.583394592868,-0.812188862896,0.));
#1393 = DEFINITIONAL_REPRESENTATION('',(#1394),#1398);
#1394 = LINE('',#1395,#1396);
#1395 = CARTESIAN_POINT('',(0.,0.));
#1396 = VECTOR('',#1397,1.);
#1397 = DIRECTION('',(1.,0.));
#1398 = ( GEOMETRIC_REPRESENTATION_CONTEXT(2) 
PARAMETRIC_REPRESENTATION_CONTEXT() REPRESENTATION_CONTEXT('2D SPACE',''
  ) );
#1399 = ORIENTED_EDGE('',*,*,#1400,.T.);
#1400 = EDGE_CURVE('',#1373,#1401,#1403,.T.);
#1401 = VERTEX_POINT('',#1402);
#1402 = CARTESIAN_POINT('',(156.670269,-125.063408,0.));
#1403 = SURFACE_CURVE('',#1404,(#1408,#1415),.PCURVE_S1.);
#1404 = LINE('',#1405,#1406);
#1405 = CARTESIAN_POINT('',(157.145303,-124.472439,0.));
#1406 = VECTOR('',#1407,1.);
#1407 = DIRECTION('',(-0.626509864591,-0.779413490755,0.));
#1408 = PCURVE('',#144,#1409);
#1409 = DEFINITIONAL_REPRESENTATION('',(#1410),#1414);
#1410 = LINE('',#1411,#1412);
#1411 = CARTESIAN_POINT('',(-27.145303,-19.472439));
#1412 = VECTOR('',#1413,1.);
#1413 = DIRECTION('',(0.626509864591,-0.779413490755));
#1414 = ( GEOMETRIC_REPRESENTATION_CONTEXT(2) 
PARAMETRIC_REPRESENTATION_CONTEXT() REPRESENTATION_CONTEXT('2D SPACE',''
  ) );
#1415 = PCURVE('',#1416,#1421);
#1416 = PLANE('',#1417);
#1417 = AXIS2_PLACEMENT_3D('',#1418,#1419,#1420);
#1418 = CARTESIAN_POINT('',(157.145303,-124.472439,0.));
#1419 = DIRECTION('',(0.779413490755,-0.626509864591,0.));
#1420 = DIRECTION('',(-0.626509864591,-0.779413490755,0.));
#1421 = DEFINITIONAL_REPRESENTATION('',(#1422),#1426);
#1422 = LINE('',#1423,#1424);
#1423 = CARTESIAN_POINT('',(0.,0.));
#1424 = VECTOR('',#1425,1.);
#1425 = DIRECTION('',(1.,0.));
#1426 = ( GEOMETRIC_REPRESENTATION_CONTEXT(2) 
PARAMETRIC_REPRESENTATION_CONTEXT() REPRESENTATION_CONTEXT('2D SPACE',''
  ) );
#1427 = ORIENTED_EDGE('',*,*,#1428,.T.);
#1428 = EDGE_CURVE('',#1401,#1429,#1431,.T.);
#1429 = VERTEX_POINT('',#1430);
#1430 = CARTESIAN_POINT('',(156.163937,-125.627792,0.));
#1431 = SURFACE_CURVE('',#1432,(#1436,#1443),.PCURVE_S1.);
#1432 = LINE('',#1433,#1434);
#1433 = CARTESIAN_POINT('',(156.670269,-125.063408,0.));
#1434 = VECTOR('',#1435,1.);
#1435 = DIRECTION('',(-0.667788129409,-0.744351405063,0.));
#1436 = PCURVE('',#144,#1437);
#1437 = DEFINITIONAL_REPRESENTATION('',(#1438),#1442);
#1438 = LINE('',#1439,#1440);
#1439 = CARTESIAN_POINT('',(-26.670269,-20.063408));
#1440 = VECTOR('',#1441,1.);
#1441 = DIRECTION('',(0.667788129409,-0.744351405063));
#1442 = ( GEOMETRIC_REPRESENTATION_CONTEXT(2) 
PARAMETRIC_REPRESENTATION_CONTEXT() REPRESENTATION_CONTEXT('2D SPACE',''
  ) );
#1443 = PCURVE('',#1444,#1449);
#1444 = PLANE('',#1445);
#1445 = AXIS2_PLACEMENT_3D('',#1446,#1447,#1448);
#1446 = CARTESIAN_POINT('',(156.670269,-125.063408,0.));
#1447 = DIRECTION('',(0.744351405063,-0.667788129409,0.));
#1448 = DIRECTION('',(-0.667788129409,-0.744351405063,0.));
#1449 = DEFINITIONAL_REPRESENTATION('',(#1450),#1454);
#1450 = LINE('',#1451,#1452);
#1451 = CARTESIAN_POINT('',(0.,0.));
#1452 = VECTOR('',#1453,1.);
#1453 = DIRECTION('',(1.,0.));
#1454 = ( GEOMETRIC_REPRESENTATION_CONTEXT(2) 
PARAMETRIC_REPRESENTATION_CONTEXT() REPRESENTATION_CONTEXT('2D SPACE',''
  ) );
#1455 = ORIENTED_EDGE('',*,*,#1456,.T.);
#1456 = EDGE_CURVE('',#1429,#1457,#1459,.T.);
#1457 = VERTEX_POINT('',#1458);
#1458 = CARTESIAN_POINT('',(155.627792,-126.163937,0.));
#1459 = SURFACE_CURVE('',#1460,(#1464,#1471),.PCURVE_S1.);
#1460 = LINE('',#1461,#1462);
#1461 = CARTESIAN_POINT('',(156.163937,-125.627792,0.));
#1462 = VECTOR('',#1463,1.);
#1463 = DIRECTION('',(-0.707106781187,-0.707106781187,0.));
#1464 = PCURVE('',#144,#1465);
#1465 = DEFINITIONAL_REPRESENTATION('',(#1466),#1470);
#1466 = LINE('',#1467,#1468);
#1467 = CARTESIAN_POINT('',(-26.163937,-20.627792));
#1468 = VECTOR('',#1469,1.);
#1469 = DIRECTION('',(0.707106781187,-0.707106781187));
#1470 = ( GEOMETRIC_REPRESENTATION_CONTEXT(2) 
PARAMETRIC_REPRESENTATION_CONTEXT() REPRESENTATION_CONTEXT('2D SPACE',''
  ) );
#1471 = PCURVE('',#1472,#1477);
#1472 = PLANE('',#1473);
#1473 = AXIS2_PLACEMENT_3D('',#1474,#1475,#1476);
#1474 = CARTESIAN_POINT('',(156.163937,-125.627792,0.));
#1475 = DIRECTION('',(0.707106781187,-0.707106781187,0.));
#1476 = DIRECTION('',(-0.707106781187,-0.707106781187,0.));
#1477 = DEFINITIONAL_REPRESENTATION('',(#1478),#1482);
#1478 = LINE('',#1479,#1480);
#1479 = CARTESIAN_POINT('',(0.,0.));
#1480 = VECTOR('',#1481,1.);
#1481 = DIRECTION('',(1.,0.));
#1482 = ( GEOMETRIC_REPRESENTATION_CONTEXT(2) 
PARAMETRIC_REPRESENTATION_CONTEXT() REPRESENTATION_CONTEXT('2D SPACE',''
  ) );
#1483 = ORIENTED_EDGE('',*,*,#1484,.T.);
#1484 = EDGE_CURVE('',#1457,#1485,#1487,.T.);
#1485 = VERTEX_POINT('',#1486);
#1486 = CARTESIAN_POINT('',(155.063408,-126.670269,0.));
#1487 = SURFACE_CURVE('',#1488,(#1492,#1499),.PCURVE_S1.);
#1488 = LINE('',#1489,#1490);
#1489 = CARTESIAN_POINT('',(155.627792,-126.163937,0.));
#1490 = VECTOR('',#1491,1.);
#1491 = DIRECTION('',(-0.744351405063,-0.667788129409,0.));
#1492 = PCURVE('',#144,#1493);
#1493 = DEFINITIONAL_REPRESENTATION('',(#1494),#1498);
#1494 = LINE('',#1495,#1496);
#1495 = CARTESIAN_POINT('',(-25.627792,-21.163937));
#1496 = VECTOR('',#1497,1.);
#1497 = DIRECTION('',(0.744351405063,-0.667788129409));
#1498 = ( GEOMETRIC_REPRESENTATION_CONTEXT(2) 
PARAMETRIC_REPRESENTATION_CONTEXT() REPRESENTATION_CONTEXT('2D SPACE',''
  ) );
#1499 = PCURVE('',#1500,#1505);
#1500 = PLANE('',#1501);
#1501 = AXIS2_PLACEMENT_3D('',#1502,#1503,#1504);
#1502 = CARTESIAN_POINT('',(155.627792,-126.163937,0.));
#1503 = DIRECTION('',(0.667788129409,-0.744351405063,0.));
#1504 = DIRECTION('',(-0.744351405063,-0.667788129409,0.));
#1505 = DEFINITIONAL_REPRESENTATION('',(#1506),#1510);
#1506 = LINE('',#1507,#1508);
#1507 = CARTESIAN_POINT('',(0.,0.));
#1508 = VECTOR('',#1509,1.);
#1509 = DIRECTION('',(1.,0.));
#1510 = ( GEOMETRIC_REPRESENTATION_CONTEXT(2) 
PARAMETRIC_REPRESENTATION_CONTEXT() REPRESENTATION_CONTEXT('2D SPACE',''
  ) );
#1511 = ORIENTED_EDGE('',*,*,#1512,.T.);
#1512 = EDGE_CURVE('',#1485,#1513,#1515,.T.);
#1513 = VERTEX_POINT('',#1514);
#1514 = CARTESIAN_POINT('',(154.472439,-127.145303,0.));
#1515 = SURFACE_CURVE('',#1516,(#1520,#1527),.PCURVE_S1.);
#1516 = LINE('',#1517,#1518);
#1517 = CARTESIAN_POINT('',(155.063408,-126.670269,0.));
#1518 = VECTOR('',#1519,1.);
#1519 = DIRECTION('',(-0.779413490755,-0.626509864591,0.));
#1520 = PCURVE('',#144,#1521);
#1521 = DEFINITIONAL_REPRESENTATION('',(#1522),#1526);
#1522 = LINE('',#1523,#1524);
#1523 = CARTESIAN_POINT('',(-25.063408,-21.670269));
#1524 = VECTOR('',#1525,1.);
#1525 = DIRECTION('',(0.779413490755,-0.626509864591));
#1526 = ( GEOMETRIC_REPRESENTATION_CONTEXT(2) 
PARAMETRIC_REPRESENTATION_CONTEXT() REPRESENTATION_CONTEXT('2D SPACE',''
  ) );
#1527 = PCURVE('',#1528,#1533);
#1528 = PLANE('',#1529);
#1529 = AXIS2_PLACEMENT_3D('',#1530,#1531,#1532);
#1530 = CARTESIAN_POINT('',(155.063408,-126.670269,0.));
#1531 = DIRECTION('',(0.626509864591,-0.779413490755,0.));
#1532 = DIRECTION('',(-0.779413490755,-0.626509864591,0.));
#1533 = DEFINITIONAL_REPRESENTATION('',(#1534),#1538);
#1534 = LINE('',#1535,#1536);
#1535 = CARTESIAN_POINT('',(0.,0.));
#1536 = VECTOR('',#1537,1.);
#1537 = DIRECTION('',(1.,0.));
#1538 = ( GEOMETRIC_REPRESENTATION_CONTEXT(2) 
PARAMETRIC_REPRESENTATION_CONTEXT() REPRESENTATION_CONTEXT('2D SPACE',''
  ) );
#1539 = ORIENTED_EDGE('',*,*,#1540,.T.);
#1540 = EDGE_CURVE('',#1513,#1541,#1543,.T.);
#1541 = VERTEX_POINT('',#1542);
#1542 = CARTESIAN_POINT('',(153.856619,-127.587646,0.));
#1543 = SURFACE_CURVE('',#1544,(#1548,#1555),.PCURVE_S1.);
#1544 = LINE('',#1545,#1546);
#1545 = CARTESIAN_POINT('',(154.472439,-127.145303,0.));
#1546 = VECTOR('',#1547,1.);
#1547 = DIRECTION('',(-0.812188862896,-0.583394592868,0.));
#1548 = PCURVE('',#144,#1549);
#1549 = DEFINITIONAL_REPRESENTATION('',(#1550),#1554);
#1550 = LINE('',#1551,#1552);
#1551 = CARTESIAN_POINT('',(-24.472439,-22.145303));
#1552 = VECTOR('',#1553,1.);
#1553 = DIRECTION('',(0.812188862896,-0.583394592868));
#1554 = ( GEOMETRIC_REPRESENTATION_CONTEXT(2) 
PARAMETRIC_REPRESENTATION_CONTEXT() REPRESENTATION_CONTEXT('2D SPACE',''
  ) );
#1555 = PCURVE('',#1556,#1561);
#1556 = PLANE('',#1557);
#1557 = AXIS2_PLACEMENT_3D('',#1558,#1559,#1560);
#1558 = CARTESIAN_POINT('',(154.472439,-127.145303,0.));
#1559 = DIRECTION('',(0.583394592868,-0.812188862896,0.));
#1560 = DIRECTION('',(-0.812188862896,-0.583394592868,0.));
#1561 = DEFINITIONAL_REPRESENTATION('',(#1562),#1566);
#1562 = LINE('',#1563,#1564);
#1563 = CARTESIAN_POINT('',(0.,0.));
#1564 = VECTOR('',#1565,1.);
#1565 = DIRECTION('',(1.,0.));
#1566 = ( GEOMETRIC_REPRESENTATION_CONTEXT(2) 
PARAMETRIC_REPRESENTATION_CONTEXT() REPRESENTATION_CONTEXT('2D SPACE',''
  ) );
#1567 = ORIENTED_EDGE('',*,*,#1568,.T.);
#1568 = EDGE_CURVE('',#1541,#1569,#1571,.T.);
#1569 = VERTEX_POINT('',#1570);
#1570 = CARTESIAN_POINT('',(153.217754,-127.996,0.));
#1571 = SURFACE_CURVE('',#1572,(#1576,#1583),.PCURVE_S1.);
#1572 = LINE('',#1573,#1574);
#1573 = CARTESIAN_POINT('',(153.856619,-127.587646,0.));
#1574 = VECTOR('',#1575,1.);
#1575 = DIRECTION('',(-0.842582400834,-0.538567449634,0.));
#1576 = PCURVE('',#144,#1577);
#1577 = DEFINITIONAL_REPRESENTATION('',(#1578),#1582);
#1578 = LINE('',#1579,#1580);
#1579 = CARTESIAN_POINT('',(-23.856619,-22.587646));
#1580 = VECTOR('',#1581,1.);
#1581 = DIRECTION('',(0.842582400834,-0.538567449634));
#1582 = ( GEOMETRIC_REPRESENTATION_CONTEXT(2) 
PARAMETRIC_REPRESENTATION_CONTEXT() REPRESENTATION_CONTEXT('2D SPACE',''
  ) );
#1583 = PCURVE('',#1584,#1589);
#1584 = PLANE('',#1585);
#1585 = AXIS2_PLACEMENT_3D('',#1586,#1587,#1588);
#1586 = CARTESIAN_POINT('',(153.856619,-127.587646,0.));
#1587 = DIRECTION('',(0.538567449634,-0.842582400834,0.));
#1588 = DIRECTION('',(-0.842582400834,-0.538567449634,0.));
#1589 = DEFINITIONAL_REPRESENTATION('',(#1590),#1594);
#1590 = LINE('',#1591,#1592);
#1591 = CARTESIAN_POINT('',(0.,0.));
#1592 = VECTOR('',#1593,1.);
#1593 = DIRECTION('',(1.,0.));
#1594 = ( GEOMETRIC_REPRESENTATION_CONTEXT(2) 
PARAMETRIC_REPRESENTATION_CONTEXT() REPRESENTATION_CONTEXT('2D SPACE',''
  ) );
#1595 = ORIENTED_EDGE('',*,*,#1596,.T.);
#1596 = EDGE_CURVE('',#1569,#1597,#1599,.T.);
#1597 = VERTEX_POINT('',#1598);
#1598 = CARTESIAN_POINT('',(152.557718,-128.369169,0.));
#1599 = SURFACE_CURVE('',#1600,(#1604,#1611),.PCURVE_S1.);
#1600 = LINE('',#1601,#1602);
#1601 = CARTESIAN_POINT('',(153.217754,-127.996,0.));
#1602 = VECTOR('',#1603,1.);
#1603 = DIRECTION('',(-0.870503413193,-0.492162379321,0.));
#1604 = PCURVE('',#144,#1605);
#1605 = DEFINITIONAL_REPRESENTATION('',(#1606),#1610);
#1606 = LINE('',#1607,#1608);
#1607 = CARTESIAN_POINT('',(-23.217754,-22.996));
#1608 = VECTOR('',#1609,1.);
#1609 = DIRECTION('',(0.870503413193,-0.492162379321));
#1610 = ( GEOMETRIC_REPRESENTATION_CONTEXT(2) 
PARAMETRIC_REPRESENTATION_CONTEXT() REPRESENTATION_CONTEXT('2D SPACE',''
  ) );
#1611 = PCURVE('',#1612,#1617);
#1612 = PLANE('',#1613);
#1613 = AXIS2_PLACEMENT_3D('',#1614,#1615,#1616);
#1614 = CARTESIAN_POINT('',(153.217754,-127.996,0.));
#1615 = DIRECTION('',(0.492162379321,-0.870503413193,0.));
#1616 = DIRECTION('',(-0.870503413193,-0.492162379321,0.));
#1617 = DEFINITIONAL_REPRESENTATION('',(#1618),#1622);
#1618 = LINE('',#1619,#1620);
#1619 = CARTESIAN_POINT('',(0.,0.));
#1620 = VECTOR('',#1621,1.);
#1621 = DIRECTION('',(1.,0.));
#1622 = ( GEOMETRIC_REPRESENTATION_CONTEXT(2) 
PARAMETRIC_REPRESENTATION_CONTEXT() REPRESENTATION_CONTEXT('2D SPACE',''
  ) );
#1623 = ORIENTED_EDGE('',*,*,#1624,.T.);
#1624 = EDGE_CURVE('',#1597,#1625,#1627,.T.);
#1625 = VERTEX_POINT('',#1626);
#1626 = CARTESIAN_POINT('',(151.878447,-128.706056,0.));
#1627 = SURFACE_CURVE('',#1628,(#1632,#1639),.PCURVE_S1.);
#1628 = LINE('',#1629,#1630);
#1629 = CARTESIAN_POINT('',(152.557718,-128.369169,0.));
#1630 = VECTOR('',#1631,1.);
#1631 = DIRECTION('',(-0.895872459279,-0.444311306075,0.));
#1632 = PCURVE('',#144,#1633);
#1633 = DEFINITIONAL_REPRESENTATION('',(#1634),#1638);
#1634 = LINE('',#1635,#1636);
#1635 = CARTESIAN_POINT('',(-22.557718,-23.369169));
#1636 = VECTOR('',#1637,1.);
#1637 = DIRECTION('',(0.895872459279,-0.444311306075));
#1638 = ( GEOMETRIC_REPRESENTATION_CONTEXT(2) 
PARAMETRIC_REPRESENTATION_CONTEXT() REPRESENTATION_CONTEXT('2D SPACE',''
  ) );
#1639 = PCURVE('',#1640,#1645);
#1640 = PLANE('',#1641);
#1641 = AXIS2_PLACEMENT_3D('',#1642,#1643,#1644);
#1642 = CARTESIAN_POINT('',(152.557718,-128.369169,0.));
#1643 = DIRECTION('',(0.444311306075,-0.895872459279,0.));
#1644 = DIRECTION('',(-0.895872459279,-0.444311306075,0.));
#1645 = DEFINITIONAL_REPRESENTATION('',(#1646),#1650);
#1646 = LINE('',#1647,#1648);
#1647 = CARTESIAN_POINT('',(0.,0.));
#1648 = VECTOR('',#1649,1.);
#1649 = DIRECTION('',(1.,0.));
#1650 = ( GEOMETRIC_REPRESENTATION_CONTEXT(2) 
PARAMETRIC_REPRESENTATION_CONTEXT() REPRESENTATION_CONTEXT('2D SPACE',''
  ) );
#1651 = ORIENTED_EDGE('',*,*,#1652,.T.);
#1652 = EDGE_CURVE('',#1625,#1653,#1655,.T.);
#1653 = VERTEX_POINT('',#1654);
#1654 = CARTESIAN_POINT('',(151.181934,-129.005674,0.));
#1655 = SURFACE_CURVE('',#1656,(#1660,#1667),.PCURVE_S1.);
#1656 = LINE('',#1657,#1658);
#1657 = CARTESIAN_POINT('',(151.878447,-128.706056,0.));
#1658 = VECTOR('',#1659,1.);
#1659 = DIRECTION('',(-0.918612983605,-0.395158431963,0.));
#1660 = PCURVE('',#144,#1661);
#1661 = DEFINITIONAL_REPRESENTATION('',(#1662),#1666);
#1662 = LINE('',#1663,#1664);
#1663 = CARTESIAN_POINT('',(-21.878447,-23.706056));
#1664 = VECTOR('',#1665,1.);
#1665 = DIRECTION('',(0.918612983605,-0.395158431963));
#1666 = ( GEOMETRIC_REPRESENTATION_CONTEXT(2) 
PARAMETRIC_REPRESENTATION_CONTEXT() REPRESENTATION_CONTEXT('2D SPACE',''
  ) );
#1667 = PCURVE('',#1668,#1673);
#1668 = PLANE('',#1669);
#1669 = AXIS2_PLACEMENT_3D('',#1670,#1671,#1672);
#1670 = CARTESIAN_POINT('',(151.878447,-128.706056,0.));
#1671 = DIRECTION('',(0.395158431963,-0.918612983605,0.));
#1672 = DIRECTION('',(-0.918612983605,-0.395158431963,0.));
#1673 = DEFINITIONAL_REPRESENTATION('',(#1674),#1678);
#1674 = LINE('',#1675,#1676);
#1675 = CARTESIAN_POINT('',(0.,0.));
#1676 = VECTOR('',#1677,1.);
#1677 = DIRECTION('',(1.,0.));
#1678 = ( GEOMETRIC_REPRESENTATION_CONTEXT(2) 
PARAMETRIC_REPRESENTATION_CONTEXT() REPRESENTATION_CONTEXT('2D SPACE',''
  ) );
#1679 = ORIENTED_EDGE('',*,*,#1680,.T.);
#1680 = EDGE_CURVE('',#1653,#1681,#1683,.T.);
#1681 = VERTEX_POINT('',#1682);
#1682 = CARTESIAN_POINT('',(150.470221,-129.267144,0.));
#1683 = SURFACE_CURVE('',#1684,(#1688,#1695),.PCURVE_S1.);
#1684 = LINE('',#1685,#1686);
#1685 = CARTESIAN_POINT('',(151.181934,-129.005674,0.));
#1686 = VECTOR('',#1687,1.);
#1687 = DIRECTION('',(-0.938659339746,-0.344845826286,0.));
#1688 = PCURVE('',#144,#1689);
#1689 = DEFINITIONAL_REPRESENTATION('',(#1690),#1694);
#1690 = LINE('',#1691,#1692);
#1691 = CARTESIAN_POINT('',(-21.181934,-24.005674));
#1692 = VECTOR('',#1693,1.);
#1693 = DIRECTION('',(0.938659339746,-0.344845826286));
#1694 = ( GEOMETRIC_REPRESENTATION_CONTEXT(2) 
PARAMETRIC_REPRESENTATION_CONTEXT() REPRESENTATION_CONTEXT('2D SPACE',''
  ) );
#1695 = PCURVE('',#1696,#1701);
#1696 = PLANE('',#1697);
#1697 = AXIS2_PLACEMENT_3D('',#1698,#1699,#1700);
#1698 = CARTESIAN_POINT('',(151.181934,-129.005674,0.));
#1699 = DIRECTION('',(0.344845826286,-0.938659339746,0.));
#1700 = DIRECTION('',(-0.938659339746,-0.344845826286,0.));
#1701 = DEFINITIONAL_REPRESENTATION('',(#1702),#1706);
#1702 = LINE('',#1703,#1704);
#1703 = CARTESIAN_POINT('',(0.,0.));
#1704 = VECTOR('',#1705,1.);
#1705 = DIRECTION('',(1.,0.));
#1706 = ( GEOMETRIC_REPRESENTATION_CONTEXT(2) 
PARAMETRIC_REPRESENTATION_CONTEXT() REPRESENTATION_CONTEXT('2D SPACE',''
  ) );
#1707 = ORIENTED_EDGE('',*,*,#1708,.T.);
#1708 = EDGE_CURVE('',#1681,#1709,#1711,.T.);
#1709 = VERTEX_POINT('',#1710);
#1710 = CARTESIAN_POINT('',(149.745397,-129.4897,0.));
#1711 = SURFACE_CURVE('',#1712,(#1716,#1723),.PCURVE_S1.);
#1712 = LINE('',#1713,#1714);
#1713 = CARTESIAN_POINT('',(150.470221,-129.267144,0.));
#1714 = VECTOR('',#1715,1.);
#1715 = DIRECTION('',(-0.955951879609,-0.293523429851,0.));
#1716 = PCURVE('',#144,#1717);
#1717 = DEFINITIONAL_REPRESENTATION('',(#1718),#1722);
#1718 = LINE('',#1719,#1720);
#1719 = CARTESIAN_POINT('',(-20.470221,-24.267144));
#1720 = VECTOR('',#1721,1.);
#1721 = DIRECTION('',(0.955951879609,-0.293523429851));
#1722 = ( GEOMETRIC_REPRESENTATION_CONTEXT(2) 
PARAMETRIC_REPRESENTATION_CONTEXT() REPRESENTATION_CONTEXT('2D SPACE',''
  ) );
#1723 = PCURVE('',#1724,#1729);
#1724 = PLANE('',#1725);
#1725 = AXIS2_PLACEMENT_3D('',#1726,#1727,#1728);
#1726 = CARTESIAN_POINT('',(150.470221,-129.267144,0.));
#1727 = DIRECTION('',(0.293523429851,-0.955951879609,0.));
#1728 = DIRECTION('',(-0.955951879609,-0.293523429851,0.));
#1729 = DEFINITIONAL_REPRESENTATION('',(#1730),#1734);
#1730 = LINE('',#1731,#1732);
#1731 = CARTESIAN_POINT('',(0.,0.));
#1732 = VECTOR('',#1733,1.);
#1733 = DIRECTION('',(1.,0.));
#1734 = ( GEOMETRIC_REPRESENTATION_CONTEXT(2) 
PARAMETRIC_REPRESENTATION_CONTEXT() REPRESENTATION_CONTEXT('2D SPACE',''
  ) );
#1735 = ORIENTED_EDGE('',*,*,#1736,.T.);
#1736 = EDGE_CURVE('',#1709,#1737,#1739,.T.);
#1737 = VERTEX_POINT('',#1738);
#1738 = CARTESIAN_POINT('',(149.009586,-129.672688,0.));
#1739 = SURFACE_CURVE('',#1740,(#1744,#1751),.PCURVE_S1.);
#1740 = LINE('',#1741,#1742);
#1741 = CARTESIAN_POINT('',(149.745397,-129.4897,0.));
#1742 = VECTOR('',#1743,1.);
#1743 = DIRECTION('',(-0.970441145165,-0.241337903716,0.));
#1744 = PCURVE('',#144,#1745);
#1745 = DEFINITIONAL_REPRESENTATION('',(#1746),#1750);
#1746 = LINE('',#1747,#1748);
#1747 = CARTESIAN_POINT('',(-19.745397,-24.4897));
#1748 = VECTOR('',#1749,1.);
#1749 = DIRECTION('',(0.970441145165,-0.241337903716));
#1750 = ( GEOMETRIC_REPRESENTATION_CONTEXT(2) 
PARAMETRIC_REPRESENTATION_CONTEXT() REPRESENTATION_CONTEXT('2D SPACE',''
  ) );
#1751 = PCURVE('',#1752,#1757);
#1752 = PLANE('',#1753);
#1753 = AXIS2_PLACEMENT_3D('',#1754,#1755,#1756);
#1754 = CARTESIAN_POINT('',(149.745397,-129.4897,0.));
#1755 = DIRECTION('',(0.241337903716,-0.970441145165,0.));
#1756 = DIRECTION('',(-0.970441145165,-0.241337903716,0.));
#1757 = DEFINITIONAL_REPRESENTATION('',(#1758),#1762);
#1758 = LINE('',#1759,#1760);
#1759 = CARTESIAN_POINT('',(0.,0.));
#1760 = VECTOR('',#1761,1.);
#1761 = DIRECTION('',(1.,0.));
#1762 = ( GEOMETRIC_REPRESENTATION_CONTEXT(2) 
PARAMETRIC_REPRESENTATION_CONTEXT() REPRESENTATION_CONTEXT('2D SPACE',''
  ) );
#1763 = ORIENTED_EDGE('',*,*,#1764,.T.);
#1764 = EDGE_CURVE('',#1737,#1765,#1767,.T.);
#1765 = VERTEX_POINT('',#1766);
#1766 = CARTESIAN_POINT('',(148.264948,-129.815571,0.));
#1767 = SURFACE_CURVE('',#1768,(#1772,#1779),.PCURVE_S1.);
#1768 = LINE('',#1769,#1770);
#1769 = CARTESIAN_POINT('',(149.009586,-129.672688,0.));
#1770 = VECTOR('',#1771,1.);
#1771 = DIRECTION('',(-0.98208380359,-0.188444694077,0.));
#1772 = PCURVE('',#144,#1773);
#1773 = DEFINITIONAL_REPRESENTATION('',(#1774),#1778);
#1774 = LINE('',#1775,#1776);
#1775 = CARTESIAN_POINT('',(-19.009586,-24.672688));
#1776 = VECTOR('',#1777,1.);
#1777 = DIRECTION('',(0.98208380359,-0.188444694077));
#1778 = ( GEOMETRIC_REPRESENTATION_CONTEXT(2) 
PARAMETRIC_REPRESENTATION_CONTEXT() REPRESENTATION_CONTEXT('2D SPACE',''
  ) );
#1779 = PCURVE('',#1780,#1785);
#1780 = PLANE('',#1781);
#1781 = AXIS2_PLACEMENT_3D('',#1782,#1783,#1784);
#1782 = CARTESIAN_POINT('',(149.009586,-129.672688,0.));
#1783 = DIRECTION('',(0.188444694077,-0.98208380359,0.));
#1784 = DIRECTION('',(-0.98208380359,-0.188444694077,0.));
#1785 = DEFINITIONAL_REPRESENTATION('',(#1786),#1790);
#1786 = LINE('',#1787,#1788);
#1787 = CARTESIAN_POINT('',(0.,0.));
#1788 = VECTOR('',#1789,1.);
#1789 = DIRECTION('',(1.,0.));
#1790 = ( GEOMETRIC_REPRESENTATION_CONTEXT(2) 
PARAMETRIC_REPRESENTATION_CONTEXT() REPRESENTATION_CONTEXT('2D SPACE',''
  ) );
#1791 = ORIENTED_EDGE('',*,*,#1792,.T.);
#1792 = EDGE_CURVE('',#1765,#1793,#1795,.T.);
#1793 = VERTEX_POINT('',#1794);
#1794 = CARTESIAN_POINT('',(147.513666,-129.917931,0.));
#1795 = SURFACE_CURVE('',#1796,(#1800,#1807),.PCURVE_S1.);
#1796 = LINE('',#1797,#1798);
#1797 = CARTESIAN_POINT('',(148.264948,-129.815571,0.));
#1798 = VECTOR('',#1799,1.);
#1799 = DIRECTION('',(-0.99084561886,-0.134999850318,0.));
#1800 = PCURVE('',#144,#1801);
#1801 = DEFINITIONAL_REPRESENTATION('',(#1802),#1806);
#1802 = LINE('',#1803,#1804);
#1803 = CARTESIAN_POINT('',(-18.264948,-24.815571));
#1804 = VECTOR('',#1805,1.);
#1805 = DIRECTION('',(0.99084561886,-0.134999850318));
#1806 = ( GEOMETRIC_REPRESENTATION_CONTEXT(2) 
PARAMETRIC_REPRESENTATION_CONTEXT() REPRESENTATION_CONTEXT('2D SPACE',''
  ) );
#1807 = PCURVE('',#1808,#1813);
#1808 = PLANE('',#1809);
#1809 = AXIS2_PLACEMENT_3D('',#1810,#1811,#1812);
#1810 = CARTESIAN_POINT('',(148.264948,-129.815571,0.));
#1811 = DIRECTION('',(0.134999850318,-0.99084561886,0.));
#1812 = DIRECTION('',(-0.99084561886,-0.134999850318,0.));
#1813 = DEFINITIONAL_REPRESENTATION('',(#1814),#1818);
#1814 = LINE('',#1815,#1816);
#1815 = CARTESIAN_POINT('',(0.,0.));
#1816 = VECTOR('',#1817,1.);
#1817 = DIRECTION('',(1.,0.));
#1818 = ( GEOMETRIC_REPRESENTATION_CONTEXT(2) 
PARAMETRIC_REPRESENTATION_CONTEXT() REPRESENTATION_CONTEXT('2D SPACE',''
  ) );
#1819 = ORIENTED_EDGE('',*,*,#1820,.T.);
#1820 = EDGE_CURVE('',#1793,#1821,#1823,.T.);
#1821 = VERTEX_POINT('',#1822);
#1822 = CARTESIAN_POINT('',(146.757945,-129.979468,0.));
#1823 = SURFACE_CURVE('',#1824,(#1828,#1835),.PCURVE_S1.);
#1824 = LINE('',#1825,#1826);
#1825 = CARTESIAN_POINT('',(147.513666,-129.917931,0.));
#1826 = VECTOR('',#1827,1.);
#1827 = DIRECTION('',(-0.996701120211,-8.115957719108E-02,0.));
#1828 = PCURVE('',#144,#1829);
#1829 = DEFINITIONAL_REPRESENTATION('',(#1830),#1834);
#1830 = LINE('',#1831,#1832);
#1831 = CARTESIAN_POINT('',(-17.513666,-24.917931));
#1832 = VECTOR('',#1833,1.);
#1833 = DIRECTION('',(0.996701120211,-8.115957719108E-02));
#1834 = ( GEOMETRIC_REPRESENTATION_CONTEXT(2) 
PARAMETRIC_REPRESENTATION_CONTEXT() REPRESENTATION_CONTEXT('2D SPACE',''
  ) );
#1835 = PCURVE('',#1836,#1841);
#1836 = PLANE('',#1837);
#1837 = AXIS2_PLACEMENT_3D('',#1838,#1839,#1840);
#1838 = CARTESIAN_POINT('',(147.513666,-129.917931,0.));
#1839 = DIRECTION('',(8.115957719108E-02,-0.996701120211,0.));
#1840 = DIRECTION('',(-0.996701120211,-8.115957719108E-02,0.));
#1841 = DEFINITIONAL_REPRESENTATION('',(#1842),#1846);
#1842 = LINE('',#1843,#1844);
#1843 = CARTESIAN_POINT('',(0.,0.));
#1844 = VECTOR('',#1845,1.);
#1845 = DIRECTION('',(1.,0.));
#1846 = ( GEOMETRIC_REPRESENTATION_CONTEXT(2) 
PARAMETRIC_REPRESENTATION_CONTEXT() REPRESENTATION_CONTEXT('2D SPACE',''
  ) );
#1847 = ORIENTED_EDGE('',*,*,#1848,.T.);
#1848 = EDGE_CURVE('',#1821,#1849,#1851,.T.);
#1849 = VERTEX_POINT('',#1850);
#1850 = CARTESIAN_POINT('',(146.,-130.,0.));
#1851 = SURFACE_CURVE('',#1852,(#1856,#1863),.PCURVE_S1.);
#1852 = LINE('',#1853,#1854);
#1853 = CARTESIAN_POINT('',(146.757945,-129.979468,0.));
#1854 = VECTOR('',#1855,1.);
#1855 = DIRECTION('',(-0.999633293851,-2.707910308711E-02,0.));
#1856 = PCURVE('',#144,#1857);
#1857 = DEFINITIONAL_REPRESENTATION('',(#1858),#1862);
#1858 = LINE('',#1859,#1860);
#1859 = CARTESIAN_POINT('',(-16.757945,-24.979468));
#1860 = VECTOR('',#1861,1.);
#1861 = DIRECTION('',(0.999633293851,-2.707910308711E-02));
#1862 = ( GEOMETRIC_REPRESENTATION_CONTEXT(2) 
PARAMETRIC_REPRESENTATION_CONTEXT() REPRESENTATION_CONTEXT('2D SPACE',''
  ) );
#1863 = PCURVE('',#1864,#1869);
#1864 = PLANE('',#1865);
#1865 = AXIS2_PLACEMENT_3D('',#1866,#1867,#1868);
#1866 = CARTESIAN_POINT('',(146.757945,-129.979468,0.));
#1867 = DIRECTION('',(2.707910308711E-02,-0.999633293851,0.));
#1868 = DIRECTION('',(-0.999633293851,-2.707910308711E-02,0.));
#1869 = DEFINITIONAL_REPRESENTATION('',(#1870),#1874);
#1870 = LINE('',#1871,#1872);
#1871 = CARTESIAN_POINT('',(0.,0.));
#1872 = VECTOR('',#1873,1.);
#1873 = DIRECTION('',(1.,0.));
#1874 = ( GEOMETRIC_REPRESENTATION_CONTEXT(2) 
PARAMETRIC_REPRESENTATION_CONTEXT() REPRESENTATION_CONTEXT('2D SPACE',''
  ) );
#1875 = ORIENTED_EDGE('',*,*,#1876,.T.);
#1876 = EDGE_CURVE('',#1849,#1877,#1879,.T.);
#1877 = VERTEX_POINT('',#1878);
#1878 = CARTESIAN_POINT('',(114.,-130.,0.));
#1879 = SURFACE_CURVE('',#1880,(#1884,#1891),.PCURVE_S1.);
#1880 = LINE('',#1881,#1882);
#1881 = CARTESIAN_POINT('',(146.,-130.,0.));
#1882 = VECTOR('',#1883,1.);
#1883 = DIRECTION('',(-1.,0.,0.));
#1884 = PCURVE('',#144,#1885);
#1885 = DEFINITIONAL_REPRESENTATION('',(#1886),#1890);
#1886 = LINE('',#1887,#1888);
#1887 = CARTESIAN_POINT('',(-16.,-25.));
#1888 = VECTOR('',#1889,1.);
#1889 = DIRECTION('',(1.,0.));
#1890 = ( GEOMETRIC_REPRESENTATION_CONTEXT(2) 
PARAMETRIC_REPRESENTATION_CONTEXT() REPRESENTATION_CONTEXT('2D SPACE',''
  ) );
#1891 = PCURVE('',#1892,#1897);
#1892 = PLANE('',#1893);
#1893 = AXIS2_PLACEMENT_3D('',#1894,#1895,#1896);
#1894 = CARTESIAN_POINT('',(146.,-130.,0.));
#1895 = DIRECTION('',(0.,-1.,0.));
#1896 = DIRECTION('',(-1.,0.,0.));
#1897 = DEFINITIONAL_REPRESENTATION('',(#1898),#1902);
#1898 = LINE('',#1899,#1900);
#1899 = CARTESIAN_POINT('',(0.,-0.));
#1900 = VECTOR('',#1901,1.);
#1901 = DIRECTION('',(1.,0.));
#1902 = ( GEOMETRIC_REPRESENTATION_CONTEXT(2) 
PARAMETRIC_REPRESENTATION_CONTEXT() REPRESENTATION_CONTEXT('2D SPACE',''
  ) );
#1903 = ORIENTED_EDGE('',*,*,#1904,.T.);
#1904 = EDGE_CURVE('',#1877,#1905,#1907,.T.);
#1905 = VERTEX_POINT('',#1906);
#1906 = CARTESIAN_POINT('',(113.242055,-129.979468,0.));
#1907 = SURFACE_CURVE('',#1908,(#1912,#1919),.PCURVE_S1.);
#1908 = LINE('',#1909,#1910);
#1909 = CARTESIAN_POINT('',(114.,-130.,0.));
#1910 = VECTOR('',#1911,1.);
#1911 = DIRECTION('',(-0.999633293851,2.707910308711E-02,0.));
#1912 = PCURVE('',#144,#1913);
#1913 = DEFINITIONAL_REPRESENTATION('',(#1914),#1918);
#1914 = LINE('',#1915,#1916);
#1915 = CARTESIAN_POINT('',(16.,-25.));
#1916 = VECTOR('',#1917,1.);
#1917 = DIRECTION('',(0.999633293851,2.707910308711E-02));
#1918 = ( GEOMETRIC_REPRESENTATION_CONTEXT(2) 
PARAMETRIC_REPRESENTATION_CONTEXT() REPRESENTATION_CONTEXT('2D SPACE',''
  ) );
#1919 = PCURVE('',#1920,#1925);
#1920 = PLANE('',#1921);
#1921 = AXIS2_PLACEMENT_3D('',#1922,#1923,#1924);
#1922 = CARTESIAN_POINT('',(114.,-130.,0.));
#1923 = DIRECTION('',(-2.707910308711E-02,-0.999633293851,0.));
#1924 = DIRECTION('',(-0.999633293851,2.707910308711E-02,0.));
#1925 = DEFINITIONAL_REPRESENTATION('',(#1926),#1930);
#1926 = LINE('',#1927,#1928);
#1927 = CARTESIAN_POINT('',(0.,0.));
#1928 = VECTOR('',#1929,1.);
#1929 = DIRECTION('',(1.,0.));
#1930 = ( GEOMETRIC_REPRESENTATION_CONTEXT(2) 
PARAMETRIC_REPRESENTATION_CONTEXT() REPRESENTATION_CONTEXT('2D SPACE',''
  ) );
#1931 = ORIENTED_EDGE('',*,*,#1932,.T.);
#1932 = EDGE_CURVE('',#1905,#1933,#1935,.T.);
#1933 = VERTEX_POINT('',#1934);
#1934 = CARTESIAN_POINT('',(112.486334,-129.917931,0.));
#1935 = SURFACE_CURVE('',#1936,(#1940,#1947),.PCURVE_S1.);
#1936 = LINE('',#1937,#1938);
#1937 = CARTESIAN_POINT('',(113.242055,-129.979468,0.));
#1938 = VECTOR('',#1939,1.);
#1939 = DIRECTION('',(-0.996701120211,8.115957719108E-02,0.));
#1940 = PCURVE('',#144,#1941);
#1941 = DEFINITIONAL_REPRESENTATION('',(#1942),#1946);
#1942 = LINE('',#1943,#1944);
#1943 = CARTESIAN_POINT('',(16.757945,-24.979468));
#1944 = VECTOR('',#1945,1.);
#1945 = DIRECTION('',(0.996701120211,8.115957719108E-02));
#1946 = ( GEOMETRIC_REPRESENTATION_CONTEXT(2) 
PARAMETRIC_REPRESENTATION_CONTEXT() REPRESENTATION_CONTEXT('2D SPACE',''
  ) );
#1947 = PCURVE('',#1948,#1953);
#1948 = PLANE('',#1949);
#1949 = AXIS2_PLACEMENT_3D('',#1950,#1951,#1952);
#1950 = CARTESIAN_POINT('',(113.242055,-129.979468,0.));
#1951 = DIRECTION('',(-8.115957719108E-02,-0.996701120211,0.));
#1952 = DIRECTION('',(-0.996701120211,8.115957719108E-02,0.));
#1953 = DEFINITIONAL_REPRESENTATION('',(#1954),#1958);
#1954 = LINE('',#1955,#1956);
#1955 = CARTESIAN_POINT('',(0.,0.));
#1956 = VECTOR('',#1957,1.);
#1957 = DIRECTION('',(1.,0.));
#1958 = ( GEOMETRIC_REPRESENTATION_CONTEXT(2) 
PARAMETRIC_REPRESENTATION_CONTEXT() REPRESENTATION_CONTEXT('2D SPACE',''
  ) );
#1959 = ORIENTED_EDGE('',*,*,#1960,.T.);
#1960 = EDGE_CURVE('',#1933,#1961,#1963,.T.);
#1961 = VERTEX_POINT('',#1962);
#1962 = CARTESIAN_POINT('',(111.735052,-129.815571,0.));
#1963 = SURFACE_CURVE('',#1964,(#1968,#1975),.PCURVE_S1.);
#1964 = LINE('',#1965,#1966);
#1965 = CARTESIAN_POINT('',(112.486334,-129.917931,0.));
#1966 = VECTOR('',#1967,1.);
#1967 = DIRECTION('',(-0.99084561886,0.134999850318,0.));
#1968 = PCURVE('',#144,#1969);
#1969 = DEFINITIONAL_REPRESENTATION('',(#1970),#1974);
#1970 = LINE('',#1971,#1972);
#1971 = CARTESIAN_POINT('',(17.513666,-24.917931));
#1972 = VECTOR('',#1973,1.);
#1973 = DIRECTION('',(0.99084561886,0.134999850318));
#1974 = ( GEOMETRIC_REPRESENTATION_CONTEXT(2) 
PARAMETRIC_REPRESENTATION_CONTEXT() REPRESENTATION_CONTEXT('2D SPACE',''
  ) );
#1975 = PCURVE('',#1976,#1981);
#1976 = PLANE('',#1977);
#1977 = AXIS2_PLACEMENT_3D('',#1978,#1979,#1980);
#1978 = CARTESIAN_POINT('',(112.486334,-129.917931,0.));
#1979 = DIRECTION('',(-0.134999850318,-0.99084561886,0.));
#1980 = DIRECTION('',(-0.99084561886,0.134999850318,0.));
#1981 = DEFINITIONAL_REPRESENTATION('',(#1982),#1986);
#1982 = LINE('',#1983,#1984);
#1983 = CARTESIAN_POINT('',(0.,0.));
#1984 = VECTOR('',#1985,1.);
#1985 = DIRECTION('',(1.,0.));
#1986 = ( GEOMETRIC_REPRESENTATION_CONTEXT(2) 
PARAMETRIC_REPRESENTATION_CONTEXT() REPRESENTATION_CONTEXT('2D SPACE',''
  ) );
#1987 = ORIENTED_EDGE('',*,*,#1988,.T.);
#1988 = EDGE_CURVE('',#1961,#1989,#1991,.T.);
#1989 = VERTEX_POINT('',#1990);
#1990 = CARTESIAN_POINT('',(110.990414,-129.672688,0.));
#1991 = SURFACE_CURVE('',#1992,(#1996,#2003),.PCURVE_S1.);
#1992 = LINE('',#1993,#1994);
#1993 = CARTESIAN_POINT('',(111.735052,-129.815571,0.));
#1994 = VECTOR('',#1995,1.);
#1995 = DIRECTION('',(-0.98208380359,0.188444694077,0.));
#1996 = PCURVE('',#144,#1997);
#1997 = DEFINITIONAL_REPRESENTATION('',(#1998),#2002);
#1998 = LINE('',#1999,#2000);
#1999 = CARTESIAN_POINT('',(18.264948,-24.815571));
#2000 = VECTOR('',#2001,1.);
#2001 = DIRECTION('',(0.98208380359,0.188444694077));
#2002 = ( GEOMETRIC_REPRESENTATION_CONTEXT(2) 
PARAMETRIC_REPRESENTATION_CONTEXT() REPRESENTATION_CONTEXT('2D SPACE',''
  ) );
#2003 = PCURVE('',#2004,#2009);
#2004 = PLANE('',#2005);
#2005 = AXIS2_PLACEMENT_3D('',#2006,#2007,#2008);
#2006 = CARTESIAN_POINT('',(111.735052,-129.815571,0.));
#2007 = DIRECTION('',(-0.188444694077,-0.98208380359,0.));
#2008 = DIRECTION('',(-0.98208380359,0.188444694077,0.));
#2009 = DEFINITIONAL_REPRESENTATION('',(#2010),#2014);
#2010 = LINE('',#2011,#2012);
#2011 = CARTESIAN_POINT('',(0.,0.));
#2012 = VECTOR('',#2013,1.);
#2013 = DIRECTION('',(1.,0.));
#2014 = ( GEOMETRIC_REPRESENTATION_CONTEXT(2) 
PARAMETRIC_REPRESENTATION_CONTEXT() REPRESENTATION_CONTEXT('2D SPACE',''
  ) );
#2015 = ORIENTED_EDGE('',*,*,#2016,.T.);
#2016 = EDGE_CURVE('',#1989,#2017,#2019,.T.);
#2017 = VERTEX_POINT('',#2018);
#2018 = CARTESIAN_POINT('',(110.254603,-129.4897,0.));
#2019 = SURFACE_CURVE('',#2020,(#2024,#2031),.PCURVE_S1.);
#2020 = LINE('',#2021,#2022);
#2021 = CARTESIAN_POINT('',(110.990414,-129.672688,0.));
#2022 = VECTOR('',#2023,1.);
#2023 = DIRECTION('',(-0.970441145165,0.241337903716,0.));
#2024 = PCURVE('',#144,#2025);
#2025 = DEFINITIONAL_REPRESENTATION('',(#2026),#2030);
#2026 = LINE('',#2027,#2028);
#2027 = CARTESIAN_POINT('',(19.009586,-24.672688));
#2028 = VECTOR('',#2029,1.);
#2029 = DIRECTION('',(0.970441145165,0.241337903716));
#2030 = ( GEOMETRIC_REPRESENTATION_CONTEXT(2) 
PARAMETRIC_REPRESENTATION_CONTEXT() REPRESENTATION_CONTEXT('2D SPACE',''
  ) );
#2031 = PCURVE('',#2032,#2037);
#2032 = PLANE('',#2033);
#2033 = AXIS2_PLACEMENT_3D('',#2034,#2035,#2036);
#2034 = CARTESIAN_POINT('',(110.990414,-129.672688,0.));
#2035 = DIRECTION('',(-0.241337903716,-0.970441145165,0.));
#2036 = DIRECTION('',(-0.970441145165,0.241337903716,0.));
#2037 = DEFINITIONAL_REPRESENTATION('',(#2038),#2042);
#2038 = LINE('',#2039,#2040);
#2039 = CARTESIAN_POINT('',(0.,0.));
#2040 = VECTOR('',#2041,1.);
#2041 = DIRECTION('',(1.,0.));
#2042 = ( GEOMETRIC_REPRESENTATION_CONTEXT(2) 
PARAMETRIC_REPRESENTATION_CONTEXT() REPRESENTATION_CONTEXT('2D SPACE',''
  ) );
#2043 = ORIENTED_EDGE('',*,*,#2044,.T.);
#2044 = EDGE_CURVE('',#2017,#2045,#2047,.T.);
#2045 = VERTEX_POINT('',#2046);
#2046 = CARTESIAN_POINT('',(109.529779,-129.267144,0.));
#2047 = SURFACE_CURVE('',#2048,(#2052,#2059),.PCURVE_S1.);
#2048 = LINE('',#2049,#2050);
#2049 = CARTESIAN_POINT('',(110.254603,-129.4897,0.));
#2050 = VECTOR('',#2051,1.);
#2051 = DIRECTION('',(-0.955951879609,0.293523429851,0.));
#2052 = PCURVE('',#144,#2053);
#2053 = DEFINITIONAL_REPRESENTATION('',(#2054),#2058);
#2054 = LINE('',#2055,#2056);
#2055 = CARTESIAN_POINT('',(19.745397,-24.4897));
#2056 = VECTOR('',#2057,1.);
#2057 = DIRECTION('',(0.955951879609,0.293523429851));
#2058 = ( GEOMETRIC_REPRESENTATION_CONTEXT(2) 
PARAMETRIC_REPRESENTATION_CONTEXT() REPRESENTATION_CONTEXT('2D SPACE',''
  ) );
#2059 = PCURVE('',#2060,#2065);
#2060 = PLANE('',#2061);
#2061 = AXIS2_PLACEMENT_3D('',#2062,#2063,#2064);
#2062 = CARTESIAN_POINT('',(110.254603,-129.4897,0.));
#2063 = DIRECTION('',(-0.293523429851,-0.955951879609,0.));
#2064 = DIRECTION('',(-0.955951879609,0.293523429851,0.));
#2065 = DEFINITIONAL_REPRESENTATION('',(#2066),#2070);
#2066 = LINE('',#2067,#2068);
#2067 = CARTESIAN_POINT('',(0.,0.));
#2068 = VECTOR('',#2069,1.);
#2069 = DIRECTION('',(1.,0.));
#2070 = ( GEOMETRIC_REPRESENTATION_CONTEXT(2) 
PARAMETRIC_REPRESENTATION_CONTEXT() REPRESENTATION_CONTEXT('2D SPACE',''
  ) );
#2071 = ORIENTED_EDGE('',*,*,#2072,.T.);
#2072 = EDGE_CURVE('',#2045,#2073,#2075,.T.);
#2073 = VERTEX_POINT('',#2074);
#2074 = CARTESIAN_POINT('',(108.818066,-129.005674,0.));
#2075 = SURFACE_CURVE('',#2076,(#2080,#2087),.PCURVE_S1.);
#2076 = LINE('',#2077,#2078);
#2077 = CARTESIAN_POINT('',(109.529779,-129.267144,0.));
#2078 = VECTOR('',#2079,1.);
#2079 = DIRECTION('',(-0.938659339746,0.344845826286,0.));
#2080 = PCURVE('',#144,#2081);
#2081 = DEFINITIONAL_REPRESENTATION('',(#2082),#2086);
#2082 = LINE('',#2083,#2084);
#2083 = CARTESIAN_POINT('',(20.470221,-24.267144));
#2084 = VECTOR('',#2085,1.);
#2085 = DIRECTION('',(0.938659339746,0.344845826286));
#2086 = ( GEOMETRIC_REPRESENTATION_CONTEXT(2) 
PARAMETRIC_REPRESENTATION_CONTEXT() REPRESENTATION_CONTEXT('2D SPACE',''
  ) );
#2087 = PCURVE('',#2088,#2093);
#2088 = PLANE('',#2089);
#2089 = AXIS2_PLACEMENT_3D('',#2090,#2091,#2092);
#2090 = CARTESIAN_POINT('',(109.529779,-129.267144,0.));
#2091 = DIRECTION('',(-0.344845826286,-0.938659339746,0.));
#2092 = DIRECTION('',(-0.938659339746,0.344845826286,0.));
#2093 = DEFINITIONAL_REPRESENTATION('',(#2094),#2098);
#2094 = LINE('',#2095,#2096);
#2095 = CARTESIAN_POINT('',(0.,0.));
#2096 = VECTOR('',#2097,1.);
#2097 = DIRECTION('',(1.,0.));
#2098 = ( GEOMETRIC_REPRESENTATION_CONTEXT(2) 
PARAMETRIC_REPRESENTATION_CONTEXT() REPRESENTATION_CONTEXT('2D SPACE',''
  ) );
#2099 = ORIENTED_EDGE('',*,*,#2100,.T.);
#2100 = EDGE_CURVE('',#2073,#2101,#2103,.T.);
#2101 = VERTEX_POINT('',#2102);
#2102 = CARTESIAN_POINT('',(108.121553,-128.706056,0.));
#2103 = SURFACE_CURVE('',#2104,(#2108,#2115),.PCURVE_S1.);
#2104 = LINE('',#2105,#2106);
#2105 = CARTESIAN_POINT('',(108.818066,-129.005674,0.));
#2106 = VECTOR('',#2107,1.);
#2107 = DIRECTION('',(-0.918612983605,0.395158431963,0.));
#2108 = PCURVE('',#144,#2109);
#2109 = DEFINITIONAL_REPRESENTATION('',(#2110),#2114);
#2110 = LINE('',#2111,#2112);
#2111 = CARTESIAN_POINT('',(21.181934,-24.005674));
#2112 = VECTOR('',#2113,1.);
#2113 = DIRECTION('',(0.918612983605,0.395158431963));
#2114 = ( GEOMETRIC_REPRESENTATION_CONTEXT(2) 
PARAMETRIC_REPRESENTATION_CONTEXT() REPRESENTATION_CONTEXT('2D SPACE',''
  ) );
#2115 = PCURVE('',#2116,#2121);
#2116 = PLANE('',#2117);
#2117 = AXIS2_PLACEMENT_3D('',#2118,#2119,#2120);
#2118 = CARTESIAN_POINT('',(108.818066,-129.005674,0.));
#2119 = DIRECTION('',(-0.395158431963,-0.918612983605,0.));
#2120 = DIRECTION('',(-0.918612983605,0.395158431963,0.));
#2121 = DEFINITIONAL_REPRESENTATION('',(#2122),#2126);
#2122 = LINE('',#2123,#2124);
#2123 = CARTESIAN_POINT('',(0.,0.));
#2124 = VECTOR('',#2125,1.);
#2125 = DIRECTION('',(1.,0.));
#2126 = ( GEOMETRIC_REPRESENTATION_CONTEXT(2) 
PARAMETRIC_REPRESENTATION_CONTEXT() REPRESENTATION_CONTEXT('2D SPACE',''
  ) );
#2127 = ORIENTED_EDGE('',*,*,#2128,.T.);
#2128 = EDGE_CURVE('',#2101,#2129,#2131,.T.);
#2129 = VERTEX_POINT('',#2130);
#2130 = CARTESIAN_POINT('',(107.442282,-128.369169,0.));
#2131 = SURFACE_CURVE('',#2132,(#2136,#2143),.PCURVE_S1.);
#2132 = LINE('',#2133,#2134);
#2133 = CARTESIAN_POINT('',(108.121553,-128.706056,0.));
#2134 = VECTOR('',#2135,1.);
#2135 = DIRECTION('',(-0.895872459279,0.444311306075,0.));
#2136 = PCURVE('',#144,#2137);
#2137 = DEFINITIONAL_REPRESENTATION('',(#2138),#2142);
#2138 = LINE('',#2139,#2140);
#2139 = CARTESIAN_POINT('',(21.878447,-23.706056));
#2140 = VECTOR('',#2141,1.);
#2141 = DIRECTION('',(0.895872459279,0.444311306075));
#2142 = ( GEOMETRIC_REPRESENTATION_CONTEXT(2) 
PARAMETRIC_REPRESENTATION_CONTEXT() REPRESENTATION_CONTEXT('2D SPACE',''
  ) );
#2143 = PCURVE('',#2144,#2149);
#2144 = PLANE('',#2145);
#2145 = AXIS2_PLACEMENT_3D('',#2146,#2147,#2148);
#2146 = CARTESIAN_POINT('',(108.121553,-128.706056,0.));
#2147 = DIRECTION('',(-0.444311306075,-0.895872459279,0.));
#2148 = DIRECTION('',(-0.895872459279,0.444311306075,0.));
#2149 = DEFINITIONAL_REPRESENTATION('',(#2150),#2154);
#2150 = LINE('',#2151,#2152);
#2151 = CARTESIAN_POINT('',(0.,0.));
#2152 = VECTOR('',#2153,1.);
#2153 = DIRECTION('',(1.,0.));
#2154 = ( GEOMETRIC_REPRESENTATION_CONTEXT(2) 
PARAMETRIC_REPRESENTATION_CONTEXT() REPRESENTATION_CONTEXT('2D SPACE',''
  ) );
#2155 = ORIENTED_EDGE('',*,*,#2156,.T.);
#2156 = EDGE_CURVE('',#2129,#2157,#2159,.T.);
#2157 = VERTEX_POINT('',#2158);
#2158 = CARTESIAN_POINT('',(106.782246,-127.996,0.));
#2159 = SURFACE_CURVE('',#2160,(#2164,#2171),.PCURVE_S1.);
#2160 = LINE('',#2161,#2162);
#2161 = CARTESIAN_POINT('',(107.442282,-128.369169,0.));
#2162 = VECTOR('',#2163,1.);
#2163 = DIRECTION('',(-0.870503413193,0.492162379321,0.));
#2164 = PCURVE('',#144,#2165);
#2165 = DEFINITIONAL_REPRESENTATION('',(#2166),#2170);
#2166 = LINE('',#2167,#2168);
#2167 = CARTESIAN_POINT('',(22.557718,-23.369169));
#2168 = VECTOR('',#2169,1.);
#2169 = DIRECTION('',(0.870503413193,0.492162379321));
#2170 = ( GEOMETRIC_REPRESENTATION_CONTEXT(2) 
PARAMETRIC_REPRESENTATION_CONTEXT() REPRESENTATION_CONTEXT('2D SPACE',''
  ) );
#2171 = PCURVE('',#2172,#2177);
#2172 = PLANE('',#2173);
#2173 = AXIS2_PLACEMENT_3D('',#2174,#2175,#2176);
#2174 = CARTESIAN_POINT('',(107.442282,-128.369169,0.));
#2175 = DIRECTION('',(-0.492162379321,-0.870503413193,0.));
#2176 = DIRECTION('',(-0.870503413193,0.492162379321,0.));
#2177 = DEFINITIONAL_REPRESENTATION('',(#2178),#2182);
#2178 = LINE('',#2179,#2180);
#2179 = CARTESIAN_POINT('',(0.,0.));
#2180 = VECTOR('',#2181,1.);
#2181 = DIRECTION('',(1.,0.));
#2182 = ( GEOMETRIC_REPRESENTATION_CONTEXT(2) 
PARAMETRIC_REPRESENTATION_CONTEXT() REPRESENTATION_CONTEXT('2D SPACE',''
  ) );
#2183 = ORIENTED_EDGE('',*,*,#2184,.T.);
#2184 = EDGE_CURVE('',#2157,#2185,#2187,.T.);
#2185 = VERTEX_POINT('',#2186);
#2186 = CARTESIAN_POINT('',(106.143381,-127.587646,0.));
#2187 = SURFACE_CURVE('',#2188,(#2192,#2199),.PCURVE_S1.);
#2188 = LINE('',#2189,#2190);
#2189 = CARTESIAN_POINT('',(106.782246,-127.996,0.));
#2190 = VECTOR('',#2191,1.);
#2191 = DIRECTION('',(-0.842582400834,0.538567449634,0.));
#2192 = PCURVE('',#144,#2193);
#2193 = DEFINITIONAL_REPRESENTATION('',(#2194),#2198);
#2194 = LINE('',#2195,#2196);
#2195 = CARTESIAN_POINT('',(23.217754,-22.996));
#2196 = VECTOR('',#2197,1.);
#2197 = DIRECTION('',(0.842582400834,0.538567449634));
#2198 = ( GEOMETRIC_REPRESENTATION_CONTEXT(2) 
PARAMETRIC_REPRESENTATION_CONTEXT() REPRESENTATION_CONTEXT('2D SPACE',''
  ) );
#2199 = PCURVE('',#2200,#2205);
#2200 = PLANE('',#2201);
#2201 = AXIS2_PLACEMENT_3D('',#2202,#2203,#2204);
#2202 = CARTESIAN_POINT('',(106.782246,-127.996,0.));
#2203 = DIRECTION('',(-0.538567449634,-0.842582400834,0.));
#2204 = DIRECTION('',(-0.842582400834,0.538567449634,0.));
#2205 = DEFINITIONAL_REPRESENTATION('',(#2206),#2210);
#2206 = LINE('',#2207,#2208);
#2207 = CARTESIAN_POINT('',(0.,0.));
#2208 = VECTOR('',#2209,1.);
#2209 = DIRECTION('',(1.,0.));
#2210 = ( GEOMETRIC_REPRESENTATION_CONTEXT(2) 
PARAMETRIC_REPRESENTATION_CONTEXT() REPRESENTATION_CONTEXT('2D SPACE',''
  ) );
#2211 = ORIENTED_EDGE('',*,*,#2212,.T.);
#2212 = EDGE_CURVE('',#2185,#2213,#2215,.T.);
#2213 = VERTEX_POINT('',#2214);
#2214 = CARTESIAN_POINT('',(105.527561,-127.145303,0.));
#2215 = SURFACE_CURVE('',#2216,(#2220,#2227),.PCURVE_S1.);
#2216 = LINE('',#2217,#2218);
#2217 = CARTESIAN_POINT('',(106.143381,-127.587646,0.));
#2218 = VECTOR('',#2219,1.);
#2219 = DIRECTION('',(-0.812188862896,0.583394592868,0.));
#2220 = PCURVE('',#144,#2221);
#2221 = DEFINITIONAL_REPRESENTATION('',(#2222),#2226);
#2222 = LINE('',#2223,#2224);
#2223 = CARTESIAN_POINT('',(23.856619,-22.587646));
#2224 = VECTOR('',#2225,1.);
#2225 = DIRECTION('',(0.812188862896,0.583394592868));
#2226 = ( GEOMETRIC_REPRESENTATION_CONTEXT(2) 
PARAMETRIC_REPRESENTATION_CONTEXT() REPRESENTATION_CONTEXT('2D SPACE',''
  ) );
#2227 = PCURVE('',#2228,#2233);
#2228 = PLANE('',#2229);
#2229 = AXIS2_PLACEMENT_3D('',#2230,#2231,#2232);
#2230 = CARTESIAN_POINT('',(106.143381,-127.587646,0.));
#2231 = DIRECTION('',(-0.583394592868,-0.812188862896,0.));
#2232 = DIRECTION('',(-0.812188862896,0.583394592868,0.));
#2233 = DEFINITIONAL_REPRESENTATION('',(#2234),#2238);
#2234 = LINE('',#2235,#2236);
#2235 = CARTESIAN_POINT('',(0.,0.));
#2236 = VECTOR('',#2237,1.);
#2237 = DIRECTION('',(1.,0.));
#2238 = ( GEOMETRIC_REPRESENTATION_CONTEXT(2) 
PARAMETRIC_REPRESENTATION_CONTEXT() REPRESENTATION_CONTEXT('2D SPACE',''
  ) );
#2239 = ORIENTED_EDGE('',*,*,#2240,.T.);
#2240 = EDGE_CURVE('',#2213,#2241,#2243,.T.);
#2241 = VERTEX_POINT('',#2242);
#2242 = CARTESIAN_POINT('',(104.936592,-126.670269,0.));
#2243 = SURFACE_CURVE('',#2244,(#2248,#2255),.PCURVE_S1.);
#2244 = LINE('',#2245,#2246);
#2245 = CARTESIAN_POINT('',(105.527561,-127.145303,0.));
#2246 = VECTOR('',#2247,1.);
#2247 = DIRECTION('',(-0.779413490755,0.626509864591,0.));
#2248 = PCURVE('',#144,#2249);
#2249 = DEFINITIONAL_REPRESENTATION('',(#2250),#2254);
#2250 = LINE('',#2251,#2252);
#2251 = CARTESIAN_POINT('',(24.472439,-22.145303));
#2252 = VECTOR('',#2253,1.);
#2253 = DIRECTION('',(0.779413490755,0.626509864591));
#2254 = ( GEOMETRIC_REPRESENTATION_CONTEXT(2) 
PARAMETRIC_REPRESENTATION_CONTEXT() REPRESENTATION_CONTEXT('2D SPACE',''
  ) );
#2255 = PCURVE('',#2256,#2261);
#2256 = PLANE('',#2257);
#2257 = AXIS2_PLACEMENT_3D('',#2258,#2259,#2260);
#2258 = CARTESIAN_POINT('',(105.527561,-127.145303,0.));
#2259 = DIRECTION('',(-0.626509864591,-0.779413490755,0.));
#2260 = DIRECTION('',(-0.779413490755,0.626509864591,0.));
#2261 = DEFINITIONAL_REPRESENTATION('',(#2262),#2266);
#2262 = LINE('',#2263,#2264);
#2263 = CARTESIAN_POINT('',(0.,0.));
#2264 = VECTOR('',#2265,1.);
#2265 = DIRECTION('',(1.,0.));
#2266 = ( GEOMETRIC_REPRESENTATION_CONTEXT(2) 
PARAMETRIC_REPRESENTATION_CONTEXT() REPRESENTATION_CONTEXT('2D SPACE',''
  ) );
#2267 = ORIENTED_EDGE('',*,*,#2268,.T.);
#2268 = EDGE_CURVE('',#2241,#2269,#2271,.T.);
#2269 = VERTEX_POINT('',#2270);
#2270 = CARTESIAN_POINT('',(104.372208,-126.163937,0.));
#2271 = SURFACE_CURVE('',#2272,(#2276,#2283),.PCURVE_S1.);
#2272 = LINE('',#2273,#2274);
#2273 = CARTESIAN_POINT('',(104.936592,-126.670269,0.));
#2274 = VECTOR('',#2275,1.);
#2275 = DIRECTION('',(-0.744351405063,0.667788129409,0.));
#2276 = PCURVE('',#144,#2277);
#2277 = DEFINITIONAL_REPRESENTATION('',(#2278),#2282);
#2278 = LINE('',#2279,#2280);
#2279 = CARTESIAN_POINT('',(25.063408,-21.670269));
#2280 = VECTOR('',#2281,1.);
#2281 = DIRECTION('',(0.744351405063,0.667788129409));
#2282 = ( GEOMETRIC_REPRESENTATION_CONTEXT(2) 
PARAMETRIC_REPRESENTATION_CONTEXT() REPRESENTATION_CONTEXT('2D SPACE',''
  ) );
#2283 = PCURVE('',#2284,#2289);
#2284 = PLANE('',#2285);
#2285 = AXIS2_PLACEMENT_3D('',#2286,#2287,#2288);
#2286 = CARTESIAN_POINT('',(104.936592,-126.670269,0.));
#2287 = DIRECTION('',(-0.667788129409,-0.744351405063,0.));
#2288 = DIRECTION('',(-0.744351405063,0.667788129409,0.));
#2289 = DEFINITIONAL_REPRESENTATION('',(#2290),#2294);
#2290 = LINE('',#2291,#2292);
#2291 = CARTESIAN_POINT('',(0.,0.));
#2292 = VECTOR('',#2293,1.);
#2293 = DIRECTION('',(1.,0.));
#2294 = ( GEOMETRIC_REPRESENTATION_CONTEXT(2) 
PARAMETRIC_REPRESENTATION_CONTEXT() REPRESENTATION_CONTEXT('2D SPACE',''
  ) );
#2295 = ORIENTED_EDGE('',*,*,#2296,.T.);
#2296 = EDGE_CURVE('',#2269,#2297,#2299,.T.);
#2297 = VERTEX_POINT('',#2298);
#2298 = CARTESIAN_POINT('',(103.836063,-125.627792,0.));
#2299 = SURFACE_CURVE('',#2300,(#2304,#2311),.PCURVE_S1.);
#2300 = LINE('',#2301,#2302);
#2301 = CARTESIAN_POINT('',(104.372208,-126.163937,0.));
#2302 = VECTOR('',#2303,1.);
#2303 = DIRECTION('',(-0.707106781187,0.707106781187,0.));
#2304 = PCURVE('',#144,#2305);
#2305 = DEFINITIONAL_REPRESENTATION('',(#2306),#2310);
#2306 = LINE('',#2307,#2308);
#2307 = CARTESIAN_POINT('',(25.627792,-21.163937));
#2308 = VECTOR('',#2309,1.);
#2309 = DIRECTION('',(0.707106781187,0.707106781187));
#2310 = ( GEOMETRIC_REPRESENTATION_CONTEXT(2) 
PARAMETRIC_REPRESENTATION_CONTEXT() REPRESENTATION_CONTEXT('2D SPACE',''
  ) );
#2311 = PCURVE('',#2312,#2317);
#2312 = PLANE('',#2313);
#2313 = AXIS2_PLACEMENT_3D('',#2314,#2315,#2316);
#2314 = CARTESIAN_POINT('',(104.372208,-126.163937,0.));
#2315 = DIRECTION('',(-0.707106781187,-0.707106781187,0.));
#2316 = DIRECTION('',(-0.707106781187,0.707106781187,0.));
#2317 = DEFINITIONAL_REPRESENTATION('',(#2318),#2322);
#2318 = LINE('',#2319,#2320);
#2319 = CARTESIAN_POINT('',(0.,0.));
#2320 = VECTOR('',#2321,1.);
#2321 = DIRECTION('',(1.,0.));
#2322 = ( GEOMETRIC_REPRESENTATION_CONTEXT(2) 
PARAMETRIC_REPRESENTATION_CONTEXT() REPRESENTATION_CONTEXT('2D SPACE',''
  ) );
#2323 = ORIENTED_EDGE('',*,*,#2324,.T.);
#2324 = EDGE_CURVE('',#2297,#2325,#2327,.T.);
#2325 = VERTEX_POINT('',#2326);
#2326 = CARTESIAN_POINT('',(103.329731,-125.063408,0.));
#2327 = SURFACE_CURVE('',#2328,(#2332,#2339),.PCURVE_S1.);
#2328 = LINE('',#2329,#2330);
#2329 = CARTESIAN_POINT('',(103.836063,-125.627792,0.));
#2330 = VECTOR('',#2331,1.);
#2331 = DIRECTION('',(-0.667788129409,0.744351405063,0.));
#2332 = PCURVE('',#144,#2333);
#2333 = DEFINITIONAL_REPRESENTATION('',(#2334),#2338);
#2334 = LINE('',#2335,#2336);
#2335 = CARTESIAN_POINT('',(26.163937,-20.627792));
#2336 = VECTOR('',#2337,1.);
#2337 = DIRECTION('',(0.667788129409,0.744351405063));
#2338 = ( GEOMETRIC_REPRESENTATION_CONTEXT(2) 
PARAMETRIC_REPRESENTATION_CONTEXT() REPRESENTATION_CONTEXT('2D SPACE',''
  ) );
#2339 = PCURVE('',#2340,#2345);
#2340 = PLANE('',#2341);
#2341 = AXIS2_PLACEMENT_3D('',#2342,#2343,#2344);
#2342 = CARTESIAN_POINT('',(103.836063,-125.627792,0.));
#2343 = DIRECTION('',(-0.744351405063,-0.667788129409,0.));
#2344 = DIRECTION('',(-0.667788129409,0.744351405063,0.));
#2345 = DEFINITIONAL_REPRESENTATION('',(#2346),#2350);
#2346 = LINE('',#2347,#2348);
#2347 = CARTESIAN_POINT('',(0.,0.));
#2348 = VECTOR('',#2349,1.);
#2349 = DIRECTION('',(1.,0.));
#2350 = ( GEOMETRIC_REPRESENTATION_CONTEXT(2) 
PARAMETRIC_REPRESENTATION_CONTEXT() REPRESENTATION_CONTEXT('2D SPACE',''
  ) );
#2351 = ORIENTED_EDGE('',*,*,#2352,.T.);
#2352 = EDGE_CURVE('',#2325,#2353,#2355,.T.);
#2353 = VERTEX_POINT('',#2354);
#2354 = CARTESIAN_POINT('',(102.854697,-124.472439,0.));
#2355 = SURFACE_CURVE('',#2356,(#2360,#2367),.PCURVE_S1.);
#2356 = LINE('',#2357,#2358);
#2357 = CARTESIAN_POINT('',(103.329731,-125.063408,0.));
#2358 = VECTOR('',#2359,1.);
#2359 = DIRECTION('',(-0.626509864591,0.779413490755,0.));
#2360 = PCURVE('',#144,#2361);
#2361 = DEFINITIONAL_REPRESENTATION('',(#2362),#2366);
#2362 = LINE('',#2363,#2364);
#2363 = CARTESIAN_POINT('',(26.670269,-20.063408));
#2364 = VECTOR('',#2365,1.);
#2365 = DIRECTION('',(0.626509864591,0.779413490755));
#2366 = ( GEOMETRIC_REPRESENTATION_CONTEXT(2) 
PARAMETRIC_REPRESENTATION_CONTEXT() REPRESENTATION_CONTEXT('2D SPACE',''
  ) );
#2367 = PCURVE('',#2368,#2373);
#2368 = PLANE('',#2369);
#2369 = AXIS2_PLACEMENT_3D('',#2370,#2371,#2372);
#2370 = CARTESIAN_POINT('',(103.329731,-125.063408,0.));
#2371 = DIRECTION('',(-0.779413490755,-0.626509864591,0.));
#2372 = DIRECTION('',(-0.626509864591,0.779413490755,0.));
#2373 = DEFINITIONAL_REPRESENTATION('',(#2374),#2378);
#2374 = LINE('',#2375,#2376);
#2375 = CARTESIAN_POINT('',(0.,0.));
#2376 = VECTOR('',#2377,1.);
#2377 = DIRECTION('',(1.,0.));
#2378 = ( GEOMETRIC_REPRESENTATION_CONTEXT(2) 
PARAMETRIC_REPRESENTATION_CONTEXT() REPRESENTATION_CONTEXT('2D SPACE',''
  ) );
#2379 = ORIENTED_EDGE('',*,*,#2380,.T.);
#2380 = EDGE_CURVE('',#2353,#2381,#2383,.T.);
#2381 = VERTEX_POINT('',#2382);
#2382 = CARTESIAN_POINT('',(102.412354,-123.856619,0.));
#2383 = SURFACE_CURVE('',#2384,(#2388,#2395),.PCURVE_S1.);
#2384 = LINE('',#2385,#2386);
#2385 = CARTESIAN_POINT('',(102.854697,-124.472439,0.));
#2386 = VECTOR('',#2387,1.);
#2387 = DIRECTION('',(-0.583394592868,0.812188862896,0.));
#2388 = PCURVE('',#144,#2389);
#2389 = DEFINITIONAL_REPRESENTATION('',(#2390),#2394);
#2390 = LINE('',#2391,#2392);
#2391 = CARTESIAN_POINT('',(27.145303,-19.472439));
#2392 = VECTOR('',#2393,1.);
#2393 = DIRECTION('',(0.583394592868,0.812188862896));
#2394 = ( GEOMETRIC_REPRESENTATION_CONTEXT(2) 
PARAMETRIC_REPRESENTATION_CONTEXT() REPRESENTATION_CONTEXT('2D SPACE',''
  ) );
#2395 = PCURVE('',#2396,#2401);
#2396 = PLANE('',#2397);
#2397 = AXIS2_PLACEMENT_3D('',#2398,#2399,#2400);
#2398 = CARTESIAN_POINT('',(102.854697,-124.472439,0.));
#2399 = DIRECTION('',(-0.812188862896,-0.583394592868,0.));
#2400 = DIRECTION('',(-0.583394592868,0.812188862896,0.));
#2401 = DEFINITIONAL_REPRESENTATION('',(#2402),#2406);
#2402 = LINE('',#2403,#2404);
#2403 = CARTESIAN_POINT('',(0.,0.));
#2404 = VECTOR('',#2405,1.);
#2405 = DIRECTION('',(1.,0.));
#2406 = ( GEOMETRIC_REPRESENTATION_CONTEXT(2) 
PARAMETRIC_REPRESENTATION_CONTEXT() REPRESENTATION_CONTEXT('2D SPACE',''
  ) );
#2407 = ORIENTED_EDGE('',*,*,#2408,.T.);
#2408 = EDGE_CURVE('',#2381,#2409,#2411,.T.);
#2409 = VERTEX_POINT('',#2410);
#2410 = CARTESIAN_POINT('',(102.004,-123.217754,0.));
#2411 = SURFACE_CURVE('',#2412,(#2416,#2423),.PCURVE_S1.);
#2412 = LINE('',#2413,#2414);
#2413 = CARTESIAN_POINT('',(102.412354,-123.856619,0.));
#2414 = VECTOR('',#2415,1.);
#2415 = DIRECTION('',(-0.538567449634,0.842582400834,0.));
#2416 = PCURVE('',#144,#2417);
#2417 = DEFINITIONAL_REPRESENTATION('',(#2418),#2422);
#2418 = LINE('',#2419,#2420);
#2419 = CARTESIAN_POINT('',(27.587646,-18.856619));
#2420 = VECTOR('',#2421,1.);
#2421 = DIRECTION('',(0.538567449634,0.842582400834));
#2422 = ( GEOMETRIC_REPRESENTATION_CONTEXT(2) 
PARAMETRIC_REPRESENTATION_CONTEXT() REPRESENTATION_CONTEXT('2D SPACE',''
  ) );
#2423 = PCURVE('',#2424,#2429);
#2424 = PLANE('',#2425);
#2425 = AXIS2_PLACEMENT_3D('',#2426,#2427,#2428);
#2426 = CARTESIAN_POINT('',(102.412354,-123.856619,0.));
#2427 = DIRECTION('',(-0.842582400834,-0.538567449634,0.));
#2428 = DIRECTION('',(-0.538567449634,0.842582400834,0.));
#2429 = DEFINITIONAL_REPRESENTATION('',(#2430),#2434);
#2430 = LINE('',#2431,#2432);
#2431 = CARTESIAN_POINT('',(0.,0.));
#2432 = VECTOR('',#2433,1.);
#2433 = DIRECTION('',(1.,0.));
#2434 = ( GEOMETRIC_REPRESENTATION_CONTEXT(2) 
PARAMETRIC_REPRESENTATION_CONTEXT() REPRESENTATION_CONTEXT('2D SPACE',''
  ) );
#2435 = ORIENTED_EDGE('',*,*,#2436,.T.);
#2436 = EDGE_CURVE('',#2409,#2437,#2439,.T.);
#2437 = VERTEX_POINT('',#2438);
#2438 = CARTESIAN_POINT('',(101.630831,-122.557718,0.));
#2439 = SURFACE_CURVE('',#2440,(#2444,#2451),.PCURVE_S1.);
#2440 = LINE('',#2441,#2442);
#2441 = CARTESIAN_POINT('',(102.004,-123.217754,0.));
#2442 = VECTOR('',#2443,1.);
#2443 = DIRECTION('',(-0.492162379321,0.870503413193,0.));
#2444 = PCURVE('',#144,#2445);
#2445 = DEFINITIONAL_REPRESENTATION('',(#2446),#2450);
#2446 = LINE('',#2447,#2448);
#2447 = CARTESIAN_POINT('',(27.996,-18.217754));
#2448 = VECTOR('',#2449,1.);
#2449 = DIRECTION('',(0.492162379321,0.870503413193));
#2450 = ( GEOMETRIC_REPRESENTATION_CONTEXT(2) 
PARAMETRIC_REPRESENTATION_CONTEXT() REPRESENTATION_CONTEXT('2D SPACE',''
  ) );
#2451 = PCURVE('',#2452,#2457);
#2452 = PLANE('',#2453);
#2453 = AXIS2_PLACEMENT_3D('',#2454,#2455,#2456);
#2454 = CARTESIAN_POINT('',(102.004,-123.217754,0.));
#2455 = DIRECTION('',(-0.870503413193,-0.492162379321,0.));
#2456 = DIRECTION('',(-0.492162379321,0.870503413193,0.));
#2457 = DEFINITIONAL_REPRESENTATION('',(#2458),#2462);
#2458 = LINE('',#2459,#2460);
#2459 = CARTESIAN_POINT('',(0.,0.));
#2460 = VECTOR('',#2461,1.);
#2461 = DIRECTION('',(1.,0.));
#2462 = ( GEOMETRIC_REPRESENTATION_CONTEXT(2) 
PARAMETRIC_REPRESENTATION_CONTEXT() REPRESENTATION_CONTEXT('2D SPACE',''
  ) );
#2463 = ORIENTED_EDGE('',*,*,#2464,.T.);
#2464 = EDGE_CURVE('',#2437,#2465,#2467,.T.);
#2465 = VERTEX_POINT('',#2466);
#2466 = CARTESIAN_POINT('',(101.293944,-121.878447,0.));
#2467 = SURFACE_CURVE('',#2468,(#2472,#2479),.PCURVE_S1.);
#2468 = LINE('',#2469,#2470);
#2469 = CARTESIAN_POINT('',(101.630831,-122.557718,0.));
#2470 = VECTOR('',#2471,1.);
#2471 = DIRECTION('',(-0.444311306075,0.895872459279,0.));
#2472 = PCURVE('',#144,#2473);
#2473 = DEFINITIONAL_REPRESENTATION('',(#2474),#2478);
#2474 = LINE('',#2475,#2476);
#2475 = CARTESIAN_POINT('',(28.369169,-17.557718));
#2476 = VECTOR('',#2477,1.);
#2477 = DIRECTION('',(0.444311306075,0.895872459279));
#2478 = ( GEOMETRIC_REPRESENTATION_CONTEXT(2) 
PARAMETRIC_REPRESENTATION_CONTEXT() REPRESENTATION_CONTEXT('2D SPACE',''
  ) );
#2479 = PCURVE('',#2480,#2485);
#2480 = PLANE('',#2481);
#2481 = AXIS2_PLACEMENT_3D('',#2482,#2483,#2484);
#2482 = CARTESIAN_POINT('',(101.630831,-122.557718,0.));
#2483 = DIRECTION('',(-0.895872459279,-0.444311306075,0.));
#2484 = DIRECTION('',(-0.444311306075,0.895872459279,0.));
#2485 = DEFINITIONAL_REPRESENTATION('',(#2486),#2490);
#2486 = LINE('',#2487,#2488);
#2487 = CARTESIAN_POINT('',(0.,0.));
#2488 = VECTOR('',#2489,1.);
#2489 = DIRECTION('',(1.,0.));
#2490 = ( GEOMETRIC_REPRESENTATION_CONTEXT(2) 
PARAMETRIC_REPRESENTATION_CONTEXT() REPRESENTATION_CONTEXT('2D SPACE',''
  ) );
#2491 = ORIENTED_EDGE('',*,*,#2492,.T.);
#2492 = EDGE_CURVE('',#2465,#2493,#2495,.T.);
#2493 = VERTEX_POINT('',#2494);
#2494 = CARTESIAN_POINT('',(100.994326,-121.181934,0.));
#2495 = SURFACE_CURVE('',#2496,(#2500,#2507),.PCURVE_S1.);
#2496 = LINE('',#2497,#2498);
#2497 = CARTESIAN_POINT('',(101.293944,-121.878447,0.));
#2498 = VECTOR('',#2499,1.);
#2499 = DIRECTION('',(-0.395158431963,0.918612983605,0.));
#2500 = PCURVE('',#144,#2501);
#2501 = DEFINITIONAL_REPRESENTATION('',(#2502),#2506);
#2502 = LINE('',#2503,#2504);
#2503 = CARTESIAN_POINT('',(28.706056,-16.878447));
#2504 = VECTOR('',#2505,1.);
#2505 = DIRECTION('',(0.395158431963,0.918612983605));
#2506 = ( GEOMETRIC_REPRESENTATION_CONTEXT(2) 
PARAMETRIC_REPRESENTATION_CONTEXT() REPRESENTATION_CONTEXT('2D SPACE',''
  ) );
#2507 = PCURVE('',#2508,#2513);
#2508 = PLANE('',#2509);
#2509 = AXIS2_PLACEMENT_3D('',#2510,#2511,#2512);
#2510 = CARTESIAN_POINT('',(101.293944,-121.878447,0.));
#2511 = DIRECTION('',(-0.918612983605,-0.395158431963,0.));
#2512 = DIRECTION('',(-0.395158431963,0.918612983605,0.));
#2513 = DEFINITIONAL_REPRESENTATION('',(#2514),#2518);
#2514 = LINE('',#2515,#2516);
#2515 = CARTESIAN_POINT('',(0.,0.));
#2516 = VECTOR('',#2517,1.);
#2517 = DIRECTION('',(1.,0.));
#2518 = ( GEOMETRIC_REPRESENTATION_CONTEXT(2) 
PARAMETRIC_REPRESENTATION_CONTEXT() REPRESENTATION_CONTEXT('2D SPACE',''
  ) );
#2519 = ORIENTED_EDGE('',*,*,#2520,.T.);
#2520 = EDGE_CURVE('',#2493,#2521,#2523,.T.);
#2521 = VERTEX_POINT('',#2522);
#2522 = CARTESIAN_POINT('',(100.732856,-120.470221,0.));
#2523 = SURFACE_CURVE('',#2524,(#2528,#2535),.PCURVE_S1.);
#2524 = LINE('',#2525,#2526);
#2525 = CARTESIAN_POINT('',(100.994326,-121.181934,0.));
#2526 = VECTOR('',#2527,1.);
#2527 = DIRECTION('',(-0.344845826286,0.938659339746,0.));
#2528 = PCURVE('',#144,#2529);
#2529 = DEFINITIONAL_REPRESENTATION('',(#2530),#2534);
#2530 = LINE('',#2531,#2532);
#2531 = CARTESIAN_POINT('',(29.005674,-16.181934));
#2532 = VECTOR('',#2533,1.);
#2533 = DIRECTION('',(0.344845826286,0.938659339746));
#2534 = ( GEOMETRIC_REPRESENTATION_CONTEXT(2) 
PARAMETRIC_REPRESENTATION_CONTEXT() REPRESENTATION_CONTEXT('2D SPACE',''
  ) );
#2535 = PCURVE('',#2536,#2541);
#2536 = PLANE('',#2537);
#2537 = AXIS2_PLACEMENT_3D('',#2538,#2539,#2540);
#2538 = CARTESIAN_POINT('',(100.994326,-121.181934,0.));
#2539 = DIRECTION('',(-0.938659339746,-0.344845826286,0.));
#2540 = DIRECTION('',(-0.344845826286,0.938659339746,0.));
#2541 = DEFINITIONAL_REPRESENTATION('',(#2542),#2546);
#2542 = LINE('',#2543,#2544);
#2543 = CARTESIAN_POINT('',(0.,0.));
#2544 = VECTOR('',#2545,1.);
#2545 = DIRECTION('',(1.,0.));
#2546 = ( GEOMETRIC_REPRESENTATION_CONTEXT(2) 
PARAMETRIC_REPRESENTATION_CONTEXT() REPRESENTATION_CONTEXT('2D SPACE',''
  ) );
#2547 = ORIENTED_EDGE('',*,*,#2548,.T.);
#2548 = EDGE_CURVE('',#2521,#2549,#2551,.T.);
#2549 = VERTEX_POINT('',#2550);
#2550 = CARTESIAN_POINT('',(100.5103,-119.745397,0.));
#2551 = SURFACE_CURVE('',#2552,(#2556,#2563),.PCURVE_S1.);
#2552 = LINE('',#2553,#2554);
#2553 = CARTESIAN_POINT('',(100.732856,-120.470221,0.));
#2554 = VECTOR('',#2555,1.);
#2555 = DIRECTION('',(-0.293523429851,0.955951879609,0.));
#2556 = PCURVE('',#144,#2557);
#2557 = DEFINITIONAL_REPRESENTATION('',(#2558),#2562);
#2558 = LINE('',#2559,#2560);
#2559 = CARTESIAN_POINT('',(29.267144,-15.470221));
#2560 = VECTOR('',#2561,1.);
#2561 = DIRECTION('',(0.293523429851,0.955951879609));
#2562 = ( GEOMETRIC_REPRESENTATION_CONTEXT(2) 
PARAMETRIC_REPRESENTATION_CONTEXT() REPRESENTATION_CONTEXT('2D SPACE',''
  ) );
#2563 = PCURVE('',#2564,#2569);
#2564 = PLANE('',#2565);
#2565 = AXIS2_PLACEMENT_3D('',#2566,#2567,#2568);
#2566 = CARTESIAN_POINT('',(100.732856,-120.470221,0.));
#2567 = DIRECTION('',(-0.955951879609,-0.293523429851,0.));
#2568 = DIRECTION('',(-0.293523429851,0.955951879609,0.));
#2569 = DEFINITIONAL_REPRESENTATION('',(#2570),#2574);
#2570 = LINE('',#2571,#2572);
#2571 = CARTESIAN_POINT('',(0.,0.));
#2572 = VECTOR('',#2573,1.);
#2573 = DIRECTION('',(1.,0.));
#2574 = ( GEOMETRIC_REPRESENTATION_CONTEXT(2) 
PARAMETRIC_REPRESENTATION_CONTEXT() REPRESENTATION_CONTEXT('2D SPACE',''
  ) );
#2575 = ORIENTED_EDGE('',*,*,#2576,.T.);
#2576 = EDGE_CURVE('',#2549,#2577,#2579,.T.);
#2577 = VERTEX_POINT('',#2578);
#2578 = CARTESIAN_POINT('',(100.327312,-119.009586,0.));
#2579 = SURFACE_CURVE('',#2580,(#2584,#2591),.PCURVE_S1.);
#2580 = LINE('',#2581,#2582);
#2581 = CARTESIAN_POINT('',(100.5103,-119.745397,0.));
#2582 = VECTOR('',#2583,1.);
#2583 = DIRECTION('',(-0.241337903716,0.970441145165,0.));
#2584 = PCURVE('',#144,#2585);
#2585 = DEFINITIONAL_REPRESENTATION('',(#2586),#2590);
#2586 = LINE('',#2587,#2588);
#2587 = CARTESIAN_POINT('',(29.4897,-14.745397));
#2588 = VECTOR('',#2589,1.);
#2589 = DIRECTION('',(0.241337903716,0.970441145165));
#2590 = ( GEOMETRIC_REPRESENTATION_CONTEXT(2) 
PARAMETRIC_REPRESENTATION_CONTEXT() REPRESENTATION_CONTEXT('2D SPACE',''
  ) );
#2591 = PCURVE('',#2592,#2597);
#2592 = PLANE('',#2593);
#2593 = AXIS2_PLACEMENT_3D('',#2594,#2595,#2596);
#2594 = CARTESIAN_POINT('',(100.5103,-119.745397,0.));
#2595 = DIRECTION('',(-0.970441145165,-0.241337903716,0.));
#2596 = DIRECTION('',(-0.241337903716,0.970441145165,0.));
#2597 = DEFINITIONAL_REPRESENTATION('',(#2598),#2602);
#2598 = LINE('',#2599,#2600);
#2599 = CARTESIAN_POINT('',(0.,0.));
#2600 = VECTOR('',#2601,1.);
#2601 = DIRECTION('',(1.,0.));
#2602 = ( GEOMETRIC_REPRESENTATION_CONTEXT(2) 
PARAMETRIC_REPRESENTATION_CONTEXT() REPRESENTATION_CONTEXT('2D SPACE',''
  ) );
#2603 = ORIENTED_EDGE('',*,*,#2604,.T.);
#2604 = EDGE_CURVE('',#2577,#2605,#2607,.T.);
#2605 = VERTEX_POINT('',#2606);
#2606 = CARTESIAN_POINT('',(100.184429,-118.264948,0.));
#2607 = SURFACE_CURVE('',#2608,(#2612,#2619),.PCURVE_S1.);
#2608 = LINE('',#2609,#2610);
#2609 = CARTESIAN_POINT('',(100.327312,-119.009586,0.));
#2610 = VECTOR('',#2611,1.);
#2611 = DIRECTION('',(-0.188444694077,0.98208380359,0.));
#2612 = PCURVE('',#144,#2613);
#2613 = DEFINITIONAL_REPRESENTATION('',(#2614),#2618);
#2614 = LINE('',#2615,#2616);
#2615 = CARTESIAN_POINT('',(29.672688,-14.009586));
#2616 = VECTOR('',#2617,1.);
#2617 = DIRECTION('',(0.188444694077,0.98208380359));
#2618 = ( GEOMETRIC_REPRESENTATION_CONTEXT(2) 
PARAMETRIC_REPRESENTATION_CONTEXT() REPRESENTATION_CONTEXT('2D SPACE',''
  ) );
#2619 = PCURVE('',#2620,#2625);
#2620 = PLANE('',#2621);
#2621 = AXIS2_PLACEMENT_3D('',#2622,#2623,#2624);
#2622 = CARTESIAN_POINT('',(100.327312,-119.009586,0.));
#2623 = DIRECTION('',(-0.98208380359,-0.188444694077,0.));
#2624 = DIRECTION('',(-0.188444694077,0.98208380359,0.));
#2625 = DEFINITIONAL_REPRESENTATION('',(#2626),#2630);
#2626 = LINE('',#2627,#2628);
#2627 = CARTESIAN_POINT('',(0.,0.));
#2628 = VECTOR('',#2629,1.);
#2629 = DIRECTION('',(1.,0.));
#2630 = ( GEOMETRIC_REPRESENTATION_CONTEXT(2) 
PARAMETRIC_REPRESENTATION_CONTEXT() REPRESENTATION_CONTEXT('2D SPACE',''
  ) );
#2631 = ORIENTED_EDGE('',*,*,#2632,.T.);
#2632 = EDGE_CURVE('',#2605,#2633,#2635,.T.);
#2633 = VERTEX_POINT('',#2634);
#2634 = CARTESIAN_POINT('',(100.082069,-117.513666,0.));
#2635 = SURFACE_CURVE('',#2636,(#2640,#2647),.PCURVE_S1.);
#2636 = LINE('',#2637,#2638);
#2637 = CARTESIAN_POINT('',(100.184429,-118.264948,0.));
#2638 = VECTOR('',#2639,1.);
#2639 = DIRECTION('',(-0.134999850318,0.99084561886,0.));
#2640 = PCURVE('',#144,#2641);
#2641 = DEFINITIONAL_REPRESENTATION('',(#2642),#2646);
#2642 = LINE('',#2643,#2644);
#2643 = CARTESIAN_POINT('',(29.815571,-13.264948));
#2644 = VECTOR('',#2645,1.);
#2645 = DIRECTION('',(0.134999850318,0.99084561886));
#2646 = ( GEOMETRIC_REPRESENTATION_CONTEXT(2) 
PARAMETRIC_REPRESENTATION_CONTEXT() REPRESENTATION_CONTEXT('2D SPACE',''
  ) );
#2647 = PCURVE('',#2648,#2653);
#2648 = PLANE('',#2649);
#2649 = AXIS2_PLACEMENT_3D('',#2650,#2651,#2652);
#2650 = CARTESIAN_POINT('',(100.184429,-118.264948,0.));
#2651 = DIRECTION('',(-0.99084561886,-0.134999850318,0.));
#2652 = DIRECTION('',(-0.134999850318,0.99084561886,0.));
#2653 = DEFINITIONAL_REPRESENTATION('',(#2654),#2658);
#2654 = LINE('',#2655,#2656);
#2655 = CARTESIAN_POINT('',(0.,0.));
#2656 = VECTOR('',#2657,1.);
#2657 = DIRECTION('',(1.,0.));
#2658 = ( GEOMETRIC_REPRESENTATION_CONTEXT(2) 
PARAMETRIC_REPRESENTATION_CONTEXT() REPRESENTATION_CONTEXT('2D SPACE',''
  ) );
#2659 = ORIENTED_EDGE('',*,*,#2660,.T.);
#2660 = EDGE_CURVE('',#2633,#2661,#2663,.T.);
#2661 = VERTEX_POINT('',#2662);
#2662 = CARTESIAN_POINT('',(100.020532,-116.757945,0.));
#2663 = SURFACE_CURVE('',#2664,(#2668,#2675),.PCURVE_S1.);
#2664 = LINE('',#2665,#2666);
#2665 = CARTESIAN_POINT('',(100.082069,-117.513666,0.));
#2666 = VECTOR('',#2667,1.);
#2667 = DIRECTION('',(-8.11595771911E-02,0.996701120211,0.));
#2668 = PCURVE('',#144,#2669);
#2669 = DEFINITIONAL_REPRESENTATION('',(#2670),#2674);
#2670 = LINE('',#2671,#2672);
#2671 = CARTESIAN_POINT('',(29.917931,-12.513666));
#2672 = VECTOR('',#2673,1.);
#2673 = DIRECTION('',(8.11595771911E-02,0.996701120211));
#2674 = ( GEOMETRIC_REPRESENTATION_CONTEXT(2) 
PARAMETRIC_REPRESENTATION_CONTEXT() REPRESENTATION_CONTEXT('2D SPACE',''
  ) );
#2675 = PCURVE('',#2676,#2681);
#2676 = PLANE('',#2677);
#2677 = AXIS2_PLACEMENT_3D('',#2678,#2679,#2680);
#2678 = CARTESIAN_POINT('',(100.082069,-117.513666,0.));
#2679 = DIRECTION('',(-0.996701120211,-8.11595771911E-02,0.));
#2680 = DIRECTION('',(-8.11595771911E-02,0.996701120211,0.));
#2681 = DEFINITIONAL_REPRESENTATION('',(#2682),#2686);
#2682 = LINE('',#2683,#2684);
#2683 = CARTESIAN_POINT('',(0.,0.));
#2684 = VECTOR('',#2685,1.);
#2685 = DIRECTION('',(1.,0.));
#2686 = ( GEOMETRIC_REPRESENTATION_CONTEXT(2) 
PARAMETRIC_REPRESENTATION_CONTEXT() REPRESENTATION_CONTEXT('2D SPACE',''
  ) );
#2687 = ORIENTED_EDGE('',*,*,#2688,.T.);
#2688 = EDGE_CURVE('',#2661,#2689,#2691,.T.);
#2689 = VERTEX_POINT('',#2690);
#2690 = CARTESIAN_POINT('',(100.,-116.,0.));
#2691 = SURFACE_CURVE('',#2692,(#2696,#2703),.PCURVE_S1.);
#2692 = LINE('',#2693,#2694);
#2693 = CARTESIAN_POINT('',(100.020532,-116.757945,0.));
#2694 = VECTOR('',#2695,1.);
#2695 = DIRECTION('',(-2.707910308711E-02,0.999633293851,0.));
#2696 = PCURVE('',#144,#2697);
#2697 = DEFINITIONAL_REPRESENTATION('',(#2698),#2702);
#2698 = LINE('',#2699,#2700);
#2699 = CARTESIAN_POINT('',(29.979468,-11.757945));
#2700 = VECTOR('',#2701,1.);
#2701 = DIRECTION('',(2.707910308711E-02,0.999633293851));
#2702 = ( GEOMETRIC_REPRESENTATION_CONTEXT(2) 
PARAMETRIC_REPRESENTATION_CONTEXT() REPRESENTATION_CONTEXT('2D SPACE',''
  ) );
#2703 = PCURVE('',#2704,#2709);
#2704 = PLANE('',#2705);
#2705 = AXIS2_PLACEMENT_3D('',#2706,#2707,#2708);
#2706 = CARTESIAN_POINT('',(100.020532,-116.757945,0.));
#2707 = DIRECTION('',(-0.999633293851,-2.707910308711E-02,0.));
#2708 = DIRECTION('',(-2.707910308711E-02,0.999633293851,0.));
#2709 = DEFINITIONAL_REPRESENTATION('',(#2710),#2714);
#2710 = LINE('',#2711,#2712);
#2711 = CARTESIAN_POINT('',(0.,0.));
#2712 = VECTOR('',#2713,1.);
#2713 = DIRECTION('',(1.,0.));
#2714 = ( GEOMETRIC_REPRESENTATION_CONTEXT(2) 
PARAMETRIC_REPRESENTATION_CONTEXT() REPRESENTATION_CONTEXT('2D SPACE',''
  ) );
#2715 = ORIENTED_EDGE('',*,*,#2716,.T.);
#2716 = EDGE_CURVE('',#2689,#2717,#2719,.T.);
#2717 = VERTEX_POINT('',#2718);
#2718 = CARTESIAN_POINT('',(100.,-94.,0.));
#2719 = SURFACE_CURVE('',#2720,(#2724,#2731),.PCURVE_S1.);
#2720 = LINE('',#2721,#2722);
#2721 = CARTESIAN_POINT('',(100.,-116.,0.));
#2722 = VECTOR('',#2723,1.);
#2723 = DIRECTION('',(0.,1.,0.));
#2724 = PCURVE('',#144,#2725);
#2725 = DEFINITIONAL_REPRESENTATION('',(#2726),#2730);
#2726 = LINE('',#2727,#2728);
#2727 = CARTESIAN_POINT('',(30.,-11.));
#2728 = VECTOR('',#2729,1.);
#2729 = DIRECTION('',(0.,1.));
#2730 = ( GEOMETRIC_REPRESENTATION_CONTEXT(2) 
PARAMETRIC_REPRESENTATION_CONTEXT() REPRESENTATION_CONTEXT('2D SPACE',''
  ) );
#2731 = PCURVE('',#2732,#2737);
#2732 = PLANE('',#2733);
#2733 = AXIS2_PLACEMENT_3D('',#2734,#2735,#2736);
#2734 = CARTESIAN_POINT('',(100.,-116.,0.));
#2735 = DIRECTION('',(-1.,0.,0.));
#2736 = DIRECTION('',(0.,1.,0.));
#2737 = DEFINITIONAL_REPRESENTATION('',(#2738),#2742);
#2738 = LINE('',#2739,#2740);
#2739 = CARTESIAN_POINT('',(0.,0.));
#2740 = VECTOR('',#2741,1.);
#2741 = DIRECTION('',(1.,0.));
#2742 = ( GEOMETRIC_REPRESENTATION_CONTEXT(2) 
PARAMETRIC_REPRESENTATION_CONTEXT() REPRESENTATION_CONTEXT('2D SPACE',''
  ) );
#2743 = ORIENTED_EDGE('',*,*,#2744,.T.);
#2744 = EDGE_CURVE('',#2717,#2745,#2747,.T.);
#2745 = VERTEX_POINT('',#2746);
#2746 = CARTESIAN_POINT('',(100.020532,-93.242055,0.));
#2747 = SURFACE_CURVE('',#2748,(#2752,#2759),.PCURVE_S1.);
#2748 = LINE('',#2749,#2750);
#2749 = CARTESIAN_POINT('',(100.,-94.,0.));
#2750 = VECTOR('',#2751,1.);
#2751 = DIRECTION('',(2.707910308711E-02,0.999633293851,0.));
#2752 = PCURVE('',#144,#2753);
#2753 = DEFINITIONAL_REPRESENTATION('',(#2754),#2758);
#2754 = LINE('',#2755,#2756);
#2755 = CARTESIAN_POINT('',(30.,11.));
#2756 = VECTOR('',#2757,1.);
#2757 = DIRECTION('',(-2.707910308711E-02,0.999633293851));
#2758 = ( GEOMETRIC_REPRESENTATION_CONTEXT(2) 
PARAMETRIC_REPRESENTATION_CONTEXT() REPRESENTATION_CONTEXT('2D SPACE',''
  ) );
#2759 = PCURVE('',#2760,#2765);
#2760 = PLANE('',#2761);
#2761 = AXIS2_PLACEMENT_3D('',#2762,#2763,#2764);
#2762 = CARTESIAN_POINT('',(100.,-94.,0.));
#2763 = DIRECTION('',(-0.999633293851,2.707910308711E-02,0.));
#2764 = DIRECTION('',(2.707910308711E-02,0.999633293851,0.));
#2765 = DEFINITIONAL_REPRESENTATION('',(#2766),#2770);
#2766 = LINE('',#2767,#2768);
#2767 = CARTESIAN_POINT('',(0.,0.));
#2768 = VECTOR('',#2769,1.);
#2769 = DIRECTION('',(1.,0.));
#2770 = ( GEOMETRIC_REPRESENTATION_CONTEXT(2) 
PARAMETRIC_REPRESENTATION_CONTEXT() REPRESENTATION_CONTEXT('2D SPACE',''
  ) );
#2771 = ORIENTED_EDGE('',*,*,#2772,.T.);
#2772 = EDGE_CURVE('',#2745,#2773,#2775,.T.);
#2773 = VERTEX_POINT('',#2774);
#2774 = CARTESIAN_POINT('',(100.082069,-92.486334,0.));
#2775 = SURFACE_CURVE('',#2776,(#2780,#2787),.PCURVE_S1.);
#2776 = LINE('',#2777,#2778);
#2777 = CARTESIAN_POINT('',(100.020532,-93.242055,0.));
#2778 = VECTOR('',#2779,1.);
#2779 = DIRECTION('',(8.11595771911E-02,0.996701120211,0.));
#2780 = PCURVE('',#144,#2781);
#2781 = DEFINITIONAL_REPRESENTATION('',(#2782),#2786);
#2782 = LINE('',#2783,#2784);
#2783 = CARTESIAN_POINT('',(29.979468,11.757945));
#2784 = VECTOR('',#2785,1.);
#2785 = DIRECTION('',(-8.11595771911E-02,0.996701120211));
#2786 = ( GEOMETRIC_REPRESENTATION_CONTEXT(2) 
PARAMETRIC_REPRESENTATION_CONTEXT() REPRESENTATION_CONTEXT('2D SPACE',''
  ) );
#2787 = PCURVE('',#2788,#2793);
#2788 = PLANE('',#2789);
#2789 = AXIS2_PLACEMENT_3D('',#2790,#2791,#2792);
#2790 = CARTESIAN_POINT('',(100.020532,-93.242055,0.));
#2791 = DIRECTION('',(-0.996701120211,8.11595771911E-02,0.));
#2792 = DIRECTION('',(8.11595771911E-02,0.996701120211,0.));
#2793 = DEFINITIONAL_REPRESENTATION('',(#2794),#2798);
#2794 = LINE('',#2795,#2796);
#2795 = CARTESIAN_POINT('',(0.,0.));
#2796 = VECTOR('',#2797,1.);
#2797 = DIRECTION('',(1.,0.));
#2798 = ( GEOMETRIC_REPRESENTATION_CONTEXT(2) 
PARAMETRIC_REPRESENTATION_CONTEXT() REPRESENTATION_CONTEXT('2D SPACE',''
  ) );
#2799 = ORIENTED_EDGE('',*,*,#2800,.T.);
#2800 = EDGE_CURVE('',#2773,#2801,#2803,.T.);
#2801 = VERTEX_POINT('',#2802);
#2802 = CARTESIAN_POINT('',(100.184429,-91.735052,0.));
#2803 = SURFACE_CURVE('',#2804,(#2808,#2815),.PCURVE_S1.);
#2804 = LINE('',#2805,#2806);
#2805 = CARTESIAN_POINT('',(100.082069,-92.486334,0.));
#2806 = VECTOR('',#2807,1.);
#2807 = DIRECTION('',(0.134999850318,0.99084561886,0.));
#2808 = PCURVE('',#144,#2809);
#2809 = DEFINITIONAL_REPRESENTATION('',(#2810),#2814);
#2810 = LINE('',#2811,#2812);
#2811 = CARTESIAN_POINT('',(29.917931,12.513666));
#2812 = VECTOR('',#2813,1.);
#2813 = DIRECTION('',(-0.134999850318,0.99084561886));
#2814 = ( GEOMETRIC_REPRESENTATION_CONTEXT(2) 
PARAMETRIC_REPRESENTATION_CONTEXT() REPRESENTATION_CONTEXT('2D SPACE',''
  ) );
#2815 = PCURVE('',#2816,#2821);
#2816 = PLANE('',#2817);
#2817 = AXIS2_PLACEMENT_3D('',#2818,#2819,#2820);
#2818 = CARTESIAN_POINT('',(100.082069,-92.486334,0.));
#2819 = DIRECTION('',(-0.99084561886,0.134999850318,0.));
#2820 = DIRECTION('',(0.134999850318,0.99084561886,0.));
#2821 = DEFINITIONAL_REPRESENTATION('',(#2822),#2826);
#2822 = LINE('',#2823,#2824);
#2823 = CARTESIAN_POINT('',(0.,0.));
#2824 = VECTOR('',#2825,1.);
#2825 = DIRECTION('',(1.,0.));
#2826 = ( GEOMETRIC_REPRESENTATION_CONTEXT(2) 
PARAMETRIC_REPRESENTATION_CONTEXT() REPRESENTATION_CONTEXT('2D SPACE',''
  ) );
#2827 = ORIENTED_EDGE('',*,*,#2828,.T.);
#2828 = EDGE_CURVE('',#2801,#2829,#2831,.T.);
#2829 = VERTEX_POINT('',#2830);
#2830 = CARTESIAN_POINT('',(100.327312,-90.990414,0.));
#2831 = SURFACE_CURVE('',#2832,(#2836,#2843),.PCURVE_S1.);
#2832 = LINE('',#2833,#2834);
#2833 = CARTESIAN_POINT('',(100.184429,-91.735052,0.));
#2834 = VECTOR('',#2835,1.);
#2835 = DIRECTION('',(0.188444694077,0.98208380359,0.));
#2836 = PCURVE('',#144,#2837);
#2837 = DEFINITIONAL_REPRESENTATION('',(#2838),#2842);
#2838 = LINE('',#2839,#2840);
#2839 = CARTESIAN_POINT('',(29.815571,13.264948));
#2840 = VECTOR('',#2841,1.);
#2841 = DIRECTION('',(-0.188444694077,0.98208380359));
#2842 = ( GEOMETRIC_REPRESENTATION_CONTEXT(2) 
PARAMETRIC_REPRESENTATION_CONTEXT() REPRESENTATION_CONTEXT('2D SPACE',''
  ) );
#2843 = PCURVE('',#2844,#2849);
#2844 = PLANE('',#2845);
#2845 = AXIS2_PLACEMENT_3D('',#2846,#2847,#2848);
#2846 = CARTESIAN_POINT('',(100.184429,-91.735052,0.));
#2847 = DIRECTION('',(-0.98208380359,0.188444694077,0.));
#2848 = DIRECTION('',(0.188444694077,0.98208380359,0.));
#2849 = DEFINITIONAL_REPRESENTATION('',(#2850),#2854);
#2850 = LINE('',#2851,#2852);
#2851 = CARTESIAN_POINT('',(0.,0.));
#2852 = VECTOR('',#2853,1.);
#2853 = DIRECTION('',(1.,0.));
#2854 = ( GEOMETRIC_REPRESENTATION_CONTEXT(2) 
PARAMETRIC_REPRESENTATION_CONTEXT() REPRESENTATION_CONTEXT('2D SPACE',''
  ) );
#2855 = ORIENTED_EDGE('',*,*,#2856,.T.);
#2856 = EDGE_CURVE('',#2829,#2857,#2859,.T.);
#2857 = VERTEX_POINT('',#2858);
#2858 = CARTESIAN_POINT('',(100.5103,-90.254603,0.));
#2859 = SURFACE_CURVE('',#2860,(#2864,#2871),.PCURVE_S1.);
#2860 = LINE('',#2861,#2862);
#2861 = CARTESIAN_POINT('',(100.327312,-90.990414,0.));
#2862 = VECTOR('',#2863,1.);
#2863 = DIRECTION('',(0.241337903716,0.970441145165,0.));
#2864 = PCURVE('',#144,#2865);
#2865 = DEFINITIONAL_REPRESENTATION('',(#2866),#2870);
#2866 = LINE('',#2867,#2868);
#2867 = CARTESIAN_POINT('',(29.672688,14.009586));
#2868 = VECTOR('',#2869,1.);
#2869 = DIRECTION('',(-0.241337903716,0.970441145165));
#2870 = ( GEOMETRIC_REPRESENTATION_CONTEXT(2) 
PARAMETRIC_REPRESENTATION_CONTEXT() REPRESENTATION_CONTEXT('2D SPACE',''
  ) );
#2871 = PCURVE('',#2872,#2877);
#2872 = PLANE('',#2873);
#2873 = AXIS2_PLACEMENT_3D('',#2874,#2875,#2876);
#2874 = CARTESIAN_POINT('',(100.327312,-90.990414,0.));
#2875 = DIRECTION('',(-0.970441145165,0.241337903716,0.));
#2876 = DIRECTION('',(0.241337903716,0.970441145165,0.));
#2877 = DEFINITIONAL_REPRESENTATION('',(#2878),#2882);
#2878 = LINE('',#2879,#2880);
#2879 = CARTESIAN_POINT('',(0.,0.));
#2880 = VECTOR('',#2881,1.);
#2881 = DIRECTION('',(1.,0.));
#2882 = ( GEOMETRIC_REPRESENTATION_CONTEXT(2) 
PARAMETRIC_REPRESENTATION_CONTEXT() REPRESENTATION_CONTEXT('2D SPACE',''
  ) );
#2883 = ORIENTED_EDGE('',*,*,#2884,.T.);
#2884 = EDGE_CURVE('',#2857,#2885,#2887,.T.);
#2885 = VERTEX_POINT('',#2886);
#2886 = CARTESIAN_POINT('',(100.732856,-89.529779,0.));
#2887 = SURFACE_CURVE('',#2888,(#2892,#2899),.PCURVE_S1.);
#2888 = LINE('',#2889,#2890);
#2889 = CARTESIAN_POINT('',(100.5103,-90.254603,0.));
#2890 = VECTOR('',#2891,1.);
#2891 = DIRECTION('',(0.293523429851,0.955951879609,0.));
#2892 = PCURVE('',#144,#2893);
#2893 = DEFINITIONAL_REPRESENTATION('',(#2894),#2898);
#2894 = LINE('',#2895,#2896);
#2895 = CARTESIAN_POINT('',(29.4897,14.745397));
#2896 = VECTOR('',#2897,1.);
#2897 = DIRECTION('',(-0.293523429851,0.955951879609));
#2898 = ( GEOMETRIC_REPRESENTATION_CONTEXT(2) 
PARAMETRIC_REPRESENTATION_CONTEXT() REPRESENTATION_CONTEXT('2D SPACE',''
  ) );
#2899 = PCURVE('',#2900,#2905);
#2900 = PLANE('',#2901);
#2901 = AXIS2_PLACEMENT_3D('',#2902,#2903,#2904);
#2902 = CARTESIAN_POINT('',(100.5103,-90.254603,0.));
#2903 = DIRECTION('',(-0.955951879609,0.293523429851,0.));
#2904 = DIRECTION('',(0.293523429851,0.955951879609,0.));
#2905 = DEFINITIONAL_REPRESENTATION('',(#2906),#2910);
#2906 = LINE('',#2907,#2908);
#2907 = CARTESIAN_POINT('',(0.,0.));
#2908 = VECTOR('',#2909,1.);
#2909 = DIRECTION('',(1.,0.));
#2910 = ( GEOMETRIC_REPRESENTATION_CONTEXT(2) 
PARAMETRIC_REPRESENTATION_CONTEXT() REPRESENTATION_CONTEXT('2D SPACE',''
  ) );
#2911 = ORIENTED_EDGE('',*,*,#2912,.T.);
#2912 = EDGE_CURVE('',#2885,#2913,#2915,.T.);
#2913 = VERTEX_POINT('',#2914);
#2914 = CARTESIAN_POINT('',(100.994326,-88.818066,0.));
#2915 = SURFACE_CURVE('',#2916,(#2920,#2927),.PCURVE_S1.);
#2916 = LINE('',#2917,#2918);
#2917 = CARTESIAN_POINT('',(100.732856,-89.529779,0.));
#2918 = VECTOR('',#2919,1.);
#2919 = DIRECTION('',(0.344845826286,0.938659339746,0.));
#2920 = PCURVE('',#144,#2921);
#2921 = DEFINITIONAL_REPRESENTATION('',(#2922),#2926);
#2922 = LINE('',#2923,#2924);
#2923 = CARTESIAN_POINT('',(29.267144,15.470221));
#2924 = VECTOR('',#2925,1.);
#2925 = DIRECTION('',(-0.344845826286,0.938659339746));
#2926 = ( GEOMETRIC_REPRESENTATION_CONTEXT(2) 
PARAMETRIC_REPRESENTATION_CONTEXT() REPRESENTATION_CONTEXT('2D SPACE',''
  ) );
#2927 = PCURVE('',#2928,#2933);
#2928 = PLANE('',#2929);
#2929 = AXIS2_PLACEMENT_3D('',#2930,#2931,#2932);
#2930 = CARTESIAN_POINT('',(100.732856,-89.529779,0.));
#2931 = DIRECTION('',(-0.938659339746,0.344845826286,0.));
#2932 = DIRECTION('',(0.344845826286,0.938659339746,0.));
#2933 = DEFINITIONAL_REPRESENTATION('',(#2934),#2938);
#2934 = LINE('',#2935,#2936);
#2935 = CARTESIAN_POINT('',(0.,0.));
#2936 = VECTOR('',#2937,1.);
#2937 = DIRECTION('',(1.,0.));
#2938 = ( GEOMETRIC_REPRESENTATION_CONTEXT(2) 
PARAMETRIC_REPRESENTATION_CONTEXT() REPRESENTATION_CONTEXT('2D SPACE',''
  ) );
#2939 = ORIENTED_EDGE('',*,*,#2940,.T.);
#2940 = EDGE_CURVE('',#2913,#2941,#2943,.T.);
#2941 = VERTEX_POINT('',#2942);
#2942 = CARTESIAN_POINT('',(101.293944,-88.121553,0.));
#2943 = SURFACE_CURVE('',#2944,(#2948,#2955),.PCURVE_S1.);
#2944 = LINE('',#2945,#2946);
#2945 = CARTESIAN_POINT('',(100.994326,-88.818066,0.));
#2946 = VECTOR('',#2947,1.);
#2947 = DIRECTION('',(0.395158431963,0.918612983605,0.));
#2948 = PCURVE('',#144,#2949);
#2949 = DEFINITIONAL_REPRESENTATION('',(#2950),#2954);
#2950 = LINE('',#2951,#2952);
#2951 = CARTESIAN_POINT('',(29.005674,16.181934));
#2952 = VECTOR('',#2953,1.);
#2953 = DIRECTION('',(-0.395158431963,0.918612983605));
#2954 = ( GEOMETRIC_REPRESENTATION_CONTEXT(2) 
PARAMETRIC_REPRESENTATION_CONTEXT() REPRESENTATION_CONTEXT('2D SPACE',''
  ) );
#2955 = PCURVE('',#2956,#2961);
#2956 = PLANE('',#2957);
#2957 = AXIS2_PLACEMENT_3D('',#2958,#2959,#2960);
#2958 = CARTESIAN_POINT('',(100.994326,-88.818066,0.));
#2959 = DIRECTION('',(-0.918612983605,0.395158431963,0.));
#2960 = DIRECTION('',(0.395158431963,0.918612983605,0.));
#2961 = DEFINITIONAL_REPRESENTATION('',(#2962),#2966);
#2962 = LINE('',#2963,#2964);
#2963 = CARTESIAN_POINT('',(0.,0.));
#2964 = VECTOR('',#2965,1.);
#2965 = DIRECTION('',(1.,0.));
#2966 = ( GEOMETRIC_REPRESENTATION_CONTEXT(2) 
PARAMETRIC_REPRESENTATION_CONTEXT() REPRESENTATION_CONTEXT('2D SPACE',''
  ) );
#2967 = ORIENTED_EDGE('',*,*,#2968,.T.);
#2968 = EDGE_CURVE('',#2941,#2969,#2971,.T.);
#2969 = VERTEX_POINT('',#2970);
#2970 = CARTESIAN_POINT('',(101.630831,-87.442282,0.));
#2971 = SURFACE_CURVE('',#2972,(#2976,#2983),.PCURVE_S1.);
#2972 = LINE('',#2973,#2974);
#2973 = CARTESIAN_POINT('',(101.293944,-88.121553,0.));
#2974 = VECTOR('',#2975,1.);
#2975 = DIRECTION('',(0.444311306075,0.895872459279,0.));
#2976 = PCURVE('',#144,#2977);
#2977 = DEFINITIONAL_REPRESENTATION('',(#2978),#2982);
#2978 = LINE('',#2979,#2980);
#2979 = CARTESIAN_POINT('',(28.706056,16.878447));
#2980 = VECTOR('',#2981,1.);
#2981 = DIRECTION('',(-0.444311306075,0.895872459279));
#2982 = ( GEOMETRIC_REPRESENTATION_CONTEXT(2) 
PARAMETRIC_REPRESENTATION_CONTEXT() REPRESENTATION_CONTEXT('2D SPACE',''
  ) );
#2983 = PCURVE('',#2984,#2989);
#2984 = PLANE('',#2985);
#2985 = AXIS2_PLACEMENT_3D('',#2986,#2987,#2988);
#2986 = CARTESIAN_POINT('',(101.293944,-88.121553,0.));
#2987 = DIRECTION('',(-0.895872459279,0.444311306075,0.));
#2988 = DIRECTION('',(0.444311306075,0.895872459279,0.));
#2989 = DEFINITIONAL_REPRESENTATION('',(#2990),#2994);
#2990 = LINE('',#2991,#2992);
#2991 = CARTESIAN_POINT('',(0.,0.));
#2992 = VECTOR('',#2993,1.);
#2993 = DIRECTION('',(1.,0.));
#2994 = ( GEOMETRIC_REPRESENTATION_CONTEXT(2) 
PARAMETRIC_REPRESENTATION_CONTEXT() REPRESENTATION_CONTEXT('2D SPACE',''
  ) );
#2995 = ORIENTED_EDGE('',*,*,#2996,.T.);
#2996 = EDGE_CURVE('',#2969,#2997,#2999,.T.);
#2997 = VERTEX_POINT('',#2998);
#2998 = CARTESIAN_POINT('',(102.004,-86.782246,0.));
#2999 = SURFACE_CURVE('',#3000,(#3004,#3011),.PCURVE_S1.);
#3000 = LINE('',#3001,#3002);
#3001 = CARTESIAN_POINT('',(101.630831,-87.442282,0.));
#3002 = VECTOR('',#3003,1.);
#3003 = DIRECTION('',(0.492162379321,0.870503413193,0.));
#3004 = PCURVE('',#144,#3005);
#3005 = DEFINITIONAL_REPRESENTATION('',(#3006),#3010);
#3006 = LINE('',#3007,#3008);
#3007 = CARTESIAN_POINT('',(28.369169,17.557718));
#3008 = VECTOR('',#3009,1.);
#3009 = DIRECTION('',(-0.492162379321,0.870503413193));
#3010 = ( GEOMETRIC_REPRESENTATION_CONTEXT(2) 
PARAMETRIC_REPRESENTATION_CONTEXT() REPRESENTATION_CONTEXT('2D SPACE',''
  ) );
#3011 = PCURVE('',#3012,#3017);
#3012 = PLANE('',#3013);
#3013 = AXIS2_PLACEMENT_3D('',#3014,#3015,#3016);
#3014 = CARTESIAN_POINT('',(101.630831,-87.442282,0.));
#3015 = DIRECTION('',(-0.870503413193,0.492162379321,0.));
#3016 = DIRECTION('',(0.492162379321,0.870503413193,0.));
#3017 = DEFINITIONAL_REPRESENTATION('',(#3018),#3022);
#3018 = LINE('',#3019,#3020);
#3019 = CARTESIAN_POINT('',(0.,0.));
#3020 = VECTOR('',#3021,1.);
#3021 = DIRECTION('',(1.,0.));
#3022 = ( GEOMETRIC_REPRESENTATION_CONTEXT(2) 
PARAMETRIC_REPRESENTATION_CONTEXT() REPRESENTATION_CONTEXT('2D SPACE',''
  ) );
#3023 = ORIENTED_EDGE('',*,*,#3024,.T.);
#3024 = EDGE_CURVE('',#2997,#3025,#3027,.T.);
#3025 = VERTEX_POINT('',#3026);
#3026 = CARTESIAN_POINT('',(102.412354,-86.143381,0.));
#3027 = SURFACE_CURVE('',#3028,(#3032,#3039),.PCURVE_S1.);
#3028 = LINE('',#3029,#3030);
#3029 = CARTESIAN_POINT('',(102.004,-86.782246,0.));
#3030 = VECTOR('',#3031,1.);
#3031 = DIRECTION('',(0.538567449634,0.842582400834,0.));
#3032 = PCURVE('',#144,#3033);
#3033 = DEFINITIONAL_REPRESENTATION('',(#3034),#3038);
#3034 = LINE('',#3035,#3036);
#3035 = CARTESIAN_POINT('',(27.996,18.217754));
#3036 = VECTOR('',#3037,1.);
#3037 = DIRECTION('',(-0.538567449634,0.842582400834));
#3038 = ( GEOMETRIC_REPRESENTATION_CONTEXT(2) 
PARAMETRIC_REPRESENTATION_CONTEXT() REPRESENTATION_CONTEXT('2D SPACE',''
  ) );
#3039 = PCURVE('',#3040,#3045);
#3040 = PLANE('',#3041);
#3041 = AXIS2_PLACEMENT_3D('',#3042,#3043,#3044);
#3042 = CARTESIAN_POINT('',(102.004,-86.782246,0.));
#3043 = DIRECTION('',(-0.842582400834,0.538567449634,0.));
#3044 = DIRECTION('',(0.538567449634,0.842582400834,0.));
#3045 = DEFINITIONAL_REPRESENTATION('',(#3046),#3050);
#3046 = LINE('',#3047,#3048);
#3047 = CARTESIAN_POINT('',(0.,0.));
#3048 = VECTOR('',#3049,1.);
#3049 = DIRECTION('',(1.,0.));
#3050 = ( GEOMETRIC_REPRESENTATION_CONTEXT(2) 
PARAMETRIC_REPRESENTATION_CONTEXT() REPRESENTATION_CONTEXT('2D SPACE',''
  ) );
#3051 = ORIENTED_EDGE('',*,*,#3052,.T.);
#3052 = EDGE_CURVE('',#3025,#3053,#3055,.T.);
#3053 = VERTEX_POINT('',#3054);
#3054 = CARTESIAN_POINT('',(102.854697,-85.527561,0.));
#3055 = SURFACE_CURVE('',#3056,(#3060,#3067),.PCURVE_S1.);
#3056 = LINE('',#3057,#3058);
#3057 = CARTESIAN_POINT('',(102.412354,-86.143381,0.));
#3058 = VECTOR('',#3059,1.);
#3059 = DIRECTION('',(0.583394592868,0.812188862896,0.));
#3060 = PCURVE('',#144,#3061);
#3061 = DEFINITIONAL_REPRESENTATION('',(#3062),#3066);
#3062 = LINE('',#3063,#3064);
#3063 = CARTESIAN_POINT('',(27.587646,18.856619));
#3064 = VECTOR('',#3065,1.);
#3065 = DIRECTION('',(-0.583394592868,0.812188862896));
#3066 = ( GEOMETRIC_REPRESENTATION_CONTEXT(2) 
PARAMETRIC_REPRESENTATION_CONTEXT() REPRESENTATION_CONTEXT('2D SPACE',''
  ) );
#3067 = PCURVE('',#3068,#3073);
#3068 = PLANE('',#3069);
#3069 = AXIS2_PLACEMENT_3D('',#3070,#3071,#3072);
#3070 = CARTESIAN_POINT('',(102.412354,-86.143381,0.));
#3071 = DIRECTION('',(-0.812188862896,0.583394592868,0.));
#3072 = DIRECTION('',(0.583394592868,0.812188862896,0.));
#3073 = DEFINITIONAL_REPRESENTATION('',(#3074),#3078);
#3074 = LINE('',#3075,#3076);
#3075 = CARTESIAN_POINT('',(0.,0.));
#3076 = VECTOR('',#3077,1.);
#3077 = DIRECTION('',(1.,0.));
#3078 = ( GEOMETRIC_REPRESENTATION_CONTEXT(2) 
PARAMETRIC_REPRESENTATION_CONTEXT() REPRESENTATION_CONTEXT('2D SPACE',''
  ) );
#3079 = ORIENTED_EDGE('',*,*,#3080,.T.);
#3080 = EDGE_CURVE('',#3053,#3081,#3083,.T.);
#3081 = VERTEX_POINT('',#3082);
#3082 = CARTESIAN_POINT('',(103.329731,-84.936592,0.));
#3083 = SURFACE_CURVE('',#3084,(#3088,#3095),.PCURVE_S1.);
#3084 = LINE('',#3085,#3086);
#3085 = CARTESIAN_POINT('',(102.854697,-85.527561,0.));
#3086 = VECTOR('',#3087,1.);
#3087 = DIRECTION('',(0.626509864591,0.779413490755,0.));
#3088 = PCURVE('',#144,#3089);
#3089 = DEFINITIONAL_REPRESENTATION('',(#3090),#3094);
#3090 = LINE('',#3091,#3092);
#3091 = CARTESIAN_POINT('',(27.145303,19.472439));
#3092 = VECTOR('',#3093,1.);
#3093 = DIRECTION('',(-0.626509864591,0.779413490755));
#3094 = ( GEOMETRIC_REPRESENTATION_CONTEXT(2) 
PARAMETRIC_REPRESENTATION_CONTEXT() REPRESENTATION_CONTEXT('2D SPACE',''
  ) );
#3095 = PCURVE('',#3096,#3101);
#3096 = PLANE('',#3097);
#3097 = AXIS2_PLACEMENT_3D('',#3098,#3099,#3100);
#3098 = CARTESIAN_POINT('',(102.854697,-85.527561,0.));
#3099 = DIRECTION('',(-0.779413490755,0.626509864591,0.));
#3100 = DIRECTION('',(0.626509864591,0.779413490755,0.));
#3101 = DEFINITIONAL_REPRESENTATION('',(#3102),#3106);
#3102 = LINE('',#3103,#3104);
#3103 = CARTESIAN_POINT('',(0.,0.));
#3104 = VECTOR('',#3105,1.);
#3105 = DIRECTION('',(1.,0.));
#3106 = ( GEOMETRIC_REPRESENTATION_CONTEXT(2) 
PARAMETRIC_REPRESENTATION_CONTEXT() REPRESENTATION_CONTEXT('2D SPACE',''
  ) );
#3107 = ORIENTED_EDGE('',*,*,#3108,.T.);
#3108 = EDGE_CURVE('',#3081,#3109,#3111,.T.);
#3109 = VERTEX_POINT('',#3110);
#3110 = CARTESIAN_POINT('',(103.836063,-84.372208,0.));
#3111 = SURFACE_CURVE('',#3112,(#3116,#3123),.PCURVE_S1.);
#3112 = LINE('',#3113,#3114);
#3113 = CARTESIAN_POINT('',(103.329731,-84.936592,0.));
#3114 = VECTOR('',#3115,1.);
#3115 = DIRECTION('',(0.667788129409,0.744351405063,0.));
#3116 = PCURVE('',#144,#3117);
#3117 = DEFINITIONAL_REPRESENTATION('',(#3118),#3122);
#3118 = LINE('',#3119,#3120);
#3119 = CARTESIAN_POINT('',(26.670269,20.063408));
#3120 = VECTOR('',#3121,1.);
#3121 = DIRECTION('',(-0.667788129409,0.744351405063));
#3122 = ( GEOMETRIC_REPRESENTATION_CONTEXT(2) 
PARAMETRIC_REPRESENTATION_CONTEXT() REPRESENTATION_CONTEXT('2D SPACE',''
  ) );
#3123 = PCURVE('',#3124,#3129);
#3124 = PLANE('',#3125);
#3125 = AXIS2_PLACEMENT_3D('',#3126,#3127,#3128);
#3126 = CARTESIAN_POINT('',(103.329731,-84.936592,0.));
#3127 = DIRECTION('',(-0.744351405063,0.667788129409,0.));
#3128 = DIRECTION('',(0.667788129409,0.744351405063,0.));
#3129 = DEFINITIONAL_REPRESENTATION('',(#3130),#3134);
#3130 = LINE('',#3131,#3132);
#3131 = CARTESIAN_POINT('',(0.,0.));
#3132 = VECTOR('',#3133,1.);
#3133 = DIRECTION('',(1.,0.));
#3134 = ( GEOMETRIC_REPRESENTATION_CONTEXT(2) 
PARAMETRIC_REPRESENTATION_CONTEXT() REPRESENTATION_CONTEXT('2D SPACE',''
  ) );
#3135 = ORIENTED_EDGE('',*,*,#3136,.T.);
#3136 = EDGE_CURVE('',#3109,#3137,#3139,.T.);
#3137 = VERTEX_POINT('',#3138);
#3138 = CARTESIAN_POINT('',(104.372208,-83.836063,0.));
#3139 = SURFACE_CURVE('',#3140,(#3144,#3151),.PCURVE_S1.);
#3140 = LINE('',#3141,#3142);
#3141 = CARTESIAN_POINT('',(103.836063,-84.372208,0.));
#3142 = VECTOR('',#3143,1.);
#3143 = DIRECTION('',(0.707106781187,0.707106781187,0.));
#3144 = PCURVE('',#144,#3145);
#3145 = DEFINITIONAL_REPRESENTATION('',(#3146),#3150);
#3146 = LINE('',#3147,#3148);
#3147 = CARTESIAN_POINT('',(26.163937,20.627792));
#3148 = VECTOR('',#3149,1.);
#3149 = DIRECTION('',(-0.707106781187,0.707106781187));
#3150 = ( GEOMETRIC_REPRESENTATION_CONTEXT(2) 
PARAMETRIC_REPRESENTATION_CONTEXT() REPRESENTATION_CONTEXT('2D SPACE',''
  ) );
#3151 = PCURVE('',#3152,#3157);
#3152 = PLANE('',#3153);
#3153 = AXIS2_PLACEMENT_3D('',#3154,#3155,#3156);
#3154 = CARTESIAN_POINT('',(103.836063,-84.372208,0.));
#3155 = DIRECTION('',(-0.707106781187,0.707106781187,0.));
#3156 = DIRECTION('',(0.707106781187,0.707106781187,0.));
#3157 = DEFINITIONAL_REPRESENTATION('',(#3158),#3162);
#3158 = LINE('',#3159,#3160);
#3159 = CARTESIAN_POINT('',(0.,0.));
#3160 = VECTOR('',#3161,1.);
#3161 = DIRECTION('',(1.,0.));
#3162 = ( GEOMETRIC_REPRESENTATION_CONTEXT(2) 
PARAMETRIC_REPRESENTATION_CONTEXT() REPRESENTATION_CONTEXT('2D SPACE',''
  ) );
#3163 = ORIENTED_EDGE('',*,*,#3164,.T.);
#3164 = EDGE_CURVE('',#3137,#3165,#3167,.T.);
#3165 = VERTEX_POINT('',#3166);
#3166 = CARTESIAN_POINT('',(104.936592,-83.329731,0.));
#3167 = SURFACE_CURVE('',#3168,(#3172,#3179),.PCURVE_S1.);
#3168 = LINE('',#3169,#3170);
#3169 = CARTESIAN_POINT('',(104.372208,-83.836063,0.));
#3170 = VECTOR('',#3171,1.);
#3171 = DIRECTION('',(0.744351405063,0.667788129409,0.));
#3172 = PCURVE('',#144,#3173);
#3173 = DEFINITIONAL_REPRESENTATION('',(#3174),#3178);
#3174 = LINE('',#3175,#3176);
#3175 = CARTESIAN_POINT('',(25.627792,21.163937));
#3176 = VECTOR('',#3177,1.);
#3177 = DIRECTION('',(-0.744351405063,0.667788129409));
#3178 = ( GEOMETRIC_REPRESENTATION_CONTEXT(2) 
PARAMETRIC_REPRESENTATION_CONTEXT() REPRESENTATION_CONTEXT('2D SPACE',''
  ) );
#3179 = PCURVE('',#3180,#3185);
#3180 = PLANE('',#3181);
#3181 = AXIS2_PLACEMENT_3D('',#3182,#3183,#3184);
#3182 = CARTESIAN_POINT('',(104.372208,-83.836063,0.));
#3183 = DIRECTION('',(-0.667788129409,0.744351405063,0.));
#3184 = DIRECTION('',(0.744351405063,0.667788129409,0.));
#3185 = DEFINITIONAL_REPRESENTATION('',(#3186),#3190);
#3186 = LINE('',#3187,#3188);
#3187 = CARTESIAN_POINT('',(0.,0.));
#3188 = VECTOR('',#3189,1.);
#3189 = DIRECTION('',(1.,0.));
#3190 = ( GEOMETRIC_REPRESENTATION_CONTEXT(2) 
PARAMETRIC_REPRESENTATION_CONTEXT() REPRESENTATION_CONTEXT('2D SPACE',''
  ) );
#3191 = ORIENTED_EDGE('',*,*,#3192,.T.);
#3192 = EDGE_CURVE('',#3165,#3193,#3195,.T.);
#3193 = VERTEX_POINT('',#3194);
#3194 = CARTESIAN_POINT('',(105.527561,-82.854697,0.));
#3195 = SURFACE_CURVE('',#3196,(#3200,#3207),.PCURVE_S1.);
#3196 = LINE('',#3197,#3198);
#3197 = CARTESIAN_POINT('',(104.936592,-83.329731,0.));
#3198 = VECTOR('',#3199,1.);
#3199 = DIRECTION('',(0.779413490755,0.626509864591,0.));
#3200 = PCURVE('',#144,#3201);
#3201 = DEFINITIONAL_REPRESENTATION('',(#3202),#3206);
#3202 = LINE('',#3203,#3204);
#3203 = CARTESIAN_POINT('',(25.063408,21.670269));
#3204 = VECTOR('',#3205,1.);
#3205 = DIRECTION('',(-0.779413490755,0.626509864591));
#3206 = ( GEOMETRIC_REPRESENTATION_CONTEXT(2) 
PARAMETRIC_REPRESENTATION_CONTEXT() REPRESENTATION_CONTEXT('2D SPACE',''
  ) );
#3207 = PCURVE('',#3208,#3213);
#3208 = PLANE('',#3209);
#3209 = AXIS2_PLACEMENT_3D('',#3210,#3211,#3212);
#3210 = CARTESIAN_POINT('',(104.936592,-83.329731,0.));
#3211 = DIRECTION('',(-0.626509864591,0.779413490755,0.));
#3212 = DIRECTION('',(0.779413490755,0.626509864591,0.));
#3213 = DEFINITIONAL_REPRESENTATION('',(#3214),#3218);
#3214 = LINE('',#3215,#3216);
#3215 = CARTESIAN_POINT('',(0.,0.));
#3216 = VECTOR('',#3217,1.);
#3217 = DIRECTION('',(1.,0.));
#3218 = ( GEOMETRIC_REPRESENTATION_CONTEXT(2) 
PARAMETRIC_REPRESENTATION_CONTEXT() REPRESENTATION_CONTEXT('2D SPACE',''
  ) );
#3219 = ORIENTED_EDGE('',*,*,#3220,.T.);
#3220 = EDGE_CURVE('',#3193,#3221,#3223,.T.);
#3221 = VERTEX_POINT('',#3222);
#3222 = CARTESIAN_POINT('',(106.143381,-82.412354,0.));
#3223 = SURFACE_CURVE('',#3224,(#3228,#3235),.PCURVE_S1.);
#3224 = LINE('',#3225,#3226);
#3225 = CARTESIAN_POINT('',(105.527561,-82.854697,0.));
#3226 = VECTOR('',#3227,1.);
#3227 = DIRECTION('',(0.812188862896,0.583394592868,0.));
#3228 = PCURVE('',#144,#3229);
#3229 = DEFINITIONAL_REPRESENTATION('',(#3230),#3234);
#3230 = LINE('',#3231,#3232);
#3231 = CARTESIAN_POINT('',(24.472439,22.145303));
#3232 = VECTOR('',#3233,1.);
#3233 = DIRECTION('',(-0.812188862896,0.583394592868));
#3234 = ( GEOMETRIC_REPRESENTATION_CONTEXT(2) 
PARAMETRIC_REPRESENTATION_CONTEXT() REPRESENTATION_CONTEXT('2D SPACE',''
  ) );
#3235 = PCURVE('',#3236,#3241);
#3236 = PLANE('',#3237);
#3237 = AXIS2_PLACEMENT_3D('',#3238,#3239,#3240);
#3238 = CARTESIAN_POINT('',(105.527561,-82.854697,0.));
#3239 = DIRECTION('',(-0.583394592868,0.812188862896,0.));
#3240 = DIRECTION('',(0.812188862896,0.583394592868,0.));
#3241 = DEFINITIONAL_REPRESENTATION('',(#3242),#3246);
#3242 = LINE('',#3243,#3244);
#3243 = CARTESIAN_POINT('',(0.,0.));
#3244 = VECTOR('',#3245,1.);
#3245 = DIRECTION('',(1.,0.));
#3246 = ( GEOMETRIC_REPRESENTATION_CONTEXT(2) 
PARAMETRIC_REPRESENTATION_CONTEXT() REPRESENTATION_CONTEXT('2D SPACE',''
  ) );
#3247 = ORIENTED_EDGE('',*,*,#3248,.T.);
#3248 = EDGE_CURVE('',#3221,#3249,#3251,.T.);
#3249 = VERTEX_POINT('',#3250);
#3250 = CARTESIAN_POINT('',(106.782246,-82.004,0.));
#3251 = SURFACE_CURVE('',#3252,(#3256,#3263),.PCURVE_S1.);
#3252 = LINE('',#3253,#3254);
#3253 = CARTESIAN_POINT('',(106.143381,-82.412354,0.));
#3254 = VECTOR('',#3255,1.);
#3255 = DIRECTION('',(0.842582400834,0.538567449634,0.));
#3256 = PCURVE('',#144,#3257);
#3257 = DEFINITIONAL_REPRESENTATION('',(#3258),#3262);
#3258 = LINE('',#3259,#3260);
#3259 = CARTESIAN_POINT('',(23.856619,22.587646));
#3260 = VECTOR('',#3261,1.);
#3261 = DIRECTION('',(-0.842582400834,0.538567449634));
#3262 = ( GEOMETRIC_REPRESENTATION_CONTEXT(2) 
PARAMETRIC_REPRESENTATION_CONTEXT() REPRESENTATION_CONTEXT('2D SPACE',''
  ) );
#3263 = PCURVE('',#3264,#3269);
#3264 = PLANE('',#3265);
#3265 = AXIS2_PLACEMENT_3D('',#3266,#3267,#3268);
#3266 = CARTESIAN_POINT('',(106.143381,-82.412354,0.));
#3267 = DIRECTION('',(-0.538567449634,0.842582400834,0.));
#3268 = DIRECTION('',(0.842582400834,0.538567449634,0.));
#3269 = DEFINITIONAL_REPRESENTATION('',(#3270),#3274);
#3270 = LINE('',#3271,#3272);
#3271 = CARTESIAN_POINT('',(0.,0.));
#3272 = VECTOR('',#3273,1.);
#3273 = DIRECTION('',(1.,0.));
#3274 = ( GEOMETRIC_REPRESENTATION_CONTEXT(2) 
PARAMETRIC_REPRESENTATION_CONTEXT() REPRESENTATION_CONTEXT('2D SPACE',''
  ) );
#3275 = ORIENTED_EDGE('',*,*,#3276,.T.);
#3276 = EDGE_CURVE('',#3249,#3277,#3279,.T.);
#3277 = VERTEX_POINT('',#3278);
#3278 = CARTESIAN_POINT('',(107.442282,-81.630831,0.));
#3279 = SURFACE_CURVE('',#3280,(#3284,#3291),.PCURVE_S1.);
#3280 = LINE('',#3281,#3282);
#3281 = CARTESIAN_POINT('',(106.782246,-82.004,0.));
#3282 = VECTOR('',#3283,1.);
#3283 = DIRECTION('',(0.870503413193,0.492162379321,0.));
#3284 = PCURVE('',#144,#3285);
#3285 = DEFINITIONAL_REPRESENTATION('',(#3286),#3290);
#3286 = LINE('',#3287,#3288);
#3287 = CARTESIAN_POINT('',(23.217754,22.996));
#3288 = VECTOR('',#3289,1.);
#3289 = DIRECTION('',(-0.870503413193,0.492162379321));
#3290 = ( GEOMETRIC_REPRESENTATION_CONTEXT(2) 
PARAMETRIC_REPRESENTATION_CONTEXT() REPRESENTATION_CONTEXT('2D SPACE',''
  ) );
#3291 = PCURVE('',#3292,#3297);
#3292 = PLANE('',#3293);
#3293 = AXIS2_PLACEMENT_3D('',#3294,#3295,#3296);
#3294 = CARTESIAN_POINT('',(106.782246,-82.004,0.));
#3295 = DIRECTION('',(-0.492162379321,0.870503413193,0.));
#3296 = DIRECTION('',(0.870503413193,0.492162379321,0.));
#3297 = DEFINITIONAL_REPRESENTATION('',(#3298),#3302);
#3298 = LINE('',#3299,#3300);
#3299 = CARTESIAN_POINT('',(0.,0.));
#3300 = VECTOR('',#3301,1.);
#3301 = DIRECTION('',(1.,0.));
#3302 = ( GEOMETRIC_REPRESENTATION_CONTEXT(2) 
PARAMETRIC_REPRESENTATION_CONTEXT() REPRESENTATION_CONTEXT('2D SPACE',''
  ) );
#3303 = ORIENTED_EDGE('',*,*,#3304,.T.);
#3304 = EDGE_CURVE('',#3277,#3305,#3307,.T.);
#3305 = VERTEX_POINT('',#3306);
#3306 = CARTESIAN_POINT('',(108.121553,-81.293944,0.));
#3307 = SURFACE_CURVE('',#3308,(#3312,#3319),.PCURVE_S1.);
#3308 = LINE('',#3309,#3310);
#3309 = CARTESIAN_POINT('',(107.442282,-81.630831,0.));
#3310 = VECTOR('',#3311,1.);
#3311 = DIRECTION('',(0.895872459279,0.444311306075,0.));
#3312 = PCURVE('',#144,#3313);
#3313 = DEFINITIONAL_REPRESENTATION('',(#3314),#3318);
#3314 = LINE('',#3315,#3316);
#3315 = CARTESIAN_POINT('',(22.557718,23.369169));
#3316 = VECTOR('',#3317,1.);
#3317 = DIRECTION('',(-0.895872459279,0.444311306075));
#3318 = ( GEOMETRIC_REPRESENTATION_CONTEXT(2) 
PARAMETRIC_REPRESENTATION_CONTEXT() REPRESENTATION_CONTEXT('2D SPACE',''
  ) );
#3319 = PCURVE('',#3320,#3325);
#3320 = PLANE('',#3321);
#3321 = AXIS2_PLACEMENT_3D('',#3322,#3323,#3324);
#3322 = CARTESIAN_POINT('',(107.442282,-81.630831,0.));
#3323 = DIRECTION('',(-0.444311306075,0.895872459279,0.));
#3324 = DIRECTION('',(0.895872459279,0.444311306075,0.));
#3325 = DEFINITIONAL_REPRESENTATION('',(#3326),#3330);
#3326 = LINE('',#3327,#3328);
#3327 = CARTESIAN_POINT('',(0.,0.));
#3328 = VECTOR('',#3329,1.);
#3329 = DIRECTION('',(1.,0.));
#3330 = ( GEOMETRIC_REPRESENTATION_CONTEXT(2) 
PARAMETRIC_REPRESENTATION_CONTEXT() REPRESENTATION_CONTEXT('2D SPACE',''
  ) );
#3331 = ORIENTED_EDGE('',*,*,#3332,.T.);
#3332 = EDGE_CURVE('',#3305,#3333,#3335,.T.);
#3333 = VERTEX_POINT('',#3334);
#3334 = CARTESIAN_POINT('',(108.818066,-80.994326,0.));
#3335 = SURFACE_CURVE('',#3336,(#3340,#3347),.PCURVE_S1.);
#3336 = LINE('',#3337,#3338);
#3337 = CARTESIAN_POINT('',(108.121553,-81.293944,0.));
#3338 = VECTOR('',#3339,1.);
#3339 = DIRECTION('',(0.918612983605,0.395158431963,0.));
#3340 = PCURVE('',#144,#3341);
#3341 = DEFINITIONAL_REPRESENTATION('',(#3342),#3346);
#3342 = LINE('',#3343,#3344);
#3343 = CARTESIAN_POINT('',(21.878447,23.706056));
#3344 = VECTOR('',#3345,1.);
#3345 = DIRECTION('',(-0.918612983605,0.395158431963));
#3346 = ( GEOMETRIC_REPRESENTATION_CONTEXT(2) 
PARAMETRIC_REPRESENTATION_CONTEXT() REPRESENTATION_CONTEXT('2D SPACE',''
  ) );
#3347 = PCURVE('',#3348,#3353);
#3348 = PLANE('',#3349);
#3349 = AXIS2_PLACEMENT_3D('',#3350,#3351,#3352);
#3350 = CARTESIAN_POINT('',(108.121553,-81.293944,0.));
#3351 = DIRECTION('',(-0.395158431963,0.918612983605,0.));
#3352 = DIRECTION('',(0.918612983605,0.395158431963,0.));
#3353 = DEFINITIONAL_REPRESENTATION('',(#3354),#3358);
#3354 = LINE('',#3355,#3356);
#3355 = CARTESIAN_POINT('',(0.,0.));
#3356 = VECTOR('',#3357,1.);
#3357 = DIRECTION('',(1.,0.));
#3358 = ( GEOMETRIC_REPRESENTATION_CONTEXT(2) 
PARAMETRIC_REPRESENTATION_CONTEXT() REPRESENTATION_CONTEXT('2D SPACE',''
  ) );
#3359 = ORIENTED_EDGE('',*,*,#3360,.T.);
#3360 = EDGE_CURVE('',#3333,#3361,#3363,.T.);
#3361 = VERTEX_POINT('',#3362);
#3362 = CARTESIAN_POINT('',(109.529779,-80.732856,0.));
#3363 = SURFACE_CURVE('',#3364,(#3368,#3375),.PCURVE_S1.);
#3364 = LINE('',#3365,#3366);
#3365 = CARTESIAN_POINT('',(108.818066,-80.994326,0.));
#3366 = VECTOR('',#3367,1.);
#3367 = DIRECTION('',(0.938659339746,0.344845826286,0.));
#3368 = PCURVE('',#144,#3369);
#3369 = DEFINITIONAL_REPRESENTATION('',(#3370),#3374);
#3370 = LINE('',#3371,#3372);
#3371 = CARTESIAN_POINT('',(21.181934,24.005674));
#3372 = VECTOR('',#3373,1.);
#3373 = DIRECTION('',(-0.938659339746,0.344845826286));
#3374 = ( GEOMETRIC_REPRESENTATION_CONTEXT(2) 
PARAMETRIC_REPRESENTATION_CONTEXT() REPRESENTATION_CONTEXT('2D SPACE',''
  ) );
#3375 = PCURVE('',#3376,#3381);
#3376 = PLANE('',#3377);
#3377 = AXIS2_PLACEMENT_3D('',#3378,#3379,#3380);
#3378 = CARTESIAN_POINT('',(108.818066,-80.994326,0.));
#3379 = DIRECTION('',(-0.344845826286,0.938659339746,0.));
#3380 = DIRECTION('',(0.938659339746,0.344845826286,0.));
#3381 = DEFINITIONAL_REPRESENTATION('',(#3382),#3386);
#3382 = LINE('',#3383,#3384);
#3383 = CARTESIAN_POINT('',(0.,0.));
#3384 = VECTOR('',#3385,1.);
#3385 = DIRECTION('',(1.,0.));
#3386 = ( GEOMETRIC_REPRESENTATION_CONTEXT(2) 
PARAMETRIC_REPRESENTATION_CONTEXT() REPRESENTATION_CONTEXT('2D SPACE',''
  ) );
#3387 = ORIENTED_EDGE('',*,*,#3388,.T.);
#3388 = EDGE_CURVE('',#3361,#3389,#3391,.T.);
#3389 = VERTEX_POINT('',#3390);
#3390 = CARTESIAN_POINT('',(110.254603,-80.5103,0.));
#3391 = SURFACE_CURVE('',#3392,(#3396,#3403),.PCURVE_S1.);
#3392 = LINE('',#3393,#3394);
#3393 = CARTESIAN_POINT('',(109.529779,-80.732856,0.));
#3394 = VECTOR('',#3395,1.);
#3395 = DIRECTION('',(0.955951879609,0.293523429851,0.));
#3396 = PCURVE('',#144,#3397);
#3397 = DEFINITIONAL_REPRESENTATION('',(#3398),#3402);
#3398 = LINE('',#3399,#3400);
#3399 = CARTESIAN_POINT('',(20.470221,24.267144));
#3400 = VECTOR('',#3401,1.);
#3401 = DIRECTION('',(-0.955951879609,0.293523429851));
#3402 = ( GEOMETRIC_REPRESENTATION_CONTEXT(2) 
PARAMETRIC_REPRESENTATION_CONTEXT() REPRESENTATION_CONTEXT('2D SPACE',''
  ) );
#3403 = PCURVE('',#3404,#3409);
#3404 = PLANE('',#3405);
#3405 = AXIS2_PLACEMENT_3D('',#3406,#3407,#3408);
#3406 = CARTESIAN_POINT('',(109.529779,-80.732856,0.));
#3407 = DIRECTION('',(-0.293523429851,0.955951879609,0.));
#3408 = DIRECTION('',(0.955951879609,0.293523429851,0.));
#3409 = DEFINITIONAL_REPRESENTATION('',(#3410),#3414);
#3410 = LINE('',#3411,#3412);
#3411 = CARTESIAN_POINT('',(0.,0.));
#3412 = VECTOR('',#3413,1.);
#3413 = DIRECTION('',(1.,0.));
#3414 = ( GEOMETRIC_REPRESENTATION_CONTEXT(2) 
PARAMETRIC_REPRESENTATION_CONTEXT() REPRESENTATION_CONTEXT('2D SPACE',''
  ) );
#3415 = ORIENTED_EDGE('',*,*,#3416,.T.);
#3416 = EDGE_CURVE('',#3389,#3417,#3419,.T.);
#3417 = VERTEX_POINT('',#3418);
#3418 = CARTESIAN_POINT('',(110.990414,-80.327312,0.));
#3419 = SURFACE_CURVE('',#3420,(#3424,#3431),.PCURVE_S1.);
#3420 = LINE('',#3421,#3422);
#3421 = CARTESIAN_POINT('',(110.254603,-80.5103,0.));
#3422 = VECTOR('',#3423,1.);
#3423 = DIRECTION('',(0.970441145165,0.241337903716,0.));
#3424 = PCURVE('',#144,#3425);
#3425 = DEFINITIONAL_REPRESENTATION('',(#3426),#3430);
#3426 = LINE('',#3427,#3428);
#3427 = CARTESIAN_POINT('',(19.745397,24.4897));
#3428 = VECTOR('',#3429,1.);
#3429 = DIRECTION('',(-0.970441145165,0.241337903716));
#3430 = ( GEOMETRIC_REPRESENTATION_CONTEXT(2) 
PARAMETRIC_REPRESENTATION_CONTEXT() REPRESENTATION_CONTEXT('2D SPACE',''
  ) );
#3431 = PCURVE('',#3432,#3437);
#3432 = PLANE('',#3433);
#3433 = AXIS2_PLACEMENT_3D('',#3434,#3435,#3436);
#3434 = CARTESIAN_POINT('',(110.254603,-80.5103,0.));
#3435 = DIRECTION('',(-0.241337903716,0.970441145165,0.));
#3436 = DIRECTION('',(0.970441145165,0.241337903716,0.));
#3437 = DEFINITIONAL_REPRESENTATION('',(#3438),#3442);
#3438 = LINE('',#3439,#3440);
#3439 = CARTESIAN_POINT('',(0.,0.));
#3440 = VECTOR('',#3441,1.);
#3441 = DIRECTION('',(1.,0.));
#3442 = ( GEOMETRIC_REPRESENTATION_CONTEXT(2) 
PARAMETRIC_REPRESENTATION_CONTEXT() REPRESENTATION_CONTEXT('2D SPACE',''
  ) );
#3443 = ORIENTED_EDGE('',*,*,#3444,.T.);
#3444 = EDGE_CURVE('',#3417,#3445,#3447,.T.);
#3445 = VERTEX_POINT('',#3446);
#3446 = CARTESIAN_POINT('',(111.735052,-80.184429,0.));
#3447 = SURFACE_CURVE('',#3448,(#3452,#3459),.PCURVE_S1.);
#3448 = LINE('',#3449,#3450);
#3449 = CARTESIAN_POINT('',(110.990414,-80.327312,0.));
#3450 = VECTOR('',#3451,1.);
#3451 = DIRECTION('',(0.98208380359,0.188444694077,0.));
#3452 = PCURVE('',#144,#3453);
#3453 = DEFINITIONAL_REPRESENTATION('',(#3454),#3458);
#3454 = LINE('',#3455,#3456);
#3455 = CARTESIAN_POINT('',(19.009586,24.672688));
#3456 = VECTOR('',#3457,1.);
#3457 = DIRECTION('',(-0.98208380359,0.188444694077));
#3458 = ( GEOMETRIC_REPRESENTATION_CONTEXT(2) 
PARAMETRIC_REPRESENTATION_CONTEXT() REPRESENTATION_CONTEXT('2D SPACE',''
  ) );
#3459 = PCURVE('',#3460,#3465);
#3460 = PLANE('',#3461);
#3461 = AXIS2_PLACEMENT_3D('',#3462,#3463,#3464);
#3462 = CARTESIAN_POINT('',(110.990414,-80.327312,0.));
#3463 = DIRECTION('',(-0.188444694077,0.98208380359,0.));
#3464 = DIRECTION('',(0.98208380359,0.188444694077,0.));
#3465 = DEFINITIONAL_REPRESENTATION('',(#3466),#3470);
#3466 = LINE('',#3467,#3468);
#3467 = CARTESIAN_POINT('',(0.,0.));
#3468 = VECTOR('',#3469,1.);
#3469 = DIRECTION('',(1.,0.));
#3470 = ( GEOMETRIC_REPRESENTATION_CONTEXT(2) 
PARAMETRIC_REPRESENTATION_CONTEXT() REPRESENTATION_CONTEXT('2D SPACE',''
  ) );
#3471 = ORIENTED_EDGE('',*,*,#3472,.T.);
#3472 = EDGE_CURVE('',#3445,#3473,#3475,.T.);
#3473 = VERTEX_POINT('',#3474);
#3474 = CARTESIAN_POINT('',(112.486334,-80.082069,0.));
#3475 = SURFACE_CURVE('',#3476,(#3480,#3487),.PCURVE_S1.);
#3476 = LINE('',#3477,#3478);
#3477 = CARTESIAN_POINT('',(111.735052,-80.184429,0.));
#3478 = VECTOR('',#3479,1.);
#3479 = DIRECTION('',(0.99084561886,0.134999850318,0.));
#3480 = PCURVE('',#144,#3481);
#3481 = DEFINITIONAL_REPRESENTATION('',(#3482),#3486);
#3482 = LINE('',#3483,#3484);
#3483 = CARTESIAN_POINT('',(18.264948,24.815571));
#3484 = VECTOR('',#3485,1.);
#3485 = DIRECTION('',(-0.99084561886,0.134999850318));
#3486 = ( GEOMETRIC_REPRESENTATION_CONTEXT(2) 
PARAMETRIC_REPRESENTATION_CONTEXT() REPRESENTATION_CONTEXT('2D SPACE',''
  ) );
#3487 = PCURVE('',#3488,#3493);
#3488 = PLANE('',#3489);
#3489 = AXIS2_PLACEMENT_3D('',#3490,#3491,#3492);
#3490 = CARTESIAN_POINT('',(111.735052,-80.184429,0.));
#3491 = DIRECTION('',(-0.134999850318,0.99084561886,0.));
#3492 = DIRECTION('',(0.99084561886,0.134999850318,0.));
#3493 = DEFINITIONAL_REPRESENTATION('',(#3494),#3498);
#3494 = LINE('',#3495,#3496);
#3495 = CARTESIAN_POINT('',(0.,0.));
#3496 = VECTOR('',#3497,1.);
#3497 = DIRECTION('',(1.,0.));
#3498 = ( GEOMETRIC_REPRESENTATION_CONTEXT(2) 
PARAMETRIC_REPRESENTATION_CONTEXT() REPRESENTATION_CONTEXT('2D SPACE',''
  ) );
#3499 = ORIENTED_EDGE('',*,*,#3500,.T.);
#3500 = EDGE_CURVE('',#3473,#3501,#3503,.T.);
#3501 = VERTEX_POINT('',#3502);
#3502 = CARTESIAN_POINT('',(113.242055,-80.020532,0.));
#3503 = SURFACE_CURVE('',#3504,(#3508,#3515),.PCURVE_S1.);
#3504 = LINE('',#3505,#3506);
#3505 = CARTESIAN_POINT('',(112.486334,-80.082069,0.));
#3506 = VECTOR('',#3507,1.);
#3507 = DIRECTION('',(0.996701120211,8.11595771911E-02,0.));
#3508 = PCURVE('',#144,#3509);
#3509 = DEFINITIONAL_REPRESENTATION('',(#3510),#3514);
#3510 = LINE('',#3511,#3512);
#3511 = CARTESIAN_POINT('',(17.513666,24.917931));
#3512 = VECTOR('',#3513,1.);
#3513 = DIRECTION('',(-0.996701120211,8.11595771911E-02));
#3514 = ( GEOMETRIC_REPRESENTATION_CONTEXT(2) 
PARAMETRIC_REPRESENTATION_CONTEXT() REPRESENTATION_CONTEXT('2D SPACE',''
  ) );
#3515 = PCURVE('',#3516,#3521);
#3516 = PLANE('',#3517);
#3517 = AXIS2_PLACEMENT_3D('',#3518,#3519,#3520);
#3518 = CARTESIAN_POINT('',(112.486334,-80.082069,0.));
#3519 = DIRECTION('',(-8.11595771911E-02,0.996701120211,0.));
#3520 = DIRECTION('',(0.996701120211,8.11595771911E-02,0.));
#3521 = DEFINITIONAL_REPRESENTATION('',(#3522),#3526);
#3522 = LINE('',#3523,#3524);
#3523 = CARTESIAN_POINT('',(0.,0.));
#3524 = VECTOR('',#3525,1.);
#3525 = DIRECTION('',(1.,0.));
#3526 = ( GEOMETRIC_REPRESENTATION_CONTEXT(2) 
PARAMETRIC_REPRESENTATION_CONTEXT() REPRESENTATION_CONTEXT('2D SPACE',''
  ) );
#3527 = ORIENTED_EDGE('',*,*,#3528,.T.);
#3528 = EDGE_CURVE('',#3501,#3529,#3531,.T.);
#3529 = VERTEX_POINT('',#3530);
#3530 = CARTESIAN_POINT('',(114.,-80.,0.));
#3531 = SURFACE_CURVE('',#3532,(#3536,#3543),.PCURVE_S1.);
#3532 = LINE('',#3533,#3534);
#3533 = CARTESIAN_POINT('',(113.242055,-80.020532,0.));
#3534 = VECTOR('',#3535,1.);
#3535 = DIRECTION('',(0.999633293851,2.707910308711E-02,0.));
#3536 = PCURVE('',#144,#3537);
#3537 = DEFINITIONAL_REPRESENTATION('',(#3538),#3542);
#3538 = LINE('',#3539,#3540);
#3539 = CARTESIAN_POINT('',(16.757945,24.979468));
#3540 = VECTOR('',#3541,1.);
#3541 = DIRECTION('',(-0.999633293851,2.707910308711E-02));
#3542 = ( GEOMETRIC_REPRESENTATION_CONTEXT(2) 
PARAMETRIC_REPRESENTATION_CONTEXT() REPRESENTATION_CONTEXT('2D SPACE',''
  ) );
#3543 = PCURVE('',#3544,#3549);
#3544 = PLANE('',#3545);
#3545 = AXIS2_PLACEMENT_3D('',#3546,#3547,#3548);
#3546 = CARTESIAN_POINT('',(113.242055,-80.020532,0.));
#3547 = DIRECTION('',(-2.707910308711E-02,0.999633293851,0.));
#3548 = DIRECTION('',(0.999633293851,2.707910308711E-02,0.));
#3549 = DEFINITIONAL_REPRESENTATION('',(#3550),#3554);
#3550 = LINE('',#3551,#3552);
#3551 = CARTESIAN_POINT('',(0.,0.));
#3552 = VECTOR('',#3553,1.);
#3553 = DIRECTION('',(1.,0.));
#3554 = ( GEOMETRIC_REPRESENTATION_CONTEXT(2) 
PARAMETRIC_REPRESENTATION_CONTEXT() REPRESENTATION_CONTEXT('2D SPACE',''
  ) );
#3555 = ORIENTED_EDGE('',*,*,#3556,.T.);
#3556 = EDGE_CURVE('',#3529,#160,#3557,.T.);
#3557 = SURFACE_CURVE('',#3558,(#3562,#3569),.PCURVE_S1.);
#3558 = LINE('',#3559,#3560);
#3559 = CARTESIAN_POINT('',(114.,-80.,0.));
#3560 = VECTOR('',#3561,1.);
#3561 = DIRECTION('',(1.,0.,0.));
#3562 = PCURVE('',#144,#3563);
#3563 = DEFINITIONAL_REPRESENTATION('',(#3564),#3568);
#3564 = LINE('',#3565,#3566);
#3565 = CARTESIAN_POINT('',(16.,25.));
#3566 = VECTOR('',#3567,1.);
#3567 = DIRECTION('',(-1.,0.));
#3568 = ( GEOMETRIC_REPRESENTATION_CONTEXT(2) 
PARAMETRIC_REPRESENTATION_CONTEXT() REPRESENTATION_CONTEXT('2D SPACE',''
  ) );
#3569 = PCURVE('',#177,#3570);
#3570 = DEFINITIONAL_REPRESENTATION('',(#3571),#3575);
#3571 = LINE('',#3572,#3573);
#3572 = CARTESIAN_POINT('',(0.,0.));
#3573 = VECTOR('',#3574,1.);
#3574 = DIRECTION('',(1.,0.));
#3575 = ( GEOMETRIC_REPRESENTATION_CONTEXT(2) 
PARAMETRIC_REPRESENTATION_CONTEXT() REPRESENTATION_CONTEXT('2D SPACE',''
  ) );
#3576 = ORIENTED_EDGE('',*,*,#211,.T.);
#3577 = FACE_BOUND('',#3578,.T.);
#3578 = EDGE_LOOP('',(#3579));
#3579 = ORIENTED_EDGE('',*,*,#3580,.T.);
#3580 = EDGE_CURVE('',#3581,#3581,#3583,.T.);
#3581 = VERTEX_POINT('',#3582);
#3582 = CARTESIAN_POINT('',(154.166726,-123.966726,0.));
#3583 = SURFACE_CURVE('',#3584,(#3589,#3600),.PCURVE_S1.);
#3584 = CIRCLE('',#3585,0.2);
#3585 = AXIS2_PLACEMENT_3D('',#3586,#3587,#3588);
#3586 = CARTESIAN_POINT('',(153.966726,-123.966726,0.));
#3587 = DIRECTION('',(0.,0.,1.));
#3588 = DIRECTION('',(1.,0.,-0.));
#3589 = PCURVE('',#144,#3590);
#3590 = DEFINITIONAL_REPRESENTATION('',(#3591),#3599);
#3591 = ( BOUNDED_CURVE() B_SPLINE_CURVE(2,(#3592,#3593,#3594,#3595,
#3596,#3597,#3598),.UNSPECIFIED.,.T.,.F.) B_SPLINE_CURVE_WITH_KNOTS((1,2
    ,2,2,2,1),(-2.094395102393,0.,2.094395102393,4.188790204786,
6.28318530718,8.377580409573),.UNSPECIFIED.) CURVE() 
GEOMETRIC_REPRESENTATION_ITEM() RATIONAL_B_SPLINE_CURVE((1.,0.5,1.,0.5,
1.,0.5,1.)) REPRESENTATION_ITEM('') );
#3592 = CARTESIAN_POINT('',(-24.166726,-18.966726));
#3593 = CARTESIAN_POINT('',(-24.166726,-18.62031583848));
#3594 = CARTESIAN_POINT('',(-23.866726,-18.79352091924));
#3595 = CARTESIAN_POINT('',(-23.566726,-18.966726));
#3596 = CARTESIAN_POINT('',(-23.866726,-19.13993108075));
#3597 = CARTESIAN_POINT('',(-24.166726,-19.31313616151));
#3598 = CARTESIAN_POINT('',(-24.166726,-18.966726));
#3599 = ( GEOMETRIC_REPRESENTATION_CONTEXT(2) 
PARAMETRIC_REPRESENTATION_CONTEXT() REPRESENTATION_CONTEXT('2D SPACE',''
  ) );
#3600 = PCURVE('',#3601,#3606);
#3601 = CYLINDRICAL_SURFACE('',#3602,0.2);
#3602 = AXIS2_PLACEMENT_3D('',#3603,#3604,#3605);
#3603 = CARTESIAN_POINT('',(153.966726,-123.966726,-1.E-02));
#3604 = DIRECTION('',(0.,0.,1.));
#3605 = DIRECTION('',(1.,0.,-0.));
#3606 = DEFINITIONAL_REPRESENTATION('',(#3607),#3611);
#3607 = LINE('',#3608,#3609);
#3608 = CARTESIAN_POINT('',(0.,1.E-02));
#3609 = VECTOR('',#3610,1.);
#3610 = DIRECTION('',(1.,0.));
#3611 = ( GEOMETRIC_REPRESENTATION_CONTEXT(2) 
PARAMETRIC_REPRESENTATION_CONTEXT() REPRESENTATION_CONTEXT('2D SPACE',''
  ) );
#3612 = FACE_BOUND('',#3613,.T.);
#3613 = EDGE_LOOP('',(#3614));
#3614 = ORIENTED_EDGE('',*,*,#3615,.T.);
#3615 = EDGE_CURVE('',#3616,#3616,#3618,.T.);
#3616 = VERTEX_POINT('',#3617);
#3617 = CARTESIAN_POINT('',(153.,-124.45,0.));
#3618 = SURFACE_CURVE('',#3619,(#3624,#3635),.PCURVE_S1.);
#3619 = CIRCLE('',#3620,0.2);
#3620 = AXIS2_PLACEMENT_3D('',#3621,#3622,#3623);
#3621 = CARTESIAN_POINT('',(152.8,-124.45,0.));
#3622 = DIRECTION('',(0.,0.,1.));
#3623 = DIRECTION('',(1.,0.,-0.));
#3624 = PCURVE('',#144,#3625);
#3625 = DEFINITIONAL_REPRESENTATION('',(#3626),#3634);
#3626 = ( BOUNDED_CURVE() B_SPLINE_CURVE(2,(#3627,#3628,#3629,#3630,
#3631,#3632,#3633),.UNSPECIFIED.,.T.,.F.) B_SPLINE_CURVE_WITH_KNOTS((1,2
    ,2,2,2,1),(-2.094395102393,0.,2.094395102393,4.188790204786,
6.28318530718,8.377580409573),.UNSPECIFIED.) CURVE() 
GEOMETRIC_REPRESENTATION_ITEM() RATIONAL_B_SPLINE_CURVE((1.,0.5,1.,0.5,
1.,0.5,1.)) REPRESENTATION_ITEM('') );
#3627 = CARTESIAN_POINT('',(-23.,-19.45));
#3628 = CARTESIAN_POINT('',(-23.,-19.10358983848));
#3629 = CARTESIAN_POINT('',(-22.7,-19.27679491924));
#3630 = CARTESIAN_POINT('',(-22.4,-19.45));
#3631 = CARTESIAN_POINT('',(-22.7,-19.62320508075));
#3632 = CARTESIAN_POINT('',(-23.,-19.79641016151));
#3633 = CARTESIAN_POINT('',(-23.,-19.45));
#3634 = ( GEOMETRIC_REPRESENTATION_CONTEXT(2) 
PARAMETRIC_REPRESENTATION_CONTEXT() REPRESENTATION_CONTEXT('2D SPACE',''
  ) );
#3635 = PCURVE('',#3636,#3641);
#3636 = CYLINDRICAL_SURFACE('',#3637,0.2);
#3637 = AXIS2_PLACEMENT_3D('',#3638,#3639,#3640);
#3638 = CARTESIAN_POINT('',(152.8,-124.45,-1.E-02));
#3639 = DIRECTION('',(0.,0.,1.));
#3640 = DIRECTION('',(1.,0.,-0.));
#3641 = DEFINITIONAL_REPRESENTATION('',(#3642),#3646);
#3642 = LINE('',#3643,#3644);
#3643 = CARTESIAN_POINT('',(0.,1.E-02));
#3644 = VECTOR('',#3645,1.);
#3645 = DIRECTION('',(1.,0.));
#3646 = ( GEOMETRIC_REPRESENTATION_CONTEXT(2) 
PARAMETRIC_REPRESENTATION_CONTEXT() REPRESENTATION_CONTEXT('2D SPACE',''
  ) );
#3647 = FACE_BOUND('',#3648,.T.);
#3648 = EDGE_LOOP('',(#3649));
#3649 = ORIENTED_EDGE('',*,*,#3650,.T.);
#3650 = EDGE_CURVE('',#3651,#3651,#3653,.T.);
#3651 = VERTEX_POINT('',#3652);
#3652 = CARTESIAN_POINT('',(151.833274,-123.966726,0.));
#3653 = SURFACE_CURVE('',#3654,(#3659,#3670),.PCURVE_S1.);
#3654 = CIRCLE('',#3655,0.2);
#3655 = AXIS2_PLACEMENT_3D('',#3656,#3657,#3658);
#3656 = CARTESIAN_POINT('',(151.633274,-123.966726,0.));
#3657 = DIRECTION('',(0.,0.,1.));
#3658 = DIRECTION('',(1.,0.,-0.));
#3659 = PCURVE('',#144,#3660);
#3660 = DEFINITIONAL_REPRESENTATION('',(#3661),#3669);
#3661 = ( BOUNDED_CURVE() B_SPLINE_CURVE(2,(#3662,#3663,#3664,#3665,
#3666,#3667,#3668),.UNSPECIFIED.,.T.,.F.) B_SPLINE_CURVE_WITH_KNOTS((1,2
    ,2,2,2,1),(-2.094395102393,0.,2.094395102393,4.188790204786,
6.28318530718,8.377580409573),.UNSPECIFIED.) CURVE() 
GEOMETRIC_REPRESENTATION_ITEM() RATIONAL_B_SPLINE_CURVE((1.,0.5,1.,0.5,
1.,0.5,1.)) REPRESENTATION_ITEM('') );
#3662 = CARTESIAN_POINT('',(-21.833274,-18.966726));
#3663 = CARTESIAN_POINT('',(-21.833274,-18.62031583848));
#3664 = CARTESIAN_POINT('',(-21.533274,-18.79352091924));
#3665 = CARTESIAN_POINT('',(-21.233274,-18.966726));
#3666 = CARTESIAN_POINT('',(-21.533274,-19.13993108075));
#3667 = CARTESIAN_POINT('',(-21.833274,-19.31313616151));
#3668 = CARTESIAN_POINT('',(-21.833274,-18.966726));
#3669 = ( GEOMETRIC_REPRESENTATION_CONTEXT(2) 
PARAMETRIC_REPRESENTATION_CONTEXT() REPRESENTATION_CONTEXT('2D SPACE',''
  ) );
#3670 = PCURVE('',#3671,#3676);
#3671 = CYLINDRICAL_SURFACE('',#3672,0.2);
#3672 = AXIS2_PLACEMENT_3D('',#3673,#3674,#3675);
#3673 = CARTESIAN_POINT('',(151.633274,-123.966726,-1.E-02));
#3674 = DIRECTION('',(0.,0.,1.));
#3675 = DIRECTION('',(1.,0.,-0.));
#3676 = DEFINITIONAL_REPRESENTATION('',(#3677),#3681);
#3677 = LINE('',#3678,#3679);
#3678 = CARTESIAN_POINT('',(0.,1.E-02));
#3679 = VECTOR('',#3680,1.);
#3680 = DIRECTION('',(1.,0.));
#3681 = ( GEOMETRIC_REPRESENTATION_CONTEXT(2) 
PARAMETRIC_REPRESENTATION_CONTEXT() REPRESENTATION_CONTEXT('2D SPACE',''
  ) );
#3682 = FACE_BOUND('',#3683,.T.);
#3683 = EDGE_LOOP('',(#3684));
#3684 = ORIENTED_EDGE('',*,*,#3685,.T.);
#3685 = EDGE_CURVE('',#3686,#3686,#3688,.T.);
#3686 = VERTEX_POINT('',#3687);
#3687 = CARTESIAN_POINT('',(154.65,-122.8,0.));
#3688 = SURFACE_CURVE('',#3689,(#3694,#3705),.PCURVE_S1.);
#3689 = CIRCLE('',#3690,0.2);
#3690 = AXIS2_PLACEMENT_3D('',#3691,#3692,#3693);
#3691 = CARTESIAN_POINT('',(154.45,-122.8,0.));
#3692 = DIRECTION('',(0.,0.,1.));
#3693 = DIRECTION('',(1.,0.,-0.));
#3694 = PCURVE('',#144,#3695);
#3695 = DEFINITIONAL_REPRESENTATION('',(#3696),#3704);
#3696 = ( BOUNDED_CURVE() B_SPLINE_CURVE(2,(#3697,#3698,#3699,#3700,
#3701,#3702,#3703),.UNSPECIFIED.,.T.,.F.) B_SPLINE_CURVE_WITH_KNOTS((1,2
    ,2,2,2,1),(-2.094395102393,0.,2.094395102393,4.188790204786,
6.28318530718,8.377580409573),.UNSPECIFIED.) CURVE() 
GEOMETRIC_REPRESENTATION_ITEM() RATIONAL_B_SPLINE_CURVE((1.,0.5,1.,0.5,
1.,0.5,1.)) REPRESENTATION_ITEM('') );
#3697 = CARTESIAN_POINT('',(-24.65,-17.8));
#3698 = CARTESIAN_POINT('',(-24.65,-17.45358983848));
#3699 = CARTESIAN_POINT('',(-24.35,-17.62679491924));
#3700 = CARTESIAN_POINT('',(-24.05,-17.8));
#3701 = CARTESIAN_POINT('',(-24.35,-17.97320508075));
#3702 = CARTESIAN_POINT('',(-24.65,-18.14641016151));
#3703 = CARTESIAN_POINT('',(-24.65,-17.8));
#3704 = ( GEOMETRIC_REPRESENTATION_CONTEXT(2) 
PARAMETRIC_REPRESENTATION_CONTEXT() REPRESENTATION_CONTEXT('2D SPACE',''
  ) );
#3705 = PCURVE('',#3706,#3711);
#3706 = CYLINDRICAL_SURFACE('',#3707,0.2);
#3707 = AXIS2_PLACEMENT_3D('',#3708,#3709,#3710);
#3708 = CARTESIAN_POINT('',(154.45,-122.8,-1.E-02));
#3709 = DIRECTION('',(0.,0.,1.));
#3710 = DIRECTION('',(1.,0.,-0.));
#3711 = DEFINITIONAL_REPRESENTATION('',(#3712),#3716);
#3712 = LINE('',#3713,#3714);
#3713 = CARTESIAN_POINT('',(0.,1.E-02));
#3714 = VECTOR('',#3715,1.);
#3715 = DIRECTION('',(1.,0.));
#3716 = ( GEOMETRIC_REPRESENTATION_CONTEXT(2) 
PARAMETRIC_REPRESENTATION_CONTEXT() REPRESENTATION_CONTEXT('2D SPACE',''
  ) );
#3717 = FACE_BOUND('',#3718,.T.);
#3718 = EDGE_LOOP('',(#3719));
#3719 = ORIENTED_EDGE('',*,*,#3720,.T.);
#3720 = EDGE_CURVE('',#3721,#3721,#3723,.T.);
#3721 = VERTEX_POINT('',#3722);
#3722 = CARTESIAN_POINT('',(153.9,-122.8,0.));
#3723 = SURFACE_CURVE('',#3724,(#3729,#3740),.PCURVE_S1.);
#3724 = CIRCLE('',#3725,1.1);
#3725 = AXIS2_PLACEMENT_3D('',#3726,#3727,#3728);
#3726 = CARTESIAN_POINT('',(152.8,-122.8,0.));
#3727 = DIRECTION('',(0.,0.,1.));
#3728 = DIRECTION('',(1.,0.,-0.));
#3729 = PCURVE('',#144,#3730);
#3730 = DEFINITIONAL_REPRESENTATION('',(#3731),#3739);
#3731 = ( BOUNDED_CURVE() B_SPLINE_CURVE(2,(#3732,#3733,#3734,#3735,
#3736,#3737,#3738),.UNSPECIFIED.,.T.,.F.) B_SPLINE_CURVE_WITH_KNOTS((1,2
    ,2,2,2,1),(-2.094395102393,0.,2.094395102393,4.188790204786,
6.28318530718,8.377580409573),.UNSPECIFIED.) CURVE() 
GEOMETRIC_REPRESENTATION_ITEM() RATIONAL_B_SPLINE_CURVE((1.,0.5,1.,0.5,
1.,0.5,1.)) REPRESENTATION_ITEM('') );
#3732 = CARTESIAN_POINT('',(-23.9,-17.8));
#3733 = CARTESIAN_POINT('',(-23.9,-15.89474411167));
#3734 = CARTESIAN_POINT('',(-22.25,-16.84737205583));
#3735 = CARTESIAN_POINT('',(-20.6,-17.8));
#3736 = CARTESIAN_POINT('',(-22.25,-18.75262794416));
#3737 = CARTESIAN_POINT('',(-23.9,-19.70525588832));
#3738 = CARTESIAN_POINT('',(-23.9,-17.8));
#3739 = ( GEOMETRIC_REPRESENTATION_CONTEXT(2) 
PARAMETRIC_REPRESENTATION_CONTEXT() REPRESENTATION_CONTEXT('2D SPACE',''
  ) );
#3740 = PCURVE('',#3741,#3746);
#3741 = CYLINDRICAL_SURFACE('',#3742,1.1);
#3742 = AXIS2_PLACEMENT_3D('',#3743,#3744,#3745);
#3743 = CARTESIAN_POINT('',(152.8,-122.8,-1.E-02));
#3744 = DIRECTION('',(0.,0.,1.));
#3745 = DIRECTION('',(1.,0.,-0.));
#3746 = DEFINITIONAL_REPRESENTATION('',(#3747),#3751);
#3747 = LINE('',#3748,#3749);
#3748 = CARTESIAN_POINT('',(0.,1.E-02));
#3749 = VECTOR('',#3750,1.);
#3750 = DIRECTION('',(1.,0.));
#3751 = ( GEOMETRIC_REPRESENTATION_CONTEXT(2) 
PARAMETRIC_REPRESENTATION_CONTEXT() REPRESENTATION_CONTEXT('2D SPACE',''
  ) );
#3752 = FACE_BOUND('',#3753,.T.);
#3753 = EDGE_LOOP('',(#3754));
#3754 = ORIENTED_EDGE('',*,*,#3755,.T.);
#3755 = EDGE_CURVE('',#3756,#3756,#3758,.T.);
#3756 = VERTEX_POINT('',#3757);
#3757 = CARTESIAN_POINT('',(151.35,-122.8,0.));
#3758 = SURFACE_CURVE('',#3759,(#3764,#3775),.PCURVE_S1.);
#3759 = CIRCLE('',#3760,0.2);
#3760 = AXIS2_PLACEMENT_3D('',#3761,#3762,#3763);
#3761 = CARTESIAN_POINT('',(151.15,-122.8,0.));
#3762 = DIRECTION('',(0.,0.,1.));
#3763 = DIRECTION('',(1.,0.,-0.));
#3764 = PCURVE('',#144,#3765);
#3765 = DEFINITIONAL_REPRESENTATION('',(#3766),#3774);
#3766 = ( BOUNDED_CURVE() B_SPLINE_CURVE(2,(#3767,#3768,#3769,#3770,
#3771,#3772,#3773),.UNSPECIFIED.,.T.,.F.) B_SPLINE_CURVE_WITH_KNOTS((1,2
    ,2,2,2,1),(-2.094395102393,0.,2.094395102393,4.188790204786,
6.28318530718,8.377580409573),.UNSPECIFIED.) CURVE() 
GEOMETRIC_REPRESENTATION_ITEM() RATIONAL_B_SPLINE_CURVE((1.,0.5,1.,0.5,
1.,0.5,1.)) REPRESENTATION_ITEM('') );
#3767 = CARTESIAN_POINT('',(-21.35,-17.8));
#3768 = CARTESIAN_POINT('',(-21.35,-17.45358983848));
#3769 = CARTESIAN_POINT('',(-21.05,-17.62679491924));
#3770 = CARTESIAN_POINT('',(-20.75,-17.8));
#3771 = CARTESIAN_POINT('',(-21.05,-17.97320508075));
#3772 = CARTESIAN_POINT('',(-21.35,-18.14641016151));
#3773 = CARTESIAN_POINT('',(-21.35,-17.8));
#3774 = ( GEOMETRIC_REPRESENTATION_CONTEXT(2) 
PARAMETRIC_REPRESENTATION_CONTEXT() REPRESENTATION_CONTEXT('2D SPACE',''
  ) );
#3775 = PCURVE('',#3776,#3781);
#3776 = CYLINDRICAL_SURFACE('',#3777,0.2);
#3777 = AXIS2_PLACEMENT_3D('',#3778,#3779,#3780);
#3778 = CARTESIAN_POINT('',(151.15,-122.8,-1.E-02));
#3779 = DIRECTION('',(0.,0.,1.));
#3780 = DIRECTION('',(1.,0.,-0.));
#3781 = DEFINITIONAL_REPRESENTATION('',(#3782),#3786);
#3782 = LINE('',#3783,#3784);
#3783 = CARTESIAN_POINT('',(0.,1.E-02));
#3784 = VECTOR('',#3785,1.);
#3785 = DIRECTION('',(1.,0.));
#3786 = ( GEOMETRIC_REPRESENTATION_CONTEXT(2) 
PARAMETRIC_REPRESENTATION_CONTEXT() REPRESENTATION_CONTEXT('2D SPACE',''
  ) );
#3787 = FACE_BOUND('',#3788,.T.);
#3788 = EDGE_LOOP('',(#3789));
#3789 = ORIENTED_EDGE('',*,*,#3790,.T.);
#3790 = EDGE_CURVE('',#3791,#3791,#3793,.T.);
#3791 = VERTEX_POINT('',#3792);
#3792 = CARTESIAN_POINT('',(154.166726,-121.633274,0.));
#3793 = SURFACE_CURVE('',#3794,(#3799,#3810),.PCURVE_S1.);
#3794 = CIRCLE('',#3795,0.2);
#3795 = AXIS2_PLACEMENT_3D('',#3796,#3797,#3798);
#3796 = CARTESIAN_POINT('',(153.966726,-121.633274,0.));
#3797 = DIRECTION('',(0.,0.,1.));
#3798 = DIRECTION('',(1.,0.,-0.));
#3799 = PCURVE('',#144,#3800);
#3800 = DEFINITIONAL_REPRESENTATION('',(#3801),#3809);
#3801 = ( BOUNDED_CURVE() B_SPLINE_CURVE(2,(#3802,#3803,#3804,#3805,
#3806,#3807,#3808),.UNSPECIFIED.,.T.,.F.) B_SPLINE_CURVE_WITH_KNOTS((1,2
    ,2,2,2,1),(-2.094395102393,0.,2.094395102393,4.188790204786,
6.28318530718,8.377580409573),.UNSPECIFIED.) CURVE() 
GEOMETRIC_REPRESENTATION_ITEM() RATIONAL_B_SPLINE_CURVE((1.,0.5,1.,0.5,
1.,0.5,1.)) REPRESENTATION_ITEM('') );
#3802 = CARTESIAN_POINT('',(-24.166726,-16.633274));
#3803 = CARTESIAN_POINT('',(-24.166726,-16.28686383848));
#3804 = CARTESIAN_POINT('',(-23.866726,-16.46006891924));
#3805 = CARTESIAN_POINT('',(-23.566726,-16.633274));
#3806 = CARTESIAN_POINT('',(-23.866726,-16.80647908075));
#3807 = CARTESIAN_POINT('',(-24.166726,-16.97968416151));
#3808 = CARTESIAN_POINT('',(-24.166726,-16.633274));
#3809 = ( GEOMETRIC_REPRESENTATION_CONTEXT(2) 
PARAMETRIC_REPRESENTATION_CONTEXT() REPRESENTATION_CONTEXT('2D SPACE',''
  ) );
#3810 = PCURVE('',#3811,#3816);
#3811 = CYLINDRICAL_SURFACE('',#3812,0.2);
#3812 = AXIS2_PLACEMENT_3D('',#3813,#3814,#3815);
#3813 = CARTESIAN_POINT('',(153.966726,-121.633274,-1.E-02));
#3814 = DIRECTION('',(0.,0.,1.));
#3815 = DIRECTION('',(1.,0.,-0.));
#3816 = DEFINITIONAL_REPRESENTATION('',(#3817),#3821);
#3817 = LINE('',#3818,#3819);
#3818 = CARTESIAN_POINT('',(0.,1.E-02));
#3819 = VECTOR('',#3820,1.);
#3820 = DIRECTION('',(1.,0.));
#3821 = ( GEOMETRIC_REPRESENTATION_CONTEXT(2) 
PARAMETRIC_REPRESENTATION_CONTEXT() REPRESENTATION_CONTEXT('2D SPACE',''
  ) );
#3822 = FACE_BOUND('',#3823,.T.);
#3823 = EDGE_LOOP('',(#3824));
#3824 = ORIENTED_EDGE('',*,*,#3825,.T.);
#3825 = EDGE_CURVE('',#3826,#3826,#3828,.T.);
#3826 = VERTEX_POINT('',#3827);
#3827 = CARTESIAN_POINT('',(153.,-121.15,0.));
#3828 = SURFACE_CURVE('',#3829,(#3834,#3845),.PCURVE_S1.);
#3829 = CIRCLE('',#3830,0.2);
#3830 = AXIS2_PLACEMENT_3D('',#3831,#3832,#3833);
#3831 = CARTESIAN_POINT('',(152.8,-121.15,0.));
#3832 = DIRECTION('',(0.,0.,1.));
#3833 = DIRECTION('',(1.,0.,-0.));
#3834 = PCURVE('',#144,#3835);
#3835 = DEFINITIONAL_REPRESENTATION('',(#3836),#3844);
#3836 = ( BOUNDED_CURVE() B_SPLINE_CURVE(2,(#3837,#3838,#3839,#3840,
#3841,#3842,#3843),.UNSPECIFIED.,.T.,.F.) B_SPLINE_CURVE_WITH_KNOTS((1,2
    ,2,2,2,1),(-2.094395102393,0.,2.094395102393,4.188790204786,
6.28318530718,8.377580409573),.UNSPECIFIED.) CURVE() 
GEOMETRIC_REPRESENTATION_ITEM() RATIONAL_B_SPLINE_CURVE((1.,0.5,1.,0.5,
1.,0.5,1.)) REPRESENTATION_ITEM('') );
#3837 = CARTESIAN_POINT('',(-23.,-16.15));
#3838 = CARTESIAN_POINT('',(-23.,-15.80358983848));
#3839 = CARTESIAN_POINT('',(-22.7,-15.97679491924));
#3840 = CARTESIAN_POINT('',(-22.4,-16.15));
#3841 = CARTESIAN_POINT('',(-22.7,-16.32320508075));
#3842 = CARTESIAN_POINT('',(-23.,-16.49641016151));
#3843 = CARTESIAN_POINT('',(-23.,-16.15));
#3844 = ( GEOMETRIC_REPRESENTATION_CONTEXT(2) 
PARAMETRIC_REPRESENTATION_CONTEXT() REPRESENTATION_CONTEXT('2D SPACE',''
  ) );
#3845 = PCURVE('',#3846,#3851);
#3846 = CYLINDRICAL_SURFACE('',#3847,0.2);
#3847 = AXIS2_PLACEMENT_3D('',#3848,#3849,#3850);
#3848 = CARTESIAN_POINT('',(152.8,-121.15,-1.E-02));
#3849 = DIRECTION('',(0.,0.,1.));
#3850 = DIRECTION('',(1.,0.,-0.));
#3851 = DEFINITIONAL_REPRESENTATION('',(#3852),#3856);
#3852 = LINE('',#3853,#3854);
#3853 = CARTESIAN_POINT('',(0.,1.E-02));
#3854 = VECTOR('',#3855,1.);
#3855 = DIRECTION('',(1.,0.));
#3856 = ( GEOMETRIC_REPRESENTATION_CONTEXT(2) 
PARAMETRIC_REPRESENTATION_CONTEXT() REPRESENTATION_CONTEXT('2D SPACE',''
  ) );
#3857 = FACE_BOUND('',#3858,.T.);
#3858 = EDGE_LOOP('',(#3859));
#3859 = ORIENTED_EDGE('',*,*,#3860,.T.);
#3860 = EDGE_CURVE('',#3861,#3861,#3863,.T.);
#3861 = VERTEX_POINT('',#3862);
#3862 = CARTESIAN_POINT('',(151.833274,-121.633274,0.));
#3863 = SURFACE_CURVE('',#3864,(#3869,#3880),.PCURVE_S1.);
#3864 = CIRCLE('',#3865,0.2);
#3865 = AXIS2_PLACEMENT_3D('',#3866,#3867,#3868);
#3866 = CARTESIAN_POINT('',(151.633274,-121.633274,0.));
#3867 = DIRECTION('',(0.,0.,1.));
#3868 = DIRECTION('',(1.,0.,-0.));
#3869 = PCURVE('',#144,#3870);
#3870 = DEFINITIONAL_REPRESENTATION('',(#3871),#3879);
#3871 = ( BOUNDED_CURVE() B_SPLINE_CURVE(2,(#3872,#3873,#3874,#3875,
#3876,#3877,#3878),.UNSPECIFIED.,.T.,.F.) B_SPLINE_CURVE_WITH_KNOTS((1,2
    ,2,2,2,1),(-2.094395102393,0.,2.094395102393,4.188790204786,
6.28318530718,8.377580409573),.UNSPECIFIED.) CURVE() 
GEOMETRIC_REPRESENTATION_ITEM() RATIONAL_B_SPLINE_CURVE((1.,0.5,1.,0.5,
1.,0.5,1.)) REPRESENTATION_ITEM('') );
#3872 = CARTESIAN_POINT('',(-21.833274,-16.633274));
#3873 = CARTESIAN_POINT('',(-21.833274,-16.28686383848));
#3874 = CARTESIAN_POINT('',(-21.533274,-16.46006891924));
#3875 = CARTESIAN_POINT('',(-21.233274,-16.633274));
#3876 = CARTESIAN_POINT('',(-21.533274,-16.80647908075));
#3877 = CARTESIAN_POINT('',(-21.833274,-16.97968416151));
#3878 = CARTESIAN_POINT('',(-21.833274,-16.633274));
#3879 = ( GEOMETRIC_REPRESENTATION_CONTEXT(2) 
PARAMETRIC_REPRESENTATION_CONTEXT() REPRESENTATION_CONTEXT('2D SPACE',''
  ) );
#3880 = PCURVE('',#3881,#3886);
#3881 = CYLINDRICAL_SURFACE('',#3882,0.2);
#3882 = AXIS2_PLACEMENT_3D('',#3883,#3884,#3885);
#3883 = CARTESIAN_POINT('',(151.633274,-121.633274,-1.E-02));
#3884 = DIRECTION('',(0.,0.,1.));
#3885 = DIRECTION('',(1.,0.,-0.));
#3886 = DEFINITIONAL_REPRESENTATION('',(#3887),#3891);
#3887 = LINE('',#3888,#3889);
#3888 = CARTESIAN_POINT('',(0.,1.E-02));
#3889 = VECTOR('',#3890,1.);
#3890 = DIRECTION('',(1.,0.));
#3891 = ( GEOMETRIC_REPRESENTATION_CONTEXT(2) 
PARAMETRIC_REPRESENTATION_CONTEXT() REPRESENTATION_CONTEXT('2D SPACE',''
  ) );
#3892 = FACE_BOUND('',#3893,.T.);
#3893 = EDGE_LOOP('',(#3894));
#3894 = ORIENTED_EDGE('',*,*,#3895,.T.);
#3895 = EDGE_CURVE('',#3896,#3896,#3898,.T.);
#3896 = VERTEX_POINT('',#3897);
#3897 = CARTESIAN_POINT('',(133.65,-122.05,0.));
#3898 = SURFACE_CURVE('',#3899,(#3904,#3915),.PCURVE_S1.);
#3899 = CIRCLE('',#3900,0.1);
#3900 = AXIS2_PLACEMENT_3D('',#3901,#3902,#3903);
#3901 = CARTESIAN_POINT('',(133.55,-122.05,0.));
#3902 = DIRECTION('',(0.,0.,1.));
#3903 = DIRECTION('',(1.,0.,-0.));
#3904 = PCURVE('',#144,#3905);
#3905 = DEFINITIONAL_REPRESENTATION('',(#3906),#3914);
#3906 = ( BOUNDED_CURVE() B_SPLINE_CURVE(2,(#3907,#3908,#3909,#3910,
#3911,#3912,#3913),.UNSPECIFIED.,.T.,.F.) B_SPLINE_CURVE_WITH_KNOTS((1,2
    ,2,2,2,1),(-2.094395102393,0.,2.094395102393,4.188790204786,
6.28318530718,8.377580409573),.UNSPECIFIED.) CURVE() 
GEOMETRIC_REPRESENTATION_ITEM() RATIONAL_B_SPLINE_CURVE((1.,0.5,1.,0.5,
1.,0.5,1.)) REPRESENTATION_ITEM('') );
#3907 = CARTESIAN_POINT('',(-3.65,-17.05));
#3908 = CARTESIAN_POINT('',(-3.65,-16.87679491924));
#3909 = CARTESIAN_POINT('',(-3.5,-16.96339745962));
#3910 = CARTESIAN_POINT('',(-3.35,-17.05));
#3911 = CARTESIAN_POINT('',(-3.5,-17.13660254037));
#3912 = CARTESIAN_POINT('',(-3.65,-17.22320508075));
#3913 = CARTESIAN_POINT('',(-3.65,-17.05));
#3914 = ( GEOMETRIC_REPRESENTATION_CONTEXT(2) 
PARAMETRIC_REPRESENTATION_CONTEXT() REPRESENTATION_CONTEXT('2D SPACE',''
  ) );
#3915 = PCURVE('',#3916,#3921);
#3916 = CYLINDRICAL_SURFACE('',#3917,0.1);
#3917 = AXIS2_PLACEMENT_3D('',#3918,#3919,#3920);
#3918 = CARTESIAN_POINT('',(133.55,-122.05,-1.E-02));
#3919 = DIRECTION('',(0.,0.,1.));
#3920 = DIRECTION('',(1.,0.,-0.));
#3921 = DEFINITIONAL_REPRESENTATION('',(#3922),#3926);
#3922 = LINE('',#3923,#3924);
#3923 = CARTESIAN_POINT('',(0.,1.E-02));
#3924 = VECTOR('',#3925,1.);
#3925 = DIRECTION('',(1.,0.));
#3926 = ( GEOMETRIC_REPRESENTATION_CONTEXT(2) 
PARAMETRIC_REPRESENTATION_CONTEXT() REPRESENTATION_CONTEXT('2D SPACE',''
  ) );
#3927 = FACE_BOUND('',#3928,.T.);
#3928 = EDGE_LOOP('',(#3929));
#3929 = ORIENTED_EDGE('',*,*,#3930,.T.);
#3930 = EDGE_CURVE('',#3931,#3931,#3933,.T.);
#3931 = VERTEX_POINT('',#3932);
#3932 = CARTESIAN_POINT('',(133.65,-120.95,0.));
#3933 = SURFACE_CURVE('',#3934,(#3939,#3950),.PCURVE_S1.);
#3934 = CIRCLE('',#3935,0.1);
#3935 = AXIS2_PLACEMENT_3D('',#3936,#3937,#3938);
#3936 = CARTESIAN_POINT('',(133.55,-120.95,0.));
#3937 = DIRECTION('',(0.,0.,1.));
#3938 = DIRECTION('',(1.,0.,-0.));
#3939 = PCURVE('',#144,#3940);
#3940 = DEFINITIONAL_REPRESENTATION('',(#3941),#3949);
#3941 = ( BOUNDED_CURVE() B_SPLINE_CURVE(2,(#3942,#3943,#3944,#3945,
#3946,#3947,#3948),.UNSPECIFIED.,.T.,.F.) B_SPLINE_CURVE_WITH_KNOTS((1,2
    ,2,2,2,1),(-2.094395102393,0.,2.094395102393,4.188790204786,
6.28318530718,8.377580409573),.UNSPECIFIED.) CURVE() 
GEOMETRIC_REPRESENTATION_ITEM() RATIONAL_B_SPLINE_CURVE((1.,0.5,1.,0.5,
1.,0.5,1.)) REPRESENTATION_ITEM('') );
#3942 = CARTESIAN_POINT('',(-3.65,-15.95));
#3943 = CARTESIAN_POINT('',(-3.65,-15.77679491924));
#3944 = CARTESIAN_POINT('',(-3.5,-15.86339745962));
#3945 = CARTESIAN_POINT('',(-3.35,-15.95));
#3946 = CARTESIAN_POINT('',(-3.5,-16.03660254037));
#3947 = CARTESIAN_POINT('',(-3.65,-16.12320508075));
#3948 = CARTESIAN_POINT('',(-3.65,-15.95));
#3949 = ( GEOMETRIC_REPRESENTATION_CONTEXT(2) 
PARAMETRIC_REPRESENTATION_CONTEXT() REPRESENTATION_CONTEXT('2D SPACE',''
  ) );
#3950 = PCURVE('',#3951,#3956);
#3951 = CYLINDRICAL_SURFACE('',#3952,0.1);
#3952 = AXIS2_PLACEMENT_3D('',#3953,#3954,#3955);
#3953 = CARTESIAN_POINT('',(133.55,-120.95,-1.E-02));
#3954 = DIRECTION('',(0.,0.,1.));
#3955 = DIRECTION('',(1.,0.,-0.));
#3956 = DEFINITIONAL_REPRESENTATION('',(#3957),#3961);
#3957 = LINE('',#3958,#3959);
#3958 = CARTESIAN_POINT('',(0.,1.E-02));
#3959 = VECTOR('',#3960,1.);
#3960 = DIRECTION('',(1.,0.));
#3961 = ( GEOMETRIC_REPRESENTATION_CONTEXT(2) 
PARAMETRIC_REPRESENTATION_CONTEXT() REPRESENTATION_CONTEXT('2D SPACE',''
  ) );
#3962 = FACE_BOUND('',#3963,.T.);
#3963 = EDGE_LOOP('',(#3964));
#3964 = ORIENTED_EDGE('',*,*,#3965,.T.);
#3965 = EDGE_CURVE('',#3966,#3966,#3968,.T.);
#3966 = VERTEX_POINT('',#3967);
#3967 = CARTESIAN_POINT('',(132.55,-122.05,0.));
#3968 = SURFACE_CURVE('',#3969,(#3974,#3985),.PCURVE_S1.);
#3969 = CIRCLE('',#3970,0.1);
#3970 = AXIS2_PLACEMENT_3D('',#3971,#3972,#3973);
#3971 = CARTESIAN_POINT('',(132.45,-122.05,0.));
#3972 = DIRECTION('',(0.,0.,1.));
#3973 = DIRECTION('',(1.,0.,-0.));
#3974 = PCURVE('',#144,#3975);
#3975 = DEFINITIONAL_REPRESENTATION('',(#3976),#3984);
#3976 = ( BOUNDED_CURVE() B_SPLINE_CURVE(2,(#3977,#3978,#3979,#3980,
#3981,#3982,#3983),.UNSPECIFIED.,.T.,.F.) B_SPLINE_CURVE_WITH_KNOTS((1,2
    ,2,2,2,1),(-2.094395102393,0.,2.094395102393,4.188790204786,
6.28318530718,8.377580409573),.UNSPECIFIED.) CURVE() 
GEOMETRIC_REPRESENTATION_ITEM() RATIONAL_B_SPLINE_CURVE((1.,0.5,1.,0.5,
1.,0.5,1.)) REPRESENTATION_ITEM('') );
#3977 = CARTESIAN_POINT('',(-2.55,-17.05));
#3978 = CARTESIAN_POINT('',(-2.55,-16.87679491924));
#3979 = CARTESIAN_POINT('',(-2.4,-16.96339745962));
#3980 = CARTESIAN_POINT('',(-2.25,-17.05));
#3981 = CARTESIAN_POINT('',(-2.4,-17.13660254037));
#3982 = CARTESIAN_POINT('',(-2.55,-17.22320508075));
#3983 = CARTESIAN_POINT('',(-2.55,-17.05));
#3984 = ( GEOMETRIC_REPRESENTATION_CONTEXT(2) 
PARAMETRIC_REPRESENTATION_CONTEXT() REPRESENTATION_CONTEXT('2D SPACE',''
  ) );
#3985 = PCURVE('',#3986,#3991);
#3986 = CYLINDRICAL_SURFACE('',#3987,0.1);
#3987 = AXIS2_PLACEMENT_3D('',#3988,#3989,#3990);
#3988 = CARTESIAN_POINT('',(132.45,-122.05,-1.E-02));
#3989 = DIRECTION('',(0.,0.,1.));
#3990 = DIRECTION('',(1.,0.,-0.));
#3991 = DEFINITIONAL_REPRESENTATION('',(#3992),#3996);
#3992 = LINE('',#3993,#3994);
#3993 = CARTESIAN_POINT('',(0.,1.E-02));
#3994 = VECTOR('',#3995,1.);
#3995 = DIRECTION('',(1.,0.));
#3996 = ( GEOMETRIC_REPRESENTATION_CONTEXT(2) 
PARAMETRIC_REPRESENTATION_CONTEXT() REPRESENTATION_CONTEXT('2D SPACE',''
  ) );
#3997 = FACE_BOUND('',#3998,.T.);
#3998 = EDGE_LOOP('',(#3999));
#3999 = ORIENTED_EDGE('',*,*,#4000,.T.);
#4000 = EDGE_CURVE('',#4001,#4001,#4003,.T.);
#4001 = VERTEX_POINT('',#4002);
#4002 = CARTESIAN_POINT('',(132.55,-120.95,0.));
#4003 = SURFACE_CURVE('',#4004,(#4009,#4020),.PCURVE_S1.);
#4004 = CIRCLE('',#4005,0.1);
#4005 = AXIS2_PLACEMENT_3D('',#4006,#4007,#4008);
#4006 = CARTESIAN_POINT('',(132.45,-120.95,0.));
#4007 = DIRECTION('',(0.,0.,1.));
#4008 = DIRECTION('',(1.,0.,-0.));
#4009 = PCURVE('',#144,#4010);
#4010 = DEFINITIONAL_REPRESENTATION('',(#4011),#4019);
#4011 = ( BOUNDED_CURVE() B_SPLINE_CURVE(2,(#4012,#4013,#4014,#4015,
#4016,#4017,#4018),.UNSPECIFIED.,.T.,.F.) B_SPLINE_CURVE_WITH_KNOTS((1,2
    ,2,2,2,1),(-2.094395102393,0.,2.094395102393,4.188790204786,
6.28318530718,8.377580409573),.UNSPECIFIED.) CURVE() 
GEOMETRIC_REPRESENTATION_ITEM() RATIONAL_B_SPLINE_CURVE((1.,0.5,1.,0.5,
1.,0.5,1.)) REPRESENTATION_ITEM('') );
#4012 = CARTESIAN_POINT('',(-2.55,-15.95));
#4013 = CARTESIAN_POINT('',(-2.55,-15.77679491924));
#4014 = CARTESIAN_POINT('',(-2.4,-15.86339745962));
#4015 = CARTESIAN_POINT('',(-2.25,-15.95));
#4016 = CARTESIAN_POINT('',(-2.4,-16.03660254037));
#4017 = CARTESIAN_POINT('',(-2.55,-16.12320508075));
#4018 = CARTESIAN_POINT('',(-2.55,-15.95));
#4019 = ( GEOMETRIC_REPRESENTATION_CONTEXT(2) 
PARAMETRIC_REPRESENTATION_CONTEXT() REPRESENTATION_CONTEXT('2D SPACE',''
  ) );
#4020 = PCURVE('',#4021,#4026);
#4021 = CYLINDRICAL_SURFACE('',#4022,0.1);
#4022 = AXIS2_PLACEMENT_3D('',#4023,#4024,#4025);
#4023 = CARTESIAN_POINT('',(132.45,-120.95,-1.E-02));
#4024 = DIRECTION('',(0.,0.,1.));
#4025 = DIRECTION('',(1.,0.,-0.));
#4026 = DEFINITIONAL_REPRESENTATION('',(#4027),#4031);
#4027 = LINE('',#4028,#4029);
#4028 = CARTESIAN_POINT('',(0.,1.E-02));
#4029 = VECTOR('',#4030,1.);
#4030 = DIRECTION('',(1.,0.));
#4031 = ( GEOMETRIC_REPRESENTATION_CONTEXT(2) 
PARAMETRIC_REPRESENTATION_CONTEXT() REPRESENTATION_CONTEXT('2D SPACE',''
  ) );
#4032 = FACE_BOUND('',#4033,.T.);
#4033 = EDGE_LOOP('',(#4034));
#4034 = ORIENTED_EDGE('',*,*,#4035,.T.);
#4035 = EDGE_CURVE('',#4036,#4036,#4038,.T.);
#4036 = VERTEX_POINT('',#4037);
#4037 = CARTESIAN_POINT('',(108.65,-123.2,0.));
#4038 = SURFACE_CURVE('',#4039,(#4044,#4055),.PCURVE_S1.);
#4039 = CIRCLE('',#4040,0.2);
#4040 = AXIS2_PLACEMENT_3D('',#4041,#4042,#4043);
#4041 = CARTESIAN_POINT('',(108.45,-123.2,0.));
#4042 = DIRECTION('',(0.,0.,1.));
#4043 = DIRECTION('',(1.,0.,-0.));
#4044 = PCURVE('',#144,#4045);
#4045 = DEFINITIONAL_REPRESENTATION('',(#4046),#4054);
#4046 = ( BOUNDED_CURVE() B_SPLINE_CURVE(2,(#4047,#4048,#4049,#4050,
#4051,#4052,#4053),.UNSPECIFIED.,.T.,.F.) B_SPLINE_CURVE_WITH_KNOTS((1,2
    ,2,2,2,1),(-2.094395102393,0.,2.094395102393,4.188790204786,
6.28318530718,8.377580409573),.UNSPECIFIED.) CURVE() 
GEOMETRIC_REPRESENTATION_ITEM() RATIONAL_B_SPLINE_CURVE((1.,0.5,1.,0.5,
1.,0.5,1.)) REPRESENTATION_ITEM('') );
#4047 = CARTESIAN_POINT('',(21.35,-18.2));
#4048 = CARTESIAN_POINT('',(21.35,-17.85358983848));
#4049 = CARTESIAN_POINT('',(21.65,-18.02679491924));
#4050 = CARTESIAN_POINT('',(21.95,-18.2));
#4051 = CARTESIAN_POINT('',(21.65,-18.37320508075));
#4052 = CARTESIAN_POINT('',(21.35,-18.54641016151));
#4053 = CARTESIAN_POINT('',(21.35,-18.2));
#4054 = ( GEOMETRIC_REPRESENTATION_CONTEXT(2) 
PARAMETRIC_REPRESENTATION_CONTEXT() REPRESENTATION_CONTEXT('2D SPACE',''
  ) );
#4055 = PCURVE('',#4056,#4061);
#4056 = CYLINDRICAL_SURFACE('',#4057,0.2);
#4057 = AXIS2_PLACEMENT_3D('',#4058,#4059,#4060);
#4058 = CARTESIAN_POINT('',(108.45,-123.2,-1.E-02));
#4059 = DIRECTION('',(0.,0.,1.));
#4060 = DIRECTION('',(1.,0.,-0.));
#4061 = DEFINITIONAL_REPRESENTATION('',(#4062),#4066);
#4062 = LINE('',#4063,#4064);
#4063 = CARTESIAN_POINT('',(0.,1.E-02));
#4064 = VECTOR('',#4065,1.);
#4065 = DIRECTION('',(1.,0.));
#4066 = ( GEOMETRIC_REPRESENTATION_CONTEXT(2) 
PARAMETRIC_REPRESENTATION_CONTEXT() REPRESENTATION_CONTEXT('2D SPACE',''
  ) );
#4067 = FACE_BOUND('',#4068,.T.);
#4068 = EDGE_LOOP('',(#4069));
#4069 = ORIENTED_EDGE('',*,*,#4070,.T.);
#4070 = EDGE_CURVE('',#4071,#4071,#4073,.T.);
#4071 = VERTEX_POINT('',#4072);
#4072 = CARTESIAN_POINT('',(107.,-124.85,0.));
#4073 = SURFACE_CURVE('',#4074,(#4079,#4090),.PCURVE_S1.);
#4074 = CIRCLE('',#4075,0.2);
#4075 = AXIS2_PLACEMENT_3D('',#4076,#4077,#4078);
#4076 = CARTESIAN_POINT('',(106.8,-124.85,0.));
#4077 = DIRECTION('',(0.,0.,1.));
#4078 = DIRECTION('',(1.,0.,-0.));
#4079 = PCURVE('',#144,#4080);
#4080 = DEFINITIONAL_REPRESENTATION('',(#4081),#4089);
#4081 = ( BOUNDED_CURVE() B_SPLINE_CURVE(2,(#4082,#4083,#4084,#4085,
#4086,#4087,#4088),.UNSPECIFIED.,.T.,.F.) B_SPLINE_CURVE_WITH_KNOTS((1,2
    ,2,2,2,1),(-2.094395102393,0.,2.094395102393,4.188790204786,
6.28318530718,8.377580409573),.UNSPECIFIED.) CURVE() 
GEOMETRIC_REPRESENTATION_ITEM() RATIONAL_B_SPLINE_CURVE((1.,0.5,1.,0.5,
1.,0.5,1.)) REPRESENTATION_ITEM('') );
#4082 = CARTESIAN_POINT('',(23.,-19.85));
#4083 = CARTESIAN_POINT('',(23.,-19.50358983848));
#4084 = CARTESIAN_POINT('',(23.3,-19.67679491924));
#4085 = CARTESIAN_POINT('',(23.6,-19.85));
#4086 = CARTESIAN_POINT('',(23.3,-20.02320508075));
#4087 = CARTESIAN_POINT('',(23.,-20.19641016151));
#4088 = CARTESIAN_POINT('',(23.,-19.85));
#4089 = ( GEOMETRIC_REPRESENTATION_CONTEXT(2) 
PARAMETRIC_REPRESENTATION_CONTEXT() REPRESENTATION_CONTEXT('2D SPACE',''
  ) );
#4090 = PCURVE('',#4091,#4096);
#4091 = CYLINDRICAL_SURFACE('',#4092,0.2);
#4092 = AXIS2_PLACEMENT_3D('',#4093,#4094,#4095);
#4093 = CARTESIAN_POINT('',(106.8,-124.85,-1.E-02));
#4094 = DIRECTION('',(0.,0.,1.));
#4095 = DIRECTION('',(1.,0.,-0.));
#4096 = DEFINITIONAL_REPRESENTATION('',(#4097),#4101);
#4097 = LINE('',#4098,#4099);
#4098 = CARTESIAN_POINT('',(0.,1.E-02));
#4099 = VECTOR('',#4100,1.);
#4100 = DIRECTION('',(1.,0.));
#4101 = ( GEOMETRIC_REPRESENTATION_CONTEXT(2) 
PARAMETRIC_REPRESENTATION_CONTEXT() REPRESENTATION_CONTEXT('2D SPACE',''
  ) );
#4102 = FACE_BOUND('',#4103,.T.);
#4103 = EDGE_LOOP('',(#4104));
#4104 = ORIENTED_EDGE('',*,*,#4105,.T.);
#4105 = EDGE_CURVE('',#4106,#4106,#4108,.T.);
#4106 = VERTEX_POINT('',#4107);
#4107 = CARTESIAN_POINT('',(108.166726,-124.366726,0.));
#4108 = SURFACE_CURVE('',#4109,(#4114,#4125),.PCURVE_S1.);
#4109 = CIRCLE('',#4110,0.2);
#4110 = AXIS2_PLACEMENT_3D('',#4111,#4112,#4113);
#4111 = CARTESIAN_POINT('',(107.966726,-124.366726,0.));
#4112 = DIRECTION('',(0.,0.,1.));
#4113 = DIRECTION('',(1.,0.,-0.));
#4114 = PCURVE('',#144,#4115);
#4115 = DEFINITIONAL_REPRESENTATION('',(#4116),#4124);
#4116 = ( BOUNDED_CURVE() B_SPLINE_CURVE(2,(#4117,#4118,#4119,#4120,
#4121,#4122,#4123),.UNSPECIFIED.,.T.,.F.) B_SPLINE_CURVE_WITH_KNOTS((1,2
    ,2,2,2,1),(-2.094395102393,0.,2.094395102393,4.188790204786,
6.28318530718,8.377580409573),.UNSPECIFIED.) CURVE() 
GEOMETRIC_REPRESENTATION_ITEM() RATIONAL_B_SPLINE_CURVE((1.,0.5,1.,0.5,
1.,0.5,1.)) REPRESENTATION_ITEM('') );
#4117 = CARTESIAN_POINT('',(21.833274,-19.366726));
#4118 = CARTESIAN_POINT('',(21.833274,-19.02031583848));
#4119 = CARTESIAN_POINT('',(22.133274,-19.19352091924));
#4120 = CARTESIAN_POINT('',(22.433274,-19.366726));
#4121 = CARTESIAN_POINT('',(22.133274,-19.53993108075));
#4122 = CARTESIAN_POINT('',(21.833274,-19.71313616151));
#4123 = CARTESIAN_POINT('',(21.833274,-19.366726));
#4124 = ( GEOMETRIC_REPRESENTATION_CONTEXT(2) 
PARAMETRIC_REPRESENTATION_CONTEXT() REPRESENTATION_CONTEXT('2D SPACE',''
  ) );
#4125 = PCURVE('',#4126,#4131);
#4126 = CYLINDRICAL_SURFACE('',#4127,0.2);
#4127 = AXIS2_PLACEMENT_3D('',#4128,#4129,#4130);
#4128 = CARTESIAN_POINT('',(107.966726,-124.366726,-1.E-02));
#4129 = DIRECTION('',(0.,0.,1.));
#4130 = DIRECTION('',(1.,0.,-0.));
#4131 = DEFINITIONAL_REPRESENTATION('',(#4132),#4136);
#4132 = LINE('',#4133,#4134);
#4133 = CARTESIAN_POINT('',(0.,1.E-02));
#4134 = VECTOR('',#4135,1.);
#4135 = DIRECTION('',(1.,0.));
#4136 = ( GEOMETRIC_REPRESENTATION_CONTEXT(2) 
PARAMETRIC_REPRESENTATION_CONTEXT() REPRESENTATION_CONTEXT('2D SPACE',''
  ) );
#4137 = FACE_BOUND('',#4138,.T.);
#4138 = EDGE_LOOP('',(#4139));
#4139 = ORIENTED_EDGE('',*,*,#4140,.T.);
#4140 = EDGE_CURVE('',#4141,#4141,#4143,.T.);
#4141 = VERTEX_POINT('',#4142);
#4142 = CARTESIAN_POINT('',(105.833274,-124.366726,0.));
#4143 = SURFACE_CURVE('',#4144,(#4149,#4160),.PCURVE_S1.);
#4144 = CIRCLE('',#4145,0.2);
#4145 = AXIS2_PLACEMENT_3D('',#4146,#4147,#4148);
#4146 = CARTESIAN_POINT('',(105.633274,-124.366726,0.));
#4147 = DIRECTION('',(0.,0.,1.));
#4148 = DIRECTION('',(1.,0.,-0.));
#4149 = PCURVE('',#144,#4150);
#4150 = DEFINITIONAL_REPRESENTATION('',(#4151),#4159);
#4151 = ( BOUNDED_CURVE() B_SPLINE_CURVE(2,(#4152,#4153,#4154,#4155,
#4156,#4157,#4158),.UNSPECIFIED.,.T.,.F.) B_SPLINE_CURVE_WITH_KNOTS((1,2
    ,2,2,2,1),(-2.094395102393,0.,2.094395102393,4.188790204786,
6.28318530718,8.377580409573),.UNSPECIFIED.) CURVE() 
GEOMETRIC_REPRESENTATION_ITEM() RATIONAL_B_SPLINE_CURVE((1.,0.5,1.,0.5,
1.,0.5,1.)) REPRESENTATION_ITEM('') );
#4152 = CARTESIAN_POINT('',(24.166726,-19.366726));
#4153 = CARTESIAN_POINT('',(24.166726,-19.02031583848));
#4154 = CARTESIAN_POINT('',(24.466726,-19.19352091924));
#4155 = CARTESIAN_POINT('',(24.766726,-19.366726));
#4156 = CARTESIAN_POINT('',(24.466726,-19.53993108075));
#4157 = CARTESIAN_POINT('',(24.166726,-19.71313616151));
#4158 = CARTESIAN_POINT('',(24.166726,-19.366726));
#4159 = ( GEOMETRIC_REPRESENTATION_CONTEXT(2) 
PARAMETRIC_REPRESENTATION_CONTEXT() REPRESENTATION_CONTEXT('2D SPACE',''
  ) );
#4160 = PCURVE('',#4161,#4166);
#4161 = CYLINDRICAL_SURFACE('',#4162,0.2);
#4162 = AXIS2_PLACEMENT_3D('',#4163,#4164,#4165);
#4163 = CARTESIAN_POINT('',(105.633274,-124.366726,-1.E-02));
#4164 = DIRECTION('',(0.,0.,1.));
#4165 = DIRECTION('',(1.,0.,-0.));
#4166 = DEFINITIONAL_REPRESENTATION('',(#4167),#4171);
#4167 = LINE('',#4168,#4169);
#4168 = CARTESIAN_POINT('',(0.,1.E-02));
#4169 = VECTOR('',#4170,1.);
#4170 = DIRECTION('',(1.,0.));
#4171 = ( GEOMETRIC_REPRESENTATION_CONTEXT(2) 
PARAMETRIC_REPRESENTATION_CONTEXT() REPRESENTATION_CONTEXT('2D SPACE',''
  ) );
#4172 = FACE_BOUND('',#4173,.T.);
#4173 = EDGE_LOOP('',(#4174));
#4174 = ORIENTED_EDGE('',*,*,#4175,.T.);
#4175 = EDGE_CURVE('',#4176,#4176,#4178,.T.);
#4176 = VERTEX_POINT('',#4177);
#4177 = CARTESIAN_POINT('',(107.9,-123.2,0.));
#4178 = SURFACE_CURVE('',#4179,(#4184,#4195),.PCURVE_S1.);
#4179 = CIRCLE('',#4180,1.1);
#4180 = AXIS2_PLACEMENT_3D('',#4181,#4182,#4183);
#4181 = CARTESIAN_POINT('',(106.8,-123.2,0.));
#4182 = DIRECTION('',(0.,0.,1.));
#4183 = DIRECTION('',(1.,0.,-0.));
#4184 = PCURVE('',#144,#4185);
#4185 = DEFINITIONAL_REPRESENTATION('',(#4186),#4194);
#4186 = ( BOUNDED_CURVE() B_SPLINE_CURVE(2,(#4187,#4188,#4189,#4190,
#4191,#4192,#4193),.UNSPECIFIED.,.T.,.F.) B_SPLINE_CURVE_WITH_KNOTS((1,2
    ,2,2,2,1),(-2.094395102393,0.,2.094395102393,4.188790204786,
6.28318530718,8.377580409573),.UNSPECIFIED.) CURVE() 
GEOMETRIC_REPRESENTATION_ITEM() RATIONAL_B_SPLINE_CURVE((1.,0.5,1.,0.5,
1.,0.5,1.)) REPRESENTATION_ITEM('') );
#4187 = CARTESIAN_POINT('',(22.1,-18.2));
#4188 = CARTESIAN_POINT('',(22.1,-16.29474411167));
#4189 = CARTESIAN_POINT('',(23.75,-17.24737205583));
#4190 = CARTESIAN_POINT('',(25.4,-18.2));
#4191 = CARTESIAN_POINT('',(23.75,-19.15262794416));
#4192 = CARTESIAN_POINT('',(22.1,-20.10525588832));
#4193 = CARTESIAN_POINT('',(22.1,-18.2));
#4194 = ( GEOMETRIC_REPRESENTATION_CONTEXT(2) 
PARAMETRIC_REPRESENTATION_CONTEXT() REPRESENTATION_CONTEXT('2D SPACE',''
  ) );
#4195 = PCURVE('',#4196,#4201);
#4196 = CYLINDRICAL_SURFACE('',#4197,1.1);
#4197 = AXIS2_PLACEMENT_3D('',#4198,#4199,#4200);
#4198 = CARTESIAN_POINT('',(106.8,-123.2,-1.E-02));
#4199 = DIRECTION('',(0.,0.,1.));
#4200 = DIRECTION('',(1.,0.,-0.));
#4201 = DEFINITIONAL_REPRESENTATION('',(#4202),#4206);
#4202 = LINE('',#4203,#4204);
#4203 = CARTESIAN_POINT('',(0.,1.E-02));
#4204 = VECTOR('',#4205,1.);
#4205 = DIRECTION('',(1.,0.));
#4206 = ( GEOMETRIC_REPRESENTATION_CONTEXT(2) 
PARAMETRIC_REPRESENTATION_CONTEXT() REPRESENTATION_CONTEXT('2D SPACE',''
  ) );
#4207 = FACE_BOUND('',#4208,.T.);
#4208 = EDGE_LOOP('',(#4209));
#4209 = ORIENTED_EDGE('',*,*,#4210,.T.);
#4210 = EDGE_CURVE('',#4211,#4211,#4213,.T.);
#4211 = VERTEX_POINT('',#4212);
#4212 = CARTESIAN_POINT('',(105.35,-123.2,0.));
#4213 = SURFACE_CURVE('',#4214,(#4219,#4230),.PCURVE_S1.);
#4214 = CIRCLE('',#4215,0.2);
#4215 = AXIS2_PLACEMENT_3D('',#4216,#4217,#4218);
#4216 = CARTESIAN_POINT('',(105.15,-123.2,0.));
#4217 = DIRECTION('',(0.,0.,1.));
#4218 = DIRECTION('',(1.,0.,-0.));
#4219 = PCURVE('',#144,#4220);
#4220 = DEFINITIONAL_REPRESENTATION('',(#4221),#4229);
#4221 = ( BOUNDED_CURVE() B_SPLINE_CURVE(2,(#4222,#4223,#4224,#4225,
#4226,#4227,#4228),.UNSPECIFIED.,.T.,.F.) B_SPLINE_CURVE_WITH_KNOTS((1,2
    ,2,2,2,1),(-2.094395102393,0.,2.094395102393,4.188790204786,
6.28318530718,8.377580409573),.UNSPECIFIED.) CURVE() 
GEOMETRIC_REPRESENTATION_ITEM() RATIONAL_B_SPLINE_CURVE((1.,0.5,1.,0.5,
1.,0.5,1.)) REPRESENTATION_ITEM('') );
#4222 = CARTESIAN_POINT('',(24.65,-18.2));
#4223 = CARTESIAN_POINT('',(24.65,-17.85358983848));
#4224 = CARTESIAN_POINT('',(24.95,-18.02679491924));
#4225 = CARTESIAN_POINT('',(25.25,-18.2));
#4226 = CARTESIAN_POINT('',(24.95,-18.37320508075));
#4227 = CARTESIAN_POINT('',(24.65,-18.54641016151));
#4228 = CARTESIAN_POINT('',(24.65,-18.2));
#4229 = ( GEOMETRIC_REPRESENTATION_CONTEXT(2) 
PARAMETRIC_REPRESENTATION_CONTEXT() REPRESENTATION_CONTEXT('2D SPACE',''
  ) );
#4230 = PCURVE('',#4231,#4236);
#4231 = CYLINDRICAL_SURFACE('',#4232,0.2);
#4232 = AXIS2_PLACEMENT_3D('',#4233,#4234,#4235);
#4233 = CARTESIAN_POINT('',(105.15,-123.2,-1.E-02));
#4234 = DIRECTION('',(0.,0.,1.));
#4235 = DIRECTION('',(1.,0.,-0.));
#4236 = DEFINITIONAL_REPRESENTATION('',(#4237),#4241);
#4237 = LINE('',#4238,#4239);
#4238 = CARTESIAN_POINT('',(0.,1.E-02));
#4239 = VECTOR('',#4240,1.);
#4240 = DIRECTION('',(1.,0.));
#4241 = ( GEOMETRIC_REPRESENTATION_CONTEXT(2) 
PARAMETRIC_REPRESENTATION_CONTEXT() REPRESENTATION_CONTEXT('2D SPACE',''
  ) );
#4242 = FACE_BOUND('',#4243,.T.);
#4243 = EDGE_LOOP('',(#4244));
#4244 = ORIENTED_EDGE('',*,*,#4245,.T.);
#4245 = EDGE_CURVE('',#4246,#4246,#4248,.T.);
#4246 = VERTEX_POINT('',#4247);
#4247 = CARTESIAN_POINT('',(108.166726,-122.033274,0.));
#4248 = SURFACE_CURVE('',#4249,(#4254,#4265),.PCURVE_S1.);
#4249 = CIRCLE('',#4250,0.2);
#4250 = AXIS2_PLACEMENT_3D('',#4251,#4252,#4253);
#4251 = CARTESIAN_POINT('',(107.966726,-122.033274,0.));
#4252 = DIRECTION('',(0.,0.,1.));
#4253 = DIRECTION('',(1.,0.,-0.));
#4254 = PCURVE('',#144,#4255);
#4255 = DEFINITIONAL_REPRESENTATION('',(#4256),#4264);
#4256 = ( BOUNDED_CURVE() B_SPLINE_CURVE(2,(#4257,#4258,#4259,#4260,
#4261,#4262,#4263),.UNSPECIFIED.,.T.,.F.) B_SPLINE_CURVE_WITH_KNOTS((1,2
    ,2,2,2,1),(-2.094395102393,0.,2.094395102393,4.188790204786,
6.28318530718,8.377580409573),.UNSPECIFIED.) CURVE() 
GEOMETRIC_REPRESENTATION_ITEM() RATIONAL_B_SPLINE_CURVE((1.,0.5,1.,0.5,
1.,0.5,1.)) REPRESENTATION_ITEM('') );
#4257 = CARTESIAN_POINT('',(21.833274,-17.033274));
#4258 = CARTESIAN_POINT('',(21.833274,-16.68686383848));
#4259 = CARTESIAN_POINT('',(22.133274,-16.86006891924));
#4260 = CARTESIAN_POINT('',(22.433274,-17.033274));
#4261 = CARTESIAN_POINT('',(22.133274,-17.20647908075));
#4262 = CARTESIAN_POINT('',(21.833274,-17.37968416151));
#4263 = CARTESIAN_POINT('',(21.833274,-17.033274));
#4264 = ( GEOMETRIC_REPRESENTATION_CONTEXT(2) 
PARAMETRIC_REPRESENTATION_CONTEXT() REPRESENTATION_CONTEXT('2D SPACE',''
  ) );
#4265 = PCURVE('',#4266,#4271);
#4266 = CYLINDRICAL_SURFACE('',#4267,0.2);
#4267 = AXIS2_PLACEMENT_3D('',#4268,#4269,#4270);
#4268 = CARTESIAN_POINT('',(107.966726,-122.033274,-1.E-02));
#4269 = DIRECTION('',(0.,0.,1.));
#4270 = DIRECTION('',(1.,0.,-0.));
#4271 = DEFINITIONAL_REPRESENTATION('',(#4272),#4276);
#4272 = LINE('',#4273,#4274);
#4273 = CARTESIAN_POINT('',(0.,1.E-02));
#4274 = VECTOR('',#4275,1.);
#4275 = DIRECTION('',(1.,0.));
#4276 = ( GEOMETRIC_REPRESENTATION_CONTEXT(2) 
PARAMETRIC_REPRESENTATION_CONTEXT() REPRESENTATION_CONTEXT('2D SPACE',''
  ) );
#4277 = FACE_BOUND('',#4278,.T.);
#4278 = EDGE_LOOP('',(#4279));
#4279 = ORIENTED_EDGE('',*,*,#4280,.T.);
#4280 = EDGE_CURVE('',#4281,#4281,#4283,.T.);
#4281 = VERTEX_POINT('',#4282);
#4282 = CARTESIAN_POINT('',(107.,-121.55,0.));
#4283 = SURFACE_CURVE('',#4284,(#4289,#4300),.PCURVE_S1.);
#4284 = CIRCLE('',#4285,0.2);
#4285 = AXIS2_PLACEMENT_3D('',#4286,#4287,#4288);
#4286 = CARTESIAN_POINT('',(106.8,-121.55,0.));
#4287 = DIRECTION('',(0.,0.,1.));
#4288 = DIRECTION('',(1.,0.,-0.));
#4289 = PCURVE('',#144,#4290);
#4290 = DEFINITIONAL_REPRESENTATION('',(#4291),#4299);
#4291 = ( BOUNDED_CURVE() B_SPLINE_CURVE(2,(#4292,#4293,#4294,#4295,
#4296,#4297,#4298),.UNSPECIFIED.,.T.,.F.) B_SPLINE_CURVE_WITH_KNOTS((1,2
    ,2,2,2,1),(-2.094395102393,0.,2.094395102393,4.188790204786,
6.28318530718,8.377580409573),.UNSPECIFIED.) CURVE() 
GEOMETRIC_REPRESENTATION_ITEM() RATIONAL_B_SPLINE_CURVE((1.,0.5,1.,0.5,
1.,0.5,1.)) REPRESENTATION_ITEM('') );
#4292 = CARTESIAN_POINT('',(23.,-16.55));
#4293 = CARTESIAN_POINT('',(23.,-16.20358983848));
#4294 = CARTESIAN_POINT('',(23.3,-16.37679491924));
#4295 = CARTESIAN_POINT('',(23.6,-16.55));
#4296 = CARTESIAN_POINT('',(23.3,-16.72320508075));
#4297 = CARTESIAN_POINT('',(23.,-16.89641016151));
#4298 = CARTESIAN_POINT('',(23.,-16.55));
#4299 = ( GEOMETRIC_REPRESENTATION_CONTEXT(2) 
PARAMETRIC_REPRESENTATION_CONTEXT() REPRESENTATION_CONTEXT('2D SPACE',''
  ) );
#4300 = PCURVE('',#4301,#4306);
#4301 = CYLINDRICAL_SURFACE('',#4302,0.2);
#4302 = AXIS2_PLACEMENT_3D('',#4303,#4304,#4305);
#4303 = CARTESIAN_POINT('',(106.8,-121.55,-1.E-02));
#4304 = DIRECTION('',(0.,0.,1.));
#4305 = DIRECTION('',(1.,0.,-0.));
#4306 = DEFINITIONAL_REPRESENTATION('',(#4307),#4311);
#4307 = LINE('',#4308,#4309);
#4308 = CARTESIAN_POINT('',(0.,1.E-02));
#4309 = VECTOR('',#4310,1.);
#4310 = DIRECTION('',(1.,0.));
#4311 = ( GEOMETRIC_REPRESENTATION_CONTEXT(2) 
PARAMETRIC_REPRESENTATION_CONTEXT() REPRESENTATION_CONTEXT('2D SPACE',''
  ) );
#4312 = FACE_BOUND('',#4313,.T.);
#4313 = EDGE_LOOP('',(#4314));
#4314 = ORIENTED_EDGE('',*,*,#4315,.T.);
#4315 = EDGE_CURVE('',#4316,#4316,#4318,.T.);
#4316 = VERTEX_POINT('',#4317);
#4317 = CARTESIAN_POINT('',(105.833274,-122.033274,0.));
#4318 = SURFACE_CURVE('',#4319,(#4324,#4335),.PCURVE_S1.);
#4319 = CIRCLE('',#4320,0.2);
#4320 = AXIS2_PLACEMENT_3D('',#4321,#4322,#4323);
#4321 = CARTESIAN_POINT('',(105.633274,-122.033274,0.));
#4322 = DIRECTION('',(0.,0.,1.));
#4323 = DIRECTION('',(1.,0.,-0.));
#4324 = PCURVE('',#144,#4325);
#4325 = DEFINITIONAL_REPRESENTATION('',(#4326),#4334);
#4326 = ( BOUNDED_CURVE() B_SPLINE_CURVE(2,(#4327,#4328,#4329,#4330,
#4331,#4332,#4333),.UNSPECIFIED.,.T.,.F.) B_SPLINE_CURVE_WITH_KNOTS((1,2
    ,2,2,2,1),(-2.094395102393,0.,2.094395102393,4.188790204786,
6.28318530718,8.377580409573),.UNSPECIFIED.) CURVE() 
GEOMETRIC_REPRESENTATION_ITEM() RATIONAL_B_SPLINE_CURVE((1.,0.5,1.,0.5,
1.,0.5,1.)) REPRESENTATION_ITEM('') );
#4327 = CARTESIAN_POINT('',(24.166726,-17.033274));
#4328 = CARTESIAN_POINT('',(24.166726,-16.68686383848));
#4329 = CARTESIAN_POINT('',(24.466726,-16.86006891924));
#4330 = CARTESIAN_POINT('',(24.766726,-17.033274));
#4331 = CARTESIAN_POINT('',(24.466726,-17.20647908075));
#4332 = CARTESIAN_POINT('',(24.166726,-17.37968416151));
#4333 = CARTESIAN_POINT('',(24.166726,-17.033274));
#4334 = ( GEOMETRIC_REPRESENTATION_CONTEXT(2) 
PARAMETRIC_REPRESENTATION_CONTEXT() REPRESENTATION_CONTEXT('2D SPACE',''
  ) );
#4335 = PCURVE('',#4336,#4341);
#4336 = CYLINDRICAL_SURFACE('',#4337,0.2);
#4337 = AXIS2_PLACEMENT_3D('',#4338,#4339,#4340);
#4338 = CARTESIAN_POINT('',(105.633274,-122.033274,-1.E-02));
#4339 = DIRECTION('',(0.,0.,1.));
#4340 = DIRECTION('',(1.,0.,-0.));
#4341 = DEFINITIONAL_REPRESENTATION('',(#4342),#4346);
#4342 = LINE('',#4343,#4344);
#4343 = CARTESIAN_POINT('',(0.,1.E-02));
#4344 = VECTOR('',#4345,1.);
#4345 = DIRECTION('',(1.,0.));
#4346 = ( GEOMETRIC_REPRESENTATION_CONTEXT(2) 
PARAMETRIC_REPRESENTATION_CONTEXT() REPRESENTATION_CONTEXT('2D SPACE',''
  ) );
#4347 = FACE_BOUND('',#4348,.T.);
#4348 = EDGE_LOOP('',(#4349,#4379,#4407,#4435,#4463,#4491,#4519,#4547,
    #4575,#4603,#4631,#4659,#4687,#4715,#4743,#4771,#4799,#4827,#4855,
    #4883));
#4349 = ORIENTED_EDGE('',*,*,#4350,.F.);
#4350 = EDGE_CURVE('',#4351,#4353,#4355,.T.);
#4351 = VERTEX_POINT('',#4352);
#4352 = CARTESIAN_POINT('',(145.025108,-86.224875,0.));
#4353 = VERTEX_POINT('',#4354);
#4354 = CARTESIAN_POINT('',(145.064935,-86.12207,0.));
#4355 = SURFACE_CURVE('',#4356,(#4360,#4367),.PCURVE_S1.);
#4356 = LINE('',#4357,#4358);
#4357 = CARTESIAN_POINT('',(145.025108,-86.224875,0.));
#4358 = VECTOR('',#4359,1.);
#4359 = DIRECTION('',(0.361242697938,0.932471829701,0.));
#4360 = PCURVE('',#144,#4361);
#4361 = DEFINITIONAL_REPRESENTATION('',(#4362),#4366);
#4362 = LINE('',#4363,#4364);
#4363 = CARTESIAN_POINT('',(-15.025108,18.775125));
#4364 = VECTOR('',#4365,1.);
#4365 = DIRECTION('',(-0.361242697938,0.932471829701));
#4366 = ( GEOMETRIC_REPRESENTATION_CONTEXT(2) 
PARAMETRIC_REPRESENTATION_CONTEXT() REPRESENTATION_CONTEXT('2D SPACE',''
  ) );
#4367 = PCURVE('',#4368,#4373);
#4368 = PLANE('',#4369);
#4369 = AXIS2_PLACEMENT_3D('',#4370,#4371,#4372);
#4370 = CARTESIAN_POINT('',(145.025108,-86.224875,0.));
#4371 = DIRECTION('',(-0.932471829701,0.361242697938,0.));
#4372 = DIRECTION('',(0.361242697938,0.932471829701,0.));
#4373 = DEFINITIONAL_REPRESENTATION('',(#4374),#4378);
#4374 = LINE('',#4375,#4376);
#4375 = CARTESIAN_POINT('',(0.,0.));
#4376 = VECTOR('',#4377,1.);
#4377 = DIRECTION('',(1.,0.));
#4378 = ( GEOMETRIC_REPRESENTATION_CONTEXT(2) 
PARAMETRIC_REPRESENTATION_CONTEXT() REPRESENTATION_CONTEXT('2D SPACE',''
  ) );
#4379 = ORIENTED_EDGE('',*,*,#4380,.F.);
#4380 = EDGE_CURVE('',#4381,#4351,#4383,.T.);
#4381 = VERTEX_POINT('',#4382);
#4382 = CARTESIAN_POINT('',(145.02,-86.28,0.));
#4383 = SURFACE_CURVE('',#4384,(#4388,#4395),.PCURVE_S1.);
#4384 = LINE('',#4385,#4386);
#4385 = CARTESIAN_POINT('',(145.02,-86.28,0.));
#4386 = VECTOR('',#4387,1.);
#4387 = DIRECTION('',(9.226686404189E-02,0.995734314865,0.));
#4388 = PCURVE('',#144,#4389);
#4389 = DEFINITIONAL_REPRESENTATION('',(#4390),#4394);
#4390 = LINE('',#4391,#4392);
#4391 = CARTESIAN_POINT('',(-15.02,18.72));
#4392 = VECTOR('',#4393,1.);
#4393 = DIRECTION('',(-9.226686404189E-02,0.995734314865));
#4394 = ( GEOMETRIC_REPRESENTATION_CONTEXT(2) 
PARAMETRIC_REPRESENTATION_CONTEXT() REPRESENTATION_CONTEXT('2D SPACE',''
  ) );
#4395 = PCURVE('',#4396,#4401);
#4396 = PLANE('',#4397);
#4397 = AXIS2_PLACEMENT_3D('',#4398,#4399,#4400);
#4398 = CARTESIAN_POINT('',(145.02,-86.28,0.));
#4399 = DIRECTION('',(-0.995734314865,9.226686404189E-02,0.));
#4400 = DIRECTION('',(9.226686404189E-02,0.995734314865,0.));
#4401 = DEFINITIONAL_REPRESENTATION('',(#4402),#4406);
#4402 = LINE('',#4403,#4404);
#4403 = CARTESIAN_POINT('',(0.,0.));
#4404 = VECTOR('',#4405,1.);
#4405 = DIRECTION('',(1.,0.));
#4406 = ( GEOMETRIC_REPRESENTATION_CONTEXT(2) 
PARAMETRIC_REPRESENTATION_CONTEXT() REPRESENTATION_CONTEXT('2D SPACE',''
  ) );
#4407 = ORIENTED_EDGE('',*,*,#4408,.F.);
#4408 = EDGE_CURVE('',#4409,#4381,#4411,.T.);
#4409 = VERTEX_POINT('',#4410);
#4410 = CARTESIAN_POINT('',(145.02,-87.38,0.));
#4411 = SURFACE_CURVE('',#4412,(#4416,#4423),.PCURVE_S1.);
#4412 = LINE('',#4413,#4414);
#4413 = CARTESIAN_POINT('',(145.02,-87.38,0.));
#4414 = VECTOR('',#4415,1.);
#4415 = DIRECTION('',(0.,1.,0.));
#4416 = PCURVE('',#144,#4417);
#4417 = DEFINITIONAL_REPRESENTATION('',(#4418),#4422);
#4418 = LINE('',#4419,#4420);
#4419 = CARTESIAN_POINT('',(-15.02,17.62));
#4420 = VECTOR('',#4421,1.);
#4421 = DIRECTION('',(0.,1.));
#4422 = ( GEOMETRIC_REPRESENTATION_CONTEXT(2) 
PARAMETRIC_REPRESENTATION_CONTEXT() REPRESENTATION_CONTEXT('2D SPACE',''
  ) );
#4423 = PCURVE('',#4424,#4429);
#4424 = PLANE('',#4425);
#4425 = AXIS2_PLACEMENT_3D('',#4426,#4427,#4428);
#4426 = CARTESIAN_POINT('',(145.02,-87.38,0.));
#4427 = DIRECTION('',(-1.,0.,0.));
#4428 = DIRECTION('',(0.,1.,0.));
#4429 = DEFINITIONAL_REPRESENTATION('',(#4430),#4434);
#4430 = LINE('',#4431,#4432);
#4431 = CARTESIAN_POINT('',(0.,0.));
#4432 = VECTOR('',#4433,1.);
#4433 = DIRECTION('',(1.,0.));
#4434 = ( GEOMETRIC_REPRESENTATION_CONTEXT(2) 
PARAMETRIC_REPRESENTATION_CONTEXT() REPRESENTATION_CONTEXT('2D SPACE',''
  ) );
#4435 = ORIENTED_EDGE('',*,*,#4436,.F.);
#4436 = EDGE_CURVE('',#4437,#4409,#4439,.T.);
#4437 = VERTEX_POINT('',#4438);
#4438 = CARTESIAN_POINT('',(145.040258,-87.488372,0.));
#4439 = SURFACE_CURVE('',#4440,(#4444,#4451),.PCURVE_S1.);
#4440 = LINE('',#4441,#4442);
#4441 = CARTESIAN_POINT('',(145.040258,-87.488372,0.));
#4442 = VECTOR('',#4443,1.);
#4443 = DIRECTION('',(-0.183747434241,0.982973489169,0.));
#4444 = PCURVE('',#144,#4445);
#4445 = DEFINITIONAL_REPRESENTATION('',(#4446),#4450);
#4446 = LINE('',#4447,#4448);
#4447 = CARTESIAN_POINT('',(-15.040258,17.511628));
#4448 = VECTOR('',#4449,1.);
#4449 = DIRECTION('',(0.183747434241,0.982973489169));
#4450 = ( GEOMETRIC_REPRESENTATION_CONTEXT(2) 
PARAMETRIC_REPRESENTATION_CONTEXT() REPRESENTATION_CONTEXT('2D SPACE',''
  ) );
#4451 = PCURVE('',#4452,#4457);
#4452 = PLANE('',#4453);
#4453 = AXIS2_PLACEMENT_3D('',#4454,#4455,#4456);
#4454 = CARTESIAN_POINT('',(145.040258,-87.488372,0.));
#4455 = DIRECTION('',(-0.982973489169,-0.183747434241,0.));
#4456 = DIRECTION('',(-0.183747434241,0.982973489169,0.));
#4457 = DEFINITIONAL_REPRESENTATION('',(#4458),#4462);
#4458 = LINE('',#4459,#4460);
#4459 = CARTESIAN_POINT('',(0.,0.));
#4460 = VECTOR('',#4461,1.);
#4461 = DIRECTION('',(1.,0.));
#4462 = ( GEOMETRIC_REPRESENTATION_CONTEXT(2) 
PARAMETRIC_REPRESENTATION_CONTEXT() REPRESENTATION_CONTEXT('2D SPACE',''
  ) );
#4463 = ORIENTED_EDGE('',*,*,#4464,.F.);
#4464 = EDGE_CURVE('',#4465,#4437,#4467,.T.);
#4465 = VERTEX_POINT('',#4466);
#4466 = CARTESIAN_POINT('',(145.098297,-87.582109,0.));
#4467 = SURFACE_CURVE('',#4468,(#4472,#4479),.PCURVE_S1.);
#4468 = LINE('',#4469,#4470);
#4469 = CARTESIAN_POINT('',(145.098297,-87.582109,0.));
#4470 = VECTOR('',#4471,1.);
#4471 = DIRECTION('',(-0.526428929276,0.850219137882,0.));
#4472 = PCURVE('',#144,#4473);
#4473 = DEFINITIONAL_REPRESENTATION('',(#4474),#4478);
#4474 = LINE('',#4475,#4476);
#4475 = CARTESIAN_POINT('',(-15.098297,17.417891));
#4476 = VECTOR('',#4477,1.);
#4477 = DIRECTION('',(0.526428929276,0.850219137882));
#4478 = ( GEOMETRIC_REPRESENTATION_CONTEXT(2) 
PARAMETRIC_REPRESENTATION_CONTEXT() REPRESENTATION_CONTEXT('2D SPACE',''
  ) );
#4479 = PCURVE('',#4480,#4485);
#4480 = PLANE('',#4481);
#4481 = AXIS2_PLACEMENT_3D('',#4482,#4483,#4484);
#4482 = CARTESIAN_POINT('',(145.098297,-87.582109,0.));
#4483 = DIRECTION('',(-0.850219137882,-0.526428929276,0.));
#4484 = DIRECTION('',(-0.526428929276,0.850219137882,0.));
#4485 = DEFINITIONAL_REPRESENTATION('',(#4486),#4490);
#4486 = LINE('',#4487,#4488);
#4487 = CARTESIAN_POINT('',(0.,0.));
#4488 = VECTOR('',#4489,1.);
#4489 = DIRECTION('',(1.,0.));
#4490 = ( GEOMETRIC_REPRESENTATION_CONTEXT(2) 
PARAMETRIC_REPRESENTATION_CONTEXT() REPRESENTATION_CONTEXT('2D SPACE',''
  ) );
#4491 = ORIENTED_EDGE('',*,*,#4492,.F.);
#4492 = EDGE_CURVE('',#4493,#4465,#4495,.T.);
#4493 = VERTEX_POINT('',#4494);
#4494 = CARTESIAN_POINT('',(145.186278,-87.648549,0.));
#4495 = SURFACE_CURVE('',#4496,(#4500,#4507),.PCURVE_S1.);
#4496 = LINE('',#4497,#4498);
#4497 = CARTESIAN_POINT('',(145.186278,-87.648549,0.));
#4498 = VECTOR('',#4499,1.);
#4499 = DIRECTION('',(-0.798017956254,0.60263367106,0.));
#4500 = PCURVE('',#144,#4501);
#4501 = DEFINITIONAL_REPRESENTATION('',(#4502),#4506);
#4502 = LINE('',#4503,#4504);
#4503 = CARTESIAN_POINT('',(-15.186278,17.351451));
#4504 = VECTOR('',#4505,1.);
#4505 = DIRECTION('',(0.798017956254,0.60263367106));
#4506 = ( GEOMETRIC_REPRESENTATION_CONTEXT(2) 
PARAMETRIC_REPRESENTATION_CONTEXT() REPRESENTATION_CONTEXT('2D SPACE',''
  ) );
#4507 = PCURVE('',#4508,#4513);
#4508 = PLANE('',#4509);
#4509 = AXIS2_PLACEMENT_3D('',#4510,#4511,#4512);
#4510 = CARTESIAN_POINT('',(145.186278,-87.648549,0.));
#4511 = DIRECTION('',(-0.60263367106,-0.798017956254,0.));
#4512 = DIRECTION('',(-0.798017956254,0.60263367106,0.));
#4513 = DEFINITIONAL_REPRESENTATION('',(#4514),#4518);
#4514 = LINE('',#4515,#4516);
#4515 = CARTESIAN_POINT('',(0.,0.));
#4516 = VECTOR('',#4517,1.);
#4517 = DIRECTION('',(1.,0.));
#4518 = ( GEOMETRIC_REPRESENTATION_CONTEXT(2) 
PARAMETRIC_REPRESENTATION_CONTEXT() REPRESENTATION_CONTEXT('2D SPACE',''
  ) );
#4519 = ORIENTED_EDGE('',*,*,#4520,.F.);
#4520 = EDGE_CURVE('',#4521,#4493,#4523,.T.);
#4521 = VERTEX_POINT('',#4522);
#4522 = CARTESIAN_POINT('',(145.292319,-87.67872,0.));
#4523 = SURFACE_CURVE('',#4524,(#4528,#4535),.PCURVE_S1.);
#4524 = LINE('',#4525,#4526);
#4525 = CARTESIAN_POINT('',(145.292319,-87.67872,0.));
#4526 = VECTOR('',#4527,1.);
#4527 = DIRECTION('',(-0.961826277748,0.273660759762,0.));
#4528 = PCURVE('',#144,#4529);
#4529 = DEFINITIONAL_REPRESENTATION('',(#4530),#4534);
#4530 = LINE('',#4531,#4532);
#4531 = CARTESIAN_POINT('',(-15.292319,17.32128));
#4532 = VECTOR('',#4533,1.);
#4533 = DIRECTION('',(0.961826277748,0.273660759762));
#4534 = ( GEOMETRIC_REPRESENTATION_CONTEXT(2) 
PARAMETRIC_REPRESENTATION_CONTEXT() REPRESENTATION_CONTEXT('2D SPACE',''
  ) );
#4535 = PCURVE('',#4536,#4541);
#4536 = PLANE('',#4537);
#4537 = AXIS2_PLACEMENT_3D('',#4538,#4539,#4540);
#4538 = CARTESIAN_POINT('',(145.292319,-87.67872,0.));
#4539 = DIRECTION('',(-0.273660759762,-0.961826277748,0.));
#4540 = DIRECTION('',(-0.961826277748,0.273660759762,0.));
#4541 = DEFINITIONAL_REPRESENTATION('',(#4542),#4546);
#4542 = LINE('',#4543,#4544);
#4543 = CARTESIAN_POINT('',(0.,0.));
#4544 = VECTOR('',#4545,1.);
#4545 = DIRECTION('',(1.,0.));
#4546 = ( GEOMETRIC_REPRESENTATION_CONTEXT(2) 
PARAMETRIC_REPRESENTATION_CONTEXT() REPRESENTATION_CONTEXT('2D SPACE',''
  ) );
#4547 = ORIENTED_EDGE('',*,*,#4548,.F.);
#4548 = EDGE_CURVE('',#4549,#4521,#4551,.T.);
#4549 = VERTEX_POINT('',#4550);
#4550 = CARTESIAN_POINT('',(145.402099,-87.668548,0.));
#4551 = SURFACE_CURVE('',#4552,(#4556,#4563),.PCURVE_S1.);
#4552 = LINE('',#4553,#4554);
#4553 = CARTESIAN_POINT('',(145.402099,-87.668548,0.));
#4554 = VECTOR('',#4555,1.);
#4555 = DIRECTION('',(-0.995734688848,-9.226282797371E-02,0.));
#4556 = PCURVE('',#144,#4557);
#4557 = DEFINITIONAL_REPRESENTATION('',(#4558),#4562);
#4558 = LINE('',#4559,#4560);
#4559 = CARTESIAN_POINT('',(-15.402099,17.331452));
#4560 = VECTOR('',#4561,1.);
#4561 = DIRECTION('',(0.995734688848,-9.226282797371E-02));
#4562 = ( GEOMETRIC_REPRESENTATION_CONTEXT(2) 
PARAMETRIC_REPRESENTATION_CONTEXT() REPRESENTATION_CONTEXT('2D SPACE',''
  ) );
#4563 = PCURVE('',#4564,#4569);
#4564 = PLANE('',#4565);
#4565 = AXIS2_PLACEMENT_3D('',#4566,#4567,#4568);
#4566 = CARTESIAN_POINT('',(145.402099,-87.668548,0.));
#4567 = DIRECTION('',(9.226282797371E-02,-0.995734688848,0.));
#4568 = DIRECTION('',(-0.995734688848,-9.226282797371E-02,0.));
#4569 = DEFINITIONAL_REPRESENTATION('',(#4570),#4574);
#4570 = LINE('',#4571,#4572);
#4571 = CARTESIAN_POINT('',(0.,0.));
#4572 = VECTOR('',#4573,1.);
#4573 = DIRECTION('',(1.,0.));
#4574 = ( GEOMETRIC_REPRESENTATION_CONTEXT(2) 
PARAMETRIC_REPRESENTATION_CONTEXT() REPRESENTATION_CONTEXT('2D SPACE',''
  ) );
#4575 = ORIENTED_EDGE('',*,*,#4576,.F.);
#4576 = EDGE_CURVE('',#4577,#4549,#4579,.T.);
#4577 = VERTEX_POINT('',#4578);
#4578 = CARTESIAN_POINT('',(145.50079,-87.619405,0.));
#4579 = SURFACE_CURVE('',#4580,(#4584,#4591),.PCURVE_S1.);
#4580 = LINE('',#4581,#4582);
#4581 = CARTESIAN_POINT('',(145.50079,-87.619405,0.));
#4582 = VECTOR('',#4583,1.);
#4583 = DIRECTION('',(-0.895160681354,-0.445743597327,0.));
#4584 = PCURVE('',#144,#4585);
#4585 = DEFINITIONAL_REPRESENTATION('',(#4586),#4590);
#4586 = LINE('',#4587,#4588);
#4587 = CARTESIAN_POINT('',(-15.50079,17.380595));
#4588 = VECTOR('',#4589,1.);
#4589 = DIRECTION('',(0.895160681354,-0.445743597327));
#4590 = ( GEOMETRIC_REPRESENTATION_CONTEXT(2) 
PARAMETRIC_REPRESENTATION_CONTEXT() REPRESENTATION_CONTEXT('2D SPACE',''
  ) );
#4591 = PCURVE('',#4592,#4597);
#4592 = PLANE('',#4593);
#4593 = AXIS2_PLACEMENT_3D('',#4594,#4595,#4596);
#4594 = CARTESIAN_POINT('',(145.50079,-87.619405,0.));
#4595 = DIRECTION('',(0.445743597327,-0.895160681354,0.));
#4596 = DIRECTION('',(-0.895160681354,-0.445743597327,0.));
#4597 = DEFINITIONAL_REPRESENTATION('',(#4598),#4602);
#4598 = LINE('',#4599,#4600);
#4599 = CARTESIAN_POINT('',(0.,0.));
#4600 = VECTOR('',#4601,1.);
#4601 = DIRECTION('',(1.,0.));
#4602 = ( GEOMETRIC_REPRESENTATION_CONTEXT(2) 
PARAMETRIC_REPRESENTATION_CONTEXT() REPRESENTATION_CONTEXT('2D SPACE',''
  ) );
#4603 = ORIENTED_EDGE('',*,*,#4604,.F.);
#4604 = EDGE_CURVE('',#4605,#4577,#4607,.T.);
#4605 = VERTEX_POINT('',#4606);
#4606 = CARTESIAN_POINT('',(145.575065,-87.53793,0.));
#4607 = SURFACE_CURVE('',#4608,(#4612,#4619),.PCURVE_S1.);
#4608 = LINE('',#4609,#4610);
#4609 = CARTESIAN_POINT('',(145.575065,-87.53793,0.));
#4610 = VECTOR('',#4611,1.);
#4611 = DIRECTION('',(-0.67369922817,-0.73900564948,0.));
#4612 = PCURVE('',#144,#4613);
#4613 = DEFINITIONAL_REPRESENTATION('',(#4614),#4618);
#4614 = LINE('',#4615,#4616);
#4615 = CARTESIAN_POINT('',(-15.575065,17.46207));
#4616 = VECTOR('',#4617,1.);
#4617 = DIRECTION('',(0.67369922817,-0.73900564948));
#4618 = ( GEOMETRIC_REPRESENTATION_CONTEXT(2) 
PARAMETRIC_REPRESENTATION_CONTEXT() REPRESENTATION_CONTEXT('2D SPACE',''
  ) );
#4619 = PCURVE('',#4620,#4625);
#4620 = PLANE('',#4621);
#4621 = AXIS2_PLACEMENT_3D('',#4622,#4623,#4624);
#4622 = CARTESIAN_POINT('',(145.575065,-87.53793,0.));
#4623 = DIRECTION('',(0.73900564948,-0.67369922817,0.));
#4624 = DIRECTION('',(-0.67369922817,-0.73900564948,0.));
#4625 = DEFINITIONAL_REPRESENTATION('',(#4626),#4630);
#4626 = LINE('',#4627,#4628);
#4627 = CARTESIAN_POINT('',(0.,0.));
#4628 = VECTOR('',#4629,1.);
#4629 = DIRECTION('',(1.,0.));
#4630 = ( GEOMETRIC_REPRESENTATION_CONTEXT(2) 
PARAMETRIC_REPRESENTATION_CONTEXT() REPRESENTATION_CONTEXT('2D SPACE',''
  ) );
#4631 = ORIENTED_EDGE('',*,*,#4632,.F.);
#4632 = EDGE_CURVE('',#4633,#4605,#4635,.T.);
#4633 = VERTEX_POINT('',#4634);
#4634 = CARTESIAN_POINT('',(145.614892,-87.435125,0.));
#4635 = SURFACE_CURVE('',#4636,(#4640,#4647),.PCURVE_S1.);
#4636 = LINE('',#4637,#4638);
#4637 = CARTESIAN_POINT('',(145.614892,-87.435125,0.));
#4638 = VECTOR('',#4639,1.);
#4639 = DIRECTION('',(-0.361242697938,-0.932471829701,0.));
#4640 = PCURVE('',#144,#4641);
#4641 = DEFINITIONAL_REPRESENTATION('',(#4642),#4646);
#4642 = LINE('',#4643,#4644);
#4643 = CARTESIAN_POINT('',(-15.614892,17.564875));
#4644 = VECTOR('',#4645,1.);
#4645 = DIRECTION('',(0.361242697938,-0.932471829701));
#4646 = ( GEOMETRIC_REPRESENTATION_CONTEXT(2) 
PARAMETRIC_REPRESENTATION_CONTEXT() REPRESENTATION_CONTEXT('2D SPACE',''
  ) );
#4647 = PCURVE('',#4648,#4653);
#4648 = PLANE('',#4649);
#4649 = AXIS2_PLACEMENT_3D('',#4650,#4651,#4652);
#4650 = CARTESIAN_POINT('',(145.614892,-87.435125,0.));
#4651 = DIRECTION('',(0.932471829701,-0.361242697938,0.));
#4652 = DIRECTION('',(-0.361242697938,-0.932471829701,0.));
#4653 = DEFINITIONAL_REPRESENTATION('',(#4654),#4658);
#4654 = LINE('',#4655,#4656);
#4655 = CARTESIAN_POINT('',(0.,0.));
#4656 = VECTOR('',#4657,1.);
#4657 = DIRECTION('',(1.,0.));
#4658 = ( GEOMETRIC_REPRESENTATION_CONTEXT(2) 
PARAMETRIC_REPRESENTATION_CONTEXT() REPRESENTATION_CONTEXT('2D SPACE',''
  ) );
#4659 = ORIENTED_EDGE('',*,*,#4660,.F.);
#4660 = EDGE_CURVE('',#4661,#4633,#4663,.T.);
#4661 = VERTEX_POINT('',#4662);
#4662 = CARTESIAN_POINT('',(145.62,-87.38,0.));
#4663 = SURFACE_CURVE('',#4664,(#4668,#4675),.PCURVE_S1.);
#4664 = LINE('',#4665,#4666);
#4665 = CARTESIAN_POINT('',(145.62,-87.38,0.));
#4666 = VECTOR('',#4667,1.);
#4667 = DIRECTION('',(-9.22668640424E-02,-0.995734314865,0.));
#4668 = PCURVE('',#144,#4669);
#4669 = DEFINITIONAL_REPRESENTATION('',(#4670),#4674);
#4670 = LINE('',#4671,#4672);
#4671 = CARTESIAN_POINT('',(-15.62,17.62));
#4672 = VECTOR('',#4673,1.);
#4673 = DIRECTION('',(9.22668640424E-02,-0.995734314865));
#4674 = ( GEOMETRIC_REPRESENTATION_CONTEXT(2) 
PARAMETRIC_REPRESENTATION_CONTEXT() REPRESENTATION_CONTEXT('2D SPACE',''
  ) );
#4675 = PCURVE('',#4676,#4681);
#4676 = PLANE('',#4677);
#4677 = AXIS2_PLACEMENT_3D('',#4678,#4679,#4680);
#4678 = CARTESIAN_POINT('',(145.62,-87.38,0.));
#4679 = DIRECTION('',(0.995734314865,-9.22668640424E-02,0.));
#4680 = DIRECTION('',(-9.22668640424E-02,-0.995734314865,0.));
#4681 = DEFINITIONAL_REPRESENTATION('',(#4682),#4686);
#4682 = LINE('',#4683,#4684);
#4683 = CARTESIAN_POINT('',(0.,0.));
#4684 = VECTOR('',#4685,1.);
#4685 = DIRECTION('',(1.,0.));
#4686 = ( GEOMETRIC_REPRESENTATION_CONTEXT(2) 
PARAMETRIC_REPRESENTATION_CONTEXT() REPRESENTATION_CONTEXT('2D SPACE',''
  ) );
#4687 = ORIENTED_EDGE('',*,*,#4688,.F.);
#4688 = EDGE_CURVE('',#4689,#4661,#4691,.T.);
#4689 = VERTEX_POINT('',#4690);
#4690 = CARTESIAN_POINT('',(145.62,-86.28,0.));
#4691 = SURFACE_CURVE('',#4692,(#4696,#4703),.PCURVE_S1.);
#4692 = LINE('',#4693,#4694);
#4693 = CARTESIAN_POINT('',(145.62,-86.28,0.));
#4694 = VECTOR('',#4695,1.);
#4695 = DIRECTION('',(0.,-1.,0.));
#4696 = PCURVE('',#144,#4697);
#4697 = DEFINITIONAL_REPRESENTATION('',(#4698),#4702);
#4698 = LINE('',#4699,#4700);
#4699 = CARTESIAN_POINT('',(-15.62,18.72));
#4700 = VECTOR('',#4701,1.);
#4701 = DIRECTION('',(0.,-1.));
#4702 = ( GEOMETRIC_REPRESENTATION_CONTEXT(2) 
PARAMETRIC_REPRESENTATION_CONTEXT() REPRESENTATION_CONTEXT('2D SPACE',''
  ) );
#4703 = PCURVE('',#4704,#4709);
#4704 = PLANE('',#4705);
#4705 = AXIS2_PLACEMENT_3D('',#4706,#4707,#4708);
#4706 = CARTESIAN_POINT('',(145.62,-86.28,0.));
#4707 = DIRECTION('',(1.,0.,-0.));
#4708 = DIRECTION('',(0.,-1.,0.));
#4709 = DEFINITIONAL_REPRESENTATION('',(#4710),#4714);
#4710 = LINE('',#4711,#4712);
#4711 = CARTESIAN_POINT('',(0.,0.));
#4712 = VECTOR('',#4713,1.);
#4713 = DIRECTION('',(1.,0.));
#4714 = ( GEOMETRIC_REPRESENTATION_CONTEXT(2) 
PARAMETRIC_REPRESENTATION_CONTEXT() REPRESENTATION_CONTEXT('2D SPACE',''
  ) );
#4715 = ORIENTED_EDGE('',*,*,#4716,.F.);
#4716 = EDGE_CURVE('',#4717,#4689,#4719,.T.);
#4717 = VERTEX_POINT('',#4718);
#4718 = CARTESIAN_POINT('',(145.599742,-86.171628,0.));
#4719 = SURFACE_CURVE('',#4720,(#4724,#4731),.PCURVE_S1.);
#4720 = LINE('',#4721,#4722);
#4721 = CARTESIAN_POINT('',(145.599742,-86.171628,0.));
#4722 = VECTOR('',#4723,1.);
#4723 = DIRECTION('',(0.183747434241,-0.982973489169,0.));
#4724 = PCURVE('',#144,#4725);
#4725 = DEFINITIONAL_REPRESENTATION('',(#4726),#4730);
#4726 = LINE('',#4727,#4728);
#4727 = CARTESIAN_POINT('',(-15.599742,18.828372));
#4728 = VECTOR('',#4729,1.);
#4729 = DIRECTION('',(-0.183747434241,-0.982973489169));
#4730 = ( GEOMETRIC_REPRESENTATION_CONTEXT(2) 
PARAMETRIC_REPRESENTATION_CONTEXT() REPRESENTATION_CONTEXT('2D SPACE',''
  ) );
#4731 = PCURVE('',#4732,#4737);
#4732 = PLANE('',#4733);
#4733 = AXIS2_PLACEMENT_3D('',#4734,#4735,#4736);
#4734 = CARTESIAN_POINT('',(145.599742,-86.171628,0.));
#4735 = DIRECTION('',(0.982973489169,0.183747434241,-0.));
#4736 = DIRECTION('',(0.183747434241,-0.982973489169,0.));
#4737 = DEFINITIONAL_REPRESENTATION('',(#4738),#4742);
#4738 = LINE('',#4739,#4740);
#4739 = CARTESIAN_POINT('',(0.,0.));
#4740 = VECTOR('',#4741,1.);
#4741 = DIRECTION('',(1.,0.));
#4742 = ( GEOMETRIC_REPRESENTATION_CONTEXT(2) 
PARAMETRIC_REPRESENTATION_CONTEXT() REPRESENTATION_CONTEXT('2D SPACE',''
  ) );
#4743 = ORIENTED_EDGE('',*,*,#4744,.F.);
#4744 = EDGE_CURVE('',#4745,#4717,#4747,.T.);
#4745 = VERTEX_POINT('',#4746);
#4746 = CARTESIAN_POINT('',(145.541703,-86.077891,0.));
#4747 = SURFACE_CURVE('',#4748,(#4752,#4759),.PCURVE_S1.);
#4748 = LINE('',#4749,#4750);
#4749 = CARTESIAN_POINT('',(145.541703,-86.077891,0.));
#4750 = VECTOR('',#4751,1.);
#4751 = DIRECTION('',(0.526428929276,-0.850219137882,0.));
#4752 = PCURVE('',#144,#4753);
#4753 = DEFINITIONAL_REPRESENTATION('',(#4754),#4758);
#4754 = LINE('',#4755,#4756);
#4755 = CARTESIAN_POINT('',(-15.541703,18.922109));
#4756 = VECTOR('',#4757,1.);
#4757 = DIRECTION('',(-0.526428929276,-0.850219137882));
#4758 = ( GEOMETRIC_REPRESENTATION_CONTEXT(2) 
PARAMETRIC_REPRESENTATION_CONTEXT() REPRESENTATION_CONTEXT('2D SPACE',''
  ) );
#4759 = PCURVE('',#4760,#4765);
#4760 = PLANE('',#4761);
#4761 = AXIS2_PLACEMENT_3D('',#4762,#4763,#4764);
#4762 = CARTESIAN_POINT('',(145.541703,-86.077891,0.));
#4763 = DIRECTION('',(0.850219137882,0.526428929276,-0.));
#4764 = DIRECTION('',(0.526428929276,-0.850219137882,0.));
#4765 = DEFINITIONAL_REPRESENTATION('',(#4766),#4770);
#4766 = LINE('',#4767,#4768);
#4767 = CARTESIAN_POINT('',(0.,0.));
#4768 = VECTOR('',#4769,1.);
#4769 = DIRECTION('',(1.,0.));
#4770 = ( GEOMETRIC_REPRESENTATION_CONTEXT(2) 
PARAMETRIC_REPRESENTATION_CONTEXT() REPRESENTATION_CONTEXT('2D SPACE',''
  ) );
#4771 = ORIENTED_EDGE('',*,*,#4772,.F.);
#4772 = EDGE_CURVE('',#4773,#4745,#4775,.T.);
#4773 = VERTEX_POINT('',#4774);
#4774 = CARTESIAN_POINT('',(145.453722,-86.011451,0.));
#4775 = SURFACE_CURVE('',#4776,(#4780,#4787),.PCURVE_S1.);
#4776 = LINE('',#4777,#4778);
#4777 = CARTESIAN_POINT('',(145.453722,-86.011451,0.));
#4778 = VECTOR('',#4779,1.);
#4779 = DIRECTION('',(0.798017956254,-0.60263367106,0.));
#4780 = PCURVE('',#144,#4781);
#4781 = DEFINITIONAL_REPRESENTATION('',(#4782),#4786);
#4782 = LINE('',#4783,#4784);
#4783 = CARTESIAN_POINT('',(-15.453722,18.988549));
#4784 = VECTOR('',#4785,1.);
#4785 = DIRECTION('',(-0.798017956254,-0.60263367106));
#4786 = ( GEOMETRIC_REPRESENTATION_CONTEXT(2) 
PARAMETRIC_REPRESENTATION_CONTEXT() REPRESENTATION_CONTEXT('2D SPACE',''
  ) );
#4787 = PCURVE('',#4788,#4793);
#4788 = PLANE('',#4789);
#4789 = AXIS2_PLACEMENT_3D('',#4790,#4791,#4792);
#4790 = CARTESIAN_POINT('',(145.453722,-86.011451,0.));
#4791 = DIRECTION('',(0.60263367106,0.798017956254,-0.));
#4792 = DIRECTION('',(0.798017956254,-0.60263367106,0.));
#4793 = DEFINITIONAL_REPRESENTATION('',(#4794),#4798);
#4794 = LINE('',#4795,#4796);
#4795 = CARTESIAN_POINT('',(0.,0.));
#4796 = VECTOR('',#4797,1.);
#4797 = DIRECTION('',(1.,0.));
#4798 = ( GEOMETRIC_REPRESENTATION_CONTEXT(2) 
PARAMETRIC_REPRESENTATION_CONTEXT() REPRESENTATION_CONTEXT('2D SPACE',''
  ) );
#4799 = ORIENTED_EDGE('',*,*,#4800,.F.);
#4800 = EDGE_CURVE('',#4801,#4773,#4803,.T.);
#4801 = VERTEX_POINT('',#4802);
#4802 = CARTESIAN_POINT('',(145.347681,-85.98128,0.));
#4803 = SURFACE_CURVE('',#4804,(#4808,#4815),.PCURVE_S1.);
#4804 = LINE('',#4805,#4806);
#4805 = CARTESIAN_POINT('',(145.347681,-85.98128,0.));
#4806 = VECTOR('',#4807,1.);
#4807 = DIRECTION('',(0.961826277748,-0.273660759762,0.));
#4808 = PCURVE('',#144,#4809);
#4809 = DEFINITIONAL_REPRESENTATION('',(#4810),#4814);
#4810 = LINE('',#4811,#4812);
#4811 = CARTESIAN_POINT('',(-15.347681,19.01872));
#4812 = VECTOR('',#4813,1.);
#4813 = DIRECTION('',(-0.961826277748,-0.273660759762));
#4814 = ( GEOMETRIC_REPRESENTATION_CONTEXT(2) 
PARAMETRIC_REPRESENTATION_CONTEXT() REPRESENTATION_CONTEXT('2D SPACE',''
  ) );
#4815 = PCURVE('',#4816,#4821);
#4816 = PLANE('',#4817);
#4817 = AXIS2_PLACEMENT_3D('',#4818,#4819,#4820);
#4818 = CARTESIAN_POINT('',(145.347681,-85.98128,0.));
#4819 = DIRECTION('',(0.273660759762,0.961826277748,-0.));
#4820 = DIRECTION('',(0.961826277748,-0.273660759762,0.));
#4821 = DEFINITIONAL_REPRESENTATION('',(#4822),#4826);
#4822 = LINE('',#4823,#4824);
#4823 = CARTESIAN_POINT('',(0.,0.));
#4824 = VECTOR('',#4825,1.);
#4825 = DIRECTION('',(1.,0.));
#4826 = ( GEOMETRIC_REPRESENTATION_CONTEXT(2) 
PARAMETRIC_REPRESENTATION_CONTEXT() REPRESENTATION_CONTEXT('2D SPACE',''
  ) );
#4827 = ORIENTED_EDGE('',*,*,#4828,.F.);
#4828 = EDGE_CURVE('',#4829,#4801,#4831,.T.);
#4829 = VERTEX_POINT('',#4830);
#4830 = CARTESIAN_POINT('',(145.237901,-85.991452,0.));
#4831 = SURFACE_CURVE('',#4832,(#4836,#4843),.PCURVE_S1.);
#4832 = LINE('',#4833,#4834);
#4833 = CARTESIAN_POINT('',(145.237901,-85.991452,0.));
#4834 = VECTOR('',#4835,1.);
#4835 = DIRECTION('',(0.995734688848,9.226282797371E-02,0.));
#4836 = PCURVE('',#144,#4837);
#4837 = DEFINITIONAL_REPRESENTATION('',(#4838),#4842);
#4838 = LINE('',#4839,#4840);
#4839 = CARTESIAN_POINT('',(-15.237901,19.008548));
#4840 = VECTOR('',#4841,1.);
#4841 = DIRECTION('',(-0.995734688848,9.226282797371E-02));
#4842 = ( GEOMETRIC_REPRESENTATION_CONTEXT(2) 
PARAMETRIC_REPRESENTATION_CONTEXT() REPRESENTATION_CONTEXT('2D SPACE',''
  ) );
#4843 = PCURVE('',#4844,#4849);
#4844 = PLANE('',#4845);
#4845 = AXIS2_PLACEMENT_3D('',#4846,#4847,#4848);
#4846 = CARTESIAN_POINT('',(145.237901,-85.991452,0.));
#4847 = DIRECTION('',(-9.226282797371E-02,0.995734688848,0.));
#4848 = DIRECTION('',(0.995734688848,9.226282797371E-02,0.));
#4849 = DEFINITIONAL_REPRESENTATION('',(#4850),#4854);
#4850 = LINE('',#4851,#4852);
#4851 = CARTESIAN_POINT('',(0.,0.));
#4852 = VECTOR('',#4853,1.);
#4853 = DIRECTION('',(1.,0.));
#4854 = ( GEOMETRIC_REPRESENTATION_CONTEXT(2) 
PARAMETRIC_REPRESENTATION_CONTEXT() REPRESENTATION_CONTEXT('2D SPACE',''
  ) );
#4855 = ORIENTED_EDGE('',*,*,#4856,.F.);
#4856 = EDGE_CURVE('',#4857,#4829,#4859,.T.);
#4857 = VERTEX_POINT('',#4858);
#4858 = CARTESIAN_POINT('',(145.13921,-86.040595,0.));
#4859 = SURFACE_CURVE('',#4860,(#4864,#4871),.PCURVE_S1.);
#4860 = LINE('',#4861,#4862);
#4861 = CARTESIAN_POINT('',(145.13921,-86.040595,0.));
#4862 = VECTOR('',#4863,1.);
#4863 = DIRECTION('',(0.895160681354,0.445743597327,0.));
#4864 = PCURVE('',#144,#4865);
#4865 = DEFINITIONAL_REPRESENTATION('',(#4866),#4870);
#4866 = LINE('',#4867,#4868);
#4867 = CARTESIAN_POINT('',(-15.13921,18.959405));
#4868 = VECTOR('',#4869,1.);
#4869 = DIRECTION('',(-0.895160681354,0.445743597327));
#4870 = ( GEOMETRIC_REPRESENTATION_CONTEXT(2) 
PARAMETRIC_REPRESENTATION_CONTEXT() REPRESENTATION_CONTEXT('2D SPACE',''
  ) );
#4871 = PCURVE('',#4872,#4877);
#4872 = PLANE('',#4873);
#4873 = AXIS2_PLACEMENT_3D('',#4874,#4875,#4876);
#4874 = CARTESIAN_POINT('',(145.13921,-86.040595,0.));
#4875 = DIRECTION('',(-0.445743597327,0.895160681354,0.));
#4876 = DIRECTION('',(0.895160681354,0.445743597327,0.));
#4877 = DEFINITIONAL_REPRESENTATION('',(#4878),#4882);
#4878 = LINE('',#4879,#4880);
#4879 = CARTESIAN_POINT('',(0.,0.));
#4880 = VECTOR('',#4881,1.);
#4881 = DIRECTION('',(1.,0.));
#4882 = ( GEOMETRIC_REPRESENTATION_CONTEXT(2) 
PARAMETRIC_REPRESENTATION_CONTEXT() REPRESENTATION_CONTEXT('2D SPACE',''
  ) );
#4883 = ORIENTED_EDGE('',*,*,#4884,.F.);
#4884 = EDGE_CURVE('',#4353,#4857,#4885,.T.);
#4885 = SURFACE_CURVE('',#4886,(#4890,#4897),.PCURVE_S1.);
#4886 = LINE('',#4887,#4888);
#4887 = CARTESIAN_POINT('',(145.064935,-86.12207,0.));
#4888 = VECTOR('',#4889,1.);
#4889 = DIRECTION('',(0.67369922817,0.73900564948,0.));
#4890 = PCURVE('',#144,#4891);
#4891 = DEFINITIONAL_REPRESENTATION('',(#4892),#4896);
#4892 = LINE('',#4893,#4894);
#4893 = CARTESIAN_POINT('',(-15.064935,18.87793));
#4894 = VECTOR('',#4895,1.);
#4895 = DIRECTION('',(-0.67369922817,0.73900564948));
#4896 = ( GEOMETRIC_REPRESENTATION_CONTEXT(2) 
PARAMETRIC_REPRESENTATION_CONTEXT() REPRESENTATION_CONTEXT('2D SPACE',''
  ) );
#4897 = PCURVE('',#4898,#4903);
#4898 = PLANE('',#4899);
#4899 = AXIS2_PLACEMENT_3D('',#4900,#4901,#4902);
#4900 = CARTESIAN_POINT('',(145.064935,-86.12207,0.));
#4901 = DIRECTION('',(-0.73900564948,0.67369922817,0.));
#4902 = DIRECTION('',(0.67369922817,0.73900564948,0.));
#4903 = DEFINITIONAL_REPRESENTATION('',(#4904),#4908);
#4904 = LINE('',#4905,#4906);
#4905 = CARTESIAN_POINT('',(0.,0.));
#4906 = VECTOR('',#4907,1.);
#4907 = DIRECTION('',(1.,0.));
#4908 = ( GEOMETRIC_REPRESENTATION_CONTEXT(2) 
PARAMETRIC_REPRESENTATION_CONTEXT() REPRESENTATION_CONTEXT('2D SPACE',''
  ) );
#4909 = FACE_BOUND('',#4910,.T.);
#4910 = EDGE_LOOP('',(#4911));
#4911 = ORIENTED_EDGE('',*,*,#4912,.T.);
#4912 = EDGE_CURVE('',#4913,#4913,#4915,.T.);
#4913 = VERTEX_POINT('',#4914);
#4914 = CARTESIAN_POINT('',(144.215,-86.3,0.));
#4915 = SURFACE_CURVE('',#4916,(#4921,#4932),.PCURVE_S1.);
#4916 = CIRCLE('',#4917,0.325);
#4917 = AXIS2_PLACEMENT_3D('',#4918,#4919,#4920);
#4918 = CARTESIAN_POINT('',(143.89,-86.3,0.));
#4919 = DIRECTION('',(0.,0.,1.));
#4920 = DIRECTION('',(1.,0.,-0.));
#4921 = PCURVE('',#144,#4922);
#4922 = DEFINITIONAL_REPRESENTATION('',(#4923),#4931);
#4923 = ( BOUNDED_CURVE() B_SPLINE_CURVE(2,(#4924,#4925,#4926,#4927,
#4928,#4929,#4930),.UNSPECIFIED.,.T.,.F.) B_SPLINE_CURVE_WITH_KNOTS((1,2
    ,2,2,2,1),(-2.094395102393,0.,2.094395102393,4.188790204786,
6.28318530718,8.377580409573),.UNSPECIFIED.) CURVE() 
GEOMETRIC_REPRESENTATION_ITEM() RATIONAL_B_SPLINE_CURVE((1.,0.5,1.,0.5,
1.,0.5,1.)) REPRESENTATION_ITEM('') );
#4924 = CARTESIAN_POINT('',(-14.215,18.7));
#4925 = CARTESIAN_POINT('',(-14.215,19.26291651246));
#4926 = CARTESIAN_POINT('',(-13.7275,18.98145825623));
#4927 = CARTESIAN_POINT('',(-13.24,18.7));
#4928 = CARTESIAN_POINT('',(-13.7275,18.41854174377));
#4929 = CARTESIAN_POINT('',(-14.215,18.13708348754));
#4930 = CARTESIAN_POINT('',(-14.215,18.7));
#4931 = ( GEOMETRIC_REPRESENTATION_CONTEXT(2) 
PARAMETRIC_REPRESENTATION_CONTEXT() REPRESENTATION_CONTEXT('2D SPACE',''
  ) );
#4932 = PCURVE('',#4933,#4938);
#4933 = CYLINDRICAL_SURFACE('',#4934,0.325);
#4934 = AXIS2_PLACEMENT_3D('',#4935,#4936,#4937);
#4935 = CARTESIAN_POINT('',(143.89,-86.3,-1.E-02));
#4936 = DIRECTION('',(0.,0.,1.));
#4937 = DIRECTION('',(1.,0.,-0.));
#4938 = DEFINITIONAL_REPRESENTATION('',(#4939),#4943);
#4939 = LINE('',#4940,#4941);
#4940 = CARTESIAN_POINT('',(0.,1.E-02));
#4941 = VECTOR('',#4942,1.);
#4942 = DIRECTION('',(1.,0.));
#4943 = ( GEOMETRIC_REPRESENTATION_CONTEXT(2) 
PARAMETRIC_REPRESENTATION_CONTEXT() REPRESENTATION_CONTEXT('2D SPACE',''
  ) );
#4944 = FACE_BOUND('',#4945,.T.);
#4945 = EDGE_LOOP('',(#4946,#4976,#5004,#5032,#5060,#5088,#5116,#5144,
    #5172,#5200,#5228,#5256,#5284,#5312,#5340,#5368,#5396,#5424,#5452,
    #5480));
#4946 = ORIENTED_EDGE('',*,*,#4947,.F.);
#4947 = EDGE_CURVE('',#4948,#4950,#4952,.T.);
#4948 = VERTEX_POINT('',#4949);
#4949 = CARTESIAN_POINT('',(145.025108,-82.294875,0.));
#4950 = VERTEX_POINT('',#4951);
#4951 = CARTESIAN_POINT('',(145.064935,-82.19207,0.));
#4952 = SURFACE_CURVE('',#4953,(#4957,#4964),.PCURVE_S1.);
#4953 = LINE('',#4954,#4955);
#4954 = CARTESIAN_POINT('',(145.025108,-82.294875,0.));
#4955 = VECTOR('',#4956,1.);
#4956 = DIRECTION('',(0.361242697938,0.932471829701,0.));
#4957 = PCURVE('',#144,#4958);
#4958 = DEFINITIONAL_REPRESENTATION('',(#4959),#4963);
#4959 = LINE('',#4960,#4961);
#4960 = CARTESIAN_POINT('',(-15.025108,22.705125));
#4961 = VECTOR('',#4962,1.);
#4962 = DIRECTION('',(-0.361242697938,0.932471829701));
#4963 = ( GEOMETRIC_REPRESENTATION_CONTEXT(2) 
PARAMETRIC_REPRESENTATION_CONTEXT() REPRESENTATION_CONTEXT('2D SPACE',''
  ) );
#4964 = PCURVE('',#4965,#4970);
#4965 = PLANE('',#4966);
#4966 = AXIS2_PLACEMENT_3D('',#4967,#4968,#4969);
#4967 = CARTESIAN_POINT('',(145.025108,-82.294875,0.));
#4968 = DIRECTION('',(-0.932471829701,0.361242697938,0.));
#4969 = DIRECTION('',(0.361242697938,0.932471829701,0.));
#4970 = DEFINITIONAL_REPRESENTATION('',(#4971),#4975);
#4971 = LINE('',#4972,#4973);
#4972 = CARTESIAN_POINT('',(0.,0.));
#4973 = VECTOR('',#4974,1.);
#4974 = DIRECTION('',(1.,0.));
#4975 = ( GEOMETRIC_REPRESENTATION_CONTEXT(2) 
PARAMETRIC_REPRESENTATION_CONTEXT() REPRESENTATION_CONTEXT('2D SPACE',''
  ) );
#4976 = ORIENTED_EDGE('',*,*,#4977,.F.);
#4977 = EDGE_CURVE('',#4978,#4948,#4980,.T.);
#4978 = VERTEX_POINT('',#4979);
#4979 = CARTESIAN_POINT('',(145.02,-82.35,0.));
#4980 = SURFACE_CURVE('',#4981,(#4985,#4992),.PCURVE_S1.);
#4981 = LINE('',#4982,#4983);
#4982 = CARTESIAN_POINT('',(145.02,-82.35,0.));
#4983 = VECTOR('',#4984,1.);
#4984 = DIRECTION('',(9.226686404191E-02,0.995734314865,0.));
#4985 = PCURVE('',#144,#4986);
#4986 = DEFINITIONAL_REPRESENTATION('',(#4987),#4991);
#4987 = LINE('',#4988,#4989);
#4988 = CARTESIAN_POINT('',(-15.02,22.65));
#4989 = VECTOR('',#4990,1.);
#4990 = DIRECTION('',(-9.226686404191E-02,0.995734314865));
#4991 = ( GEOMETRIC_REPRESENTATION_CONTEXT(2) 
PARAMETRIC_REPRESENTATION_CONTEXT() REPRESENTATION_CONTEXT('2D SPACE',''
  ) );
#4992 = PCURVE('',#4993,#4998);
#4993 = PLANE('',#4994);
#4994 = AXIS2_PLACEMENT_3D('',#4995,#4996,#4997);
#4995 = CARTESIAN_POINT('',(145.02,-82.35,0.));
#4996 = DIRECTION('',(-0.995734314865,9.226686404191E-02,0.));
#4997 = DIRECTION('',(9.226686404191E-02,0.995734314865,0.));
#4998 = DEFINITIONAL_REPRESENTATION('',(#4999),#5003);
#4999 = LINE('',#5000,#5001);
#5000 = CARTESIAN_POINT('',(0.,0.));
#5001 = VECTOR('',#5002,1.);
#5002 = DIRECTION('',(1.,0.));
#5003 = ( GEOMETRIC_REPRESENTATION_CONTEXT(2) 
PARAMETRIC_REPRESENTATION_CONTEXT() REPRESENTATION_CONTEXT('2D SPACE',''
  ) );
#5004 = ORIENTED_EDGE('',*,*,#5005,.F.);
#5005 = EDGE_CURVE('',#5006,#4978,#5008,.T.);
#5006 = VERTEX_POINT('',#5007);
#5007 = CARTESIAN_POINT('',(145.02,-82.95,0.));
#5008 = SURFACE_CURVE('',#5009,(#5013,#5020),.PCURVE_S1.);
#5009 = LINE('',#5010,#5011);
#5010 = CARTESIAN_POINT('',(145.02,-82.95,0.));
#5011 = VECTOR('',#5012,1.);
#5012 = DIRECTION('',(0.,1.,0.));
#5013 = PCURVE('',#144,#5014);
#5014 = DEFINITIONAL_REPRESENTATION('',(#5015),#5019);
#5015 = LINE('',#5016,#5017);
#5016 = CARTESIAN_POINT('',(-15.02,22.05));
#5017 = VECTOR('',#5018,1.);
#5018 = DIRECTION('',(0.,1.));
#5019 = ( GEOMETRIC_REPRESENTATION_CONTEXT(2) 
PARAMETRIC_REPRESENTATION_CONTEXT() REPRESENTATION_CONTEXT('2D SPACE',''
  ) );
#5020 = PCURVE('',#5021,#5026);
#5021 = PLANE('',#5022);
#5022 = AXIS2_PLACEMENT_3D('',#5023,#5024,#5025);
#5023 = CARTESIAN_POINT('',(145.02,-82.95,0.));
#5024 = DIRECTION('',(-1.,0.,0.));
#5025 = DIRECTION('',(0.,1.,0.));
#5026 = DEFINITIONAL_REPRESENTATION('',(#5027),#5031);
#5027 = LINE('',#5028,#5029);
#5028 = CARTESIAN_POINT('',(0.,0.));
#5029 = VECTOR('',#5030,1.);
#5030 = DIRECTION('',(1.,0.));
#5031 = ( GEOMETRIC_REPRESENTATION_CONTEXT(2) 
PARAMETRIC_REPRESENTATION_CONTEXT() REPRESENTATION_CONTEXT('2D SPACE',''
  ) );
#5032 = ORIENTED_EDGE('',*,*,#5033,.F.);
#5033 = EDGE_CURVE('',#5034,#5006,#5036,.T.);
#5034 = VERTEX_POINT('',#5035);
#5035 = CARTESIAN_POINT('',(145.040258,-83.058372,0.));
#5036 = SURFACE_CURVE('',#5037,(#5041,#5048),.PCURVE_S1.);
#5037 = LINE('',#5038,#5039);
#5038 = CARTESIAN_POINT('',(145.040258,-83.058372,0.));
#5039 = VECTOR('',#5040,1.);
#5040 = DIRECTION('',(-0.183747434241,0.982973489169,0.));
#5041 = PCURVE('',#144,#5042);
#5042 = DEFINITIONAL_REPRESENTATION('',(#5043),#5047);
#5043 = LINE('',#5044,#5045);
#5044 = CARTESIAN_POINT('',(-15.040258,21.941628));
#5045 = VECTOR('',#5046,1.);
#5046 = DIRECTION('',(0.183747434241,0.982973489169));
#5047 = ( GEOMETRIC_REPRESENTATION_CONTEXT(2) 
PARAMETRIC_REPRESENTATION_CONTEXT() REPRESENTATION_CONTEXT('2D SPACE',''
  ) );
#5048 = PCURVE('',#5049,#5054);
#5049 = PLANE('',#5050);
#5050 = AXIS2_PLACEMENT_3D('',#5051,#5052,#5053);
#5051 = CARTESIAN_POINT('',(145.040258,-83.058372,0.));
#5052 = DIRECTION('',(-0.982973489169,-0.183747434241,0.));
#5053 = DIRECTION('',(-0.183747434241,0.982973489169,0.));
#5054 = DEFINITIONAL_REPRESENTATION('',(#5055),#5059);
#5055 = LINE('',#5056,#5057);
#5056 = CARTESIAN_POINT('',(0.,0.));
#5057 = VECTOR('',#5058,1.);
#5058 = DIRECTION('',(1.,0.));
#5059 = ( GEOMETRIC_REPRESENTATION_CONTEXT(2) 
PARAMETRIC_REPRESENTATION_CONTEXT() REPRESENTATION_CONTEXT('2D SPACE',''
  ) );
#5060 = ORIENTED_EDGE('',*,*,#5061,.F.);
#5061 = EDGE_CURVE('',#5062,#5034,#5064,.T.);
#5062 = VERTEX_POINT('',#5063);
#5063 = CARTESIAN_POINT('',(145.098297,-83.152109,0.));
#5064 = SURFACE_CURVE('',#5065,(#5069,#5076),.PCURVE_S1.);
#5065 = LINE('',#5066,#5067);
#5066 = CARTESIAN_POINT('',(145.098297,-83.152109,0.));
#5067 = VECTOR('',#5068,1.);
#5068 = DIRECTION('',(-0.526428929276,0.850219137882,0.));
#5069 = PCURVE('',#144,#5070);
#5070 = DEFINITIONAL_REPRESENTATION('',(#5071),#5075);
#5071 = LINE('',#5072,#5073);
#5072 = CARTESIAN_POINT('',(-15.098297,21.847891));
#5073 = VECTOR('',#5074,1.);
#5074 = DIRECTION('',(0.526428929276,0.850219137882));
#5075 = ( GEOMETRIC_REPRESENTATION_CONTEXT(2) 
PARAMETRIC_REPRESENTATION_CONTEXT() REPRESENTATION_CONTEXT('2D SPACE',''
  ) );
#5076 = PCURVE('',#5077,#5082);
#5077 = PLANE('',#5078);
#5078 = AXIS2_PLACEMENT_3D('',#5079,#5080,#5081);
#5079 = CARTESIAN_POINT('',(145.098297,-83.152109,0.));
#5080 = DIRECTION('',(-0.850219137882,-0.526428929276,0.));
#5081 = DIRECTION('',(-0.526428929276,0.850219137882,0.));
#5082 = DEFINITIONAL_REPRESENTATION('',(#5083),#5087);
#5083 = LINE('',#5084,#5085);
#5084 = CARTESIAN_POINT('',(0.,0.));
#5085 = VECTOR('',#5086,1.);
#5086 = DIRECTION('',(1.,0.));
#5087 = ( GEOMETRIC_REPRESENTATION_CONTEXT(2) 
PARAMETRIC_REPRESENTATION_CONTEXT() REPRESENTATION_CONTEXT('2D SPACE',''
  ) );
#5088 = ORIENTED_EDGE('',*,*,#5089,.F.);
#5089 = EDGE_CURVE('',#5090,#5062,#5092,.T.);
#5090 = VERTEX_POINT('',#5091);
#5091 = CARTESIAN_POINT('',(145.186278,-83.218549,0.));
#5092 = SURFACE_CURVE('',#5093,(#5097,#5104),.PCURVE_S1.);
#5093 = LINE('',#5094,#5095);
#5094 = CARTESIAN_POINT('',(145.186278,-83.218549,0.));
#5095 = VECTOR('',#5096,1.);
#5096 = DIRECTION('',(-0.798017956254,0.60263367106,0.));
#5097 = PCURVE('',#144,#5098);
#5098 = DEFINITIONAL_REPRESENTATION('',(#5099),#5103);
#5099 = LINE('',#5100,#5101);
#5100 = CARTESIAN_POINT('',(-15.186278,21.781451));
#5101 = VECTOR('',#5102,1.);
#5102 = DIRECTION('',(0.798017956254,0.60263367106));
#5103 = ( GEOMETRIC_REPRESENTATION_CONTEXT(2) 
PARAMETRIC_REPRESENTATION_CONTEXT() REPRESENTATION_CONTEXT('2D SPACE',''
  ) );
#5104 = PCURVE('',#5105,#5110);
#5105 = PLANE('',#5106);
#5106 = AXIS2_PLACEMENT_3D('',#5107,#5108,#5109);
#5107 = CARTESIAN_POINT('',(145.186278,-83.218549,0.));
#5108 = DIRECTION('',(-0.60263367106,-0.798017956254,0.));
#5109 = DIRECTION('',(-0.798017956254,0.60263367106,0.));
#5110 = DEFINITIONAL_REPRESENTATION('',(#5111),#5115);
#5111 = LINE('',#5112,#5113);
#5112 = CARTESIAN_POINT('',(0.,0.));
#5113 = VECTOR('',#5114,1.);
#5114 = DIRECTION('',(1.,0.));
#5115 = ( GEOMETRIC_REPRESENTATION_CONTEXT(2) 
PARAMETRIC_REPRESENTATION_CONTEXT() REPRESENTATION_CONTEXT('2D SPACE',''
  ) );
#5116 = ORIENTED_EDGE('',*,*,#5117,.F.);
#5117 = EDGE_CURVE('',#5118,#5090,#5120,.T.);
#5118 = VERTEX_POINT('',#5119);
#5119 = CARTESIAN_POINT('',(145.292319,-83.24872,0.));
#5120 = SURFACE_CURVE('',#5121,(#5125,#5132),.PCURVE_S1.);
#5121 = LINE('',#5122,#5123);
#5122 = CARTESIAN_POINT('',(145.292319,-83.24872,0.));
#5123 = VECTOR('',#5124,1.);
#5124 = DIRECTION('',(-0.961826277748,0.273660759762,0.));
#5125 = PCURVE('',#144,#5126);
#5126 = DEFINITIONAL_REPRESENTATION('',(#5127),#5131);
#5127 = LINE('',#5128,#5129);
#5128 = CARTESIAN_POINT('',(-15.292319,21.75128));
#5129 = VECTOR('',#5130,1.);
#5130 = DIRECTION('',(0.961826277748,0.273660759762));
#5131 = ( GEOMETRIC_REPRESENTATION_CONTEXT(2) 
PARAMETRIC_REPRESENTATION_CONTEXT() REPRESENTATION_CONTEXT('2D SPACE',''
  ) );
#5132 = PCURVE('',#5133,#5138);
#5133 = PLANE('',#5134);
#5134 = AXIS2_PLACEMENT_3D('',#5135,#5136,#5137);
#5135 = CARTESIAN_POINT('',(145.292319,-83.24872,0.));
#5136 = DIRECTION('',(-0.273660759762,-0.961826277748,0.));
#5137 = DIRECTION('',(-0.961826277748,0.273660759762,0.));
#5138 = DEFINITIONAL_REPRESENTATION('',(#5139),#5143);
#5139 = LINE('',#5140,#5141);
#5140 = CARTESIAN_POINT('',(0.,0.));
#5141 = VECTOR('',#5142,1.);
#5142 = DIRECTION('',(1.,0.));
#5143 = ( GEOMETRIC_REPRESENTATION_CONTEXT(2) 
PARAMETRIC_REPRESENTATION_CONTEXT() REPRESENTATION_CONTEXT('2D SPACE',''
  ) );
#5144 = ORIENTED_EDGE('',*,*,#5145,.F.);
#5145 = EDGE_CURVE('',#5146,#5118,#5148,.T.);
#5146 = VERTEX_POINT('',#5147);
#5147 = CARTESIAN_POINT('',(145.402099,-83.238548,0.));
#5148 = SURFACE_CURVE('',#5149,(#5153,#5160),.PCURVE_S1.);
#5149 = LINE('',#5150,#5151);
#5150 = CARTESIAN_POINT('',(145.402099,-83.238548,0.));
#5151 = VECTOR('',#5152,1.);
#5152 = DIRECTION('',(-0.995734688848,-9.226282797384E-02,0.));
#5153 = PCURVE('',#144,#5154);
#5154 = DEFINITIONAL_REPRESENTATION('',(#5155),#5159);
#5155 = LINE('',#5156,#5157);
#5156 = CARTESIAN_POINT('',(-15.402099,21.761452));
#5157 = VECTOR('',#5158,1.);
#5158 = DIRECTION('',(0.995734688848,-9.226282797384E-02));
#5159 = ( GEOMETRIC_REPRESENTATION_CONTEXT(2) 
PARAMETRIC_REPRESENTATION_CONTEXT() REPRESENTATION_CONTEXT('2D SPACE',''
  ) );
#5160 = PCURVE('',#5161,#5166);
#5161 = PLANE('',#5162);
#5162 = AXIS2_PLACEMENT_3D('',#5163,#5164,#5165);
#5163 = CARTESIAN_POINT('',(145.402099,-83.238548,0.));
#5164 = DIRECTION('',(9.226282797384E-02,-0.995734688848,0.));
#5165 = DIRECTION('',(-0.995734688848,-9.226282797384E-02,0.));
#5166 = DEFINITIONAL_REPRESENTATION('',(#5167),#5171);
#5167 = LINE('',#5168,#5169);
#5168 = CARTESIAN_POINT('',(0.,0.));
#5169 = VECTOR('',#5170,1.);
#5170 = DIRECTION('',(1.,0.));
#5171 = ( GEOMETRIC_REPRESENTATION_CONTEXT(2) 
PARAMETRIC_REPRESENTATION_CONTEXT() REPRESENTATION_CONTEXT('2D SPACE',''
  ) );
#5172 = ORIENTED_EDGE('',*,*,#5173,.F.);
#5173 = EDGE_CURVE('',#5174,#5146,#5176,.T.);
#5174 = VERTEX_POINT('',#5175);
#5175 = CARTESIAN_POINT('',(145.50079,-83.189405,0.));
#5176 = SURFACE_CURVE('',#5177,(#5181,#5188),.PCURVE_S1.);
#5177 = LINE('',#5178,#5179);
#5178 = CARTESIAN_POINT('',(145.50079,-83.189405,0.));
#5179 = VECTOR('',#5180,1.);
#5180 = DIRECTION('',(-0.895160681354,-0.445743597327,0.));
#5181 = PCURVE('',#144,#5182);
#5182 = DEFINITIONAL_REPRESENTATION('',(#5183),#5187);
#5183 = LINE('',#5184,#5185);
#5184 = CARTESIAN_POINT('',(-15.50079,21.810595));
#5185 = VECTOR('',#5186,1.);
#5186 = DIRECTION('',(0.895160681354,-0.445743597327));
#5187 = ( GEOMETRIC_REPRESENTATION_CONTEXT(2) 
PARAMETRIC_REPRESENTATION_CONTEXT() REPRESENTATION_CONTEXT('2D SPACE',''
  ) );
#5188 = PCURVE('',#5189,#5194);
#5189 = PLANE('',#5190);
#5190 = AXIS2_PLACEMENT_3D('',#5191,#5192,#5193);
#5191 = CARTESIAN_POINT('',(145.50079,-83.189405,0.));
#5192 = DIRECTION('',(0.445743597327,-0.895160681354,0.));
#5193 = DIRECTION('',(-0.895160681354,-0.445743597327,0.));
#5194 = DEFINITIONAL_REPRESENTATION('',(#5195),#5199);
#5195 = LINE('',#5196,#5197);
#5196 = CARTESIAN_POINT('',(0.,0.));
#5197 = VECTOR('',#5198,1.);
#5198 = DIRECTION('',(1.,0.));
#5199 = ( GEOMETRIC_REPRESENTATION_CONTEXT(2) 
PARAMETRIC_REPRESENTATION_CONTEXT() REPRESENTATION_CONTEXT('2D SPACE',''
  ) );
#5200 = ORIENTED_EDGE('',*,*,#5201,.F.);
#5201 = EDGE_CURVE('',#5202,#5174,#5204,.T.);
#5202 = VERTEX_POINT('',#5203);
#5203 = CARTESIAN_POINT('',(145.575065,-83.10793,0.));
#5204 = SURFACE_CURVE('',#5205,(#5209,#5216),.PCURVE_S1.);
#5205 = LINE('',#5206,#5207);
#5206 = CARTESIAN_POINT('',(145.575065,-83.10793,0.));
#5207 = VECTOR('',#5208,1.);
#5208 = DIRECTION('',(-0.67369922817,-0.73900564948,0.));
#5209 = PCURVE('',#144,#5210);
#5210 = DEFINITIONAL_REPRESENTATION('',(#5211),#5215);
#5211 = LINE('',#5212,#5213);
#5212 = CARTESIAN_POINT('',(-15.575065,21.89207));
#5213 = VECTOR('',#5214,1.);
#5214 = DIRECTION('',(0.67369922817,-0.73900564948));
#5215 = ( GEOMETRIC_REPRESENTATION_CONTEXT(2) 
PARAMETRIC_REPRESENTATION_CONTEXT() REPRESENTATION_CONTEXT('2D SPACE',''
  ) );
#5216 = PCURVE('',#5217,#5222);
#5217 = PLANE('',#5218);
#5218 = AXIS2_PLACEMENT_3D('',#5219,#5220,#5221);
#5219 = CARTESIAN_POINT('',(145.575065,-83.10793,0.));
#5220 = DIRECTION('',(0.73900564948,-0.67369922817,0.));
#5221 = DIRECTION('',(-0.67369922817,-0.73900564948,0.));
#5222 = DEFINITIONAL_REPRESENTATION('',(#5223),#5227);
#5223 = LINE('',#5224,#5225);
#5224 = CARTESIAN_POINT('',(0.,0.));
#5225 = VECTOR('',#5226,1.);
#5226 = DIRECTION('',(1.,0.));
#5227 = ( GEOMETRIC_REPRESENTATION_CONTEXT(2) 
PARAMETRIC_REPRESENTATION_CONTEXT() REPRESENTATION_CONTEXT('2D SPACE',''
  ) );
#5228 = ORIENTED_EDGE('',*,*,#5229,.F.);
#5229 = EDGE_CURVE('',#5230,#5202,#5232,.T.);
#5230 = VERTEX_POINT('',#5231);
#5231 = CARTESIAN_POINT('',(145.614892,-83.005125,0.));
#5232 = SURFACE_CURVE('',#5233,(#5237,#5244),.PCURVE_S1.);
#5233 = LINE('',#5234,#5235);
#5234 = CARTESIAN_POINT('',(145.614892,-83.005125,0.));
#5235 = VECTOR('',#5236,1.);
#5236 = DIRECTION('',(-0.361242697938,-0.932471829701,0.));
#5237 = PCURVE('',#144,#5238);
#5238 = DEFINITIONAL_REPRESENTATION('',(#5239),#5243);
#5239 = LINE('',#5240,#5241);
#5240 = CARTESIAN_POINT('',(-15.614892,21.994875));
#5241 = VECTOR('',#5242,1.);
#5242 = DIRECTION('',(0.361242697938,-0.932471829701));
#5243 = ( GEOMETRIC_REPRESENTATION_CONTEXT(2) 
PARAMETRIC_REPRESENTATION_CONTEXT() REPRESENTATION_CONTEXT('2D SPACE',''
  ) );
#5244 = PCURVE('',#5245,#5250);
#5245 = PLANE('',#5246);
#5246 = AXIS2_PLACEMENT_3D('',#5247,#5248,#5249);
#5247 = CARTESIAN_POINT('',(145.614892,-83.005125,0.));
#5248 = DIRECTION('',(0.932471829701,-0.361242697938,0.));
#5249 = DIRECTION('',(-0.361242697938,-0.932471829701,0.));
#5250 = DEFINITIONAL_REPRESENTATION('',(#5251),#5255);
#5251 = LINE('',#5252,#5253);
#5252 = CARTESIAN_POINT('',(0.,0.));
#5253 = VECTOR('',#5254,1.);
#5254 = DIRECTION('',(1.,0.));
#5255 = ( GEOMETRIC_REPRESENTATION_CONTEXT(2) 
PARAMETRIC_REPRESENTATION_CONTEXT() REPRESENTATION_CONTEXT('2D SPACE',''
  ) );
#5256 = ORIENTED_EDGE('',*,*,#5257,.F.);
#5257 = EDGE_CURVE('',#5258,#5230,#5260,.T.);
#5258 = VERTEX_POINT('',#5259);
#5259 = CARTESIAN_POINT('',(145.62,-82.95,0.));
#5260 = SURFACE_CURVE('',#5261,(#5265,#5272),.PCURVE_S1.);
#5261 = LINE('',#5262,#5263);
#5262 = CARTESIAN_POINT('',(145.62,-82.95,0.));
#5263 = VECTOR('',#5264,1.);
#5264 = DIRECTION('',(-9.22668640424E-02,-0.995734314865,0.));
#5265 = PCURVE('',#144,#5266);
#5266 = DEFINITIONAL_REPRESENTATION('',(#5267),#5271);
#5267 = LINE('',#5268,#5269);
#5268 = CARTESIAN_POINT('',(-15.62,22.05));
#5269 = VECTOR('',#5270,1.);
#5270 = DIRECTION('',(9.22668640424E-02,-0.995734314865));
#5271 = ( GEOMETRIC_REPRESENTATION_CONTEXT(2) 
PARAMETRIC_REPRESENTATION_CONTEXT() REPRESENTATION_CONTEXT('2D SPACE',''
  ) );
#5272 = PCURVE('',#5273,#5278);
#5273 = PLANE('',#5274);
#5274 = AXIS2_PLACEMENT_3D('',#5275,#5276,#5277);
#5275 = CARTESIAN_POINT('',(145.62,-82.95,0.));
#5276 = DIRECTION('',(0.995734314865,-9.22668640424E-02,0.));
#5277 = DIRECTION('',(-9.22668640424E-02,-0.995734314865,0.));
#5278 = DEFINITIONAL_REPRESENTATION('',(#5279),#5283);
#5279 = LINE('',#5280,#5281);
#5280 = CARTESIAN_POINT('',(0.,0.));
#5281 = VECTOR('',#5282,1.);
#5282 = DIRECTION('',(1.,0.));
#5283 = ( GEOMETRIC_REPRESENTATION_CONTEXT(2) 
PARAMETRIC_REPRESENTATION_CONTEXT() REPRESENTATION_CONTEXT('2D SPACE',''
  ) );
#5284 = ORIENTED_EDGE('',*,*,#5285,.F.);
#5285 = EDGE_CURVE('',#5286,#5258,#5288,.T.);
#5286 = VERTEX_POINT('',#5287);
#5287 = CARTESIAN_POINT('',(145.62,-82.35,0.));
#5288 = SURFACE_CURVE('',#5289,(#5293,#5300),.PCURVE_S1.);
#5289 = LINE('',#5290,#5291);
#5290 = CARTESIAN_POINT('',(145.62,-82.35,0.));
#5291 = VECTOR('',#5292,1.);
#5292 = DIRECTION('',(0.,-1.,0.));
#5293 = PCURVE('',#144,#5294);
#5294 = DEFINITIONAL_REPRESENTATION('',(#5295),#5299);
#5295 = LINE('',#5296,#5297);
#5296 = CARTESIAN_POINT('',(-15.62,22.65));
#5297 = VECTOR('',#5298,1.);
#5298 = DIRECTION('',(0.,-1.));
#5299 = ( GEOMETRIC_REPRESENTATION_CONTEXT(2) 
PARAMETRIC_REPRESENTATION_CONTEXT() REPRESENTATION_CONTEXT('2D SPACE',''
  ) );
#5300 = PCURVE('',#5301,#5306);
#5301 = PLANE('',#5302);
#5302 = AXIS2_PLACEMENT_3D('',#5303,#5304,#5305);
#5303 = CARTESIAN_POINT('',(145.62,-82.35,0.));
#5304 = DIRECTION('',(1.,0.,-0.));
#5305 = DIRECTION('',(0.,-1.,0.));
#5306 = DEFINITIONAL_REPRESENTATION('',(#5307),#5311);
#5307 = LINE('',#5308,#5309);
#5308 = CARTESIAN_POINT('',(0.,0.));
#5309 = VECTOR('',#5310,1.);
#5310 = DIRECTION('',(1.,0.));
#5311 = ( GEOMETRIC_REPRESENTATION_CONTEXT(2) 
PARAMETRIC_REPRESENTATION_CONTEXT() REPRESENTATION_CONTEXT('2D SPACE',''
  ) );
#5312 = ORIENTED_EDGE('',*,*,#5313,.F.);
#5313 = EDGE_CURVE('',#5314,#5286,#5316,.T.);
#5314 = VERTEX_POINT('',#5315);
#5315 = CARTESIAN_POINT('',(145.599742,-82.241628,0.));
#5316 = SURFACE_CURVE('',#5317,(#5321,#5328),.PCURVE_S1.);
#5317 = LINE('',#5318,#5319);
#5318 = CARTESIAN_POINT('',(145.599742,-82.241628,0.));
#5319 = VECTOR('',#5320,1.);
#5320 = DIRECTION('',(0.183747434241,-0.982973489169,0.));
#5321 = PCURVE('',#144,#5322);
#5322 = DEFINITIONAL_REPRESENTATION('',(#5323),#5327);
#5323 = LINE('',#5324,#5325);
#5324 = CARTESIAN_POINT('',(-15.599742,22.758372));
#5325 = VECTOR('',#5326,1.);
#5326 = DIRECTION('',(-0.183747434241,-0.982973489169));
#5327 = ( GEOMETRIC_REPRESENTATION_CONTEXT(2) 
PARAMETRIC_REPRESENTATION_CONTEXT() REPRESENTATION_CONTEXT('2D SPACE',''
  ) );
#5328 = PCURVE('',#5329,#5334);
#5329 = PLANE('',#5330);
#5330 = AXIS2_PLACEMENT_3D('',#5331,#5332,#5333);
#5331 = CARTESIAN_POINT('',(145.599742,-82.241628,0.));
#5332 = DIRECTION('',(0.982973489169,0.183747434241,-0.));
#5333 = DIRECTION('',(0.183747434241,-0.982973489169,0.));
#5334 = DEFINITIONAL_REPRESENTATION('',(#5335),#5339);
#5335 = LINE('',#5336,#5337);
#5336 = CARTESIAN_POINT('',(0.,0.));
#5337 = VECTOR('',#5338,1.);
#5338 = DIRECTION('',(1.,0.));
#5339 = ( GEOMETRIC_REPRESENTATION_CONTEXT(2) 
PARAMETRIC_REPRESENTATION_CONTEXT() REPRESENTATION_CONTEXT('2D SPACE',''
  ) );
#5340 = ORIENTED_EDGE('',*,*,#5341,.F.);
#5341 = EDGE_CURVE('',#5342,#5314,#5344,.T.);
#5342 = VERTEX_POINT('',#5343);
#5343 = CARTESIAN_POINT('',(145.541703,-82.147891,0.));
#5344 = SURFACE_CURVE('',#5345,(#5349,#5356),.PCURVE_S1.);
#5345 = LINE('',#5346,#5347);
#5346 = CARTESIAN_POINT('',(145.541703,-82.147891,0.));
#5347 = VECTOR('',#5348,1.);
#5348 = DIRECTION('',(0.526428929276,-0.850219137882,0.));
#5349 = PCURVE('',#144,#5350);
#5350 = DEFINITIONAL_REPRESENTATION('',(#5351),#5355);
#5351 = LINE('',#5352,#5353);
#5352 = CARTESIAN_POINT('',(-15.541703,22.852109));
#5353 = VECTOR('',#5354,1.);
#5354 = DIRECTION('',(-0.526428929276,-0.850219137882));
#5355 = ( GEOMETRIC_REPRESENTATION_CONTEXT(2) 
PARAMETRIC_REPRESENTATION_CONTEXT() REPRESENTATION_CONTEXT('2D SPACE',''
  ) );
#5356 = PCURVE('',#5357,#5362);
#5357 = PLANE('',#5358);
#5358 = AXIS2_PLACEMENT_3D('',#5359,#5360,#5361);
#5359 = CARTESIAN_POINT('',(145.541703,-82.147891,0.));
#5360 = DIRECTION('',(0.850219137882,0.526428929276,-0.));
#5361 = DIRECTION('',(0.526428929276,-0.850219137882,0.));
#5362 = DEFINITIONAL_REPRESENTATION('',(#5363),#5367);
#5363 = LINE('',#5364,#5365);
#5364 = CARTESIAN_POINT('',(0.,0.));
#5365 = VECTOR('',#5366,1.);
#5366 = DIRECTION('',(1.,0.));
#5367 = ( GEOMETRIC_REPRESENTATION_CONTEXT(2) 
PARAMETRIC_REPRESENTATION_CONTEXT() REPRESENTATION_CONTEXT('2D SPACE',''
  ) );
#5368 = ORIENTED_EDGE('',*,*,#5369,.F.);
#5369 = EDGE_CURVE('',#5370,#5342,#5372,.T.);
#5370 = VERTEX_POINT('',#5371);
#5371 = CARTESIAN_POINT('',(145.453722,-82.081451,0.));
#5372 = SURFACE_CURVE('',#5373,(#5377,#5384),.PCURVE_S1.);
#5373 = LINE('',#5374,#5375);
#5374 = CARTESIAN_POINT('',(145.453722,-82.081451,0.));
#5375 = VECTOR('',#5376,1.);
#5376 = DIRECTION('',(0.798017956254,-0.60263367106,0.));
#5377 = PCURVE('',#144,#5378);
#5378 = DEFINITIONAL_REPRESENTATION('',(#5379),#5383);
#5379 = LINE('',#5380,#5381);
#5380 = CARTESIAN_POINT('',(-15.453722,22.918549));
#5381 = VECTOR('',#5382,1.);
#5382 = DIRECTION('',(-0.798017956254,-0.60263367106));
#5383 = ( GEOMETRIC_REPRESENTATION_CONTEXT(2) 
PARAMETRIC_REPRESENTATION_CONTEXT() REPRESENTATION_CONTEXT('2D SPACE',''
  ) );
#5384 = PCURVE('',#5385,#5390);
#5385 = PLANE('',#5386);
#5386 = AXIS2_PLACEMENT_3D('',#5387,#5388,#5389);
#5387 = CARTESIAN_POINT('',(145.453722,-82.081451,0.));
#5388 = DIRECTION('',(0.60263367106,0.798017956254,-0.));
#5389 = DIRECTION('',(0.798017956254,-0.60263367106,0.));
#5390 = DEFINITIONAL_REPRESENTATION('',(#5391),#5395);
#5391 = LINE('',#5392,#5393);
#5392 = CARTESIAN_POINT('',(0.,0.));
#5393 = VECTOR('',#5394,1.);
#5394 = DIRECTION('',(1.,0.));
#5395 = ( GEOMETRIC_REPRESENTATION_CONTEXT(2) 
PARAMETRIC_REPRESENTATION_CONTEXT() REPRESENTATION_CONTEXT('2D SPACE',''
  ) );
#5396 = ORIENTED_EDGE('',*,*,#5397,.F.);
#5397 = EDGE_CURVE('',#5398,#5370,#5400,.T.);
#5398 = VERTEX_POINT('',#5399);
#5399 = CARTESIAN_POINT('',(145.347681,-82.05128,0.));
#5400 = SURFACE_CURVE('',#5401,(#5405,#5412),.PCURVE_S1.);
#5401 = LINE('',#5402,#5403);
#5402 = CARTESIAN_POINT('',(145.347681,-82.05128,0.));
#5403 = VECTOR('',#5404,1.);
#5404 = DIRECTION('',(0.961826277748,-0.273660759762,0.));
#5405 = PCURVE('',#144,#5406);
#5406 = DEFINITIONAL_REPRESENTATION('',(#5407),#5411);
#5407 = LINE('',#5408,#5409);
#5408 = CARTESIAN_POINT('',(-15.347681,22.94872));
#5409 = VECTOR('',#5410,1.);
#5410 = DIRECTION('',(-0.961826277748,-0.273660759762));
#5411 = ( GEOMETRIC_REPRESENTATION_CONTEXT(2) 
PARAMETRIC_REPRESENTATION_CONTEXT() REPRESENTATION_CONTEXT('2D SPACE',''
  ) );
#5412 = PCURVE('',#5413,#5418);
#5413 = PLANE('',#5414);
#5414 = AXIS2_PLACEMENT_3D('',#5415,#5416,#5417);
#5415 = CARTESIAN_POINT('',(145.347681,-82.05128,0.));
#5416 = DIRECTION('',(0.273660759762,0.961826277748,-0.));
#5417 = DIRECTION('',(0.961826277748,-0.273660759762,0.));
#5418 = DEFINITIONAL_REPRESENTATION('',(#5419),#5423);
#5419 = LINE('',#5420,#5421);
#5420 = CARTESIAN_POINT('',(0.,0.));
#5421 = VECTOR('',#5422,1.);
#5422 = DIRECTION('',(1.,0.));
#5423 = ( GEOMETRIC_REPRESENTATION_CONTEXT(2) 
PARAMETRIC_REPRESENTATION_CONTEXT() REPRESENTATION_CONTEXT('2D SPACE',''
  ) );
#5424 = ORIENTED_EDGE('',*,*,#5425,.F.);
#5425 = EDGE_CURVE('',#5426,#5398,#5428,.T.);
#5426 = VERTEX_POINT('',#5427);
#5427 = CARTESIAN_POINT('',(145.237901,-82.061452,0.));
#5428 = SURFACE_CURVE('',#5429,(#5433,#5440),.PCURVE_S1.);
#5429 = LINE('',#5430,#5431);
#5430 = CARTESIAN_POINT('',(145.237901,-82.061452,0.));
#5431 = VECTOR('',#5432,1.);
#5432 = DIRECTION('',(0.995734688848,9.226282797371E-02,0.));
#5433 = PCURVE('',#144,#5434);
#5434 = DEFINITIONAL_REPRESENTATION('',(#5435),#5439);
#5435 = LINE('',#5436,#5437);
#5436 = CARTESIAN_POINT('',(-15.237901,22.938548));
#5437 = VECTOR('',#5438,1.);
#5438 = DIRECTION('',(-0.995734688848,9.226282797371E-02));
#5439 = ( GEOMETRIC_REPRESENTATION_CONTEXT(2) 
PARAMETRIC_REPRESENTATION_CONTEXT() REPRESENTATION_CONTEXT('2D SPACE',''
  ) );
#5440 = PCURVE('',#5441,#5446);
#5441 = PLANE('',#5442);
#5442 = AXIS2_PLACEMENT_3D('',#5443,#5444,#5445);
#5443 = CARTESIAN_POINT('',(145.237901,-82.061452,0.));
#5444 = DIRECTION('',(-9.226282797371E-02,0.995734688848,0.));
#5445 = DIRECTION('',(0.995734688848,9.226282797371E-02,0.));
#5446 = DEFINITIONAL_REPRESENTATION('',(#5447),#5451);
#5447 = LINE('',#5448,#5449);
#5448 = CARTESIAN_POINT('',(0.,0.));
#5449 = VECTOR('',#5450,1.);
#5450 = DIRECTION('',(1.,0.));
#5451 = ( GEOMETRIC_REPRESENTATION_CONTEXT(2) 
PARAMETRIC_REPRESENTATION_CONTEXT() REPRESENTATION_CONTEXT('2D SPACE',''
  ) );
#5452 = ORIENTED_EDGE('',*,*,#5453,.F.);
#5453 = EDGE_CURVE('',#5454,#5426,#5456,.T.);
#5454 = VERTEX_POINT('',#5455);
#5455 = CARTESIAN_POINT('',(145.13921,-82.110595,0.));
#5456 = SURFACE_CURVE('',#5457,(#5461,#5468),.PCURVE_S1.);
#5457 = LINE('',#5458,#5459);
#5458 = CARTESIAN_POINT('',(145.13921,-82.110595,0.));
#5459 = VECTOR('',#5460,1.);
#5460 = DIRECTION('',(0.895160681354,0.445743597327,0.));
#5461 = PCURVE('',#144,#5462);
#5462 = DEFINITIONAL_REPRESENTATION('',(#5463),#5467);
#5463 = LINE('',#5464,#5465);
#5464 = CARTESIAN_POINT('',(-15.13921,22.889405));
#5465 = VECTOR('',#5466,1.);
#5466 = DIRECTION('',(-0.895160681354,0.445743597327));
#5467 = ( GEOMETRIC_REPRESENTATION_CONTEXT(2) 
PARAMETRIC_REPRESENTATION_CONTEXT() REPRESENTATION_CONTEXT('2D SPACE',''
  ) );
#5468 = PCURVE('',#5469,#5474);
#5469 = PLANE('',#5470);
#5470 = AXIS2_PLACEMENT_3D('',#5471,#5472,#5473);
#5471 = CARTESIAN_POINT('',(145.13921,-82.110595,0.));
#5472 = DIRECTION('',(-0.445743597327,0.895160681354,0.));
#5473 = DIRECTION('',(0.895160681354,0.445743597327,0.));
#5474 = DEFINITIONAL_REPRESENTATION('',(#5475),#5479);
#5475 = LINE('',#5476,#5477);
#5476 = CARTESIAN_POINT('',(0.,0.));
#5477 = VECTOR('',#5478,1.);
#5478 = DIRECTION('',(1.,0.));
#5479 = ( GEOMETRIC_REPRESENTATION_CONTEXT(2) 
PARAMETRIC_REPRESENTATION_CONTEXT() REPRESENTATION_CONTEXT('2D SPACE',''
  ) );
#5480 = ORIENTED_EDGE('',*,*,#5481,.F.);
#5481 = EDGE_CURVE('',#4950,#5454,#5482,.T.);
#5482 = SURFACE_CURVE('',#5483,(#5487,#5494),.PCURVE_S1.);
#5483 = LINE('',#5484,#5485);
#5484 = CARTESIAN_POINT('',(145.064935,-82.19207,0.));
#5485 = VECTOR('',#5486,1.);
#5486 = DIRECTION('',(0.67369922817,0.73900564948,0.));
#5487 = PCURVE('',#144,#5488);
#5488 = DEFINITIONAL_REPRESENTATION('',(#5489),#5493);
#5489 = LINE('',#5490,#5491);
#5490 = CARTESIAN_POINT('',(-15.064935,22.80793));
#5491 = VECTOR('',#5492,1.);
#5492 = DIRECTION('',(-0.67369922817,0.73900564948));
#5493 = ( GEOMETRIC_REPRESENTATION_CONTEXT(2) 
PARAMETRIC_REPRESENTATION_CONTEXT() REPRESENTATION_CONTEXT('2D SPACE',''
  ) );
#5494 = PCURVE('',#5495,#5500);
#5495 = PLANE('',#5496);
#5496 = AXIS2_PLACEMENT_3D('',#5497,#5498,#5499);
#5497 = CARTESIAN_POINT('',(145.064935,-82.19207,0.));
#5498 = DIRECTION('',(-0.73900564948,0.67369922817,0.));
#5499 = DIRECTION('',(0.67369922817,0.73900564948,0.));
#5500 = DEFINITIONAL_REPRESENTATION('',(#5501),#5505);
#5501 = LINE('',#5502,#5503);
#5502 = CARTESIAN_POINT('',(0.,0.));
#5503 = VECTOR('',#5504,1.);
#5504 = DIRECTION('',(1.,0.));
#5505 = ( GEOMETRIC_REPRESENTATION_CONTEXT(2) 
PARAMETRIC_REPRESENTATION_CONTEXT() REPRESENTATION_CONTEXT('2D SPACE',''
  ) );
#5506 = FACE_BOUND('',#5507,.T.);
#5507 = EDGE_LOOP('',(#5508));
#5508 = ORIENTED_EDGE('',*,*,#5509,.T.);
#5509 = EDGE_CURVE('',#5510,#5510,#5512,.T.);
#5510 = VERTEX_POINT('',#5511);
#5511 = CARTESIAN_POINT('',(138.435,-86.3,0.));
#5512 = SURFACE_CURVE('',#5513,(#5518,#5529),.PCURVE_S1.);
#5513 = CIRCLE('',#5514,0.325);
#5514 = AXIS2_PLACEMENT_3D('',#5515,#5516,#5517);
#5515 = CARTESIAN_POINT('',(138.11,-86.3,0.));
#5516 = DIRECTION('',(0.,0.,1.));
#5517 = DIRECTION('',(1.,0.,-0.));
#5518 = PCURVE('',#144,#5519);
#5519 = DEFINITIONAL_REPRESENTATION('',(#5520),#5528);
#5520 = ( BOUNDED_CURVE() B_SPLINE_CURVE(2,(#5521,#5522,#5523,#5524,
#5525,#5526,#5527),.UNSPECIFIED.,.T.,.F.) B_SPLINE_CURVE_WITH_KNOTS((1,2
    ,2,2,2,1),(-2.094395102393,0.,2.094395102393,4.188790204786,
6.28318530718,8.377580409573),.UNSPECIFIED.) CURVE() 
GEOMETRIC_REPRESENTATION_ITEM() RATIONAL_B_SPLINE_CURVE((1.,0.5,1.,0.5,
1.,0.5,1.)) REPRESENTATION_ITEM('') );
#5521 = CARTESIAN_POINT('',(-8.435,18.7));
#5522 = CARTESIAN_POINT('',(-8.435,19.26291651246));
#5523 = CARTESIAN_POINT('',(-7.9475,18.98145825623));
#5524 = CARTESIAN_POINT('',(-7.46,18.7));
#5525 = CARTESIAN_POINT('',(-7.9475,18.41854174377));
#5526 = CARTESIAN_POINT('',(-8.435,18.13708348754));
#5527 = CARTESIAN_POINT('',(-8.435,18.7));
#5528 = ( GEOMETRIC_REPRESENTATION_CONTEXT(2) 
PARAMETRIC_REPRESENTATION_CONTEXT() REPRESENTATION_CONTEXT('2D SPACE',''
  ) );
#5529 = PCURVE('',#5530,#5535);
#5530 = CYLINDRICAL_SURFACE('',#5531,0.325);
#5531 = AXIS2_PLACEMENT_3D('',#5532,#5533,#5534);
#5532 = CARTESIAN_POINT('',(138.11,-86.3,-1.E-02));
#5533 = DIRECTION('',(0.,0.,1.));
#5534 = DIRECTION('',(1.,0.,-0.));
#5535 = DEFINITIONAL_REPRESENTATION('',(#5536),#5540);
#5536 = LINE('',#5537,#5538);
#5537 = CARTESIAN_POINT('',(0.,1.E-02));
#5538 = VECTOR('',#5539,1.);
#5539 = DIRECTION('',(1.,0.));
#5540 = ( GEOMETRIC_REPRESENTATION_CONTEXT(2) 
PARAMETRIC_REPRESENTATION_CONTEXT() REPRESENTATION_CONTEXT('2D SPACE',''
  ) );
#5541 = FACE_BOUND('',#5542,.T.);
#5542 = EDGE_LOOP('',(#5543,#5573,#5601,#5629,#5657,#5685,#5713,#5741,
    #5769,#5797,#5825,#5853,#5881,#5909,#5937,#5965,#5993,#6021,#6049,
    #6077));
#5543 = ORIENTED_EDGE('',*,*,#5544,.F.);
#5544 = EDGE_CURVE('',#5545,#5547,#5549,.T.);
#5545 = VERTEX_POINT('',#5546);
#5546 = CARTESIAN_POINT('',(136.385108,-86.224875,0.));
#5547 = VERTEX_POINT('',#5548);
#5548 = CARTESIAN_POINT('',(136.424935,-86.12207,0.));
#5549 = SURFACE_CURVE('',#5550,(#5554,#5561),.PCURVE_S1.);
#5550 = LINE('',#5551,#5552);
#5551 = CARTESIAN_POINT('',(136.385108,-86.224875,0.));
#5552 = VECTOR('',#5553,1.);
#5553 = DIRECTION('',(0.361242697938,0.932471829701,0.));
#5554 = PCURVE('',#144,#5555);
#5555 = DEFINITIONAL_REPRESENTATION('',(#5556),#5560);
#5556 = LINE('',#5557,#5558);
#5557 = CARTESIAN_POINT('',(-6.385108,18.775125));
#5558 = VECTOR('',#5559,1.);
#5559 = DIRECTION('',(-0.361242697938,0.932471829701));
#5560 = ( GEOMETRIC_REPRESENTATION_CONTEXT(2) 
PARAMETRIC_REPRESENTATION_CONTEXT() REPRESENTATION_CONTEXT('2D SPACE',''
  ) );
#5561 = PCURVE('',#5562,#5567);
#5562 = PLANE('',#5563);
#5563 = AXIS2_PLACEMENT_3D('',#5564,#5565,#5566);
#5564 = CARTESIAN_POINT('',(136.385108,-86.224875,0.));
#5565 = DIRECTION('',(-0.932471829701,0.361242697938,0.));
#5566 = DIRECTION('',(0.361242697938,0.932471829701,0.));
#5567 = DEFINITIONAL_REPRESENTATION('',(#5568),#5572);
#5568 = LINE('',#5569,#5570);
#5569 = CARTESIAN_POINT('',(0.,0.));
#5570 = VECTOR('',#5571,1.);
#5571 = DIRECTION('',(1.,0.));
#5572 = ( GEOMETRIC_REPRESENTATION_CONTEXT(2) 
PARAMETRIC_REPRESENTATION_CONTEXT() REPRESENTATION_CONTEXT('2D SPACE',''
  ) );
#5573 = ORIENTED_EDGE('',*,*,#5574,.F.);
#5574 = EDGE_CURVE('',#5575,#5545,#5577,.T.);
#5575 = VERTEX_POINT('',#5576);
#5576 = CARTESIAN_POINT('',(136.38,-86.28,0.));
#5577 = SURFACE_CURVE('',#5578,(#5582,#5589),.PCURVE_S1.);
#5578 = LINE('',#5579,#5580);
#5579 = CARTESIAN_POINT('',(136.38,-86.28,0.));
#5580 = VECTOR('',#5581,1.);
#5581 = DIRECTION('',(9.22668640424E-02,0.995734314865,0.));
#5582 = PCURVE('',#144,#5583);
#5583 = DEFINITIONAL_REPRESENTATION('',(#5584),#5588);
#5584 = LINE('',#5585,#5586);
#5585 = CARTESIAN_POINT('',(-6.38,18.72));
#5586 = VECTOR('',#5587,1.);
#5587 = DIRECTION('',(-9.22668640424E-02,0.995734314865));
#5588 = ( GEOMETRIC_REPRESENTATION_CONTEXT(2) 
PARAMETRIC_REPRESENTATION_CONTEXT() REPRESENTATION_CONTEXT('2D SPACE',''
  ) );
#5589 = PCURVE('',#5590,#5595);
#5590 = PLANE('',#5591);
#5591 = AXIS2_PLACEMENT_3D('',#5592,#5593,#5594);
#5592 = CARTESIAN_POINT('',(136.38,-86.28,0.));
#5593 = DIRECTION('',(-0.995734314865,9.22668640424E-02,0.));
#5594 = DIRECTION('',(9.22668640424E-02,0.995734314865,0.));
#5595 = DEFINITIONAL_REPRESENTATION('',(#5596),#5600);
#5596 = LINE('',#5597,#5598);
#5597 = CARTESIAN_POINT('',(0.,0.));
#5598 = VECTOR('',#5599,1.);
#5599 = DIRECTION('',(1.,0.));
#5600 = ( GEOMETRIC_REPRESENTATION_CONTEXT(2) 
PARAMETRIC_REPRESENTATION_CONTEXT() REPRESENTATION_CONTEXT('2D SPACE',''
  ) );
#5601 = ORIENTED_EDGE('',*,*,#5602,.F.);
#5602 = EDGE_CURVE('',#5603,#5575,#5605,.T.);
#5603 = VERTEX_POINT('',#5604);
#5604 = CARTESIAN_POINT('',(136.38,-87.38,0.));
#5605 = SURFACE_CURVE('',#5606,(#5610,#5617),.PCURVE_S1.);
#5606 = LINE('',#5607,#5608);
#5607 = CARTESIAN_POINT('',(136.38,-87.38,0.));
#5608 = VECTOR('',#5609,1.);
#5609 = DIRECTION('',(0.,1.,0.));
#5610 = PCURVE('',#144,#5611);
#5611 = DEFINITIONAL_REPRESENTATION('',(#5612),#5616);
#5612 = LINE('',#5613,#5614);
#5613 = CARTESIAN_POINT('',(-6.38,17.62));
#5614 = VECTOR('',#5615,1.);
#5615 = DIRECTION('',(0.,1.));
#5616 = ( GEOMETRIC_REPRESENTATION_CONTEXT(2) 
PARAMETRIC_REPRESENTATION_CONTEXT() REPRESENTATION_CONTEXT('2D SPACE',''
  ) );
#5617 = PCURVE('',#5618,#5623);
#5618 = PLANE('',#5619);
#5619 = AXIS2_PLACEMENT_3D('',#5620,#5621,#5622);
#5620 = CARTESIAN_POINT('',(136.38,-87.38,0.));
#5621 = DIRECTION('',(-1.,0.,0.));
#5622 = DIRECTION('',(0.,1.,0.));
#5623 = DEFINITIONAL_REPRESENTATION('',(#5624),#5628);
#5624 = LINE('',#5625,#5626);
#5625 = CARTESIAN_POINT('',(0.,0.));
#5626 = VECTOR('',#5627,1.);
#5627 = DIRECTION('',(1.,0.));
#5628 = ( GEOMETRIC_REPRESENTATION_CONTEXT(2) 
PARAMETRIC_REPRESENTATION_CONTEXT() REPRESENTATION_CONTEXT('2D SPACE',''
  ) );
#5629 = ORIENTED_EDGE('',*,*,#5630,.F.);
#5630 = EDGE_CURVE('',#5631,#5603,#5633,.T.);
#5631 = VERTEX_POINT('',#5632);
#5632 = CARTESIAN_POINT('',(136.400258,-87.488372,0.));
#5633 = SURFACE_CURVE('',#5634,(#5638,#5645),.PCURVE_S1.);
#5634 = LINE('',#5635,#5636);
#5635 = CARTESIAN_POINT('',(136.400258,-87.488372,0.));
#5636 = VECTOR('',#5637,1.);
#5637 = DIRECTION('',(-0.183747434241,0.982973489169,0.));
#5638 = PCURVE('',#144,#5639);
#5639 = DEFINITIONAL_REPRESENTATION('',(#5640),#5644);
#5640 = LINE('',#5641,#5642);
#5641 = CARTESIAN_POINT('',(-6.400258,17.511628));
#5642 = VECTOR('',#5643,1.);
#5643 = DIRECTION('',(0.183747434241,0.982973489169));
#5644 = ( GEOMETRIC_REPRESENTATION_CONTEXT(2) 
PARAMETRIC_REPRESENTATION_CONTEXT() REPRESENTATION_CONTEXT('2D SPACE',''
  ) );
#5645 = PCURVE('',#5646,#5651);
#5646 = PLANE('',#5647);
#5647 = AXIS2_PLACEMENT_3D('',#5648,#5649,#5650);
#5648 = CARTESIAN_POINT('',(136.400258,-87.488372,0.));
#5649 = DIRECTION('',(-0.982973489169,-0.183747434241,0.));
#5650 = DIRECTION('',(-0.183747434241,0.982973489169,0.));
#5651 = DEFINITIONAL_REPRESENTATION('',(#5652),#5656);
#5652 = LINE('',#5653,#5654);
#5653 = CARTESIAN_POINT('',(0.,0.));
#5654 = VECTOR('',#5655,1.);
#5655 = DIRECTION('',(1.,0.));
#5656 = ( GEOMETRIC_REPRESENTATION_CONTEXT(2) 
PARAMETRIC_REPRESENTATION_CONTEXT() REPRESENTATION_CONTEXT('2D SPACE',''
  ) );
#5657 = ORIENTED_EDGE('',*,*,#5658,.F.);
#5658 = EDGE_CURVE('',#5659,#5631,#5661,.T.);
#5659 = VERTEX_POINT('',#5660);
#5660 = CARTESIAN_POINT('',(136.458297,-87.582109,0.));
#5661 = SURFACE_CURVE('',#5662,(#5666,#5673),.PCURVE_S1.);
#5662 = LINE('',#5663,#5664);
#5663 = CARTESIAN_POINT('',(136.458297,-87.582109,0.));
#5664 = VECTOR('',#5665,1.);
#5665 = DIRECTION('',(-0.526428929276,0.850219137882,0.));
#5666 = PCURVE('',#144,#5667);
#5667 = DEFINITIONAL_REPRESENTATION('',(#5668),#5672);
#5668 = LINE('',#5669,#5670);
#5669 = CARTESIAN_POINT('',(-6.458297,17.417891));
#5670 = VECTOR('',#5671,1.);
#5671 = DIRECTION('',(0.526428929276,0.850219137882));
#5672 = ( GEOMETRIC_REPRESENTATION_CONTEXT(2) 
PARAMETRIC_REPRESENTATION_CONTEXT() REPRESENTATION_CONTEXT('2D SPACE',''
  ) );
#5673 = PCURVE('',#5674,#5679);
#5674 = PLANE('',#5675);
#5675 = AXIS2_PLACEMENT_3D('',#5676,#5677,#5678);
#5676 = CARTESIAN_POINT('',(136.458297,-87.582109,0.));
#5677 = DIRECTION('',(-0.850219137882,-0.526428929276,0.));
#5678 = DIRECTION('',(-0.526428929276,0.850219137882,0.));
#5679 = DEFINITIONAL_REPRESENTATION('',(#5680),#5684);
#5680 = LINE('',#5681,#5682);
#5681 = CARTESIAN_POINT('',(0.,0.));
#5682 = VECTOR('',#5683,1.);
#5683 = DIRECTION('',(1.,0.));
#5684 = ( GEOMETRIC_REPRESENTATION_CONTEXT(2) 
PARAMETRIC_REPRESENTATION_CONTEXT() REPRESENTATION_CONTEXT('2D SPACE',''
  ) );
#5685 = ORIENTED_EDGE('',*,*,#5686,.F.);
#5686 = EDGE_CURVE('',#5687,#5659,#5689,.T.);
#5687 = VERTEX_POINT('',#5688);
#5688 = CARTESIAN_POINT('',(136.546278,-87.648549,0.));
#5689 = SURFACE_CURVE('',#5690,(#5694,#5701),.PCURVE_S1.);
#5690 = LINE('',#5691,#5692);
#5691 = CARTESIAN_POINT('',(136.546278,-87.648549,0.));
#5692 = VECTOR('',#5693,1.);
#5693 = DIRECTION('',(-0.798017956254,0.60263367106,0.));
#5694 = PCURVE('',#144,#5695);
#5695 = DEFINITIONAL_REPRESENTATION('',(#5696),#5700);
#5696 = LINE('',#5697,#5698);
#5697 = CARTESIAN_POINT('',(-6.546278,17.351451));
#5698 = VECTOR('',#5699,1.);
#5699 = DIRECTION('',(0.798017956254,0.60263367106));
#5700 = ( GEOMETRIC_REPRESENTATION_CONTEXT(2) 
PARAMETRIC_REPRESENTATION_CONTEXT() REPRESENTATION_CONTEXT('2D SPACE',''
  ) );
#5701 = PCURVE('',#5702,#5707);
#5702 = PLANE('',#5703);
#5703 = AXIS2_PLACEMENT_3D('',#5704,#5705,#5706);
#5704 = CARTESIAN_POINT('',(136.546278,-87.648549,0.));
#5705 = DIRECTION('',(-0.60263367106,-0.798017956254,0.));
#5706 = DIRECTION('',(-0.798017956254,0.60263367106,0.));
#5707 = DEFINITIONAL_REPRESENTATION('',(#5708),#5712);
#5708 = LINE('',#5709,#5710);
#5709 = CARTESIAN_POINT('',(0.,0.));
#5710 = VECTOR('',#5711,1.);
#5711 = DIRECTION('',(1.,0.));
#5712 = ( GEOMETRIC_REPRESENTATION_CONTEXT(2) 
PARAMETRIC_REPRESENTATION_CONTEXT() REPRESENTATION_CONTEXT('2D SPACE',''
  ) );
#5713 = ORIENTED_EDGE('',*,*,#5714,.F.);
#5714 = EDGE_CURVE('',#5715,#5687,#5717,.T.);
#5715 = VERTEX_POINT('',#5716);
#5716 = CARTESIAN_POINT('',(136.652319,-87.67872,0.));
#5717 = SURFACE_CURVE('',#5718,(#5722,#5729),.PCURVE_S1.);
#5718 = LINE('',#5719,#5720);
#5719 = CARTESIAN_POINT('',(136.652319,-87.67872,0.));
#5720 = VECTOR('',#5721,1.);
#5721 = DIRECTION('',(-0.961826277748,0.273660759762,0.));
#5722 = PCURVE('',#144,#5723);
#5723 = DEFINITIONAL_REPRESENTATION('',(#5724),#5728);
#5724 = LINE('',#5725,#5726);
#5725 = CARTESIAN_POINT('',(-6.652319,17.32128));
#5726 = VECTOR('',#5727,1.);
#5727 = DIRECTION('',(0.961826277748,0.273660759762));
#5728 = ( GEOMETRIC_REPRESENTATION_CONTEXT(2) 
PARAMETRIC_REPRESENTATION_CONTEXT() REPRESENTATION_CONTEXT('2D SPACE',''
  ) );
#5729 = PCURVE('',#5730,#5735);
#5730 = PLANE('',#5731);
#5731 = AXIS2_PLACEMENT_3D('',#5732,#5733,#5734);
#5732 = CARTESIAN_POINT('',(136.652319,-87.67872,0.));
#5733 = DIRECTION('',(-0.273660759762,-0.961826277748,0.));
#5734 = DIRECTION('',(-0.961826277748,0.273660759762,0.));
#5735 = DEFINITIONAL_REPRESENTATION('',(#5736),#5740);
#5736 = LINE('',#5737,#5738);
#5737 = CARTESIAN_POINT('',(0.,0.));
#5738 = VECTOR('',#5739,1.);
#5739 = DIRECTION('',(1.,0.));
#5740 = ( GEOMETRIC_REPRESENTATION_CONTEXT(2) 
PARAMETRIC_REPRESENTATION_CONTEXT() REPRESENTATION_CONTEXT('2D SPACE',''
  ) );
#5741 = ORIENTED_EDGE('',*,*,#5742,.F.);
#5742 = EDGE_CURVE('',#5743,#5715,#5745,.T.);
#5743 = VERTEX_POINT('',#5744);
#5744 = CARTESIAN_POINT('',(136.762099,-87.668548,0.));
#5745 = SURFACE_CURVE('',#5746,(#5750,#5757),.PCURVE_S1.);
#5746 = LINE('',#5747,#5748);
#5747 = CARTESIAN_POINT('',(136.762099,-87.668548,0.));
#5748 = VECTOR('',#5749,1.);
#5749 = DIRECTION('',(-0.995734688848,-9.226282797371E-02,0.));
#5750 = PCURVE('',#144,#5751);
#5751 = DEFINITIONAL_REPRESENTATION('',(#5752),#5756);
#5752 = LINE('',#5753,#5754);
#5753 = CARTESIAN_POINT('',(-6.762099,17.331452));
#5754 = VECTOR('',#5755,1.);
#5755 = DIRECTION('',(0.995734688848,-9.226282797371E-02));
#5756 = ( GEOMETRIC_REPRESENTATION_CONTEXT(2) 
PARAMETRIC_REPRESENTATION_CONTEXT() REPRESENTATION_CONTEXT('2D SPACE',''
  ) );
#5757 = PCURVE('',#5758,#5763);
#5758 = PLANE('',#5759);
#5759 = AXIS2_PLACEMENT_3D('',#5760,#5761,#5762);
#5760 = CARTESIAN_POINT('',(136.762099,-87.668548,0.));
#5761 = DIRECTION('',(9.226282797371E-02,-0.995734688848,0.));
#5762 = DIRECTION('',(-0.995734688848,-9.226282797371E-02,0.));
#5763 = DEFINITIONAL_REPRESENTATION('',(#5764),#5768);
#5764 = LINE('',#5765,#5766);
#5765 = CARTESIAN_POINT('',(0.,0.));
#5766 = VECTOR('',#5767,1.);
#5767 = DIRECTION('',(1.,0.));
#5768 = ( GEOMETRIC_REPRESENTATION_CONTEXT(2) 
PARAMETRIC_REPRESENTATION_CONTEXT() REPRESENTATION_CONTEXT('2D SPACE',''
  ) );
#5769 = ORIENTED_EDGE('',*,*,#5770,.F.);
#5770 = EDGE_CURVE('',#5771,#5743,#5773,.T.);
#5771 = VERTEX_POINT('',#5772);
#5772 = CARTESIAN_POINT('',(136.86079,-87.619405,0.));
#5773 = SURFACE_CURVE('',#5774,(#5778,#5785),.PCURVE_S1.);
#5774 = LINE('',#5775,#5776);
#5775 = CARTESIAN_POINT('',(136.86079,-87.619405,0.));
#5776 = VECTOR('',#5777,1.);
#5777 = DIRECTION('',(-0.895160681354,-0.445743597327,0.));
#5778 = PCURVE('',#144,#5779);
#5779 = DEFINITIONAL_REPRESENTATION('',(#5780),#5784);
#5780 = LINE('',#5781,#5782);
#5781 = CARTESIAN_POINT('',(-6.86079,17.380595));
#5782 = VECTOR('',#5783,1.);
#5783 = DIRECTION('',(0.895160681354,-0.445743597327));
#5784 = ( GEOMETRIC_REPRESENTATION_CONTEXT(2) 
PARAMETRIC_REPRESENTATION_CONTEXT() REPRESENTATION_CONTEXT('2D SPACE',''
  ) );
#5785 = PCURVE('',#5786,#5791);
#5786 = PLANE('',#5787);
#5787 = AXIS2_PLACEMENT_3D('',#5788,#5789,#5790);
#5788 = CARTESIAN_POINT('',(136.86079,-87.619405,0.));
#5789 = DIRECTION('',(0.445743597327,-0.895160681354,0.));
#5790 = DIRECTION('',(-0.895160681354,-0.445743597327,0.));
#5791 = DEFINITIONAL_REPRESENTATION('',(#5792),#5796);
#5792 = LINE('',#5793,#5794);
#5793 = CARTESIAN_POINT('',(0.,0.));
#5794 = VECTOR('',#5795,1.);
#5795 = DIRECTION('',(1.,0.));
#5796 = ( GEOMETRIC_REPRESENTATION_CONTEXT(2) 
PARAMETRIC_REPRESENTATION_CONTEXT() REPRESENTATION_CONTEXT('2D SPACE',''
  ) );
#5797 = ORIENTED_EDGE('',*,*,#5798,.F.);
#5798 = EDGE_CURVE('',#5799,#5771,#5801,.T.);
#5799 = VERTEX_POINT('',#5800);
#5800 = CARTESIAN_POINT('',(136.935065,-87.53793,0.));
#5801 = SURFACE_CURVE('',#5802,(#5806,#5813),.PCURVE_S1.);
#5802 = LINE('',#5803,#5804);
#5803 = CARTESIAN_POINT('',(136.935065,-87.53793,0.));
#5804 = VECTOR('',#5805,1.);
#5805 = DIRECTION('',(-0.67369922817,-0.73900564948,0.));
#5806 = PCURVE('',#144,#5807);
#5807 = DEFINITIONAL_REPRESENTATION('',(#5808),#5812);
#5808 = LINE('',#5809,#5810);
#5809 = CARTESIAN_POINT('',(-6.935065,17.46207));
#5810 = VECTOR('',#5811,1.);
#5811 = DIRECTION('',(0.67369922817,-0.73900564948));
#5812 = ( GEOMETRIC_REPRESENTATION_CONTEXT(2) 
PARAMETRIC_REPRESENTATION_CONTEXT() REPRESENTATION_CONTEXT('2D SPACE',''
  ) );
#5813 = PCURVE('',#5814,#5819);
#5814 = PLANE('',#5815);
#5815 = AXIS2_PLACEMENT_3D('',#5816,#5817,#5818);
#5816 = CARTESIAN_POINT('',(136.935065,-87.53793,0.));
#5817 = DIRECTION('',(0.73900564948,-0.67369922817,0.));
#5818 = DIRECTION('',(-0.67369922817,-0.73900564948,0.));
#5819 = DEFINITIONAL_REPRESENTATION('',(#5820),#5824);
#5820 = LINE('',#5821,#5822);
#5821 = CARTESIAN_POINT('',(0.,0.));
#5822 = VECTOR('',#5823,1.);
#5823 = DIRECTION('',(1.,0.));
#5824 = ( GEOMETRIC_REPRESENTATION_CONTEXT(2) 
PARAMETRIC_REPRESENTATION_CONTEXT() REPRESENTATION_CONTEXT('2D SPACE',''
  ) );
#5825 = ORIENTED_EDGE('',*,*,#5826,.F.);
#5826 = EDGE_CURVE('',#5827,#5799,#5829,.T.);
#5827 = VERTEX_POINT('',#5828);
#5828 = CARTESIAN_POINT('',(136.974892,-87.435125,0.));
#5829 = SURFACE_CURVE('',#5830,(#5834,#5841),.PCURVE_S1.);
#5830 = LINE('',#5831,#5832);
#5831 = CARTESIAN_POINT('',(136.974892,-87.435125,0.));
#5832 = VECTOR('',#5833,1.);
#5833 = DIRECTION('',(-0.361242697938,-0.932471829701,0.));
#5834 = PCURVE('',#144,#5835);
#5835 = DEFINITIONAL_REPRESENTATION('',(#5836),#5840);
#5836 = LINE('',#5837,#5838);
#5837 = CARTESIAN_POINT('',(-6.974892,17.564875));
#5838 = VECTOR('',#5839,1.);
#5839 = DIRECTION('',(0.361242697938,-0.932471829701));
#5840 = ( GEOMETRIC_REPRESENTATION_CONTEXT(2) 
PARAMETRIC_REPRESENTATION_CONTEXT() REPRESENTATION_CONTEXT('2D SPACE',''
  ) );
#5841 = PCURVE('',#5842,#5847);
#5842 = PLANE('',#5843);
#5843 = AXIS2_PLACEMENT_3D('',#5844,#5845,#5846);
#5844 = CARTESIAN_POINT('',(136.974892,-87.435125,0.));
#5845 = DIRECTION('',(0.932471829701,-0.361242697938,0.));
#5846 = DIRECTION('',(-0.361242697938,-0.932471829701,0.));
#5847 = DEFINITIONAL_REPRESENTATION('',(#5848),#5852);
#5848 = LINE('',#5849,#5850);
#5849 = CARTESIAN_POINT('',(0.,0.));
#5850 = VECTOR('',#5851,1.);
#5851 = DIRECTION('',(1.,0.));
#5852 = ( GEOMETRIC_REPRESENTATION_CONTEXT(2) 
PARAMETRIC_REPRESENTATION_CONTEXT() REPRESENTATION_CONTEXT('2D SPACE',''
  ) );
#5853 = ORIENTED_EDGE('',*,*,#5854,.F.);
#5854 = EDGE_CURVE('',#5855,#5827,#5857,.T.);
#5855 = VERTEX_POINT('',#5856);
#5856 = CARTESIAN_POINT('',(136.98,-87.38,0.));
#5857 = SURFACE_CURVE('',#5858,(#5862,#5869),.PCURVE_S1.);
#5858 = LINE('',#5859,#5860);
#5859 = CARTESIAN_POINT('',(136.98,-87.38,0.));
#5860 = VECTOR('',#5861,1.);
#5861 = DIRECTION('',(-9.226686404189E-02,-0.995734314865,0.));
#5862 = PCURVE('',#144,#5863);
#5863 = DEFINITIONAL_REPRESENTATION('',(#5864),#5868);
#5864 = LINE('',#5865,#5866);
#5865 = CARTESIAN_POINT('',(-6.98,17.62));
#5866 = VECTOR('',#5867,1.);
#5867 = DIRECTION('',(9.226686404189E-02,-0.995734314865));
#5868 = ( GEOMETRIC_REPRESENTATION_CONTEXT(2) 
PARAMETRIC_REPRESENTATION_CONTEXT() REPRESENTATION_CONTEXT('2D SPACE',''
  ) );
#5869 = PCURVE('',#5870,#5875);
#5870 = PLANE('',#5871);
#5871 = AXIS2_PLACEMENT_3D('',#5872,#5873,#5874);
#5872 = CARTESIAN_POINT('',(136.98,-87.38,0.));
#5873 = DIRECTION('',(0.995734314865,-9.226686404189E-02,0.));
#5874 = DIRECTION('',(-9.226686404189E-02,-0.995734314865,0.));
#5875 = DEFINITIONAL_REPRESENTATION('',(#5876),#5880);
#5876 = LINE('',#5877,#5878);
#5877 = CARTESIAN_POINT('',(0.,0.));
#5878 = VECTOR('',#5879,1.);
#5879 = DIRECTION('',(1.,0.));
#5880 = ( GEOMETRIC_REPRESENTATION_CONTEXT(2) 
PARAMETRIC_REPRESENTATION_CONTEXT() REPRESENTATION_CONTEXT('2D SPACE',''
  ) );
#5881 = ORIENTED_EDGE('',*,*,#5882,.F.);
#5882 = EDGE_CURVE('',#5883,#5855,#5885,.T.);
#5883 = VERTEX_POINT('',#5884);
#5884 = CARTESIAN_POINT('',(136.98,-86.28,0.));
#5885 = SURFACE_CURVE('',#5886,(#5890,#5897),.PCURVE_S1.);
#5886 = LINE('',#5887,#5888);
#5887 = CARTESIAN_POINT('',(136.98,-86.28,0.));
#5888 = VECTOR('',#5889,1.);
#5889 = DIRECTION('',(0.,-1.,0.));
#5890 = PCURVE('',#144,#5891);
#5891 = DEFINITIONAL_REPRESENTATION('',(#5892),#5896);
#5892 = LINE('',#5893,#5894);
#5893 = CARTESIAN_POINT('',(-6.98,18.72));
#5894 = VECTOR('',#5895,1.);
#5895 = DIRECTION('',(0.,-1.));
#5896 = ( GEOMETRIC_REPRESENTATION_CONTEXT(2) 
PARAMETRIC_REPRESENTATION_CONTEXT() REPRESENTATION_CONTEXT('2D SPACE',''
  ) );
#5897 = PCURVE('',#5898,#5903);
#5898 = PLANE('',#5899);
#5899 = AXIS2_PLACEMENT_3D('',#5900,#5901,#5902);
#5900 = CARTESIAN_POINT('',(136.98,-86.28,0.));
#5901 = DIRECTION('',(1.,0.,-0.));
#5902 = DIRECTION('',(0.,-1.,0.));
#5903 = DEFINITIONAL_REPRESENTATION('',(#5904),#5908);
#5904 = LINE('',#5905,#5906);
#5905 = CARTESIAN_POINT('',(0.,0.));
#5906 = VECTOR('',#5907,1.);
#5907 = DIRECTION('',(1.,0.));
#5908 = ( GEOMETRIC_REPRESENTATION_CONTEXT(2) 
PARAMETRIC_REPRESENTATION_CONTEXT() REPRESENTATION_CONTEXT('2D SPACE',''
  ) );
#5909 = ORIENTED_EDGE('',*,*,#5910,.F.);
#5910 = EDGE_CURVE('',#5911,#5883,#5913,.T.);
#5911 = VERTEX_POINT('',#5912);
#5912 = CARTESIAN_POINT('',(136.959742,-86.171628,0.));
#5913 = SURFACE_CURVE('',#5914,(#5918,#5925),.PCURVE_S1.);
#5914 = LINE('',#5915,#5916);
#5915 = CARTESIAN_POINT('',(136.959742,-86.171628,0.));
#5916 = VECTOR('',#5917,1.);
#5917 = DIRECTION('',(0.183747434241,-0.982973489169,0.));
#5918 = PCURVE('',#144,#5919);
#5919 = DEFINITIONAL_REPRESENTATION('',(#5920),#5924);
#5920 = LINE('',#5921,#5922);
#5921 = CARTESIAN_POINT('',(-6.959742,18.828372));
#5922 = VECTOR('',#5923,1.);
#5923 = DIRECTION('',(-0.183747434241,-0.982973489169));
#5924 = ( GEOMETRIC_REPRESENTATION_CONTEXT(2) 
PARAMETRIC_REPRESENTATION_CONTEXT() REPRESENTATION_CONTEXT('2D SPACE',''
  ) );
#5925 = PCURVE('',#5926,#5931);
#5926 = PLANE('',#5927);
#5927 = AXIS2_PLACEMENT_3D('',#5928,#5929,#5930);
#5928 = CARTESIAN_POINT('',(136.959742,-86.171628,0.));
#5929 = DIRECTION('',(0.982973489169,0.183747434241,-0.));
#5930 = DIRECTION('',(0.183747434241,-0.982973489169,0.));
#5931 = DEFINITIONAL_REPRESENTATION('',(#5932),#5936);
#5932 = LINE('',#5933,#5934);
#5933 = CARTESIAN_POINT('',(0.,0.));
#5934 = VECTOR('',#5935,1.);
#5935 = DIRECTION('',(1.,0.));
#5936 = ( GEOMETRIC_REPRESENTATION_CONTEXT(2) 
PARAMETRIC_REPRESENTATION_CONTEXT() REPRESENTATION_CONTEXT('2D SPACE',''
  ) );
#5937 = ORIENTED_EDGE('',*,*,#5938,.F.);
#5938 = EDGE_CURVE('',#5939,#5911,#5941,.T.);
#5939 = VERTEX_POINT('',#5940);
#5940 = CARTESIAN_POINT('',(136.901703,-86.077891,0.));
#5941 = SURFACE_CURVE('',#5942,(#5946,#5953),.PCURVE_S1.);
#5942 = LINE('',#5943,#5944);
#5943 = CARTESIAN_POINT('',(136.901703,-86.077891,0.));
#5944 = VECTOR('',#5945,1.);
#5945 = DIRECTION('',(0.526428929276,-0.850219137882,0.));
#5946 = PCURVE('',#144,#5947);
#5947 = DEFINITIONAL_REPRESENTATION('',(#5948),#5952);
#5948 = LINE('',#5949,#5950);
#5949 = CARTESIAN_POINT('',(-6.901703,18.922109));
#5950 = VECTOR('',#5951,1.);
#5951 = DIRECTION('',(-0.526428929276,-0.850219137882));
#5952 = ( GEOMETRIC_REPRESENTATION_CONTEXT(2) 
PARAMETRIC_REPRESENTATION_CONTEXT() REPRESENTATION_CONTEXT('2D SPACE',''
  ) );
#5953 = PCURVE('',#5954,#5959);
#5954 = PLANE('',#5955);
#5955 = AXIS2_PLACEMENT_3D('',#5956,#5957,#5958);
#5956 = CARTESIAN_POINT('',(136.901703,-86.077891,0.));
#5957 = DIRECTION('',(0.850219137882,0.526428929276,-0.));
#5958 = DIRECTION('',(0.526428929276,-0.850219137882,0.));
#5959 = DEFINITIONAL_REPRESENTATION('',(#5960),#5964);
#5960 = LINE('',#5961,#5962);
#5961 = CARTESIAN_POINT('',(0.,0.));
#5962 = VECTOR('',#5963,1.);
#5963 = DIRECTION('',(1.,0.));
#5964 = ( GEOMETRIC_REPRESENTATION_CONTEXT(2) 
PARAMETRIC_REPRESENTATION_CONTEXT() REPRESENTATION_CONTEXT('2D SPACE',''
  ) );
#5965 = ORIENTED_EDGE('',*,*,#5966,.F.);
#5966 = EDGE_CURVE('',#5967,#5939,#5969,.T.);
#5967 = VERTEX_POINT('',#5968);
#5968 = CARTESIAN_POINT('',(136.813722,-86.011451,0.));
#5969 = SURFACE_CURVE('',#5970,(#5974,#5981),.PCURVE_S1.);
#5970 = LINE('',#5971,#5972);
#5971 = CARTESIAN_POINT('',(136.813722,-86.011451,0.));
#5972 = VECTOR('',#5973,1.);
#5973 = DIRECTION('',(0.798017956254,-0.60263367106,0.));
#5974 = PCURVE('',#144,#5975);
#5975 = DEFINITIONAL_REPRESENTATION('',(#5976),#5980);
#5976 = LINE('',#5977,#5978);
#5977 = CARTESIAN_POINT('',(-6.813722,18.988549));
#5978 = VECTOR('',#5979,1.);
#5979 = DIRECTION('',(-0.798017956254,-0.60263367106));
#5980 = ( GEOMETRIC_REPRESENTATION_CONTEXT(2) 
PARAMETRIC_REPRESENTATION_CONTEXT() REPRESENTATION_CONTEXT('2D SPACE',''
  ) );
#5981 = PCURVE('',#5982,#5987);
#5982 = PLANE('',#5983);
#5983 = AXIS2_PLACEMENT_3D('',#5984,#5985,#5986);
#5984 = CARTESIAN_POINT('',(136.813722,-86.011451,0.));
#5985 = DIRECTION('',(0.60263367106,0.798017956254,-0.));
#5986 = DIRECTION('',(0.798017956254,-0.60263367106,0.));
#5987 = DEFINITIONAL_REPRESENTATION('',(#5988),#5992);
#5988 = LINE('',#5989,#5990);
#5989 = CARTESIAN_POINT('',(0.,0.));
#5990 = VECTOR('',#5991,1.);
#5991 = DIRECTION('',(1.,0.));
#5992 = ( GEOMETRIC_REPRESENTATION_CONTEXT(2) 
PARAMETRIC_REPRESENTATION_CONTEXT() REPRESENTATION_CONTEXT('2D SPACE',''
  ) );
#5993 = ORIENTED_EDGE('',*,*,#5994,.F.);
#5994 = EDGE_CURVE('',#5995,#5967,#5997,.T.);
#5995 = VERTEX_POINT('',#5996);
#5996 = CARTESIAN_POINT('',(136.707681,-85.98128,0.));
#5997 = SURFACE_CURVE('',#5998,(#6002,#6009),.PCURVE_S1.);
#5998 = LINE('',#5999,#6000);
#5999 = CARTESIAN_POINT('',(136.707681,-85.98128,0.));
#6000 = VECTOR('',#6001,1.);
#6001 = DIRECTION('',(0.961826277748,-0.273660759762,0.));
#6002 = PCURVE('',#144,#6003);
#6003 = DEFINITIONAL_REPRESENTATION('',(#6004),#6008);
#6004 = LINE('',#6005,#6006);
#6005 = CARTESIAN_POINT('',(-6.707681,19.01872));
#6006 = VECTOR('',#6007,1.);
#6007 = DIRECTION('',(-0.961826277748,-0.273660759762));
#6008 = ( GEOMETRIC_REPRESENTATION_CONTEXT(2) 
PARAMETRIC_REPRESENTATION_CONTEXT() REPRESENTATION_CONTEXT('2D SPACE',''
  ) );
#6009 = PCURVE('',#6010,#6015);
#6010 = PLANE('',#6011);
#6011 = AXIS2_PLACEMENT_3D('',#6012,#6013,#6014);
#6012 = CARTESIAN_POINT('',(136.707681,-85.98128,0.));
#6013 = DIRECTION('',(0.273660759762,0.961826277748,-0.));
#6014 = DIRECTION('',(0.961826277748,-0.273660759762,0.));
#6015 = DEFINITIONAL_REPRESENTATION('',(#6016),#6020);
#6016 = LINE('',#6017,#6018);
#6017 = CARTESIAN_POINT('',(0.,0.));
#6018 = VECTOR('',#6019,1.);
#6019 = DIRECTION('',(1.,0.));
#6020 = ( GEOMETRIC_REPRESENTATION_CONTEXT(2) 
PARAMETRIC_REPRESENTATION_CONTEXT() REPRESENTATION_CONTEXT('2D SPACE',''
  ) );
#6021 = ORIENTED_EDGE('',*,*,#6022,.F.);
#6022 = EDGE_CURVE('',#6023,#5995,#6025,.T.);
#6023 = VERTEX_POINT('',#6024);
#6024 = CARTESIAN_POINT('',(136.597901,-85.991452,0.));
#6025 = SURFACE_CURVE('',#6026,(#6030,#6037),.PCURVE_S1.);
#6026 = LINE('',#6027,#6028);
#6027 = CARTESIAN_POINT('',(136.597901,-85.991452,0.));
#6028 = VECTOR('',#6029,1.);
#6029 = DIRECTION('',(0.995734688848,9.226282797371E-02,0.));
#6030 = PCURVE('',#144,#6031);
#6031 = DEFINITIONAL_REPRESENTATION('',(#6032),#6036);
#6032 = LINE('',#6033,#6034);
#6033 = CARTESIAN_POINT('',(-6.597901,19.008548));
#6034 = VECTOR('',#6035,1.);
#6035 = DIRECTION('',(-0.995734688848,9.226282797371E-02));
#6036 = ( GEOMETRIC_REPRESENTATION_CONTEXT(2) 
PARAMETRIC_REPRESENTATION_CONTEXT() REPRESENTATION_CONTEXT('2D SPACE',''
  ) );
#6037 = PCURVE('',#6038,#6043);
#6038 = PLANE('',#6039);
#6039 = AXIS2_PLACEMENT_3D('',#6040,#6041,#6042);
#6040 = CARTESIAN_POINT('',(136.597901,-85.991452,0.));
#6041 = DIRECTION('',(-9.226282797371E-02,0.995734688848,0.));
#6042 = DIRECTION('',(0.995734688848,9.226282797371E-02,0.));
#6043 = DEFINITIONAL_REPRESENTATION('',(#6044),#6048);
#6044 = LINE('',#6045,#6046);
#6045 = CARTESIAN_POINT('',(0.,0.));
#6046 = VECTOR('',#6047,1.);
#6047 = DIRECTION('',(1.,0.));
#6048 = ( GEOMETRIC_REPRESENTATION_CONTEXT(2) 
PARAMETRIC_REPRESENTATION_CONTEXT() REPRESENTATION_CONTEXT('2D SPACE',''
  ) );
#6049 = ORIENTED_EDGE('',*,*,#6050,.F.);
#6050 = EDGE_CURVE('',#6051,#6023,#6053,.T.);
#6051 = VERTEX_POINT('',#6052);
#6052 = CARTESIAN_POINT('',(136.49921,-86.040595,0.));
#6053 = SURFACE_CURVE('',#6054,(#6058,#6065),.PCURVE_S1.);
#6054 = LINE('',#6055,#6056);
#6055 = CARTESIAN_POINT('',(136.49921,-86.040595,0.));
#6056 = VECTOR('',#6057,1.);
#6057 = DIRECTION('',(0.895160681354,0.445743597327,0.));
#6058 = PCURVE('',#144,#6059);
#6059 = DEFINITIONAL_REPRESENTATION('',(#6060),#6064);
#6060 = LINE('',#6061,#6062);
#6061 = CARTESIAN_POINT('',(-6.49921,18.959405));
#6062 = VECTOR('',#6063,1.);
#6063 = DIRECTION('',(-0.895160681354,0.445743597327));
#6064 = ( GEOMETRIC_REPRESENTATION_CONTEXT(2) 
PARAMETRIC_REPRESENTATION_CONTEXT() REPRESENTATION_CONTEXT('2D SPACE',''
  ) );
#6065 = PCURVE('',#6066,#6071);
#6066 = PLANE('',#6067);
#6067 = AXIS2_PLACEMENT_3D('',#6068,#6069,#6070);
#6068 = CARTESIAN_POINT('',(136.49921,-86.040595,0.));
#6069 = DIRECTION('',(-0.445743597327,0.895160681354,0.));
#6070 = DIRECTION('',(0.895160681354,0.445743597327,0.));
#6071 = DEFINITIONAL_REPRESENTATION('',(#6072),#6076);
#6072 = LINE('',#6073,#6074);
#6073 = CARTESIAN_POINT('',(0.,0.));
#6074 = VECTOR('',#6075,1.);
#6075 = DIRECTION('',(1.,0.));
#6076 = ( GEOMETRIC_REPRESENTATION_CONTEXT(2) 
PARAMETRIC_REPRESENTATION_CONTEXT() REPRESENTATION_CONTEXT('2D SPACE',''
  ) );
#6077 = ORIENTED_EDGE('',*,*,#6078,.F.);
#6078 = EDGE_CURVE('',#5547,#6051,#6079,.T.);
#6079 = SURFACE_CURVE('',#6080,(#6084,#6091),.PCURVE_S1.);
#6080 = LINE('',#6081,#6082);
#6081 = CARTESIAN_POINT('',(136.424935,-86.12207,0.));
#6082 = VECTOR('',#6083,1.);
#6083 = DIRECTION('',(0.67369922817,0.73900564948,0.));
#6084 = PCURVE('',#144,#6085);
#6085 = DEFINITIONAL_REPRESENTATION('',(#6086),#6090);
#6086 = LINE('',#6087,#6088);
#6087 = CARTESIAN_POINT('',(-6.424935,18.87793));
#6088 = VECTOR('',#6089,1.);
#6089 = DIRECTION('',(-0.67369922817,0.73900564948));
#6090 = ( GEOMETRIC_REPRESENTATION_CONTEXT(2) 
PARAMETRIC_REPRESENTATION_CONTEXT() REPRESENTATION_CONTEXT('2D SPACE',''
  ) );
#6091 = PCURVE('',#6092,#6097);
#6092 = PLANE('',#6093);
#6093 = AXIS2_PLACEMENT_3D('',#6094,#6095,#6096);
#6094 = CARTESIAN_POINT('',(136.424935,-86.12207,0.));
#6095 = DIRECTION('',(-0.73900564948,0.67369922817,0.));
#6096 = DIRECTION('',(0.67369922817,0.73900564948,0.));
#6097 = DEFINITIONAL_REPRESENTATION('',(#6098),#6102);
#6098 = LINE('',#6099,#6100);
#6099 = CARTESIAN_POINT('',(0.,0.));
#6100 = VECTOR('',#6101,1.);
#6101 = DIRECTION('',(1.,0.));
#6102 = ( GEOMETRIC_REPRESENTATION_CONTEXT(2) 
PARAMETRIC_REPRESENTATION_CONTEXT() REPRESENTATION_CONTEXT('2D SPACE',''
  ) );
#6103 = FACE_BOUND('',#6104,.T.);
#6104 = EDGE_LOOP('',(#6105,#6135,#6163,#6191,#6219,#6247,#6275,#6303,
    #6331,#6359,#6387,#6415,#6443,#6471,#6499,#6527,#6555,#6583,#6611,
    #6639));
#6105 = ORIENTED_EDGE('',*,*,#6106,.F.);
#6106 = EDGE_CURVE('',#6107,#6109,#6111,.T.);
#6107 = VERTEX_POINT('',#6108);
#6108 = CARTESIAN_POINT('',(136.385108,-82.294875,0.));
#6109 = VERTEX_POINT('',#6110);
#6110 = CARTESIAN_POINT('',(136.424935,-82.19207,0.));
#6111 = SURFACE_CURVE('',#6112,(#6116,#6123),.PCURVE_S1.);
#6112 = LINE('',#6113,#6114);
#6113 = CARTESIAN_POINT('',(136.385108,-82.294875,0.));
#6114 = VECTOR('',#6115,1.);
#6115 = DIRECTION('',(0.361242697938,0.932471829701,0.));
#6116 = PCURVE('',#144,#6117);
#6117 = DEFINITIONAL_REPRESENTATION('',(#6118),#6122);
#6118 = LINE('',#6119,#6120);
#6119 = CARTESIAN_POINT('',(-6.385108,22.705125));
#6120 = VECTOR('',#6121,1.);
#6121 = DIRECTION('',(-0.361242697938,0.932471829701));
#6122 = ( GEOMETRIC_REPRESENTATION_CONTEXT(2) 
PARAMETRIC_REPRESENTATION_CONTEXT() REPRESENTATION_CONTEXT('2D SPACE',''
  ) );
#6123 = PCURVE('',#6124,#6129);
#6124 = PLANE('',#6125);
#6125 = AXIS2_PLACEMENT_3D('',#6126,#6127,#6128);
#6126 = CARTESIAN_POINT('',(136.385108,-82.294875,0.));
#6127 = DIRECTION('',(-0.932471829701,0.361242697938,0.));
#6128 = DIRECTION('',(0.361242697938,0.932471829701,0.));
#6129 = DEFINITIONAL_REPRESENTATION('',(#6130),#6134);
#6130 = LINE('',#6131,#6132);
#6131 = CARTESIAN_POINT('',(0.,0.));
#6132 = VECTOR('',#6133,1.);
#6133 = DIRECTION('',(1.,0.));
#6134 = ( GEOMETRIC_REPRESENTATION_CONTEXT(2) 
PARAMETRIC_REPRESENTATION_CONTEXT() REPRESENTATION_CONTEXT('2D SPACE',''
  ) );
#6135 = ORIENTED_EDGE('',*,*,#6136,.F.);
#6136 = EDGE_CURVE('',#6137,#6107,#6139,.T.);
#6137 = VERTEX_POINT('',#6138);
#6138 = CARTESIAN_POINT('',(136.38,-82.35,0.));
#6139 = SURFACE_CURVE('',#6140,(#6144,#6151),.PCURVE_S1.);
#6140 = LINE('',#6141,#6142);
#6141 = CARTESIAN_POINT('',(136.38,-82.35,0.));
#6142 = VECTOR('',#6143,1.);
#6143 = DIRECTION('',(9.226686404242E-02,0.995734314865,0.));
#6144 = PCURVE('',#144,#6145);
#6145 = DEFINITIONAL_REPRESENTATION('',(#6146),#6150);
#6146 = LINE('',#6147,#6148);
#6147 = CARTESIAN_POINT('',(-6.38,22.65));
#6148 = VECTOR('',#6149,1.);
#6149 = DIRECTION('',(-9.226686404242E-02,0.995734314865));
#6150 = ( GEOMETRIC_REPRESENTATION_CONTEXT(2) 
PARAMETRIC_REPRESENTATION_CONTEXT() REPRESENTATION_CONTEXT('2D SPACE',''
  ) );
#6151 = PCURVE('',#6152,#6157);
#6152 = PLANE('',#6153);
#6153 = AXIS2_PLACEMENT_3D('',#6154,#6155,#6156);
#6154 = CARTESIAN_POINT('',(136.38,-82.35,0.));
#6155 = DIRECTION('',(-0.995734314865,9.226686404242E-02,0.));
#6156 = DIRECTION('',(9.226686404242E-02,0.995734314865,0.));
#6157 = DEFINITIONAL_REPRESENTATION('',(#6158),#6162);
#6158 = LINE('',#6159,#6160);
#6159 = CARTESIAN_POINT('',(0.,0.));
#6160 = VECTOR('',#6161,1.);
#6161 = DIRECTION('',(1.,0.));
#6162 = ( GEOMETRIC_REPRESENTATION_CONTEXT(2) 
PARAMETRIC_REPRESENTATION_CONTEXT() REPRESENTATION_CONTEXT('2D SPACE',''
  ) );
#6163 = ORIENTED_EDGE('',*,*,#6164,.F.);
#6164 = EDGE_CURVE('',#6165,#6137,#6167,.T.);
#6165 = VERTEX_POINT('',#6166);
#6166 = CARTESIAN_POINT('',(136.38,-82.95,0.));
#6167 = SURFACE_CURVE('',#6168,(#6172,#6179),.PCURVE_S1.);
#6168 = LINE('',#6169,#6170);
#6169 = CARTESIAN_POINT('',(136.38,-82.95,0.));
#6170 = VECTOR('',#6171,1.);
#6171 = DIRECTION('',(0.,1.,0.));
#6172 = PCURVE('',#144,#6173);
#6173 = DEFINITIONAL_REPRESENTATION('',(#6174),#6178);
#6174 = LINE('',#6175,#6176);
#6175 = CARTESIAN_POINT('',(-6.38,22.05));
#6176 = VECTOR('',#6177,1.);
#6177 = DIRECTION('',(0.,1.));
#6178 = ( GEOMETRIC_REPRESENTATION_CONTEXT(2) 
PARAMETRIC_REPRESENTATION_CONTEXT() REPRESENTATION_CONTEXT('2D SPACE',''
  ) );
#6179 = PCURVE('',#6180,#6185);
#6180 = PLANE('',#6181);
#6181 = AXIS2_PLACEMENT_3D('',#6182,#6183,#6184);
#6182 = CARTESIAN_POINT('',(136.38,-82.95,0.));
#6183 = DIRECTION('',(-1.,0.,0.));
#6184 = DIRECTION('',(0.,1.,0.));
#6185 = DEFINITIONAL_REPRESENTATION('',(#6186),#6190);
#6186 = LINE('',#6187,#6188);
#6187 = CARTESIAN_POINT('',(0.,0.));
#6188 = VECTOR('',#6189,1.);
#6189 = DIRECTION('',(1.,0.));
#6190 = ( GEOMETRIC_REPRESENTATION_CONTEXT(2) 
PARAMETRIC_REPRESENTATION_CONTEXT() REPRESENTATION_CONTEXT('2D SPACE',''
  ) );
#6191 = ORIENTED_EDGE('',*,*,#6192,.F.);
#6192 = EDGE_CURVE('',#6193,#6165,#6195,.T.);
#6193 = VERTEX_POINT('',#6194);
#6194 = CARTESIAN_POINT('',(136.400258,-83.058372,0.));
#6195 = SURFACE_CURVE('',#6196,(#6200,#6207),.PCURVE_S1.);
#6196 = LINE('',#6197,#6198);
#6197 = CARTESIAN_POINT('',(136.400258,-83.058372,0.));
#6198 = VECTOR('',#6199,1.);
#6199 = DIRECTION('',(-0.183747434241,0.982973489169,0.));
#6200 = PCURVE('',#144,#6201);
#6201 = DEFINITIONAL_REPRESENTATION('',(#6202),#6206);
#6202 = LINE('',#6203,#6204);
#6203 = CARTESIAN_POINT('',(-6.400258,21.941628));
#6204 = VECTOR('',#6205,1.);
#6205 = DIRECTION('',(0.183747434241,0.982973489169));
#6206 = ( GEOMETRIC_REPRESENTATION_CONTEXT(2) 
PARAMETRIC_REPRESENTATION_CONTEXT() REPRESENTATION_CONTEXT('2D SPACE',''
  ) );
#6207 = PCURVE('',#6208,#6213);
#6208 = PLANE('',#6209);
#6209 = AXIS2_PLACEMENT_3D('',#6210,#6211,#6212);
#6210 = CARTESIAN_POINT('',(136.400258,-83.058372,0.));
#6211 = DIRECTION('',(-0.982973489169,-0.183747434241,0.));
#6212 = DIRECTION('',(-0.183747434241,0.982973489169,0.));
#6213 = DEFINITIONAL_REPRESENTATION('',(#6214),#6218);
#6214 = LINE('',#6215,#6216);
#6215 = CARTESIAN_POINT('',(0.,0.));
#6216 = VECTOR('',#6217,1.);
#6217 = DIRECTION('',(1.,0.));
#6218 = ( GEOMETRIC_REPRESENTATION_CONTEXT(2) 
PARAMETRIC_REPRESENTATION_CONTEXT() REPRESENTATION_CONTEXT('2D SPACE',''
  ) );
#6219 = ORIENTED_EDGE('',*,*,#6220,.F.);
#6220 = EDGE_CURVE('',#6221,#6193,#6223,.T.);
#6221 = VERTEX_POINT('',#6222);
#6222 = CARTESIAN_POINT('',(136.458297,-83.152109,0.));
#6223 = SURFACE_CURVE('',#6224,(#6228,#6235),.PCURVE_S1.);
#6224 = LINE('',#6225,#6226);
#6225 = CARTESIAN_POINT('',(136.458297,-83.152109,0.));
#6226 = VECTOR('',#6227,1.);
#6227 = DIRECTION('',(-0.526428929276,0.850219137882,0.));
#6228 = PCURVE('',#144,#6229);
#6229 = DEFINITIONAL_REPRESENTATION('',(#6230),#6234);
#6230 = LINE('',#6231,#6232);
#6231 = CARTESIAN_POINT('',(-6.458297,21.847891));
#6232 = VECTOR('',#6233,1.);
#6233 = DIRECTION('',(0.526428929276,0.850219137882));
#6234 = ( GEOMETRIC_REPRESENTATION_CONTEXT(2) 
PARAMETRIC_REPRESENTATION_CONTEXT() REPRESENTATION_CONTEXT('2D SPACE',''
  ) );
#6235 = PCURVE('',#6236,#6241);
#6236 = PLANE('',#6237);
#6237 = AXIS2_PLACEMENT_3D('',#6238,#6239,#6240);
#6238 = CARTESIAN_POINT('',(136.458297,-83.152109,0.));
#6239 = DIRECTION('',(-0.850219137882,-0.526428929276,0.));
#6240 = DIRECTION('',(-0.526428929276,0.850219137882,0.));
#6241 = DEFINITIONAL_REPRESENTATION('',(#6242),#6246);
#6242 = LINE('',#6243,#6244);
#6243 = CARTESIAN_POINT('',(0.,0.));
#6244 = VECTOR('',#6245,1.);
#6245 = DIRECTION('',(1.,0.));
#6246 = ( GEOMETRIC_REPRESENTATION_CONTEXT(2) 
PARAMETRIC_REPRESENTATION_CONTEXT() REPRESENTATION_CONTEXT('2D SPACE',''
  ) );
#6247 = ORIENTED_EDGE('',*,*,#6248,.F.);
#6248 = EDGE_CURVE('',#6249,#6221,#6251,.T.);
#6249 = VERTEX_POINT('',#6250);
#6250 = CARTESIAN_POINT('',(136.546278,-83.218549,0.));
#6251 = SURFACE_CURVE('',#6252,(#6256,#6263),.PCURVE_S1.);
#6252 = LINE('',#6253,#6254);
#6253 = CARTESIAN_POINT('',(136.546278,-83.218549,0.));
#6254 = VECTOR('',#6255,1.);
#6255 = DIRECTION('',(-0.798017956254,0.60263367106,0.));
#6256 = PCURVE('',#144,#6257);
#6257 = DEFINITIONAL_REPRESENTATION('',(#6258),#6262);
#6258 = LINE('',#6259,#6260);
#6259 = CARTESIAN_POINT('',(-6.546278,21.781451));
#6260 = VECTOR('',#6261,1.);
#6261 = DIRECTION('',(0.798017956254,0.60263367106));
#6262 = ( GEOMETRIC_REPRESENTATION_CONTEXT(2) 
PARAMETRIC_REPRESENTATION_CONTEXT() REPRESENTATION_CONTEXT('2D SPACE',''
  ) );
#6263 = PCURVE('',#6264,#6269);
#6264 = PLANE('',#6265);
#6265 = AXIS2_PLACEMENT_3D('',#6266,#6267,#6268);
#6266 = CARTESIAN_POINT('',(136.546278,-83.218549,0.));
#6267 = DIRECTION('',(-0.60263367106,-0.798017956254,0.));
#6268 = DIRECTION('',(-0.798017956254,0.60263367106,0.));
#6269 = DEFINITIONAL_REPRESENTATION('',(#6270),#6274);
#6270 = LINE('',#6271,#6272);
#6271 = CARTESIAN_POINT('',(0.,0.));
#6272 = VECTOR('',#6273,1.);
#6273 = DIRECTION('',(1.,0.));
#6274 = ( GEOMETRIC_REPRESENTATION_CONTEXT(2) 
PARAMETRIC_REPRESENTATION_CONTEXT() REPRESENTATION_CONTEXT('2D SPACE',''
  ) );
#6275 = ORIENTED_EDGE('',*,*,#6276,.F.);
#6276 = EDGE_CURVE('',#6277,#6249,#6279,.T.);
#6277 = VERTEX_POINT('',#6278);
#6278 = CARTESIAN_POINT('',(136.652319,-83.24872,0.));
#6279 = SURFACE_CURVE('',#6280,(#6284,#6291),.PCURVE_S1.);
#6280 = LINE('',#6281,#6282);
#6281 = CARTESIAN_POINT('',(136.652319,-83.24872,0.));
#6282 = VECTOR('',#6283,1.);
#6283 = DIRECTION('',(-0.961826277748,0.273660759762,0.));
#6284 = PCURVE('',#144,#6285);
#6285 = DEFINITIONAL_REPRESENTATION('',(#6286),#6290);
#6286 = LINE('',#6287,#6288);
#6287 = CARTESIAN_POINT('',(-6.652319,21.75128));
#6288 = VECTOR('',#6289,1.);
#6289 = DIRECTION('',(0.961826277748,0.273660759762));
#6290 = ( GEOMETRIC_REPRESENTATION_CONTEXT(2) 
PARAMETRIC_REPRESENTATION_CONTEXT() REPRESENTATION_CONTEXT('2D SPACE',''
  ) );
#6291 = PCURVE('',#6292,#6297);
#6292 = PLANE('',#6293);
#6293 = AXIS2_PLACEMENT_3D('',#6294,#6295,#6296);
#6294 = CARTESIAN_POINT('',(136.652319,-83.24872,0.));
#6295 = DIRECTION('',(-0.273660759762,-0.961826277748,0.));
#6296 = DIRECTION('',(-0.961826277748,0.273660759762,0.));
#6297 = DEFINITIONAL_REPRESENTATION('',(#6298),#6302);
#6298 = LINE('',#6299,#6300);
#6299 = CARTESIAN_POINT('',(0.,0.));
#6300 = VECTOR('',#6301,1.);
#6301 = DIRECTION('',(1.,0.));
#6302 = ( GEOMETRIC_REPRESENTATION_CONTEXT(2) 
PARAMETRIC_REPRESENTATION_CONTEXT() REPRESENTATION_CONTEXT('2D SPACE',''
  ) );
#6303 = ORIENTED_EDGE('',*,*,#6304,.F.);
#6304 = EDGE_CURVE('',#6305,#6277,#6307,.T.);
#6305 = VERTEX_POINT('',#6306);
#6306 = CARTESIAN_POINT('',(136.762099,-83.238548,0.));
#6307 = SURFACE_CURVE('',#6308,(#6312,#6319),.PCURVE_S1.);
#6308 = LINE('',#6309,#6310);
#6309 = CARTESIAN_POINT('',(136.762099,-83.238548,0.));
#6310 = VECTOR('',#6311,1.);
#6311 = DIRECTION('',(-0.995734688848,-9.226282797384E-02,0.));
#6312 = PCURVE('',#144,#6313);
#6313 = DEFINITIONAL_REPRESENTATION('',(#6314),#6318);
#6314 = LINE('',#6315,#6316);
#6315 = CARTESIAN_POINT('',(-6.762099,21.761452));
#6316 = VECTOR('',#6317,1.);
#6317 = DIRECTION('',(0.995734688848,-9.226282797384E-02));
#6318 = ( GEOMETRIC_REPRESENTATION_CONTEXT(2) 
PARAMETRIC_REPRESENTATION_CONTEXT() REPRESENTATION_CONTEXT('2D SPACE',''
  ) );
#6319 = PCURVE('',#6320,#6325);
#6320 = PLANE('',#6321);
#6321 = AXIS2_PLACEMENT_3D('',#6322,#6323,#6324);
#6322 = CARTESIAN_POINT('',(136.762099,-83.238548,0.));
#6323 = DIRECTION('',(9.226282797384E-02,-0.995734688848,0.));
#6324 = DIRECTION('',(-0.995734688848,-9.226282797384E-02,0.));
#6325 = DEFINITIONAL_REPRESENTATION('',(#6326),#6330);
#6326 = LINE('',#6327,#6328);
#6327 = CARTESIAN_POINT('',(0.,0.));
#6328 = VECTOR('',#6329,1.);
#6329 = DIRECTION('',(1.,0.));
#6330 = ( GEOMETRIC_REPRESENTATION_CONTEXT(2) 
PARAMETRIC_REPRESENTATION_CONTEXT() REPRESENTATION_CONTEXT('2D SPACE',''
  ) );
#6331 = ORIENTED_EDGE('',*,*,#6332,.F.);
#6332 = EDGE_CURVE('',#6333,#6305,#6335,.T.);
#6333 = VERTEX_POINT('',#6334);
#6334 = CARTESIAN_POINT('',(136.86079,-83.189405,0.));
#6335 = SURFACE_CURVE('',#6336,(#6340,#6347),.PCURVE_S1.);
#6336 = LINE('',#6337,#6338);
#6337 = CARTESIAN_POINT('',(136.86079,-83.189405,0.));
#6338 = VECTOR('',#6339,1.);
#6339 = DIRECTION('',(-0.895160681354,-0.445743597327,0.));
#6340 = PCURVE('',#144,#6341);
#6341 = DEFINITIONAL_REPRESENTATION('',(#6342),#6346);
#6342 = LINE('',#6343,#6344);
#6343 = CARTESIAN_POINT('',(-6.86079,21.810595));
#6344 = VECTOR('',#6345,1.);
#6345 = DIRECTION('',(0.895160681354,-0.445743597327));
#6346 = ( GEOMETRIC_REPRESENTATION_CONTEXT(2) 
PARAMETRIC_REPRESENTATION_CONTEXT() REPRESENTATION_CONTEXT('2D SPACE',''
  ) );
#6347 = PCURVE('',#6348,#6353);
#6348 = PLANE('',#6349);
#6349 = AXIS2_PLACEMENT_3D('',#6350,#6351,#6352);
#6350 = CARTESIAN_POINT('',(136.86079,-83.189405,0.));
#6351 = DIRECTION('',(0.445743597327,-0.895160681354,0.));
#6352 = DIRECTION('',(-0.895160681354,-0.445743597327,0.));
#6353 = DEFINITIONAL_REPRESENTATION('',(#6354),#6358);
#6354 = LINE('',#6355,#6356);
#6355 = CARTESIAN_POINT('',(0.,0.));
#6356 = VECTOR('',#6357,1.);
#6357 = DIRECTION('',(1.,0.));
#6358 = ( GEOMETRIC_REPRESENTATION_CONTEXT(2) 
PARAMETRIC_REPRESENTATION_CONTEXT() REPRESENTATION_CONTEXT('2D SPACE',''
  ) );
#6359 = ORIENTED_EDGE('',*,*,#6360,.F.);
#6360 = EDGE_CURVE('',#6361,#6333,#6363,.T.);
#6361 = VERTEX_POINT('',#6362);
#6362 = CARTESIAN_POINT('',(136.935065,-83.10793,0.));
#6363 = SURFACE_CURVE('',#6364,(#6368,#6375),.PCURVE_S1.);
#6364 = LINE('',#6365,#6366);
#6365 = CARTESIAN_POINT('',(136.935065,-83.10793,0.));
#6366 = VECTOR('',#6367,1.);
#6367 = DIRECTION('',(-0.67369922817,-0.73900564948,0.));
#6368 = PCURVE('',#144,#6369);
#6369 = DEFINITIONAL_REPRESENTATION('',(#6370),#6374);
#6370 = LINE('',#6371,#6372);
#6371 = CARTESIAN_POINT('',(-6.935065,21.89207));
#6372 = VECTOR('',#6373,1.);
#6373 = DIRECTION('',(0.67369922817,-0.73900564948));
#6374 = ( GEOMETRIC_REPRESENTATION_CONTEXT(2) 
PARAMETRIC_REPRESENTATION_CONTEXT() REPRESENTATION_CONTEXT('2D SPACE',''
  ) );
#6375 = PCURVE('',#6376,#6381);
#6376 = PLANE('',#6377);
#6377 = AXIS2_PLACEMENT_3D('',#6378,#6379,#6380);
#6378 = CARTESIAN_POINT('',(136.935065,-83.10793,0.));
#6379 = DIRECTION('',(0.73900564948,-0.67369922817,0.));
#6380 = DIRECTION('',(-0.67369922817,-0.73900564948,0.));
#6381 = DEFINITIONAL_REPRESENTATION('',(#6382),#6386);
#6382 = LINE('',#6383,#6384);
#6383 = CARTESIAN_POINT('',(0.,0.));
#6384 = VECTOR('',#6385,1.);
#6385 = DIRECTION('',(1.,0.));
#6386 = ( GEOMETRIC_REPRESENTATION_CONTEXT(2) 
PARAMETRIC_REPRESENTATION_CONTEXT() REPRESENTATION_CONTEXT('2D SPACE',''
  ) );
#6387 = ORIENTED_EDGE('',*,*,#6388,.F.);
#6388 = EDGE_CURVE('',#6389,#6361,#6391,.T.);
#6389 = VERTEX_POINT('',#6390);
#6390 = CARTESIAN_POINT('',(136.974892,-83.005125,0.));
#6391 = SURFACE_CURVE('',#6392,(#6396,#6403),.PCURVE_S1.);
#6392 = LINE('',#6393,#6394);
#6393 = CARTESIAN_POINT('',(136.974892,-83.005125,0.));
#6394 = VECTOR('',#6395,1.);
#6395 = DIRECTION('',(-0.361242697938,-0.932471829701,0.));
#6396 = PCURVE('',#144,#6397);
#6397 = DEFINITIONAL_REPRESENTATION('',(#6398),#6402);
#6398 = LINE('',#6399,#6400);
#6399 = CARTESIAN_POINT('',(-6.974892,21.994875));
#6400 = VECTOR('',#6401,1.);
#6401 = DIRECTION('',(0.361242697938,-0.932471829701));
#6402 = ( GEOMETRIC_REPRESENTATION_CONTEXT(2) 
PARAMETRIC_REPRESENTATION_CONTEXT() REPRESENTATION_CONTEXT('2D SPACE',''
  ) );
#6403 = PCURVE('',#6404,#6409);
#6404 = PLANE('',#6405);
#6405 = AXIS2_PLACEMENT_3D('',#6406,#6407,#6408);
#6406 = CARTESIAN_POINT('',(136.974892,-83.005125,0.));
#6407 = DIRECTION('',(0.932471829701,-0.361242697938,0.));
#6408 = DIRECTION('',(-0.361242697938,-0.932471829701,0.));
#6409 = DEFINITIONAL_REPRESENTATION('',(#6410),#6414);
#6410 = LINE('',#6411,#6412);
#6411 = CARTESIAN_POINT('',(0.,0.));
#6412 = VECTOR('',#6413,1.);
#6413 = DIRECTION('',(1.,0.));
#6414 = ( GEOMETRIC_REPRESENTATION_CONTEXT(2) 
PARAMETRIC_REPRESENTATION_CONTEXT() REPRESENTATION_CONTEXT('2D SPACE',''
  ) );
#6415 = ORIENTED_EDGE('',*,*,#6416,.F.);
#6416 = EDGE_CURVE('',#6417,#6389,#6419,.T.);
#6417 = VERTEX_POINT('',#6418);
#6418 = CARTESIAN_POINT('',(136.98,-82.95,0.));
#6419 = SURFACE_CURVE('',#6420,(#6424,#6431),.PCURVE_S1.);
#6420 = LINE('',#6421,#6422);
#6421 = CARTESIAN_POINT('',(136.98,-82.95,0.));
#6422 = VECTOR('',#6423,1.);
#6423 = DIRECTION('',(-9.226686404189E-02,-0.995734314865,0.));
#6424 = PCURVE('',#144,#6425);
#6425 = DEFINITIONAL_REPRESENTATION('',(#6426),#6430);
#6426 = LINE('',#6427,#6428);
#6427 = CARTESIAN_POINT('',(-6.98,22.05));
#6428 = VECTOR('',#6429,1.);
#6429 = DIRECTION('',(9.226686404189E-02,-0.995734314865));
#6430 = ( GEOMETRIC_REPRESENTATION_CONTEXT(2) 
PARAMETRIC_REPRESENTATION_CONTEXT() REPRESENTATION_CONTEXT('2D SPACE',''
  ) );
#6431 = PCURVE('',#6432,#6437);
#6432 = PLANE('',#6433);
#6433 = AXIS2_PLACEMENT_3D('',#6434,#6435,#6436);
#6434 = CARTESIAN_POINT('',(136.98,-82.95,0.));
#6435 = DIRECTION('',(0.995734314865,-9.226686404189E-02,0.));
#6436 = DIRECTION('',(-9.226686404189E-02,-0.995734314865,0.));
#6437 = DEFINITIONAL_REPRESENTATION('',(#6438),#6442);
#6438 = LINE('',#6439,#6440);
#6439 = CARTESIAN_POINT('',(0.,0.));
#6440 = VECTOR('',#6441,1.);
#6441 = DIRECTION('',(1.,0.));
#6442 = ( GEOMETRIC_REPRESENTATION_CONTEXT(2) 
PARAMETRIC_REPRESENTATION_CONTEXT() REPRESENTATION_CONTEXT('2D SPACE',''
  ) );
#6443 = ORIENTED_EDGE('',*,*,#6444,.F.);
#6444 = EDGE_CURVE('',#6445,#6417,#6447,.T.);
#6445 = VERTEX_POINT('',#6446);
#6446 = CARTESIAN_POINT('',(136.98,-82.35,0.));
#6447 = SURFACE_CURVE('',#6448,(#6452,#6459),.PCURVE_S1.);
#6448 = LINE('',#6449,#6450);
#6449 = CARTESIAN_POINT('',(136.98,-82.35,0.));
#6450 = VECTOR('',#6451,1.);
#6451 = DIRECTION('',(0.,-1.,0.));
#6452 = PCURVE('',#144,#6453);
#6453 = DEFINITIONAL_REPRESENTATION('',(#6454),#6458);
#6454 = LINE('',#6455,#6456);
#6455 = CARTESIAN_POINT('',(-6.98,22.65));
#6456 = VECTOR('',#6457,1.);
#6457 = DIRECTION('',(0.,-1.));
#6458 = ( GEOMETRIC_REPRESENTATION_CONTEXT(2) 
PARAMETRIC_REPRESENTATION_CONTEXT() REPRESENTATION_CONTEXT('2D SPACE',''
  ) );
#6459 = PCURVE('',#6460,#6465);
#6460 = PLANE('',#6461);
#6461 = AXIS2_PLACEMENT_3D('',#6462,#6463,#6464);
#6462 = CARTESIAN_POINT('',(136.98,-82.35,0.));
#6463 = DIRECTION('',(1.,0.,-0.));
#6464 = DIRECTION('',(0.,-1.,0.));
#6465 = DEFINITIONAL_REPRESENTATION('',(#6466),#6470);
#6466 = LINE('',#6467,#6468);
#6467 = CARTESIAN_POINT('',(0.,0.));
#6468 = VECTOR('',#6469,1.);
#6469 = DIRECTION('',(1.,0.));
#6470 = ( GEOMETRIC_REPRESENTATION_CONTEXT(2) 
PARAMETRIC_REPRESENTATION_CONTEXT() REPRESENTATION_CONTEXT('2D SPACE',''
  ) );
#6471 = ORIENTED_EDGE('',*,*,#6472,.F.);
#6472 = EDGE_CURVE('',#6473,#6445,#6475,.T.);
#6473 = VERTEX_POINT('',#6474);
#6474 = CARTESIAN_POINT('',(136.959742,-82.241628,0.));
#6475 = SURFACE_CURVE('',#6476,(#6480,#6487),.PCURVE_S1.);
#6476 = LINE('',#6477,#6478);
#6477 = CARTESIAN_POINT('',(136.959742,-82.241628,0.));
#6478 = VECTOR('',#6479,1.);
#6479 = DIRECTION('',(0.183747434241,-0.982973489169,0.));
#6480 = PCURVE('',#144,#6481);
#6481 = DEFINITIONAL_REPRESENTATION('',(#6482),#6486);
#6482 = LINE('',#6483,#6484);
#6483 = CARTESIAN_POINT('',(-6.959742,22.758372));
#6484 = VECTOR('',#6485,1.);
#6485 = DIRECTION('',(-0.183747434241,-0.982973489169));
#6486 = ( GEOMETRIC_REPRESENTATION_CONTEXT(2) 
PARAMETRIC_REPRESENTATION_CONTEXT() REPRESENTATION_CONTEXT('2D SPACE',''
  ) );
#6487 = PCURVE('',#6488,#6493);
#6488 = PLANE('',#6489);
#6489 = AXIS2_PLACEMENT_3D('',#6490,#6491,#6492);
#6490 = CARTESIAN_POINT('',(136.959742,-82.241628,0.));
#6491 = DIRECTION('',(0.982973489169,0.183747434241,-0.));
#6492 = DIRECTION('',(0.183747434241,-0.982973489169,0.));
#6493 = DEFINITIONAL_REPRESENTATION('',(#6494),#6498);
#6494 = LINE('',#6495,#6496);
#6495 = CARTESIAN_POINT('',(0.,0.));
#6496 = VECTOR('',#6497,1.);
#6497 = DIRECTION('',(1.,0.));
#6498 = ( GEOMETRIC_REPRESENTATION_CONTEXT(2) 
PARAMETRIC_REPRESENTATION_CONTEXT() REPRESENTATION_CONTEXT('2D SPACE',''
  ) );
#6499 = ORIENTED_EDGE('',*,*,#6500,.F.);
#6500 = EDGE_CURVE('',#6501,#6473,#6503,.T.);
#6501 = VERTEX_POINT('',#6502);
#6502 = CARTESIAN_POINT('',(136.901703,-82.147891,0.));
#6503 = SURFACE_CURVE('',#6504,(#6508,#6515),.PCURVE_S1.);
#6504 = LINE('',#6505,#6506);
#6505 = CARTESIAN_POINT('',(136.901703,-82.147891,0.));
#6506 = VECTOR('',#6507,1.);
#6507 = DIRECTION('',(0.526428929276,-0.850219137882,0.));
#6508 = PCURVE('',#144,#6509);
#6509 = DEFINITIONAL_REPRESENTATION('',(#6510),#6514);
#6510 = LINE('',#6511,#6512);
#6511 = CARTESIAN_POINT('',(-6.901703,22.852109));
#6512 = VECTOR('',#6513,1.);
#6513 = DIRECTION('',(-0.526428929276,-0.850219137882));
#6514 = ( GEOMETRIC_REPRESENTATION_CONTEXT(2) 
PARAMETRIC_REPRESENTATION_CONTEXT() REPRESENTATION_CONTEXT('2D SPACE',''
  ) );
#6515 = PCURVE('',#6516,#6521);
#6516 = PLANE('',#6517);
#6517 = AXIS2_PLACEMENT_3D('',#6518,#6519,#6520);
#6518 = CARTESIAN_POINT('',(136.901703,-82.147891,0.));
#6519 = DIRECTION('',(0.850219137882,0.526428929276,-0.));
#6520 = DIRECTION('',(0.526428929276,-0.850219137882,0.));
#6521 = DEFINITIONAL_REPRESENTATION('',(#6522),#6526);
#6522 = LINE('',#6523,#6524);
#6523 = CARTESIAN_POINT('',(0.,0.));
#6524 = VECTOR('',#6525,1.);
#6525 = DIRECTION('',(1.,0.));
#6526 = ( GEOMETRIC_REPRESENTATION_CONTEXT(2) 
PARAMETRIC_REPRESENTATION_CONTEXT() REPRESENTATION_CONTEXT('2D SPACE',''
  ) );
#6527 = ORIENTED_EDGE('',*,*,#6528,.F.);
#6528 = EDGE_CURVE('',#6529,#6501,#6531,.T.);
#6529 = VERTEX_POINT('',#6530);
#6530 = CARTESIAN_POINT('',(136.813722,-82.081451,0.));
#6531 = SURFACE_CURVE('',#6532,(#6536,#6543),.PCURVE_S1.);
#6532 = LINE('',#6533,#6534);
#6533 = CARTESIAN_POINT('',(136.813722,-82.081451,0.));
#6534 = VECTOR('',#6535,1.);
#6535 = DIRECTION('',(0.798017956254,-0.60263367106,0.));
#6536 = PCURVE('',#144,#6537);
#6537 = DEFINITIONAL_REPRESENTATION('',(#6538),#6542);
#6538 = LINE('',#6539,#6540);
#6539 = CARTESIAN_POINT('',(-6.813722,22.918549));
#6540 = VECTOR('',#6541,1.);
#6541 = DIRECTION('',(-0.798017956254,-0.60263367106));
#6542 = ( GEOMETRIC_REPRESENTATION_CONTEXT(2) 
PARAMETRIC_REPRESENTATION_CONTEXT() REPRESENTATION_CONTEXT('2D SPACE',''
  ) );
#6543 = PCURVE('',#6544,#6549);
#6544 = PLANE('',#6545);
#6545 = AXIS2_PLACEMENT_3D('',#6546,#6547,#6548);
#6546 = CARTESIAN_POINT('',(136.813722,-82.081451,0.));
#6547 = DIRECTION('',(0.60263367106,0.798017956254,-0.));
#6548 = DIRECTION('',(0.798017956254,-0.60263367106,0.));
#6549 = DEFINITIONAL_REPRESENTATION('',(#6550),#6554);
#6550 = LINE('',#6551,#6552);
#6551 = CARTESIAN_POINT('',(0.,0.));
#6552 = VECTOR('',#6553,1.);
#6553 = DIRECTION('',(1.,0.));
#6554 = ( GEOMETRIC_REPRESENTATION_CONTEXT(2) 
PARAMETRIC_REPRESENTATION_CONTEXT() REPRESENTATION_CONTEXT('2D SPACE',''
  ) );
#6555 = ORIENTED_EDGE('',*,*,#6556,.F.);
#6556 = EDGE_CURVE('',#6557,#6529,#6559,.T.);
#6557 = VERTEX_POINT('',#6558);
#6558 = CARTESIAN_POINT('',(136.707681,-82.05128,0.));
#6559 = SURFACE_CURVE('',#6560,(#6564,#6571),.PCURVE_S1.);
#6560 = LINE('',#6561,#6562);
#6561 = CARTESIAN_POINT('',(136.707681,-82.05128,0.));
#6562 = VECTOR('',#6563,1.);
#6563 = DIRECTION('',(0.961826277748,-0.273660759762,0.));
#6564 = PCURVE('',#144,#6565);
#6565 = DEFINITIONAL_REPRESENTATION('',(#6566),#6570);
#6566 = LINE('',#6567,#6568);
#6567 = CARTESIAN_POINT('',(-6.707681,22.94872));
#6568 = VECTOR('',#6569,1.);
#6569 = DIRECTION('',(-0.961826277748,-0.273660759762));
#6570 = ( GEOMETRIC_REPRESENTATION_CONTEXT(2) 
PARAMETRIC_REPRESENTATION_CONTEXT() REPRESENTATION_CONTEXT('2D SPACE',''
  ) );
#6571 = PCURVE('',#6572,#6577);
#6572 = PLANE('',#6573);
#6573 = AXIS2_PLACEMENT_3D('',#6574,#6575,#6576);
#6574 = CARTESIAN_POINT('',(136.707681,-82.05128,0.));
#6575 = DIRECTION('',(0.273660759762,0.961826277748,-0.));
#6576 = DIRECTION('',(0.961826277748,-0.273660759762,0.));
#6577 = DEFINITIONAL_REPRESENTATION('',(#6578),#6582);
#6578 = LINE('',#6579,#6580);
#6579 = CARTESIAN_POINT('',(0.,0.));
#6580 = VECTOR('',#6581,1.);
#6581 = DIRECTION('',(1.,0.));
#6582 = ( GEOMETRIC_REPRESENTATION_CONTEXT(2) 
PARAMETRIC_REPRESENTATION_CONTEXT() REPRESENTATION_CONTEXT('2D SPACE',''
  ) );
#6583 = ORIENTED_EDGE('',*,*,#6584,.F.);
#6584 = EDGE_CURVE('',#6585,#6557,#6587,.T.);
#6585 = VERTEX_POINT('',#6586);
#6586 = CARTESIAN_POINT('',(136.597901,-82.061452,0.));
#6587 = SURFACE_CURVE('',#6588,(#6592,#6599),.PCURVE_S1.);
#6588 = LINE('',#6589,#6590);
#6589 = CARTESIAN_POINT('',(136.597901,-82.061452,0.));
#6590 = VECTOR('',#6591,1.);
#6591 = DIRECTION('',(0.995734688848,9.226282797371E-02,0.));
#6592 = PCURVE('',#144,#6593);
#6593 = DEFINITIONAL_REPRESENTATION('',(#6594),#6598);
#6594 = LINE('',#6595,#6596);
#6595 = CARTESIAN_POINT('',(-6.597901,22.938548));
#6596 = VECTOR('',#6597,1.);
#6597 = DIRECTION('',(-0.995734688848,9.226282797371E-02));
#6598 = ( GEOMETRIC_REPRESENTATION_CONTEXT(2) 
PARAMETRIC_REPRESENTATION_CONTEXT() REPRESENTATION_CONTEXT('2D SPACE',''
  ) );
#6599 = PCURVE('',#6600,#6605);
#6600 = PLANE('',#6601);
#6601 = AXIS2_PLACEMENT_3D('',#6602,#6603,#6604);
#6602 = CARTESIAN_POINT('',(136.597901,-82.061452,0.));
#6603 = DIRECTION('',(-9.226282797371E-02,0.995734688848,0.));
#6604 = DIRECTION('',(0.995734688848,9.226282797371E-02,0.));
#6605 = DEFINITIONAL_REPRESENTATION('',(#6606),#6610);
#6606 = LINE('',#6607,#6608);
#6607 = CARTESIAN_POINT('',(0.,0.));
#6608 = VECTOR('',#6609,1.);
#6609 = DIRECTION('',(1.,0.));
#6610 = ( GEOMETRIC_REPRESENTATION_CONTEXT(2) 
PARAMETRIC_REPRESENTATION_CONTEXT() REPRESENTATION_CONTEXT('2D SPACE',''
  ) );
#6611 = ORIENTED_EDGE('',*,*,#6612,.F.);
#6612 = EDGE_CURVE('',#6613,#6585,#6615,.T.);
#6613 = VERTEX_POINT('',#6614);
#6614 = CARTESIAN_POINT('',(136.49921,-82.110595,0.));
#6615 = SURFACE_CURVE('',#6616,(#6620,#6627),.PCURVE_S1.);
#6616 = LINE('',#6617,#6618);
#6617 = CARTESIAN_POINT('',(136.49921,-82.110595,0.));
#6618 = VECTOR('',#6619,1.);
#6619 = DIRECTION('',(0.895160681354,0.445743597327,0.));
#6620 = PCURVE('',#144,#6621);
#6621 = DEFINITIONAL_REPRESENTATION('',(#6622),#6626);
#6622 = LINE('',#6623,#6624);
#6623 = CARTESIAN_POINT('',(-6.49921,22.889405));
#6624 = VECTOR('',#6625,1.);
#6625 = DIRECTION('',(-0.895160681354,0.445743597327));
#6626 = ( GEOMETRIC_REPRESENTATION_CONTEXT(2) 
PARAMETRIC_REPRESENTATION_CONTEXT() REPRESENTATION_CONTEXT('2D SPACE',''
  ) );
#6627 = PCURVE('',#6628,#6633);
#6628 = PLANE('',#6629);
#6629 = AXIS2_PLACEMENT_3D('',#6630,#6631,#6632);
#6630 = CARTESIAN_POINT('',(136.49921,-82.110595,0.));
#6631 = DIRECTION('',(-0.445743597327,0.895160681354,0.));
#6632 = DIRECTION('',(0.895160681354,0.445743597327,0.));
#6633 = DEFINITIONAL_REPRESENTATION('',(#6634),#6638);
#6634 = LINE('',#6635,#6636);
#6635 = CARTESIAN_POINT('',(0.,0.));
#6636 = VECTOR('',#6637,1.);
#6637 = DIRECTION('',(1.,0.));
#6638 = ( GEOMETRIC_REPRESENTATION_CONTEXT(2) 
PARAMETRIC_REPRESENTATION_CONTEXT() REPRESENTATION_CONTEXT('2D SPACE',''
  ) );
#6639 = ORIENTED_EDGE('',*,*,#6640,.F.);
#6640 = EDGE_CURVE('',#6109,#6613,#6641,.T.);
#6641 = SURFACE_CURVE('',#6642,(#6646,#6653),.PCURVE_S1.);
#6642 = LINE('',#6643,#6644);
#6643 = CARTESIAN_POINT('',(136.424935,-82.19207,0.));
#6644 = VECTOR('',#6645,1.);
#6645 = DIRECTION('',(0.67369922817,0.73900564948,0.));
#6646 = PCURVE('',#144,#6647);
#6647 = DEFINITIONAL_REPRESENTATION('',(#6648),#6652);
#6648 = LINE('',#6649,#6650);
#6649 = CARTESIAN_POINT('',(-6.424935,22.80793));
#6650 = VECTOR('',#6651,1.);
#6651 = DIRECTION('',(-0.67369922817,0.73900564948));
#6652 = ( GEOMETRIC_REPRESENTATION_CONTEXT(2) 
PARAMETRIC_REPRESENTATION_CONTEXT() REPRESENTATION_CONTEXT('2D SPACE',''
  ) );
#6653 = PCURVE('',#6654,#6659);
#6654 = PLANE('',#6655);
#6655 = AXIS2_PLACEMENT_3D('',#6656,#6657,#6658);
#6656 = CARTESIAN_POINT('',(136.424935,-82.19207,0.));
#6657 = DIRECTION('',(-0.73900564948,0.67369922817,0.));
#6658 = DIRECTION('',(0.67369922817,0.73900564948,0.));
#6659 = DEFINITIONAL_REPRESENTATION('',(#6660),#6664);
#6660 = LINE('',#6661,#6662);
#6661 = CARTESIAN_POINT('',(0.,0.));
#6662 = VECTOR('',#6663,1.);
#6663 = DIRECTION('',(1.,0.));
#6664 = ( GEOMETRIC_REPRESENTATION_CONTEXT(2) 
PARAMETRIC_REPRESENTATION_CONTEXT() REPRESENTATION_CONTEXT('2D SPACE',''
  ) );
#6665 = FACE_BOUND('',#6666,.T.);
#6666 = EDGE_LOOP('',(#6667));
#6667 = ORIENTED_EDGE('',*,*,#6668,.T.);
#6668 = EDGE_CURVE('',#6669,#6669,#6671,.T.);
#6669 = VERTEX_POINT('',#6670);
#6670 = CARTESIAN_POINT('',(113.1,-88.95,0.));
#6671 = SURFACE_CURVE('',#6672,(#6677,#6688),.PCURVE_S1.);
#6672 = CIRCLE('',#6673,0.1);
#6673 = AXIS2_PLACEMENT_3D('',#6674,#6675,#6676);
#6674 = CARTESIAN_POINT('',(113.,-88.95,0.));
#6675 = DIRECTION('',(0.,0.,1.));
#6676 = DIRECTION('',(1.,0.,-0.));
#6677 = PCURVE('',#144,#6678);
#6678 = DEFINITIONAL_REPRESENTATION('',(#6679),#6687);
#6679 = ( BOUNDED_CURVE() B_SPLINE_CURVE(2,(#6680,#6681,#6682,#6683,
#6684,#6685,#6686),.UNSPECIFIED.,.T.,.F.) B_SPLINE_CURVE_WITH_KNOTS((1,2
    ,2,2,2,1),(-2.094395102393,0.,2.094395102393,4.188790204786,
6.28318530718,8.377580409573),.UNSPECIFIED.) CURVE() 
GEOMETRIC_REPRESENTATION_ITEM() RATIONAL_B_SPLINE_CURVE((1.,0.5,1.,0.5,
1.,0.5,1.)) REPRESENTATION_ITEM('') );
#6680 = CARTESIAN_POINT('',(16.9,16.05));
#6681 = CARTESIAN_POINT('',(16.9,16.223205080757));
#6682 = CARTESIAN_POINT('',(17.05,16.136602540378));
#6683 = CARTESIAN_POINT('',(17.2,16.05));
#6684 = CARTESIAN_POINT('',(17.05,15.963397459622));
#6685 = CARTESIAN_POINT('',(16.9,15.876794919243));
#6686 = CARTESIAN_POINT('',(16.9,16.05));
#6687 = ( GEOMETRIC_REPRESENTATION_CONTEXT(2) 
PARAMETRIC_REPRESENTATION_CONTEXT() REPRESENTATION_CONTEXT('2D SPACE',''
  ) );
#6688 = PCURVE('',#6689,#6694);
#6689 = CYLINDRICAL_SURFACE('',#6690,0.1);
#6690 = AXIS2_PLACEMENT_3D('',#6691,#6692,#6693);
#6691 = CARTESIAN_POINT('',(113.,-88.95,-1.E-02));
#6692 = DIRECTION('',(0.,0.,1.));
#6693 = DIRECTION('',(1.,0.,-0.));
#6694 = DEFINITIONAL_REPRESENTATION('',(#6695),#6699);
#6695 = LINE('',#6696,#6697);
#6696 = CARTESIAN_POINT('',(0.,1.E-02));
#6697 = VECTOR('',#6698,1.);
#6698 = DIRECTION('',(1.,0.));
#6699 = ( GEOMETRIC_REPRESENTATION_CONTEXT(2) 
PARAMETRIC_REPRESENTATION_CONTEXT() REPRESENTATION_CONTEXT('2D SPACE',''
  ) );
#6700 = FACE_BOUND('',#6701,.T.);
#6701 = EDGE_LOOP('',(#6702));
#6702 = ORIENTED_EDGE('',*,*,#6703,.T.);
#6703 = EDGE_CURVE('',#6704,#6704,#6706,.T.);
#6704 = VERTEX_POINT('',#6705);
#6705 = CARTESIAN_POINT('',(113.675,-88.,0.));
#6706 = SURFACE_CURVE('',#6707,(#6712,#6723),.PCURVE_S1.);
#6707 = CIRCLE('',#6708,0.1);
#6708 = AXIS2_PLACEMENT_3D('',#6709,#6710,#6711);
#6709 = CARTESIAN_POINT('',(113.575,-88.,0.));
#6710 = DIRECTION('',(0.,0.,1.));
#6711 = DIRECTION('',(1.,0.,-0.));
#6712 = PCURVE('',#144,#6713);
#6713 = DEFINITIONAL_REPRESENTATION('',(#6714),#6722);
#6714 = ( BOUNDED_CURVE() B_SPLINE_CURVE(2,(#6715,#6716,#6717,#6718,
#6719,#6720,#6721),.UNSPECIFIED.,.T.,.F.) B_SPLINE_CURVE_WITH_KNOTS((1,2
    ,2,2,2,1),(-2.094395102393,0.,2.094395102393,4.188790204786,
6.28318530718,8.377580409573),.UNSPECIFIED.) CURVE() 
GEOMETRIC_REPRESENTATION_ITEM() RATIONAL_B_SPLINE_CURVE((1.,0.5,1.,0.5,
1.,0.5,1.)) REPRESENTATION_ITEM('') );
#6715 = CARTESIAN_POINT('',(16.325,17.));
#6716 = CARTESIAN_POINT('',(16.325,17.173205080757));
#6717 = CARTESIAN_POINT('',(16.475,17.086602540378));
#6718 = CARTESIAN_POINT('',(16.625,17.));
#6719 = CARTESIAN_POINT('',(16.475,16.913397459622));
#6720 = CARTESIAN_POINT('',(16.325,16.826794919243));
#6721 = CARTESIAN_POINT('',(16.325,17.));
#6722 = ( GEOMETRIC_REPRESENTATION_CONTEXT(2) 
PARAMETRIC_REPRESENTATION_CONTEXT() REPRESENTATION_CONTEXT('2D SPACE',''
  ) );
#6723 = PCURVE('',#6724,#6729);
#6724 = CYLINDRICAL_SURFACE('',#6725,0.1);
#6725 = AXIS2_PLACEMENT_3D('',#6726,#6727,#6728);
#6726 = CARTESIAN_POINT('',(113.575,-88.,-1.E-02));
#6727 = DIRECTION('',(0.,0.,1.));
#6728 = DIRECTION('',(1.,0.,-0.));
#6729 = DEFINITIONAL_REPRESENTATION('',(#6730),#6734);
#6730 = LINE('',#6731,#6732);
#6731 = CARTESIAN_POINT('',(0.,1.E-02));
#6732 = VECTOR('',#6733,1.);
#6733 = DIRECTION('',(1.,0.));
#6734 = ( GEOMETRIC_REPRESENTATION_CONTEXT(2) 
PARAMETRIC_REPRESENTATION_CONTEXT() REPRESENTATION_CONTEXT('2D SPACE',''
  ) );
#6735 = FACE_BOUND('',#6736,.T.);
#6736 = EDGE_LOOP('',(#6737));
#6737 = ORIENTED_EDGE('',*,*,#6738,.T.);
#6738 = EDGE_CURVE('',#6739,#6739,#6741,.T.);
#6739 = VERTEX_POINT('',#6740);
#6740 = CARTESIAN_POINT('',(112.525,-88.,0.));
#6741 = SURFACE_CURVE('',#6742,(#6747,#6758),.PCURVE_S1.);
#6742 = CIRCLE('',#6743,0.1);
#6743 = AXIS2_PLACEMENT_3D('',#6744,#6745,#6746);
#6744 = CARTESIAN_POINT('',(112.425,-88.,0.));
#6745 = DIRECTION('',(0.,0.,1.));
#6746 = DIRECTION('',(1.,0.,-0.));
#6747 = PCURVE('',#144,#6748);
#6748 = DEFINITIONAL_REPRESENTATION('',(#6749),#6757);
#6749 = ( BOUNDED_CURVE() B_SPLINE_CURVE(2,(#6750,#6751,#6752,#6753,
#6754,#6755,#6756),.UNSPECIFIED.,.T.,.F.) B_SPLINE_CURVE_WITH_KNOTS((1,2
    ,2,2,2,1),(-2.094395102393,0.,2.094395102393,4.188790204786,
6.28318530718,8.377580409573),.UNSPECIFIED.) CURVE() 
GEOMETRIC_REPRESENTATION_ITEM() RATIONAL_B_SPLINE_CURVE((1.,0.5,1.,0.5,
1.,0.5,1.)) REPRESENTATION_ITEM('') );
#6750 = CARTESIAN_POINT('',(17.475,17.));
#6751 = CARTESIAN_POINT('',(17.475,17.173205080757));
#6752 = CARTESIAN_POINT('',(17.625,17.086602540378));
#6753 = CARTESIAN_POINT('',(17.775,17.));
#6754 = CARTESIAN_POINT('',(17.625,16.913397459622));
#6755 = CARTESIAN_POINT('',(17.475,16.826794919243));
#6756 = CARTESIAN_POINT('',(17.475,17.));
#6757 = ( GEOMETRIC_REPRESENTATION_CONTEXT(2) 
PARAMETRIC_REPRESENTATION_CONTEXT() REPRESENTATION_CONTEXT('2D SPACE',''
  ) );
#6758 = PCURVE('',#6759,#6764);
#6759 = CYLINDRICAL_SURFACE('',#6760,0.1);
#6760 = AXIS2_PLACEMENT_3D('',#6761,#6762,#6763);
#6761 = CARTESIAN_POINT('',(112.425,-88.,-1.E-02));
#6762 = DIRECTION('',(0.,0.,1.));
#6763 = DIRECTION('',(1.,0.,-0.));
#6764 = DEFINITIONAL_REPRESENTATION('',(#6765),#6769);
#6765 = LINE('',#6766,#6767);
#6766 = CARTESIAN_POINT('',(0.,1.E-02));
#6767 = VECTOR('',#6768,1.);
#6768 = DIRECTION('',(1.,0.));
#6769 = ( GEOMETRIC_REPRESENTATION_CONTEXT(2) 
PARAMETRIC_REPRESENTATION_CONTEXT() REPRESENTATION_CONTEXT('2D SPACE',''
  ) );
#6770 = FACE_BOUND('',#6771,.T.);
#6771 = EDGE_LOOP('',(#6772));
#6772 = ORIENTED_EDGE('',*,*,#6773,.T.);
#6773 = EDGE_CURVE('',#6774,#6774,#6776,.T.);
#6774 = VERTEX_POINT('',#6775);
#6775 = CARTESIAN_POINT('',(107.4,-90.45,0.));
#6776 = SURFACE_CURVE('',#6777,(#6782,#6793),.PCURVE_S1.);
#6777 = CIRCLE('',#6778,0.2);
#6778 = AXIS2_PLACEMENT_3D('',#6779,#6780,#6781);
#6779 = CARTESIAN_POINT('',(107.2,-90.45,0.));
#6780 = DIRECTION('',(0.,0.,1.));
#6781 = DIRECTION('',(1.,0.,-0.));
#6782 = PCURVE('',#144,#6783);
#6783 = DEFINITIONAL_REPRESENTATION('',(#6784),#6792);
#6784 = ( BOUNDED_CURVE() B_SPLINE_CURVE(2,(#6785,#6786,#6787,#6788,
#6789,#6790,#6791),.UNSPECIFIED.,.T.,.F.) B_SPLINE_CURVE_WITH_KNOTS((1,2
    ,2,2,2,1),(-2.094395102393,0.,2.094395102393,4.188790204786,
6.28318530718,8.377580409573),.UNSPECIFIED.) CURVE() 
GEOMETRIC_REPRESENTATION_ITEM() RATIONAL_B_SPLINE_CURVE((1.,0.5,1.,0.5,
1.,0.5,1.)) REPRESENTATION_ITEM('') );
#6785 = CARTESIAN_POINT('',(22.6,14.55));
#6786 = CARTESIAN_POINT('',(22.6,14.896410161514));
#6787 = CARTESIAN_POINT('',(22.9,14.723205080757));
#6788 = CARTESIAN_POINT('',(23.2,14.55));
#6789 = CARTESIAN_POINT('',(22.9,14.376794919243));
#6790 = CARTESIAN_POINT('',(22.6,14.203589838486));
#6791 = CARTESIAN_POINT('',(22.6,14.55));
#6792 = ( GEOMETRIC_REPRESENTATION_CONTEXT(2) 
PARAMETRIC_REPRESENTATION_CONTEXT() REPRESENTATION_CONTEXT('2D SPACE',''
  ) );
#6793 = PCURVE('',#6794,#6799);
#6794 = CYLINDRICAL_SURFACE('',#6795,0.2);
#6795 = AXIS2_PLACEMENT_3D('',#6796,#6797,#6798);
#6796 = CARTESIAN_POINT('',(107.2,-90.45,-1.E-02));
#6797 = DIRECTION('',(0.,0.,1.));
#6798 = DIRECTION('',(1.,0.,-0.));
#6799 = DEFINITIONAL_REPRESENTATION('',(#6800),#6804);
#6800 = LINE('',#6801,#6802);
#6801 = CARTESIAN_POINT('',(0.,1.E-02));
#6802 = VECTOR('',#6803,1.);
#6803 = DIRECTION('',(1.,0.));
#6804 = ( GEOMETRIC_REPRESENTATION_CONTEXT(2) 
PARAMETRIC_REPRESENTATION_CONTEXT() REPRESENTATION_CONTEXT('2D SPACE',''
  ) );
#6805 = FACE_BOUND('',#6806,.T.);
#6806 = EDGE_LOOP('',(#6807));
#6807 = ORIENTED_EDGE('',*,*,#6808,.T.);
#6808 = EDGE_CURVE('',#6809,#6809,#6811,.T.);
#6809 = VERTEX_POINT('',#6810);
#6810 = CARTESIAN_POINT('',(108.566726,-89.966726,0.));
#6811 = SURFACE_CURVE('',#6812,(#6817,#6828),.PCURVE_S1.);
#6812 = CIRCLE('',#6813,0.2);
#6813 = AXIS2_PLACEMENT_3D('',#6814,#6815,#6816);
#6814 = CARTESIAN_POINT('',(108.366726,-89.966726,0.));
#6815 = DIRECTION('',(0.,0.,1.));
#6816 = DIRECTION('',(1.,0.,-0.));
#6817 = PCURVE('',#144,#6818);
#6818 = DEFINITIONAL_REPRESENTATION('',(#6819),#6827);
#6819 = ( BOUNDED_CURVE() B_SPLINE_CURVE(2,(#6820,#6821,#6822,#6823,
#6824,#6825,#6826),.UNSPECIFIED.,.T.,.F.) B_SPLINE_CURVE_WITH_KNOTS((1,2
    ,2,2,2,1),(-2.094395102393,0.,2.094395102393,4.188790204786,
6.28318530718,8.377580409573),.UNSPECIFIED.) CURVE() 
GEOMETRIC_REPRESENTATION_ITEM() RATIONAL_B_SPLINE_CURVE((1.,0.5,1.,0.5,
1.,0.5,1.)) REPRESENTATION_ITEM('') );
#6820 = CARTESIAN_POINT('',(21.433274,15.033274));
#6821 = CARTESIAN_POINT('',(21.433274,15.379684161514));
#6822 = CARTESIAN_POINT('',(21.733274,15.206479080757));
#6823 = CARTESIAN_POINT('',(22.033274,15.033274));
#6824 = CARTESIAN_POINT('',(21.733274,14.860068919243));
#6825 = CARTESIAN_POINT('',(21.433274,14.686863838486));
#6826 = CARTESIAN_POINT('',(21.433274,15.033274));
#6827 = ( GEOMETRIC_REPRESENTATION_CONTEXT(2) 
PARAMETRIC_REPRESENTATION_CONTEXT() REPRESENTATION_CONTEXT('2D SPACE',''
  ) );
#6828 = PCURVE('',#6829,#6834);
#6829 = CYLINDRICAL_SURFACE('',#6830,0.2);
#6830 = AXIS2_PLACEMENT_3D('',#6831,#6832,#6833);
#6831 = CARTESIAN_POINT('',(108.366726,-89.966726,-1.E-02));
#6832 = DIRECTION('',(0.,0.,1.));
#6833 = DIRECTION('',(1.,0.,-0.));
#6834 = DEFINITIONAL_REPRESENTATION('',(#6835),#6839);
#6835 = LINE('',#6836,#6837);
#6836 = CARTESIAN_POINT('',(0.,1.E-02));
#6837 = VECTOR('',#6838,1.);
#6838 = DIRECTION('',(1.,0.));
#6839 = ( GEOMETRIC_REPRESENTATION_CONTEXT(2) 
PARAMETRIC_REPRESENTATION_CONTEXT() REPRESENTATION_CONTEXT('2D SPACE',''
  ) );
#6840 = FACE_BOUND('',#6841,.T.);
#6841 = EDGE_LOOP('',(#6842));
#6842 = ORIENTED_EDGE('',*,*,#6843,.T.);
#6843 = EDGE_CURVE('',#6844,#6844,#6846,.T.);
#6844 = VERTEX_POINT('',#6845);
#6845 = CARTESIAN_POINT('',(109.05,-88.8,0.));
#6846 = SURFACE_CURVE('',#6847,(#6852,#6863),.PCURVE_S1.);
#6847 = CIRCLE('',#6848,0.2);
#6848 = AXIS2_PLACEMENT_3D('',#6849,#6850,#6851);
#6849 = CARTESIAN_POINT('',(108.85,-88.8,0.));
#6850 = DIRECTION('',(0.,0.,1.));
#6851 = DIRECTION('',(1.,0.,-0.));
#6852 = PCURVE('',#144,#6853);
#6853 = DEFINITIONAL_REPRESENTATION('',(#6854),#6862);
#6854 = ( BOUNDED_CURVE() B_SPLINE_CURVE(2,(#6855,#6856,#6857,#6858,
#6859,#6860,#6861),.UNSPECIFIED.,.T.,.F.) B_SPLINE_CURVE_WITH_KNOTS((1,2
    ,2,2,2,1),(-2.094395102393,0.,2.094395102393,4.188790204786,
6.28318530718,8.377580409573),.UNSPECIFIED.) CURVE() 
GEOMETRIC_REPRESENTATION_ITEM() RATIONAL_B_SPLINE_CURVE((1.,0.5,1.,0.5,
1.,0.5,1.)) REPRESENTATION_ITEM('') );
#6855 = CARTESIAN_POINT('',(20.95,16.2));
#6856 = CARTESIAN_POINT('',(20.95,16.546410161514));
#6857 = CARTESIAN_POINT('',(21.25,16.373205080757));
#6858 = CARTESIAN_POINT('',(21.55,16.2));
#6859 = CARTESIAN_POINT('',(21.25,16.026794919243));
#6860 = CARTESIAN_POINT('',(20.95,15.853589838486));
#6861 = CARTESIAN_POINT('',(20.95,16.2));
#6862 = ( GEOMETRIC_REPRESENTATION_CONTEXT(2) 
PARAMETRIC_REPRESENTATION_CONTEXT() REPRESENTATION_CONTEXT('2D SPACE',''
  ) );
#6863 = PCURVE('',#6864,#6869);
#6864 = CYLINDRICAL_SURFACE('',#6865,0.2);
#6865 = AXIS2_PLACEMENT_3D('',#6866,#6867,#6868);
#6866 = CARTESIAN_POINT('',(108.85,-88.8,-1.E-02));
#6867 = DIRECTION('',(0.,0.,1.));
#6868 = DIRECTION('',(1.,0.,-0.));
#6869 = DEFINITIONAL_REPRESENTATION('',(#6870),#6874);
#6870 = LINE('',#6871,#6872);
#6871 = CARTESIAN_POINT('',(0.,1.E-02));
#6872 = VECTOR('',#6873,1.);
#6873 = DIRECTION('',(1.,0.));
#6874 = ( GEOMETRIC_REPRESENTATION_CONTEXT(2) 
PARAMETRIC_REPRESENTATION_CONTEXT() REPRESENTATION_CONTEXT('2D SPACE',''
  ) );
#6875 = FACE_BOUND('',#6876,.T.);
#6876 = EDGE_LOOP('',(#6877));
#6877 = ORIENTED_EDGE('',*,*,#6878,.T.);
#6878 = EDGE_CURVE('',#6879,#6879,#6881,.T.);
#6879 = VERTEX_POINT('',#6880);
#6880 = CARTESIAN_POINT('',(108.566726,-87.633274,0.));
#6881 = SURFACE_CURVE('',#6882,(#6887,#6898),.PCURVE_S1.);
#6882 = CIRCLE('',#6883,0.2);
#6883 = AXIS2_PLACEMENT_3D('',#6884,#6885,#6886);
#6884 = CARTESIAN_POINT('',(108.366726,-87.633274,0.));
#6885 = DIRECTION('',(0.,0.,1.));
#6886 = DIRECTION('',(1.,0.,-0.));
#6887 = PCURVE('',#144,#6888);
#6888 = DEFINITIONAL_REPRESENTATION('',(#6889),#6897);
#6889 = ( BOUNDED_CURVE() B_SPLINE_CURVE(2,(#6890,#6891,#6892,#6893,
#6894,#6895,#6896),.UNSPECIFIED.,.T.,.F.) B_SPLINE_CURVE_WITH_KNOTS((1,2
    ,2,2,2,1),(-2.094395102393,0.,2.094395102393,4.188790204786,
6.28318530718,8.377580409573),.UNSPECIFIED.) CURVE() 
GEOMETRIC_REPRESENTATION_ITEM() RATIONAL_B_SPLINE_CURVE((1.,0.5,1.,0.5,
1.,0.5,1.)) REPRESENTATION_ITEM('') );
#6890 = CARTESIAN_POINT('',(21.433274,17.366726));
#6891 = CARTESIAN_POINT('',(21.433274,17.713136161514));
#6892 = CARTESIAN_POINT('',(21.733274,17.539931080757));
#6893 = CARTESIAN_POINT('',(22.033274,17.366726));
#6894 = CARTESIAN_POINT('',(21.733274,17.193520919243));
#6895 = CARTESIAN_POINT('',(21.433274,17.020315838486));
#6896 = CARTESIAN_POINT('',(21.433274,17.366726));
#6897 = ( GEOMETRIC_REPRESENTATION_CONTEXT(2) 
PARAMETRIC_REPRESENTATION_CONTEXT() REPRESENTATION_CONTEXT('2D SPACE',''
  ) );
#6898 = PCURVE('',#6899,#6904);
#6899 = CYLINDRICAL_SURFACE('',#6900,0.2);
#6900 = AXIS2_PLACEMENT_3D('',#6901,#6902,#6903);
#6901 = CARTESIAN_POINT('',(108.366726,-87.633274,-1.E-02));
#6902 = DIRECTION('',(0.,0.,1.));
#6903 = DIRECTION('',(1.,0.,-0.));
#6904 = DEFINITIONAL_REPRESENTATION('',(#6905),#6909);
#6905 = LINE('',#6906,#6907);
#6906 = CARTESIAN_POINT('',(0.,1.E-02));
#6907 = VECTOR('',#6908,1.);
#6908 = DIRECTION('',(1.,0.));
#6909 = ( GEOMETRIC_REPRESENTATION_CONTEXT(2) 
PARAMETRIC_REPRESENTATION_CONTEXT() REPRESENTATION_CONTEXT('2D SPACE',''
  ) );
#6910 = FACE_BOUND('',#6911,.T.);
#6911 = EDGE_LOOP('',(#6912));
#6912 = ORIENTED_EDGE('',*,*,#6913,.T.);
#6913 = EDGE_CURVE('',#6914,#6914,#6916,.T.);
#6914 = VERTEX_POINT('',#6915);
#6915 = CARTESIAN_POINT('',(108.3,-88.8,0.));
#6916 = SURFACE_CURVE('',#6917,(#6922,#6933),.PCURVE_S1.);
#6917 = CIRCLE('',#6918,1.1);
#6918 = AXIS2_PLACEMENT_3D('',#6919,#6920,#6921);
#6919 = CARTESIAN_POINT('',(107.2,-88.8,0.));
#6920 = DIRECTION('',(0.,0.,1.));
#6921 = DIRECTION('',(1.,0.,-0.));
#6922 = PCURVE('',#144,#6923);
#6923 = DEFINITIONAL_REPRESENTATION('',(#6924),#6932);
#6924 = ( BOUNDED_CURVE() B_SPLINE_CURVE(2,(#6925,#6926,#6927,#6928,
#6929,#6930,#6931),.UNSPECIFIED.,.T.,.F.) B_SPLINE_CURVE_WITH_KNOTS((1,2
    ,2,2,2,1),(-2.094395102393,0.,2.094395102393,4.188790204786,
6.28318530718,8.377580409573),.UNSPECIFIED.) CURVE() 
GEOMETRIC_REPRESENTATION_ITEM() RATIONAL_B_SPLINE_CURVE((1.,0.5,1.,0.5,
1.,0.5,1.)) REPRESENTATION_ITEM('') );
#6925 = CARTESIAN_POINT('',(21.7,16.2));
#6926 = CARTESIAN_POINT('',(21.7,18.105255888326));
#6927 = CARTESIAN_POINT('',(23.35,17.152627944163));
#6928 = CARTESIAN_POINT('',(25.,16.2));
#6929 = CARTESIAN_POINT('',(23.35,15.247372055837));
#6930 = CARTESIAN_POINT('',(21.7,14.294744111674));
#6931 = CARTESIAN_POINT('',(21.7,16.2));
#6932 = ( GEOMETRIC_REPRESENTATION_CONTEXT(2) 
PARAMETRIC_REPRESENTATION_CONTEXT() REPRESENTATION_CONTEXT('2D SPACE',''
  ) );
#6933 = PCURVE('',#6934,#6939);
#6934 = CYLINDRICAL_SURFACE('',#6935,1.1);
#6935 = AXIS2_PLACEMENT_3D('',#6936,#6937,#6938);
#6936 = CARTESIAN_POINT('',(107.2,-88.8,-1.E-02));
#6937 = DIRECTION('',(0.,0.,1.));
#6938 = DIRECTION('',(1.,0.,-0.));
#6939 = DEFINITIONAL_REPRESENTATION('',(#6940),#6944);
#6940 = LINE('',#6941,#6942);
#6941 = CARTESIAN_POINT('',(0.,1.E-02));
#6942 = VECTOR('',#6943,1.);
#6943 = DIRECTION('',(1.,0.));
#6944 = ( GEOMETRIC_REPRESENTATION_CONTEXT(2) 
PARAMETRIC_REPRESENTATION_CONTEXT() REPRESENTATION_CONTEXT('2D SPACE',''
  ) );
#6945 = FACE_BOUND('',#6946,.T.);
#6946 = EDGE_LOOP('',(#6947));
#6947 = ORIENTED_EDGE('',*,*,#6948,.T.);
#6948 = EDGE_CURVE('',#6949,#6949,#6951,.T.);
#6949 = VERTEX_POINT('',#6950);
#6950 = CARTESIAN_POINT('',(106.233274,-89.966726,0.));
#6951 = SURFACE_CURVE('',#6952,(#6957,#6968),.PCURVE_S1.);
#6952 = CIRCLE('',#6953,0.2);
#6953 = AXIS2_PLACEMENT_3D('',#6954,#6955,#6956);
#6954 = CARTESIAN_POINT('',(106.033274,-89.966726,0.));
#6955 = DIRECTION('',(0.,0.,1.));
#6956 = DIRECTION('',(1.,0.,-0.));
#6957 = PCURVE('',#144,#6958);
#6958 = DEFINITIONAL_REPRESENTATION('',(#6959),#6967);
#6959 = ( BOUNDED_CURVE() B_SPLINE_CURVE(2,(#6960,#6961,#6962,#6963,
#6964,#6965,#6966),.UNSPECIFIED.,.T.,.F.) B_SPLINE_CURVE_WITH_KNOTS((1,2
    ,2,2,2,1),(-2.094395102393,0.,2.094395102393,4.188790204786,
6.28318530718,8.377580409573),.UNSPECIFIED.) CURVE() 
GEOMETRIC_REPRESENTATION_ITEM() RATIONAL_B_SPLINE_CURVE((1.,0.5,1.,0.5,
1.,0.5,1.)) REPRESENTATION_ITEM('') );
#6960 = CARTESIAN_POINT('',(23.766726,15.033274));
#6961 = CARTESIAN_POINT('',(23.766726,15.379684161514));
#6962 = CARTESIAN_POINT('',(24.066726,15.206479080757));
#6963 = CARTESIAN_POINT('',(24.366726,15.033274));
#6964 = CARTESIAN_POINT('',(24.066726,14.860068919243));
#6965 = CARTESIAN_POINT('',(23.766726,14.686863838486));
#6966 = CARTESIAN_POINT('',(23.766726,15.033274));
#6967 = ( GEOMETRIC_REPRESENTATION_CONTEXT(2) 
PARAMETRIC_REPRESENTATION_CONTEXT() REPRESENTATION_CONTEXT('2D SPACE',''
  ) );
#6968 = PCURVE('',#6969,#6974);
#6969 = CYLINDRICAL_SURFACE('',#6970,0.2);
#6970 = AXIS2_PLACEMENT_3D('',#6971,#6972,#6973);
#6971 = CARTESIAN_POINT('',(106.033274,-89.966726,-1.E-02));
#6972 = DIRECTION('',(0.,0.,1.));
#6973 = DIRECTION('',(1.,0.,-0.));
#6974 = DEFINITIONAL_REPRESENTATION('',(#6975),#6979);
#6975 = LINE('',#6976,#6977);
#6976 = CARTESIAN_POINT('',(0.,1.E-02));
#6977 = VECTOR('',#6978,1.);
#6978 = DIRECTION('',(1.,0.));
#6979 = ( GEOMETRIC_REPRESENTATION_CONTEXT(2) 
PARAMETRIC_REPRESENTATION_CONTEXT() REPRESENTATION_CONTEXT('2D SPACE',''
  ) );
#6980 = FACE_BOUND('',#6981,.T.);
#6981 = EDGE_LOOP('',(#6982));
#6982 = ORIENTED_EDGE('',*,*,#6983,.T.);
#6983 = EDGE_CURVE('',#6984,#6984,#6986,.T.);
#6984 = VERTEX_POINT('',#6985);
#6985 = CARTESIAN_POINT('',(105.75,-88.8,0.));
#6986 = SURFACE_CURVE('',#6987,(#6992,#7003),.PCURVE_S1.);
#6987 = CIRCLE('',#6988,0.2);
#6988 = AXIS2_PLACEMENT_3D('',#6989,#6990,#6991);
#6989 = CARTESIAN_POINT('',(105.55,-88.8,0.));
#6990 = DIRECTION('',(0.,0.,1.));
#6991 = DIRECTION('',(1.,0.,-0.));
#6992 = PCURVE('',#144,#6993);
#6993 = DEFINITIONAL_REPRESENTATION('',(#6994),#7002);
#6994 = ( BOUNDED_CURVE() B_SPLINE_CURVE(2,(#6995,#6996,#6997,#6998,
#6999,#7000,#7001),.UNSPECIFIED.,.T.,.F.) B_SPLINE_CURVE_WITH_KNOTS((1,2
    ,2,2,2,1),(-2.094395102393,0.,2.094395102393,4.188790204786,
6.28318530718,8.377580409573),.UNSPECIFIED.) CURVE() 
GEOMETRIC_REPRESENTATION_ITEM() RATIONAL_B_SPLINE_CURVE((1.,0.5,1.,0.5,
1.,0.5,1.)) REPRESENTATION_ITEM('') );
#6995 = CARTESIAN_POINT('',(24.25,16.2));
#6996 = CARTESIAN_POINT('',(24.25,16.546410161514));
#6997 = CARTESIAN_POINT('',(24.55,16.373205080757));
#6998 = CARTESIAN_POINT('',(24.85,16.2));
#6999 = CARTESIAN_POINT('',(24.55,16.026794919243));
#7000 = CARTESIAN_POINT('',(24.25,15.853589838486));
#7001 = CARTESIAN_POINT('',(24.25,16.2));
#7002 = ( GEOMETRIC_REPRESENTATION_CONTEXT(2) 
PARAMETRIC_REPRESENTATION_CONTEXT() REPRESENTATION_CONTEXT('2D SPACE',''
  ) );
#7003 = PCURVE('',#7004,#7009);
#7004 = CYLINDRICAL_SURFACE('',#7005,0.2);
#7005 = AXIS2_PLACEMENT_3D('',#7006,#7007,#7008);
#7006 = CARTESIAN_POINT('',(105.55,-88.8,-1.E-02));
#7007 = DIRECTION('',(0.,0.,1.));
#7008 = DIRECTION('',(1.,0.,-0.));
#7009 = DEFINITIONAL_REPRESENTATION('',(#7010),#7014);
#7010 = LINE('',#7011,#7012);
#7011 = CARTESIAN_POINT('',(0.,1.E-02));
#7012 = VECTOR('',#7013,1.);
#7013 = DIRECTION('',(1.,0.));
#7014 = ( GEOMETRIC_REPRESENTATION_CONTEXT(2) 
PARAMETRIC_REPRESENTATION_CONTEXT() REPRESENTATION_CONTEXT('2D SPACE',''
  ) );
#7015 = FACE_BOUND('',#7016,.T.);
#7016 = EDGE_LOOP('',(#7017));
#7017 = ORIENTED_EDGE('',*,*,#7018,.T.);
#7018 = EDGE_CURVE('',#7019,#7019,#7021,.T.);
#7019 = VERTEX_POINT('',#7020);
#7020 = CARTESIAN_POINT('',(106.233274,-87.633274,0.));
#7021 = SURFACE_CURVE('',#7022,(#7027,#7038),.PCURVE_S1.);
#7022 = CIRCLE('',#7023,0.2);
#7023 = AXIS2_PLACEMENT_3D('',#7024,#7025,#7026);
#7024 = CARTESIAN_POINT('',(106.033274,-87.633274,0.));
#7025 = DIRECTION('',(0.,0.,1.));
#7026 = DIRECTION('',(1.,0.,-0.));
#7027 = PCURVE('',#144,#7028);
#7028 = DEFINITIONAL_REPRESENTATION('',(#7029),#7037);
#7029 = ( BOUNDED_CURVE() B_SPLINE_CURVE(2,(#7030,#7031,#7032,#7033,
#7034,#7035,#7036),.UNSPECIFIED.,.T.,.F.) B_SPLINE_CURVE_WITH_KNOTS((1,2
    ,2,2,2,1),(-2.094395102393,0.,2.094395102393,4.188790204786,
6.28318530718,8.377580409573),.UNSPECIFIED.) CURVE() 
GEOMETRIC_REPRESENTATION_ITEM() RATIONAL_B_SPLINE_CURVE((1.,0.5,1.,0.5,
1.,0.5,1.)) REPRESENTATION_ITEM('') );
#7030 = CARTESIAN_POINT('',(23.766726,17.366726));
#7031 = CARTESIAN_POINT('',(23.766726,17.713136161514));
#7032 = CARTESIAN_POINT('',(24.066726,17.539931080757));
#7033 = CARTESIAN_POINT('',(24.366726,17.366726));
#7034 = CARTESIAN_POINT('',(24.066726,17.193520919243));
#7035 = CARTESIAN_POINT('',(23.766726,17.020315838486));
#7036 = CARTESIAN_POINT('',(23.766726,17.366726));
#7037 = ( GEOMETRIC_REPRESENTATION_CONTEXT(2) 
PARAMETRIC_REPRESENTATION_CONTEXT() REPRESENTATION_CONTEXT('2D SPACE',''
  ) );
#7038 = PCURVE('',#7039,#7044);
#7039 = CYLINDRICAL_SURFACE('',#7040,0.2);
#7040 = AXIS2_PLACEMENT_3D('',#7041,#7042,#7043);
#7041 = CARTESIAN_POINT('',(106.033274,-87.633274,-1.E-02));
#7042 = DIRECTION('',(0.,0.,1.));
#7043 = DIRECTION('',(1.,0.,-0.));
#7044 = DEFINITIONAL_REPRESENTATION('',(#7045),#7049);
#7045 = LINE('',#7046,#7047);
#7046 = CARTESIAN_POINT('',(0.,1.E-02));
#7047 = VECTOR('',#7048,1.);
#7048 = DIRECTION('',(1.,0.));
#7049 = ( GEOMETRIC_REPRESENTATION_CONTEXT(2) 
PARAMETRIC_REPRESENTATION_CONTEXT() REPRESENTATION_CONTEXT('2D SPACE',''
  ) );
#7050 = FACE_BOUND('',#7051,.T.);
#7051 = EDGE_LOOP('',(#7052));
#7052 = ORIENTED_EDGE('',*,*,#7053,.T.);
#7053 = EDGE_CURVE('',#7054,#7054,#7056,.T.);
#7054 = VERTEX_POINT('',#7055);
#7055 = CARTESIAN_POINT('',(113.1,-87.05,0.));
#7056 = SURFACE_CURVE('',#7057,(#7062,#7073),.PCURVE_S1.);
#7057 = CIRCLE('',#7058,0.1);
#7058 = AXIS2_PLACEMENT_3D('',#7059,#7060,#7061);
#7059 = CARTESIAN_POINT('',(113.,-87.05,0.));
#7060 = DIRECTION('',(0.,0.,1.));
#7061 = DIRECTION('',(1.,0.,-0.));
#7062 = PCURVE('',#144,#7063);
#7063 = DEFINITIONAL_REPRESENTATION('',(#7064),#7072);
#7064 = ( BOUNDED_CURVE() B_SPLINE_CURVE(2,(#7065,#7066,#7067,#7068,
#7069,#7070,#7071),.UNSPECIFIED.,.T.,.F.) B_SPLINE_CURVE_WITH_KNOTS((1,2
    ,2,2,2,1),(-2.094395102393,0.,2.094395102393,4.188790204786,
6.28318530718,8.377580409573),.UNSPECIFIED.) CURVE() 
GEOMETRIC_REPRESENTATION_ITEM() RATIONAL_B_SPLINE_CURVE((1.,0.5,1.,0.5,
1.,0.5,1.)) REPRESENTATION_ITEM('') );
#7065 = CARTESIAN_POINT('',(16.9,17.95));
#7066 = CARTESIAN_POINT('',(16.9,18.123205080757));
#7067 = CARTESIAN_POINT('',(17.05,18.036602540378));
#7068 = CARTESIAN_POINT('',(17.2,17.95));
#7069 = CARTESIAN_POINT('',(17.05,17.863397459622));
#7070 = CARTESIAN_POINT('',(16.9,17.776794919243));
#7071 = CARTESIAN_POINT('',(16.9,17.95));
#7072 = ( GEOMETRIC_REPRESENTATION_CONTEXT(2) 
PARAMETRIC_REPRESENTATION_CONTEXT() REPRESENTATION_CONTEXT('2D SPACE',''
  ) );
#7073 = PCURVE('',#7074,#7079);
#7074 = CYLINDRICAL_SURFACE('',#7075,0.1);
#7075 = AXIS2_PLACEMENT_3D('',#7076,#7077,#7078);
#7076 = CARTESIAN_POINT('',(113.,-87.05,-1.E-02));
#7077 = DIRECTION('',(0.,0.,1.));
#7078 = DIRECTION('',(1.,0.,-0.));
#7079 = DEFINITIONAL_REPRESENTATION('',(#7080),#7084);
#7080 = LINE('',#7081,#7082);
#7081 = CARTESIAN_POINT('',(0.,1.E-02));
#7082 = VECTOR('',#7083,1.);
#7083 = DIRECTION('',(1.,0.));
#7084 = ( GEOMETRIC_REPRESENTATION_CONTEXT(2) 
PARAMETRIC_REPRESENTATION_CONTEXT() REPRESENTATION_CONTEXT('2D SPACE',''
  ) );
#7085 = FACE_BOUND('',#7086,.T.);
#7086 = EDGE_LOOP('',(#7087));
#7087 = ORIENTED_EDGE('',*,*,#7088,.T.);
#7088 = EDGE_CURVE('',#7089,#7089,#7091,.T.);
#7089 = VERTEX_POINT('',#7090);
#7090 = CARTESIAN_POINT('',(107.4,-87.15,0.));
#7091 = SURFACE_CURVE('',#7092,(#7097,#7108),.PCURVE_S1.);
#7092 = CIRCLE('',#7093,0.2);
#7093 = AXIS2_PLACEMENT_3D('',#7094,#7095,#7096);
#7094 = CARTESIAN_POINT('',(107.2,-87.15,0.));
#7095 = DIRECTION('',(0.,0.,1.));
#7096 = DIRECTION('',(1.,0.,-0.));
#7097 = PCURVE('',#144,#7098);
#7098 = DEFINITIONAL_REPRESENTATION('',(#7099),#7107);
#7099 = ( BOUNDED_CURVE() B_SPLINE_CURVE(2,(#7100,#7101,#7102,#7103,
#7104,#7105,#7106),.UNSPECIFIED.,.T.,.F.) B_SPLINE_CURVE_WITH_KNOTS((1,2
    ,2,2,2,1),(-2.094395102393,0.,2.094395102393,4.188790204786,
6.28318530718,8.377580409573),.UNSPECIFIED.) CURVE() 
GEOMETRIC_REPRESENTATION_ITEM() RATIONAL_B_SPLINE_CURVE((1.,0.5,1.,0.5,
1.,0.5,1.)) REPRESENTATION_ITEM('') );
#7100 = CARTESIAN_POINT('',(22.6,17.85));
#7101 = CARTESIAN_POINT('',(22.6,18.196410161514));
#7102 = CARTESIAN_POINT('',(22.9,18.023205080757));
#7103 = CARTESIAN_POINT('',(23.2,17.85));
#7104 = CARTESIAN_POINT('',(22.9,17.676794919243));
#7105 = CARTESIAN_POINT('',(22.6,17.503589838486));
#7106 = CARTESIAN_POINT('',(22.6,17.85));
#7107 = ( GEOMETRIC_REPRESENTATION_CONTEXT(2) 
PARAMETRIC_REPRESENTATION_CONTEXT() REPRESENTATION_CONTEXT('2D SPACE',''
  ) );
#7108 = PCURVE('',#7109,#7114);
#7109 = CYLINDRICAL_SURFACE('',#7110,0.2);
#7110 = AXIS2_PLACEMENT_3D('',#7111,#7112,#7113);
#7111 = CARTESIAN_POINT('',(107.2,-87.15,-1.E-02));
#7112 = DIRECTION('',(0.,0.,1.));
#7113 = DIRECTION('',(1.,0.,-0.));
#7114 = DEFINITIONAL_REPRESENTATION('',(#7115),#7119);
#7115 = LINE('',#7116,#7117);
#7116 = CARTESIAN_POINT('',(0.,1.E-02));
#7117 = VECTOR('',#7118,1.);
#7118 = DIRECTION('',(1.,0.));
#7119 = ( GEOMETRIC_REPRESENTATION_CONTEXT(2) 
PARAMETRIC_REPRESENTATION_CONTEXT() REPRESENTATION_CONTEXT('2D SPACE',''
  ) );
#7120 = ADVANCED_FACE('',(#7121,#9815,#9845,#9875,#9905,#9935,#9965,
    #9995,#10025,#10055,#10085,#10115,#10145,#10175,#10205,#10235,#10265
    ,#10295,#10325,#10355,#10385,#10415,#10445,#10475,#10897,#10927,
    #11349,#11379,#11801,#12223,#12253,#12283,#12313,#12343,#12373,
    #12403,#12433,#12463,#12493,#12523,#12553,#12583),#90,.F.);
#7121 = FACE_BOUND('',#7122,.F.);
#7122 = EDGE_LOOP('',(#7123,#7124,#7125,#7148,#7171,#7194,#7217,#7240,
    #7263,#7286,#7309,#7332,#7355,#7378,#7401,#7424,#7447,#7470,#7493,
    #7516,#7539,#7562,#7585,#7608,#7631,#7654,#7677,#7700,#7723,#7746,
    #7769,#7792,#7815,#7838,#7861,#7884,#7907,#7930,#7953,#7976,#7999,
    #8022,#8045,#8068,#8091,#8114,#8137,#8160,#8183,#8206,#8229,#8252,
    #8275,#8298,#8321,#8344,#8367,#8390,#8413,#8436,#8459,#8482,#8505,
    #8528,#8551,#8574,#8597,#8620,#8643,#8666,#8689,#8712,#8735,#8758,
    #8781,#8804,#8827,#8850,#8873,#8896,#8919,#8942,#8965,#8988,#9011,
    #9034,#9057,#9080,#9103,#9126,#9149,#9172,#9195,#9218,#9241,#9264,
    #9287,#9310,#9333,#9356,#9379,#9402,#9425,#9448,#9471,#9494,#9517,
    #9540,#9563,#9586,#9609,#9632,#9655,#9678,#9701,#9724,#9747,#9770,
    #9793,#9814));
#7123 = ORIENTED_EDGE('',*,*,#74,.T.);
#7124 = ORIENTED_EDGE('',*,*,#236,.T.);
#7125 = ORIENTED_EDGE('',*,*,#7126,.T.);
#7126 = EDGE_CURVE('',#237,#7127,#7129,.T.);
#7127 = VERTEX_POINT('',#7128);
#7128 = CARTESIAN_POINT('',(149.009586,-80.327312,1.6));
#7129 = SURFACE_CURVE('',#7130,(#7134,#7141),.PCURVE_S1.);
#7130 = LINE('',#7131,#7132);
#7131 = CARTESIAN_POINT('',(148.264948,-80.184429,1.6));
#7132 = VECTOR('',#7133,1.);
#7133 = DIRECTION('',(0.98208380359,-0.188444694077,0.));
#7134 = PCURVE('',#90,#7135);
#7135 = DEFINITIONAL_REPRESENTATION('',(#7136),#7140);
#7136 = LINE('',#7137,#7138);
#7137 = CARTESIAN_POINT('',(-18.264948,24.815571));
#7138 = VECTOR('',#7139,1.);
#7139 = DIRECTION('',(-0.98208380359,-0.188444694077));
#7140 = ( GEOMETRIC_REPRESENTATION_CONTEXT(2) 
PARAMETRIC_REPRESENTATION_CONTEXT() REPRESENTATION_CONTEXT('2D SPACE',''
  ) );
#7141 = PCURVE('',#275,#7142);
#7142 = DEFINITIONAL_REPRESENTATION('',(#7143),#7147);
#7143 = LINE('',#7144,#7145);
#7144 = CARTESIAN_POINT('',(0.,-1.6));
#7145 = VECTOR('',#7146,1.);
#7146 = DIRECTION('',(1.,0.));
#7147 = ( GEOMETRIC_REPRESENTATION_CONTEXT(2) 
PARAMETRIC_REPRESENTATION_CONTEXT() REPRESENTATION_CONTEXT('2D SPACE',''
  ) );
#7148 = ORIENTED_EDGE('',*,*,#7149,.T.);
#7149 = EDGE_CURVE('',#7127,#7150,#7152,.T.);
#7150 = VERTEX_POINT('',#7151);
#7151 = CARTESIAN_POINT('',(149.745397,-80.5103,1.6));
#7152 = SURFACE_CURVE('',#7153,(#7157,#7164),.PCURVE_S1.);
#7153 = LINE('',#7154,#7155);
#7154 = CARTESIAN_POINT('',(149.009586,-80.327312,1.6));
#7155 = VECTOR('',#7156,1.);
#7156 = DIRECTION('',(0.970441145165,-0.241337903716,0.));
#7157 = PCURVE('',#90,#7158);
#7158 = DEFINITIONAL_REPRESENTATION('',(#7159),#7163);
#7159 = LINE('',#7160,#7161);
#7160 = CARTESIAN_POINT('',(-19.009586,24.672688));
#7161 = VECTOR('',#7162,1.);
#7162 = DIRECTION('',(-0.970441145165,-0.241337903716));
#7163 = ( GEOMETRIC_REPRESENTATION_CONTEXT(2) 
PARAMETRIC_REPRESENTATION_CONTEXT() REPRESENTATION_CONTEXT('2D SPACE',''
  ) );
#7164 = PCURVE('',#352,#7165);
#7165 = DEFINITIONAL_REPRESENTATION('',(#7166),#7170);
#7166 = LINE('',#7167,#7168);
#7167 = CARTESIAN_POINT('',(0.,-1.6));
#7168 = VECTOR('',#7169,1.);
#7169 = DIRECTION('',(1.,0.));
#7170 = ( GEOMETRIC_REPRESENTATION_CONTEXT(2) 
PARAMETRIC_REPRESENTATION_CONTEXT() REPRESENTATION_CONTEXT('2D SPACE',''
  ) );
#7171 = ORIENTED_EDGE('',*,*,#7172,.T.);
#7172 = EDGE_CURVE('',#7150,#7173,#7175,.T.);
#7173 = VERTEX_POINT('',#7174);
#7174 = CARTESIAN_POINT('',(150.470221,-80.732856,1.6));
#7175 = SURFACE_CURVE('',#7176,(#7180,#7187),.PCURVE_S1.);
#7176 = LINE('',#7177,#7178);
#7177 = CARTESIAN_POINT('',(149.745397,-80.5103,1.6));
#7178 = VECTOR('',#7179,1.);
#7179 = DIRECTION('',(0.955951879609,-0.293523429851,0.));
#7180 = PCURVE('',#90,#7181);
#7181 = DEFINITIONAL_REPRESENTATION('',(#7182),#7186);
#7182 = LINE('',#7183,#7184);
#7183 = CARTESIAN_POINT('',(-19.745397,24.4897));
#7184 = VECTOR('',#7185,1.);
#7185 = DIRECTION('',(-0.955951879609,-0.293523429851));
#7186 = ( GEOMETRIC_REPRESENTATION_CONTEXT(2) 
PARAMETRIC_REPRESENTATION_CONTEXT() REPRESENTATION_CONTEXT('2D SPACE',''
  ) );
#7187 = PCURVE('',#380,#7188);
#7188 = DEFINITIONAL_REPRESENTATION('',(#7189),#7193);
#7189 = LINE('',#7190,#7191);
#7190 = CARTESIAN_POINT('',(0.,-1.6));
#7191 = VECTOR('',#7192,1.);
#7192 = DIRECTION('',(1.,0.));
#7193 = ( GEOMETRIC_REPRESENTATION_CONTEXT(2) 
PARAMETRIC_REPRESENTATION_CONTEXT() REPRESENTATION_CONTEXT('2D SPACE',''
  ) );
#7194 = ORIENTED_EDGE('',*,*,#7195,.T.);
#7195 = EDGE_CURVE('',#7173,#7196,#7198,.T.);
#7196 = VERTEX_POINT('',#7197);
#7197 = CARTESIAN_POINT('',(151.181934,-80.994326,1.6));
#7198 = SURFACE_CURVE('',#7199,(#7203,#7210),.PCURVE_S1.);
#7199 = LINE('',#7200,#7201);
#7200 = CARTESIAN_POINT('',(150.470221,-80.732856,1.6));
#7201 = VECTOR('',#7202,1.);
#7202 = DIRECTION('',(0.938659339746,-0.344845826286,0.));
#7203 = PCURVE('',#90,#7204);
#7204 = DEFINITIONAL_REPRESENTATION('',(#7205),#7209);
#7205 = LINE('',#7206,#7207);
#7206 = CARTESIAN_POINT('',(-20.470221,24.267144));
#7207 = VECTOR('',#7208,1.);
#7208 = DIRECTION('',(-0.938659339746,-0.344845826286));
#7209 = ( GEOMETRIC_REPRESENTATION_CONTEXT(2) 
PARAMETRIC_REPRESENTATION_CONTEXT() REPRESENTATION_CONTEXT('2D SPACE',''
  ) );
#7210 = PCURVE('',#408,#7211);
#7211 = DEFINITIONAL_REPRESENTATION('',(#7212),#7216);
#7212 = LINE('',#7213,#7214);
#7213 = CARTESIAN_POINT('',(0.,-1.6));
#7214 = VECTOR('',#7215,1.);
#7215 = DIRECTION('',(1.,0.));
#7216 = ( GEOMETRIC_REPRESENTATION_CONTEXT(2) 
PARAMETRIC_REPRESENTATION_CONTEXT() REPRESENTATION_CONTEXT('2D SPACE',''
  ) );
#7217 = ORIENTED_EDGE('',*,*,#7218,.T.);
#7218 = EDGE_CURVE('',#7196,#7219,#7221,.T.);
#7219 = VERTEX_POINT('',#7220);
#7220 = CARTESIAN_POINT('',(151.878447,-81.293944,1.6));
#7221 = SURFACE_CURVE('',#7222,(#7226,#7233),.PCURVE_S1.);
#7222 = LINE('',#7223,#7224);
#7223 = CARTESIAN_POINT('',(151.181934,-80.994326,1.6));
#7224 = VECTOR('',#7225,1.);
#7225 = DIRECTION('',(0.918612983605,-0.395158431963,0.));
#7226 = PCURVE('',#90,#7227);
#7227 = DEFINITIONAL_REPRESENTATION('',(#7228),#7232);
#7228 = LINE('',#7229,#7230);
#7229 = CARTESIAN_POINT('',(-21.181934,24.005674));
#7230 = VECTOR('',#7231,1.);
#7231 = DIRECTION('',(-0.918612983605,-0.395158431963));
#7232 = ( GEOMETRIC_REPRESENTATION_CONTEXT(2) 
PARAMETRIC_REPRESENTATION_CONTEXT() REPRESENTATION_CONTEXT('2D SPACE',''
  ) );
#7233 = PCURVE('',#436,#7234);
#7234 = DEFINITIONAL_REPRESENTATION('',(#7235),#7239);
#7235 = LINE('',#7236,#7237);
#7236 = CARTESIAN_POINT('',(0.,-1.6));
#7237 = VECTOR('',#7238,1.);
#7238 = DIRECTION('',(1.,0.));
#7239 = ( GEOMETRIC_REPRESENTATION_CONTEXT(2) 
PARAMETRIC_REPRESENTATION_CONTEXT() REPRESENTATION_CONTEXT('2D SPACE',''
  ) );
#7240 = ORIENTED_EDGE('',*,*,#7241,.T.);
#7241 = EDGE_CURVE('',#7219,#7242,#7244,.T.);
#7242 = VERTEX_POINT('',#7243);
#7243 = CARTESIAN_POINT('',(152.557718,-81.630831,1.6));
#7244 = SURFACE_CURVE('',#7245,(#7249,#7256),.PCURVE_S1.);
#7245 = LINE('',#7246,#7247);
#7246 = CARTESIAN_POINT('',(151.878447,-81.293944,1.6));
#7247 = VECTOR('',#7248,1.);
#7248 = DIRECTION('',(0.895872459279,-0.444311306075,0.));
#7249 = PCURVE('',#90,#7250);
#7250 = DEFINITIONAL_REPRESENTATION('',(#7251),#7255);
#7251 = LINE('',#7252,#7253);
#7252 = CARTESIAN_POINT('',(-21.878447,23.706056));
#7253 = VECTOR('',#7254,1.);
#7254 = DIRECTION('',(-0.895872459279,-0.444311306075));
#7255 = ( GEOMETRIC_REPRESENTATION_CONTEXT(2) 
PARAMETRIC_REPRESENTATION_CONTEXT() REPRESENTATION_CONTEXT('2D SPACE',''
  ) );
#7256 = PCURVE('',#464,#7257);
#7257 = DEFINITIONAL_REPRESENTATION('',(#7258),#7262);
#7258 = LINE('',#7259,#7260);
#7259 = CARTESIAN_POINT('',(0.,-1.6));
#7260 = VECTOR('',#7261,1.);
#7261 = DIRECTION('',(1.,0.));
#7262 = ( GEOMETRIC_REPRESENTATION_CONTEXT(2) 
PARAMETRIC_REPRESENTATION_CONTEXT() REPRESENTATION_CONTEXT('2D SPACE',''
  ) );
#7263 = ORIENTED_EDGE('',*,*,#7264,.T.);
#7264 = EDGE_CURVE('',#7242,#7265,#7267,.T.);
#7265 = VERTEX_POINT('',#7266);
#7266 = CARTESIAN_POINT('',(153.217754,-82.004,1.6));
#7267 = SURFACE_CURVE('',#7268,(#7272,#7279),.PCURVE_S1.);
#7268 = LINE('',#7269,#7270);
#7269 = CARTESIAN_POINT('',(152.557718,-81.630831,1.6));
#7270 = VECTOR('',#7271,1.);
#7271 = DIRECTION('',(0.870503413193,-0.492162379321,0.));
#7272 = PCURVE('',#90,#7273);
#7273 = DEFINITIONAL_REPRESENTATION('',(#7274),#7278);
#7274 = LINE('',#7275,#7276);
#7275 = CARTESIAN_POINT('',(-22.557718,23.369169));
#7276 = VECTOR('',#7277,1.);
#7277 = DIRECTION('',(-0.870503413193,-0.492162379321));
#7278 = ( GEOMETRIC_REPRESENTATION_CONTEXT(2) 
PARAMETRIC_REPRESENTATION_CONTEXT() REPRESENTATION_CONTEXT('2D SPACE',''
  ) );
#7279 = PCURVE('',#492,#7280);
#7280 = DEFINITIONAL_REPRESENTATION('',(#7281),#7285);
#7281 = LINE('',#7282,#7283);
#7282 = CARTESIAN_POINT('',(0.,-1.6));
#7283 = VECTOR('',#7284,1.);
#7284 = DIRECTION('',(1.,0.));
#7285 = ( GEOMETRIC_REPRESENTATION_CONTEXT(2) 
PARAMETRIC_REPRESENTATION_CONTEXT() REPRESENTATION_CONTEXT('2D SPACE',''
  ) );
#7286 = ORIENTED_EDGE('',*,*,#7287,.T.);
#7287 = EDGE_CURVE('',#7265,#7288,#7290,.T.);
#7288 = VERTEX_POINT('',#7289);
#7289 = CARTESIAN_POINT('',(153.856619,-82.412354,1.6));
#7290 = SURFACE_CURVE('',#7291,(#7295,#7302),.PCURVE_S1.);
#7291 = LINE('',#7292,#7293);
#7292 = CARTESIAN_POINT('',(153.217754,-82.004,1.6));
#7293 = VECTOR('',#7294,1.);
#7294 = DIRECTION('',(0.842582400834,-0.538567449634,0.));
#7295 = PCURVE('',#90,#7296);
#7296 = DEFINITIONAL_REPRESENTATION('',(#7297),#7301);
#7297 = LINE('',#7298,#7299);
#7298 = CARTESIAN_POINT('',(-23.217754,22.996));
#7299 = VECTOR('',#7300,1.);
#7300 = DIRECTION('',(-0.842582400834,-0.538567449634));
#7301 = ( GEOMETRIC_REPRESENTATION_CONTEXT(2) 
PARAMETRIC_REPRESENTATION_CONTEXT() REPRESENTATION_CONTEXT('2D SPACE',''
  ) );
#7302 = PCURVE('',#520,#7303);
#7303 = DEFINITIONAL_REPRESENTATION('',(#7304),#7308);
#7304 = LINE('',#7305,#7306);
#7305 = CARTESIAN_POINT('',(0.,-1.6));
#7306 = VECTOR('',#7307,1.);
#7307 = DIRECTION('',(1.,0.));
#7308 = ( GEOMETRIC_REPRESENTATION_CONTEXT(2) 
PARAMETRIC_REPRESENTATION_CONTEXT() REPRESENTATION_CONTEXT('2D SPACE',''
  ) );
#7309 = ORIENTED_EDGE('',*,*,#7310,.T.);
#7310 = EDGE_CURVE('',#7288,#7311,#7313,.T.);
#7311 = VERTEX_POINT('',#7312);
#7312 = CARTESIAN_POINT('',(154.472439,-82.854697,1.6));
#7313 = SURFACE_CURVE('',#7314,(#7318,#7325),.PCURVE_S1.);
#7314 = LINE('',#7315,#7316);
#7315 = CARTESIAN_POINT('',(153.856619,-82.412354,1.6));
#7316 = VECTOR('',#7317,1.);
#7317 = DIRECTION('',(0.812188862896,-0.583394592868,0.));
#7318 = PCURVE('',#90,#7319);
#7319 = DEFINITIONAL_REPRESENTATION('',(#7320),#7324);
#7320 = LINE('',#7321,#7322);
#7321 = CARTESIAN_POINT('',(-23.856619,22.587646));
#7322 = VECTOR('',#7323,1.);
#7323 = DIRECTION('',(-0.812188862896,-0.583394592868));
#7324 = ( GEOMETRIC_REPRESENTATION_CONTEXT(2) 
PARAMETRIC_REPRESENTATION_CONTEXT() REPRESENTATION_CONTEXT('2D SPACE',''
  ) );
#7325 = PCURVE('',#548,#7326);
#7326 = DEFINITIONAL_REPRESENTATION('',(#7327),#7331);
#7327 = LINE('',#7328,#7329);
#7328 = CARTESIAN_POINT('',(0.,-1.6));
#7329 = VECTOR('',#7330,1.);
#7330 = DIRECTION('',(1.,0.));
#7331 = ( GEOMETRIC_REPRESENTATION_CONTEXT(2) 
PARAMETRIC_REPRESENTATION_CONTEXT() REPRESENTATION_CONTEXT('2D SPACE',''
  ) );
#7332 = ORIENTED_EDGE('',*,*,#7333,.T.);
#7333 = EDGE_CURVE('',#7311,#7334,#7336,.T.);
#7334 = VERTEX_POINT('',#7335);
#7335 = CARTESIAN_POINT('',(155.063408,-83.329731,1.6));
#7336 = SURFACE_CURVE('',#7337,(#7341,#7348),.PCURVE_S1.);
#7337 = LINE('',#7338,#7339);
#7338 = CARTESIAN_POINT('',(154.472439,-82.854697,1.6));
#7339 = VECTOR('',#7340,1.);
#7340 = DIRECTION('',(0.779413490755,-0.626509864591,0.));
#7341 = PCURVE('',#90,#7342);
#7342 = DEFINITIONAL_REPRESENTATION('',(#7343),#7347);
#7343 = LINE('',#7344,#7345);
#7344 = CARTESIAN_POINT('',(-24.472439,22.145303));
#7345 = VECTOR('',#7346,1.);
#7346 = DIRECTION('',(-0.779413490755,-0.626509864591));
#7347 = ( GEOMETRIC_REPRESENTATION_CONTEXT(2) 
PARAMETRIC_REPRESENTATION_CONTEXT() REPRESENTATION_CONTEXT('2D SPACE',''
  ) );
#7348 = PCURVE('',#576,#7349);
#7349 = DEFINITIONAL_REPRESENTATION('',(#7350),#7354);
#7350 = LINE('',#7351,#7352);
#7351 = CARTESIAN_POINT('',(0.,-1.6));
#7352 = VECTOR('',#7353,1.);
#7353 = DIRECTION('',(1.,0.));
#7354 = ( GEOMETRIC_REPRESENTATION_CONTEXT(2) 
PARAMETRIC_REPRESENTATION_CONTEXT() REPRESENTATION_CONTEXT('2D SPACE',''
  ) );
#7355 = ORIENTED_EDGE('',*,*,#7356,.T.);
#7356 = EDGE_CURVE('',#7334,#7357,#7359,.T.);
#7357 = VERTEX_POINT('',#7358);
#7358 = CARTESIAN_POINT('',(155.627792,-83.836063,1.6));
#7359 = SURFACE_CURVE('',#7360,(#7364,#7371),.PCURVE_S1.);
#7360 = LINE('',#7361,#7362);
#7361 = CARTESIAN_POINT('',(155.063408,-83.329731,1.6));
#7362 = VECTOR('',#7363,1.);
#7363 = DIRECTION('',(0.744351405063,-0.667788129409,0.));
#7364 = PCURVE('',#90,#7365);
#7365 = DEFINITIONAL_REPRESENTATION('',(#7366),#7370);
#7366 = LINE('',#7367,#7368);
#7367 = CARTESIAN_POINT('',(-25.063408,21.670269));
#7368 = VECTOR('',#7369,1.);
#7369 = DIRECTION('',(-0.744351405063,-0.667788129409));
#7370 = ( GEOMETRIC_REPRESENTATION_CONTEXT(2) 
PARAMETRIC_REPRESENTATION_CONTEXT() REPRESENTATION_CONTEXT('2D SPACE',''
  ) );
#7371 = PCURVE('',#604,#7372);
#7372 = DEFINITIONAL_REPRESENTATION('',(#7373),#7377);
#7373 = LINE('',#7374,#7375);
#7374 = CARTESIAN_POINT('',(0.,-1.6));
#7375 = VECTOR('',#7376,1.);
#7376 = DIRECTION('',(1.,0.));
#7377 = ( GEOMETRIC_REPRESENTATION_CONTEXT(2) 
PARAMETRIC_REPRESENTATION_CONTEXT() REPRESENTATION_CONTEXT('2D SPACE',''
  ) );
#7378 = ORIENTED_EDGE('',*,*,#7379,.T.);
#7379 = EDGE_CURVE('',#7357,#7380,#7382,.T.);
#7380 = VERTEX_POINT('',#7381);
#7381 = CARTESIAN_POINT('',(156.163937,-84.372208,1.6));
#7382 = SURFACE_CURVE('',#7383,(#7387,#7394),.PCURVE_S1.);
#7383 = LINE('',#7384,#7385);
#7384 = CARTESIAN_POINT('',(155.627792,-83.836063,1.6));
#7385 = VECTOR('',#7386,1.);
#7386 = DIRECTION('',(0.707106781187,-0.707106781187,0.));
#7387 = PCURVE('',#90,#7388);
#7388 = DEFINITIONAL_REPRESENTATION('',(#7389),#7393);
#7389 = LINE('',#7390,#7391);
#7390 = CARTESIAN_POINT('',(-25.627792,21.163937));
#7391 = VECTOR('',#7392,1.);
#7392 = DIRECTION('',(-0.707106781187,-0.707106781187));
#7393 = ( GEOMETRIC_REPRESENTATION_CONTEXT(2) 
PARAMETRIC_REPRESENTATION_CONTEXT() REPRESENTATION_CONTEXT('2D SPACE',''
  ) );
#7394 = PCURVE('',#632,#7395);
#7395 = DEFINITIONAL_REPRESENTATION('',(#7396),#7400);
#7396 = LINE('',#7397,#7398);
#7397 = CARTESIAN_POINT('',(0.,-1.6));
#7398 = VECTOR('',#7399,1.);
#7399 = DIRECTION('',(1.,0.));
#7400 = ( GEOMETRIC_REPRESENTATION_CONTEXT(2) 
PARAMETRIC_REPRESENTATION_CONTEXT() REPRESENTATION_CONTEXT('2D SPACE',''
  ) );
#7401 = ORIENTED_EDGE('',*,*,#7402,.T.);
#7402 = EDGE_CURVE('',#7380,#7403,#7405,.T.);
#7403 = VERTEX_POINT('',#7404);
#7404 = CARTESIAN_POINT('',(156.670269,-84.936592,1.6));
#7405 = SURFACE_CURVE('',#7406,(#7410,#7417),.PCURVE_S1.);
#7406 = LINE('',#7407,#7408);
#7407 = CARTESIAN_POINT('',(156.163937,-84.372208,1.6));
#7408 = VECTOR('',#7409,1.);
#7409 = DIRECTION('',(0.667788129409,-0.744351405063,0.));
#7410 = PCURVE('',#90,#7411);
#7411 = DEFINITIONAL_REPRESENTATION('',(#7412),#7416);
#7412 = LINE('',#7413,#7414);
#7413 = CARTESIAN_POINT('',(-26.163937,20.627792));
#7414 = VECTOR('',#7415,1.);
#7415 = DIRECTION('',(-0.667788129409,-0.744351405063));
#7416 = ( GEOMETRIC_REPRESENTATION_CONTEXT(2) 
PARAMETRIC_REPRESENTATION_CONTEXT() REPRESENTATION_CONTEXT('2D SPACE',''
  ) );
#7417 = PCURVE('',#660,#7418);
#7418 = DEFINITIONAL_REPRESENTATION('',(#7419),#7423);
#7419 = LINE('',#7420,#7421);
#7420 = CARTESIAN_POINT('',(0.,-1.6));
#7421 = VECTOR('',#7422,1.);
#7422 = DIRECTION('',(1.,0.));
#7423 = ( GEOMETRIC_REPRESENTATION_CONTEXT(2) 
PARAMETRIC_REPRESENTATION_CONTEXT() REPRESENTATION_CONTEXT('2D SPACE',''
  ) );
#7424 = ORIENTED_EDGE('',*,*,#7425,.T.);
#7425 = EDGE_CURVE('',#7403,#7426,#7428,.T.);
#7426 = VERTEX_POINT('',#7427);
#7427 = CARTESIAN_POINT('',(157.145303,-85.527561,1.6));
#7428 = SURFACE_CURVE('',#7429,(#7433,#7440),.PCURVE_S1.);
#7429 = LINE('',#7430,#7431);
#7430 = CARTESIAN_POINT('',(156.670269,-84.936592,1.6));
#7431 = VECTOR('',#7432,1.);
#7432 = DIRECTION('',(0.626509864591,-0.779413490755,0.));
#7433 = PCURVE('',#90,#7434);
#7434 = DEFINITIONAL_REPRESENTATION('',(#7435),#7439);
#7435 = LINE('',#7436,#7437);
#7436 = CARTESIAN_POINT('',(-26.670269,20.063408));
#7437 = VECTOR('',#7438,1.);
#7438 = DIRECTION('',(-0.626509864591,-0.779413490755));
#7439 = ( GEOMETRIC_REPRESENTATION_CONTEXT(2) 
PARAMETRIC_REPRESENTATION_CONTEXT() REPRESENTATION_CONTEXT('2D SPACE',''
  ) );
#7440 = PCURVE('',#688,#7441);
#7441 = DEFINITIONAL_REPRESENTATION('',(#7442),#7446);
#7442 = LINE('',#7443,#7444);
#7443 = CARTESIAN_POINT('',(0.,-1.6));
#7444 = VECTOR('',#7445,1.);
#7445 = DIRECTION('',(1.,0.));
#7446 = ( GEOMETRIC_REPRESENTATION_CONTEXT(2) 
PARAMETRIC_REPRESENTATION_CONTEXT() REPRESENTATION_CONTEXT('2D SPACE',''
  ) );
#7447 = ORIENTED_EDGE('',*,*,#7448,.T.);
#7448 = EDGE_CURVE('',#7426,#7449,#7451,.T.);
#7449 = VERTEX_POINT('',#7450);
#7450 = CARTESIAN_POINT('',(157.587646,-86.143381,1.6));
#7451 = SURFACE_CURVE('',#7452,(#7456,#7463),.PCURVE_S1.);
#7452 = LINE('',#7453,#7454);
#7453 = CARTESIAN_POINT('',(157.145303,-85.527561,1.6));
#7454 = VECTOR('',#7455,1.);
#7455 = DIRECTION('',(0.583394592868,-0.812188862896,0.));
#7456 = PCURVE('',#90,#7457);
#7457 = DEFINITIONAL_REPRESENTATION('',(#7458),#7462);
#7458 = LINE('',#7459,#7460);
#7459 = CARTESIAN_POINT('',(-27.145303,19.472439));
#7460 = VECTOR('',#7461,1.);
#7461 = DIRECTION('',(-0.583394592868,-0.812188862896));
#7462 = ( GEOMETRIC_REPRESENTATION_CONTEXT(2) 
PARAMETRIC_REPRESENTATION_CONTEXT() REPRESENTATION_CONTEXT('2D SPACE',''
  ) );
#7463 = PCURVE('',#716,#7464);
#7464 = DEFINITIONAL_REPRESENTATION('',(#7465),#7469);
#7465 = LINE('',#7466,#7467);
#7466 = CARTESIAN_POINT('',(0.,-1.6));
#7467 = VECTOR('',#7468,1.);
#7468 = DIRECTION('',(1.,0.));
#7469 = ( GEOMETRIC_REPRESENTATION_CONTEXT(2) 
PARAMETRIC_REPRESENTATION_CONTEXT() REPRESENTATION_CONTEXT('2D SPACE',''
  ) );
#7470 = ORIENTED_EDGE('',*,*,#7471,.T.);
#7471 = EDGE_CURVE('',#7449,#7472,#7474,.T.);
#7472 = VERTEX_POINT('',#7473);
#7473 = CARTESIAN_POINT('',(157.996,-86.782246,1.6));
#7474 = SURFACE_CURVE('',#7475,(#7479,#7486),.PCURVE_S1.);
#7475 = LINE('',#7476,#7477);
#7476 = CARTESIAN_POINT('',(157.587646,-86.143381,1.6));
#7477 = VECTOR('',#7478,1.);
#7478 = DIRECTION('',(0.538567449634,-0.842582400834,0.));
#7479 = PCURVE('',#90,#7480);
#7480 = DEFINITIONAL_REPRESENTATION('',(#7481),#7485);
#7481 = LINE('',#7482,#7483);
#7482 = CARTESIAN_POINT('',(-27.587646,18.856619));
#7483 = VECTOR('',#7484,1.);
#7484 = DIRECTION('',(-0.538567449634,-0.842582400834));
#7485 = ( GEOMETRIC_REPRESENTATION_CONTEXT(2) 
PARAMETRIC_REPRESENTATION_CONTEXT() REPRESENTATION_CONTEXT('2D SPACE',''
  ) );
#7486 = PCURVE('',#744,#7487);
#7487 = DEFINITIONAL_REPRESENTATION('',(#7488),#7492);
#7488 = LINE('',#7489,#7490);
#7489 = CARTESIAN_POINT('',(0.,-1.6));
#7490 = VECTOR('',#7491,1.);
#7491 = DIRECTION('',(1.,0.));
#7492 = ( GEOMETRIC_REPRESENTATION_CONTEXT(2) 
PARAMETRIC_REPRESENTATION_CONTEXT() REPRESENTATION_CONTEXT('2D SPACE',''
  ) );
#7493 = ORIENTED_EDGE('',*,*,#7494,.T.);
#7494 = EDGE_CURVE('',#7472,#7495,#7497,.T.);
#7495 = VERTEX_POINT('',#7496);
#7496 = CARTESIAN_POINT('',(158.369169,-87.442282,1.6));
#7497 = SURFACE_CURVE('',#7498,(#7502,#7509),.PCURVE_S1.);
#7498 = LINE('',#7499,#7500);
#7499 = CARTESIAN_POINT('',(157.996,-86.782246,1.6));
#7500 = VECTOR('',#7501,1.);
#7501 = DIRECTION('',(0.492162379321,-0.870503413193,0.));
#7502 = PCURVE('',#90,#7503);
#7503 = DEFINITIONAL_REPRESENTATION('',(#7504),#7508);
#7504 = LINE('',#7505,#7506);
#7505 = CARTESIAN_POINT('',(-27.996,18.217754));
#7506 = VECTOR('',#7507,1.);
#7507 = DIRECTION('',(-0.492162379321,-0.870503413193));
#7508 = ( GEOMETRIC_REPRESENTATION_CONTEXT(2) 
PARAMETRIC_REPRESENTATION_CONTEXT() REPRESENTATION_CONTEXT('2D SPACE',''
  ) );
#7509 = PCURVE('',#772,#7510);
#7510 = DEFINITIONAL_REPRESENTATION('',(#7511),#7515);
#7511 = LINE('',#7512,#7513);
#7512 = CARTESIAN_POINT('',(0.,-1.6));
#7513 = VECTOR('',#7514,1.);
#7514 = DIRECTION('',(1.,0.));
#7515 = ( GEOMETRIC_REPRESENTATION_CONTEXT(2) 
PARAMETRIC_REPRESENTATION_CONTEXT() REPRESENTATION_CONTEXT('2D SPACE',''
  ) );
#7516 = ORIENTED_EDGE('',*,*,#7517,.T.);
#7517 = EDGE_CURVE('',#7495,#7518,#7520,.T.);
#7518 = VERTEX_POINT('',#7519);
#7519 = CARTESIAN_POINT('',(158.706056,-88.121553,1.6));
#7520 = SURFACE_CURVE('',#7521,(#7525,#7532),.PCURVE_S1.);
#7521 = LINE('',#7522,#7523);
#7522 = CARTESIAN_POINT('',(158.369169,-87.442282,1.6));
#7523 = VECTOR('',#7524,1.);
#7524 = DIRECTION('',(0.444311306075,-0.895872459279,0.));
#7525 = PCURVE('',#90,#7526);
#7526 = DEFINITIONAL_REPRESENTATION('',(#7527),#7531);
#7527 = LINE('',#7528,#7529);
#7528 = CARTESIAN_POINT('',(-28.369169,17.557718));
#7529 = VECTOR('',#7530,1.);
#7530 = DIRECTION('',(-0.444311306075,-0.895872459279));
#7531 = ( GEOMETRIC_REPRESENTATION_CONTEXT(2) 
PARAMETRIC_REPRESENTATION_CONTEXT() REPRESENTATION_CONTEXT('2D SPACE',''
  ) );
#7532 = PCURVE('',#800,#7533);
#7533 = DEFINITIONAL_REPRESENTATION('',(#7534),#7538);
#7534 = LINE('',#7535,#7536);
#7535 = CARTESIAN_POINT('',(0.,-1.6));
#7536 = VECTOR('',#7537,1.);
#7537 = DIRECTION('',(1.,0.));
#7538 = ( GEOMETRIC_REPRESENTATION_CONTEXT(2) 
PARAMETRIC_REPRESENTATION_CONTEXT() REPRESENTATION_CONTEXT('2D SPACE',''
  ) );
#7539 = ORIENTED_EDGE('',*,*,#7540,.T.);
#7540 = EDGE_CURVE('',#7518,#7541,#7543,.T.);
#7541 = VERTEX_POINT('',#7542);
#7542 = CARTESIAN_POINT('',(159.005674,-88.818066,1.6));
#7543 = SURFACE_CURVE('',#7544,(#7548,#7555),.PCURVE_S1.);
#7544 = LINE('',#7545,#7546);
#7545 = CARTESIAN_POINT('',(158.706056,-88.121553,1.6));
#7546 = VECTOR('',#7547,1.);
#7547 = DIRECTION('',(0.395158431963,-0.918612983605,0.));
#7548 = PCURVE('',#90,#7549);
#7549 = DEFINITIONAL_REPRESENTATION('',(#7550),#7554);
#7550 = LINE('',#7551,#7552);
#7551 = CARTESIAN_POINT('',(-28.706056,16.878447));
#7552 = VECTOR('',#7553,1.);
#7553 = DIRECTION('',(-0.395158431963,-0.918612983605));
#7554 = ( GEOMETRIC_REPRESENTATION_CONTEXT(2) 
PARAMETRIC_REPRESENTATION_CONTEXT() REPRESENTATION_CONTEXT('2D SPACE',''
  ) );
#7555 = PCURVE('',#828,#7556);
#7556 = DEFINITIONAL_REPRESENTATION('',(#7557),#7561);
#7557 = LINE('',#7558,#7559);
#7558 = CARTESIAN_POINT('',(0.,-1.6));
#7559 = VECTOR('',#7560,1.);
#7560 = DIRECTION('',(1.,0.));
#7561 = ( GEOMETRIC_REPRESENTATION_CONTEXT(2) 
PARAMETRIC_REPRESENTATION_CONTEXT() REPRESENTATION_CONTEXT('2D SPACE',''
  ) );
#7562 = ORIENTED_EDGE('',*,*,#7563,.T.);
#7563 = EDGE_CURVE('',#7541,#7564,#7566,.T.);
#7564 = VERTEX_POINT('',#7565);
#7565 = CARTESIAN_POINT('',(159.267144,-89.529779,1.6));
#7566 = SURFACE_CURVE('',#7567,(#7571,#7578),.PCURVE_S1.);
#7567 = LINE('',#7568,#7569);
#7568 = CARTESIAN_POINT('',(159.005674,-88.818066,1.6));
#7569 = VECTOR('',#7570,1.);
#7570 = DIRECTION('',(0.344845826286,-0.938659339746,0.));
#7571 = PCURVE('',#90,#7572);
#7572 = DEFINITIONAL_REPRESENTATION('',(#7573),#7577);
#7573 = LINE('',#7574,#7575);
#7574 = CARTESIAN_POINT('',(-29.005674,16.181934));
#7575 = VECTOR('',#7576,1.);
#7576 = DIRECTION('',(-0.344845826286,-0.938659339746));
#7577 = ( GEOMETRIC_REPRESENTATION_CONTEXT(2) 
PARAMETRIC_REPRESENTATION_CONTEXT() REPRESENTATION_CONTEXT('2D SPACE',''
  ) );
#7578 = PCURVE('',#856,#7579);
#7579 = DEFINITIONAL_REPRESENTATION('',(#7580),#7584);
#7580 = LINE('',#7581,#7582);
#7581 = CARTESIAN_POINT('',(0.,-1.6));
#7582 = VECTOR('',#7583,1.);
#7583 = DIRECTION('',(1.,0.));
#7584 = ( GEOMETRIC_REPRESENTATION_CONTEXT(2) 
PARAMETRIC_REPRESENTATION_CONTEXT() REPRESENTATION_CONTEXT('2D SPACE',''
  ) );
#7585 = ORIENTED_EDGE('',*,*,#7586,.T.);
#7586 = EDGE_CURVE('',#7564,#7587,#7589,.T.);
#7587 = VERTEX_POINT('',#7588);
#7588 = CARTESIAN_POINT('',(159.4897,-90.254603,1.6));
#7589 = SURFACE_CURVE('',#7590,(#7594,#7601),.PCURVE_S1.);
#7590 = LINE('',#7591,#7592);
#7591 = CARTESIAN_POINT('',(159.267144,-89.529779,1.6));
#7592 = VECTOR('',#7593,1.);
#7593 = DIRECTION('',(0.293523429851,-0.955951879609,0.));
#7594 = PCURVE('',#90,#7595);
#7595 = DEFINITIONAL_REPRESENTATION('',(#7596),#7600);
#7596 = LINE('',#7597,#7598);
#7597 = CARTESIAN_POINT('',(-29.267144,15.470221));
#7598 = VECTOR('',#7599,1.);
#7599 = DIRECTION('',(-0.293523429851,-0.955951879609));
#7600 = ( GEOMETRIC_REPRESENTATION_CONTEXT(2) 
PARAMETRIC_REPRESENTATION_CONTEXT() REPRESENTATION_CONTEXT('2D SPACE',''
  ) );
#7601 = PCURVE('',#884,#7602);
#7602 = DEFINITIONAL_REPRESENTATION('',(#7603),#7607);
#7603 = LINE('',#7604,#7605);
#7604 = CARTESIAN_POINT('',(0.,-1.6));
#7605 = VECTOR('',#7606,1.);
#7606 = DIRECTION('',(1.,0.));
#7607 = ( GEOMETRIC_REPRESENTATION_CONTEXT(2) 
PARAMETRIC_REPRESENTATION_CONTEXT() REPRESENTATION_CONTEXT('2D SPACE',''
  ) );
#7608 = ORIENTED_EDGE('',*,*,#7609,.T.);
#7609 = EDGE_CURVE('',#7587,#7610,#7612,.T.);
#7610 = VERTEX_POINT('',#7611);
#7611 = CARTESIAN_POINT('',(159.672688,-90.990414,1.6));
#7612 = SURFACE_CURVE('',#7613,(#7617,#7624),.PCURVE_S1.);
#7613 = LINE('',#7614,#7615);
#7614 = CARTESIAN_POINT('',(159.4897,-90.254603,1.6));
#7615 = VECTOR('',#7616,1.);
#7616 = DIRECTION('',(0.241337903716,-0.970441145165,0.));
#7617 = PCURVE('',#90,#7618);
#7618 = DEFINITIONAL_REPRESENTATION('',(#7619),#7623);
#7619 = LINE('',#7620,#7621);
#7620 = CARTESIAN_POINT('',(-29.4897,14.745397));
#7621 = VECTOR('',#7622,1.);
#7622 = DIRECTION('',(-0.241337903716,-0.970441145165));
#7623 = ( GEOMETRIC_REPRESENTATION_CONTEXT(2) 
PARAMETRIC_REPRESENTATION_CONTEXT() REPRESENTATION_CONTEXT('2D SPACE',''
  ) );
#7624 = PCURVE('',#912,#7625);
#7625 = DEFINITIONAL_REPRESENTATION('',(#7626),#7630);
#7626 = LINE('',#7627,#7628);
#7627 = CARTESIAN_POINT('',(0.,-1.6));
#7628 = VECTOR('',#7629,1.);
#7629 = DIRECTION('',(1.,0.));
#7630 = ( GEOMETRIC_REPRESENTATION_CONTEXT(2) 
PARAMETRIC_REPRESENTATION_CONTEXT() REPRESENTATION_CONTEXT('2D SPACE',''
  ) );
#7631 = ORIENTED_EDGE('',*,*,#7632,.T.);
#7632 = EDGE_CURVE('',#7610,#7633,#7635,.T.);
#7633 = VERTEX_POINT('',#7634);
#7634 = CARTESIAN_POINT('',(159.815571,-91.735052,1.6));
#7635 = SURFACE_CURVE('',#7636,(#7640,#7647),.PCURVE_S1.);
#7636 = LINE('',#7637,#7638);
#7637 = CARTESIAN_POINT('',(159.672688,-90.990414,1.6));
#7638 = VECTOR('',#7639,1.);
#7639 = DIRECTION('',(0.188444694077,-0.98208380359,0.));
#7640 = PCURVE('',#90,#7641);
#7641 = DEFINITIONAL_REPRESENTATION('',(#7642),#7646);
#7642 = LINE('',#7643,#7644);
#7643 = CARTESIAN_POINT('',(-29.672688,14.009586));
#7644 = VECTOR('',#7645,1.);
#7645 = DIRECTION('',(-0.188444694077,-0.98208380359));
#7646 = ( GEOMETRIC_REPRESENTATION_CONTEXT(2) 
PARAMETRIC_REPRESENTATION_CONTEXT() REPRESENTATION_CONTEXT('2D SPACE',''
  ) );
#7647 = PCURVE('',#940,#7648);
#7648 = DEFINITIONAL_REPRESENTATION('',(#7649),#7653);
#7649 = LINE('',#7650,#7651);
#7650 = CARTESIAN_POINT('',(0.,-1.6));
#7651 = VECTOR('',#7652,1.);
#7652 = DIRECTION('',(1.,0.));
#7653 = ( GEOMETRIC_REPRESENTATION_CONTEXT(2) 
PARAMETRIC_REPRESENTATION_CONTEXT() REPRESENTATION_CONTEXT('2D SPACE',''
  ) );
#7654 = ORIENTED_EDGE('',*,*,#7655,.T.);
#7655 = EDGE_CURVE('',#7633,#7656,#7658,.T.);
#7656 = VERTEX_POINT('',#7657);
#7657 = CARTESIAN_POINT('',(159.917931,-92.486334,1.6));
#7658 = SURFACE_CURVE('',#7659,(#7663,#7670),.PCURVE_S1.);
#7659 = LINE('',#7660,#7661);
#7660 = CARTESIAN_POINT('',(159.815571,-91.735052,1.6));
#7661 = VECTOR('',#7662,1.);
#7662 = DIRECTION('',(0.134999850318,-0.99084561886,0.));
#7663 = PCURVE('',#90,#7664);
#7664 = DEFINITIONAL_REPRESENTATION('',(#7665),#7669);
#7665 = LINE('',#7666,#7667);
#7666 = CARTESIAN_POINT('',(-29.815571,13.264948));
#7667 = VECTOR('',#7668,1.);
#7668 = DIRECTION('',(-0.134999850318,-0.99084561886));
#7669 = ( GEOMETRIC_REPRESENTATION_CONTEXT(2) 
PARAMETRIC_REPRESENTATION_CONTEXT() REPRESENTATION_CONTEXT('2D SPACE',''
  ) );
#7670 = PCURVE('',#968,#7671);
#7671 = DEFINITIONAL_REPRESENTATION('',(#7672),#7676);
#7672 = LINE('',#7673,#7674);
#7673 = CARTESIAN_POINT('',(0.,-1.6));
#7674 = VECTOR('',#7675,1.);
#7675 = DIRECTION('',(1.,0.));
#7676 = ( GEOMETRIC_REPRESENTATION_CONTEXT(2) 
PARAMETRIC_REPRESENTATION_CONTEXT() REPRESENTATION_CONTEXT('2D SPACE',''
  ) );
#7677 = ORIENTED_EDGE('',*,*,#7678,.T.);
#7678 = EDGE_CURVE('',#7656,#7679,#7681,.T.);
#7679 = VERTEX_POINT('',#7680);
#7680 = CARTESIAN_POINT('',(159.979468,-93.242055,1.6));
#7681 = SURFACE_CURVE('',#7682,(#7686,#7693),.PCURVE_S1.);
#7682 = LINE('',#7683,#7684);
#7683 = CARTESIAN_POINT('',(159.917931,-92.486334,1.6));
#7684 = VECTOR('',#7685,1.);
#7685 = DIRECTION('',(8.115957719108E-02,-0.996701120211,0.));
#7686 = PCURVE('',#90,#7687);
#7687 = DEFINITIONAL_REPRESENTATION('',(#7688),#7692);
#7688 = LINE('',#7689,#7690);
#7689 = CARTESIAN_POINT('',(-29.917931,12.513666));
#7690 = VECTOR('',#7691,1.);
#7691 = DIRECTION('',(-8.115957719108E-02,-0.996701120211));
#7692 = ( GEOMETRIC_REPRESENTATION_CONTEXT(2) 
PARAMETRIC_REPRESENTATION_CONTEXT() REPRESENTATION_CONTEXT('2D SPACE',''
  ) );
#7693 = PCURVE('',#996,#7694);
#7694 = DEFINITIONAL_REPRESENTATION('',(#7695),#7699);
#7695 = LINE('',#7696,#7697);
#7696 = CARTESIAN_POINT('',(0.,-1.6));
#7697 = VECTOR('',#7698,1.);
#7698 = DIRECTION('',(1.,0.));
#7699 = ( GEOMETRIC_REPRESENTATION_CONTEXT(2) 
PARAMETRIC_REPRESENTATION_CONTEXT() REPRESENTATION_CONTEXT('2D SPACE',''
  ) );
#7700 = ORIENTED_EDGE('',*,*,#7701,.T.);
#7701 = EDGE_CURVE('',#7679,#7702,#7704,.T.);
#7702 = VERTEX_POINT('',#7703);
#7703 = CARTESIAN_POINT('',(160.,-94.,1.6));
#7704 = SURFACE_CURVE('',#7705,(#7709,#7716),.PCURVE_S1.);
#7705 = LINE('',#7706,#7707);
#7706 = CARTESIAN_POINT('',(159.979468,-93.242055,1.6));
#7707 = VECTOR('',#7708,1.);
#7708 = DIRECTION('',(2.707910308711E-02,-0.999633293851,0.));
#7709 = PCURVE('',#90,#7710);
#7710 = DEFINITIONAL_REPRESENTATION('',(#7711),#7715);
#7711 = LINE('',#7712,#7713);
#7712 = CARTESIAN_POINT('',(-29.979468,11.757945));
#7713 = VECTOR('',#7714,1.);
#7714 = DIRECTION('',(-2.707910308711E-02,-0.999633293851));
#7715 = ( GEOMETRIC_REPRESENTATION_CONTEXT(2) 
PARAMETRIC_REPRESENTATION_CONTEXT() REPRESENTATION_CONTEXT('2D SPACE',''
  ) );
#7716 = PCURVE('',#1024,#7717);
#7717 = DEFINITIONAL_REPRESENTATION('',(#7718),#7722);
#7718 = LINE('',#7719,#7720);
#7719 = CARTESIAN_POINT('',(0.,-1.6));
#7720 = VECTOR('',#7721,1.);
#7721 = DIRECTION('',(1.,0.));
#7722 = ( GEOMETRIC_REPRESENTATION_CONTEXT(2) 
PARAMETRIC_REPRESENTATION_CONTEXT() REPRESENTATION_CONTEXT('2D SPACE',''
  ) );
#7723 = ORIENTED_EDGE('',*,*,#7724,.T.);
#7724 = EDGE_CURVE('',#7702,#7725,#7727,.T.);
#7725 = VERTEX_POINT('',#7726);
#7726 = CARTESIAN_POINT('',(160.,-116.,1.6));
#7727 = SURFACE_CURVE('',#7728,(#7732,#7739),.PCURVE_S1.);
#7728 = LINE('',#7729,#7730);
#7729 = CARTESIAN_POINT('',(160.,-94.,1.6));
#7730 = VECTOR('',#7731,1.);
#7731 = DIRECTION('',(0.,-1.,0.));
#7732 = PCURVE('',#90,#7733);
#7733 = DEFINITIONAL_REPRESENTATION('',(#7734),#7738);
#7734 = LINE('',#7735,#7736);
#7735 = CARTESIAN_POINT('',(-30.,11.));
#7736 = VECTOR('',#7737,1.);
#7737 = DIRECTION('',(0.,-1.));
#7738 = ( GEOMETRIC_REPRESENTATION_CONTEXT(2) 
PARAMETRIC_REPRESENTATION_CONTEXT() REPRESENTATION_CONTEXT('2D SPACE',''
  ) );
#7739 = PCURVE('',#1052,#7740);
#7740 = DEFINITIONAL_REPRESENTATION('',(#7741),#7745);
#7741 = LINE('',#7742,#7743);
#7742 = CARTESIAN_POINT('',(0.,-1.6));
#7743 = VECTOR('',#7744,1.);
#7744 = DIRECTION('',(1.,0.));
#7745 = ( GEOMETRIC_REPRESENTATION_CONTEXT(2) 
PARAMETRIC_REPRESENTATION_CONTEXT() REPRESENTATION_CONTEXT('2D SPACE',''
  ) );
#7746 = ORIENTED_EDGE('',*,*,#7747,.T.);
#7747 = EDGE_CURVE('',#7725,#7748,#7750,.T.);
#7748 = VERTEX_POINT('',#7749);
#7749 = CARTESIAN_POINT('',(159.979468,-116.757945,1.6));
#7750 = SURFACE_CURVE('',#7751,(#7755,#7762),.PCURVE_S1.);
#7751 = LINE('',#7752,#7753);
#7752 = CARTESIAN_POINT('',(160.,-116.,1.6));
#7753 = VECTOR('',#7754,1.);
#7754 = DIRECTION('',(-2.707910308711E-02,-0.999633293851,0.));
#7755 = PCURVE('',#90,#7756);
#7756 = DEFINITIONAL_REPRESENTATION('',(#7757),#7761);
#7757 = LINE('',#7758,#7759);
#7758 = CARTESIAN_POINT('',(-30.,-11.));
#7759 = VECTOR('',#7760,1.);
#7760 = DIRECTION('',(2.707910308711E-02,-0.999633293851));
#7761 = ( GEOMETRIC_REPRESENTATION_CONTEXT(2) 
PARAMETRIC_REPRESENTATION_CONTEXT() REPRESENTATION_CONTEXT('2D SPACE',''
  ) );
#7762 = PCURVE('',#1080,#7763);
#7763 = DEFINITIONAL_REPRESENTATION('',(#7764),#7768);
#7764 = LINE('',#7765,#7766);
#7765 = CARTESIAN_POINT('',(0.,-1.6));
#7766 = VECTOR('',#7767,1.);
#7767 = DIRECTION('',(1.,0.));
#7768 = ( GEOMETRIC_REPRESENTATION_CONTEXT(2) 
PARAMETRIC_REPRESENTATION_CONTEXT() REPRESENTATION_CONTEXT('2D SPACE',''
  ) );
#7769 = ORIENTED_EDGE('',*,*,#7770,.T.);
#7770 = EDGE_CURVE('',#7748,#7771,#7773,.T.);
#7771 = VERTEX_POINT('',#7772);
#7772 = CARTESIAN_POINT('',(159.917931,-117.513666,1.6));
#7773 = SURFACE_CURVE('',#7774,(#7778,#7785),.PCURVE_S1.);
#7774 = LINE('',#7775,#7776);
#7775 = CARTESIAN_POINT('',(159.979468,-116.757945,1.6));
#7776 = VECTOR('',#7777,1.);
#7777 = DIRECTION('',(-8.115957719108E-02,-0.996701120211,0.));
#7778 = PCURVE('',#90,#7779);
#7779 = DEFINITIONAL_REPRESENTATION('',(#7780),#7784);
#7780 = LINE('',#7781,#7782);
#7781 = CARTESIAN_POINT('',(-29.979468,-11.757945));
#7782 = VECTOR('',#7783,1.);
#7783 = DIRECTION('',(8.115957719108E-02,-0.996701120211));
#7784 = ( GEOMETRIC_REPRESENTATION_CONTEXT(2) 
PARAMETRIC_REPRESENTATION_CONTEXT() REPRESENTATION_CONTEXT('2D SPACE',''
  ) );
#7785 = PCURVE('',#1108,#7786);
#7786 = DEFINITIONAL_REPRESENTATION('',(#7787),#7791);
#7787 = LINE('',#7788,#7789);
#7788 = CARTESIAN_POINT('',(0.,-1.6));
#7789 = VECTOR('',#7790,1.);
#7790 = DIRECTION('',(1.,0.));
#7791 = ( GEOMETRIC_REPRESENTATION_CONTEXT(2) 
PARAMETRIC_REPRESENTATION_CONTEXT() REPRESENTATION_CONTEXT('2D SPACE',''
  ) );
#7792 = ORIENTED_EDGE('',*,*,#7793,.T.);
#7793 = EDGE_CURVE('',#7771,#7794,#7796,.T.);
#7794 = VERTEX_POINT('',#7795);
#7795 = CARTESIAN_POINT('',(159.815571,-118.264948,1.6));
#7796 = SURFACE_CURVE('',#7797,(#7801,#7808),.PCURVE_S1.);
#7797 = LINE('',#7798,#7799);
#7798 = CARTESIAN_POINT('',(159.917931,-117.513666,1.6));
#7799 = VECTOR('',#7800,1.);
#7800 = DIRECTION('',(-0.134999850318,-0.99084561886,0.));
#7801 = PCURVE('',#90,#7802);
#7802 = DEFINITIONAL_REPRESENTATION('',(#7803),#7807);
#7803 = LINE('',#7804,#7805);
#7804 = CARTESIAN_POINT('',(-29.917931,-12.513666));
#7805 = VECTOR('',#7806,1.);
#7806 = DIRECTION('',(0.134999850318,-0.99084561886));
#7807 = ( GEOMETRIC_REPRESENTATION_CONTEXT(2) 
PARAMETRIC_REPRESENTATION_CONTEXT() REPRESENTATION_CONTEXT('2D SPACE',''
  ) );
#7808 = PCURVE('',#1136,#7809);
#7809 = DEFINITIONAL_REPRESENTATION('',(#7810),#7814);
#7810 = LINE('',#7811,#7812);
#7811 = CARTESIAN_POINT('',(0.,-1.6));
#7812 = VECTOR('',#7813,1.);
#7813 = DIRECTION('',(1.,0.));
#7814 = ( GEOMETRIC_REPRESENTATION_CONTEXT(2) 
PARAMETRIC_REPRESENTATION_CONTEXT() REPRESENTATION_CONTEXT('2D SPACE',''
  ) );
#7815 = ORIENTED_EDGE('',*,*,#7816,.T.);
#7816 = EDGE_CURVE('',#7794,#7817,#7819,.T.);
#7817 = VERTEX_POINT('',#7818);
#7818 = CARTESIAN_POINT('',(159.672688,-119.009586,1.6));
#7819 = SURFACE_CURVE('',#7820,(#7824,#7831),.PCURVE_S1.);
#7820 = LINE('',#7821,#7822);
#7821 = CARTESIAN_POINT('',(159.815571,-118.264948,1.6));
#7822 = VECTOR('',#7823,1.);
#7823 = DIRECTION('',(-0.188444694077,-0.98208380359,0.));
#7824 = PCURVE('',#90,#7825);
#7825 = DEFINITIONAL_REPRESENTATION('',(#7826),#7830);
#7826 = LINE('',#7827,#7828);
#7827 = CARTESIAN_POINT('',(-29.815571,-13.264948));
#7828 = VECTOR('',#7829,1.);
#7829 = DIRECTION('',(0.188444694077,-0.98208380359));
#7830 = ( GEOMETRIC_REPRESENTATION_CONTEXT(2) 
PARAMETRIC_REPRESENTATION_CONTEXT() REPRESENTATION_CONTEXT('2D SPACE',''
  ) );
#7831 = PCURVE('',#1164,#7832);
#7832 = DEFINITIONAL_REPRESENTATION('',(#7833),#7837);
#7833 = LINE('',#7834,#7835);
#7834 = CARTESIAN_POINT('',(0.,-1.6));
#7835 = VECTOR('',#7836,1.);
#7836 = DIRECTION('',(1.,0.));
#7837 = ( GEOMETRIC_REPRESENTATION_CONTEXT(2) 
PARAMETRIC_REPRESENTATION_CONTEXT() REPRESENTATION_CONTEXT('2D SPACE',''
  ) );
#7838 = ORIENTED_EDGE('',*,*,#7839,.T.);
#7839 = EDGE_CURVE('',#7817,#7840,#7842,.T.);
#7840 = VERTEX_POINT('',#7841);
#7841 = CARTESIAN_POINT('',(159.4897,-119.745397,1.6));
#7842 = SURFACE_CURVE('',#7843,(#7847,#7854),.PCURVE_S1.);
#7843 = LINE('',#7844,#7845);
#7844 = CARTESIAN_POINT('',(159.672688,-119.009586,1.6));
#7845 = VECTOR('',#7846,1.);
#7846 = DIRECTION('',(-0.241337903716,-0.970441145165,0.));
#7847 = PCURVE('',#90,#7848);
#7848 = DEFINITIONAL_REPRESENTATION('',(#7849),#7853);
#7849 = LINE('',#7850,#7851);
#7850 = CARTESIAN_POINT('',(-29.672688,-14.009586));
#7851 = VECTOR('',#7852,1.);
#7852 = DIRECTION('',(0.241337903716,-0.970441145165));
#7853 = ( GEOMETRIC_REPRESENTATION_CONTEXT(2) 
PARAMETRIC_REPRESENTATION_CONTEXT() REPRESENTATION_CONTEXT('2D SPACE',''
  ) );
#7854 = PCURVE('',#1192,#7855);
#7855 = DEFINITIONAL_REPRESENTATION('',(#7856),#7860);
#7856 = LINE('',#7857,#7858);
#7857 = CARTESIAN_POINT('',(0.,-1.6));
#7858 = VECTOR('',#7859,1.);
#7859 = DIRECTION('',(1.,0.));
#7860 = ( GEOMETRIC_REPRESENTATION_CONTEXT(2) 
PARAMETRIC_REPRESENTATION_CONTEXT() REPRESENTATION_CONTEXT('2D SPACE',''
  ) );
#7861 = ORIENTED_EDGE('',*,*,#7862,.T.);
#7862 = EDGE_CURVE('',#7840,#7863,#7865,.T.);
#7863 = VERTEX_POINT('',#7864);
#7864 = CARTESIAN_POINT('',(159.267144,-120.470221,1.6));
#7865 = SURFACE_CURVE('',#7866,(#7870,#7877),.PCURVE_S1.);
#7866 = LINE('',#7867,#7868);
#7867 = CARTESIAN_POINT('',(159.4897,-119.745397,1.6));
#7868 = VECTOR('',#7869,1.);
#7869 = DIRECTION('',(-0.293523429851,-0.955951879609,0.));
#7870 = PCURVE('',#90,#7871);
#7871 = DEFINITIONAL_REPRESENTATION('',(#7872),#7876);
#7872 = LINE('',#7873,#7874);
#7873 = CARTESIAN_POINT('',(-29.4897,-14.745397));
#7874 = VECTOR('',#7875,1.);
#7875 = DIRECTION('',(0.293523429851,-0.955951879609));
#7876 = ( GEOMETRIC_REPRESENTATION_CONTEXT(2) 
PARAMETRIC_REPRESENTATION_CONTEXT() REPRESENTATION_CONTEXT('2D SPACE',''
  ) );
#7877 = PCURVE('',#1220,#7878);
#7878 = DEFINITIONAL_REPRESENTATION('',(#7879),#7883);
#7879 = LINE('',#7880,#7881);
#7880 = CARTESIAN_POINT('',(0.,-1.6));
#7881 = VECTOR('',#7882,1.);
#7882 = DIRECTION('',(1.,0.));
#7883 = ( GEOMETRIC_REPRESENTATION_CONTEXT(2) 
PARAMETRIC_REPRESENTATION_CONTEXT() REPRESENTATION_CONTEXT('2D SPACE',''
  ) );
#7884 = ORIENTED_EDGE('',*,*,#7885,.T.);
#7885 = EDGE_CURVE('',#7863,#7886,#7888,.T.);
#7886 = VERTEX_POINT('',#7887);
#7887 = CARTESIAN_POINT('',(159.005674,-121.181934,1.6));
#7888 = SURFACE_CURVE('',#7889,(#7893,#7900),.PCURVE_S1.);
#7889 = LINE('',#7890,#7891);
#7890 = CARTESIAN_POINT('',(159.267144,-120.470221,1.6));
#7891 = VECTOR('',#7892,1.);
#7892 = DIRECTION('',(-0.344845826286,-0.938659339746,0.));
#7893 = PCURVE('',#90,#7894);
#7894 = DEFINITIONAL_REPRESENTATION('',(#7895),#7899);
#7895 = LINE('',#7896,#7897);
#7896 = CARTESIAN_POINT('',(-29.267144,-15.470221));
#7897 = VECTOR('',#7898,1.);
#7898 = DIRECTION('',(0.344845826286,-0.938659339746));
#7899 = ( GEOMETRIC_REPRESENTATION_CONTEXT(2) 
PARAMETRIC_REPRESENTATION_CONTEXT() REPRESENTATION_CONTEXT('2D SPACE',''
  ) );
#7900 = PCURVE('',#1248,#7901);
#7901 = DEFINITIONAL_REPRESENTATION('',(#7902),#7906);
#7902 = LINE('',#7903,#7904);
#7903 = CARTESIAN_POINT('',(0.,-1.6));
#7904 = VECTOR('',#7905,1.);
#7905 = DIRECTION('',(1.,0.));
#7906 = ( GEOMETRIC_REPRESENTATION_CONTEXT(2) 
PARAMETRIC_REPRESENTATION_CONTEXT() REPRESENTATION_CONTEXT('2D SPACE',''
  ) );
#7907 = ORIENTED_EDGE('',*,*,#7908,.T.);
#7908 = EDGE_CURVE('',#7886,#7909,#7911,.T.);
#7909 = VERTEX_POINT('',#7910);
#7910 = CARTESIAN_POINT('',(158.706056,-121.878447,1.6));
#7911 = SURFACE_CURVE('',#7912,(#7916,#7923),.PCURVE_S1.);
#7912 = LINE('',#7913,#7914);
#7913 = CARTESIAN_POINT('',(159.005674,-121.181934,1.6));
#7914 = VECTOR('',#7915,1.);
#7915 = DIRECTION('',(-0.395158431963,-0.918612983605,0.));
#7916 = PCURVE('',#90,#7917);
#7917 = DEFINITIONAL_REPRESENTATION('',(#7918),#7922);
#7918 = LINE('',#7919,#7920);
#7919 = CARTESIAN_POINT('',(-29.005674,-16.181934));
#7920 = VECTOR('',#7921,1.);
#7921 = DIRECTION('',(0.395158431963,-0.918612983605));
#7922 = ( GEOMETRIC_REPRESENTATION_CONTEXT(2) 
PARAMETRIC_REPRESENTATION_CONTEXT() REPRESENTATION_CONTEXT('2D SPACE',''
  ) );
#7923 = PCURVE('',#1276,#7924);
#7924 = DEFINITIONAL_REPRESENTATION('',(#7925),#7929);
#7925 = LINE('',#7926,#7927);
#7926 = CARTESIAN_POINT('',(0.,-1.6));
#7927 = VECTOR('',#7928,1.);
#7928 = DIRECTION('',(1.,0.));
#7929 = ( GEOMETRIC_REPRESENTATION_CONTEXT(2) 
PARAMETRIC_REPRESENTATION_CONTEXT() REPRESENTATION_CONTEXT('2D SPACE',''
  ) );
#7930 = ORIENTED_EDGE('',*,*,#7931,.T.);
#7931 = EDGE_CURVE('',#7909,#7932,#7934,.T.);
#7932 = VERTEX_POINT('',#7933);
#7933 = CARTESIAN_POINT('',(158.369169,-122.557718,1.6));
#7934 = SURFACE_CURVE('',#7935,(#7939,#7946),.PCURVE_S1.);
#7935 = LINE('',#7936,#7937);
#7936 = CARTESIAN_POINT('',(158.706056,-121.878447,1.6));
#7937 = VECTOR('',#7938,1.);
#7938 = DIRECTION('',(-0.444311306075,-0.895872459279,0.));
#7939 = PCURVE('',#90,#7940);
#7940 = DEFINITIONAL_REPRESENTATION('',(#7941),#7945);
#7941 = LINE('',#7942,#7943);
#7942 = CARTESIAN_POINT('',(-28.706056,-16.878447));
#7943 = VECTOR('',#7944,1.);
#7944 = DIRECTION('',(0.444311306075,-0.895872459279));
#7945 = ( GEOMETRIC_REPRESENTATION_CONTEXT(2) 
PARAMETRIC_REPRESENTATION_CONTEXT() REPRESENTATION_CONTEXT('2D SPACE',''
  ) );
#7946 = PCURVE('',#1304,#7947);
#7947 = DEFINITIONAL_REPRESENTATION('',(#7948),#7952);
#7948 = LINE('',#7949,#7950);
#7949 = CARTESIAN_POINT('',(0.,-1.6));
#7950 = VECTOR('',#7951,1.);
#7951 = DIRECTION('',(1.,0.));
#7952 = ( GEOMETRIC_REPRESENTATION_CONTEXT(2) 
PARAMETRIC_REPRESENTATION_CONTEXT() REPRESENTATION_CONTEXT('2D SPACE',''
  ) );
#7953 = ORIENTED_EDGE('',*,*,#7954,.T.);
#7954 = EDGE_CURVE('',#7932,#7955,#7957,.T.);
#7955 = VERTEX_POINT('',#7956);
#7956 = CARTESIAN_POINT('',(157.996,-123.217754,1.6));
#7957 = SURFACE_CURVE('',#7958,(#7962,#7969),.PCURVE_S1.);
#7958 = LINE('',#7959,#7960);
#7959 = CARTESIAN_POINT('',(158.369169,-122.557718,1.6));
#7960 = VECTOR('',#7961,1.);
#7961 = DIRECTION('',(-0.492162379321,-0.870503413193,0.));
#7962 = PCURVE('',#90,#7963);
#7963 = DEFINITIONAL_REPRESENTATION('',(#7964),#7968);
#7964 = LINE('',#7965,#7966);
#7965 = CARTESIAN_POINT('',(-28.369169,-17.557718));
#7966 = VECTOR('',#7967,1.);
#7967 = DIRECTION('',(0.492162379321,-0.870503413193));
#7968 = ( GEOMETRIC_REPRESENTATION_CONTEXT(2) 
PARAMETRIC_REPRESENTATION_CONTEXT() REPRESENTATION_CONTEXT('2D SPACE',''
  ) );
#7969 = PCURVE('',#1332,#7970);
#7970 = DEFINITIONAL_REPRESENTATION('',(#7971),#7975);
#7971 = LINE('',#7972,#7973);
#7972 = CARTESIAN_POINT('',(0.,-1.6));
#7973 = VECTOR('',#7974,1.);
#7974 = DIRECTION('',(1.,0.));
#7975 = ( GEOMETRIC_REPRESENTATION_CONTEXT(2) 
PARAMETRIC_REPRESENTATION_CONTEXT() REPRESENTATION_CONTEXT('2D SPACE',''
  ) );
#7976 = ORIENTED_EDGE('',*,*,#7977,.T.);
#7977 = EDGE_CURVE('',#7955,#7978,#7980,.T.);
#7978 = VERTEX_POINT('',#7979);
#7979 = CARTESIAN_POINT('',(157.587646,-123.856619,1.6));
#7980 = SURFACE_CURVE('',#7981,(#7985,#7992),.PCURVE_S1.);
#7981 = LINE('',#7982,#7983);
#7982 = CARTESIAN_POINT('',(157.996,-123.217754,1.6));
#7983 = VECTOR('',#7984,1.);
#7984 = DIRECTION('',(-0.538567449634,-0.842582400834,0.));
#7985 = PCURVE('',#90,#7986);
#7986 = DEFINITIONAL_REPRESENTATION('',(#7987),#7991);
#7987 = LINE('',#7988,#7989);
#7988 = CARTESIAN_POINT('',(-27.996,-18.217754));
#7989 = VECTOR('',#7990,1.);
#7990 = DIRECTION('',(0.538567449634,-0.842582400834));
#7991 = ( GEOMETRIC_REPRESENTATION_CONTEXT(2) 
PARAMETRIC_REPRESENTATION_CONTEXT() REPRESENTATION_CONTEXT('2D SPACE',''
  ) );
#7992 = PCURVE('',#1360,#7993);
#7993 = DEFINITIONAL_REPRESENTATION('',(#7994),#7998);
#7994 = LINE('',#7995,#7996);
#7995 = CARTESIAN_POINT('',(0.,-1.6));
#7996 = VECTOR('',#7997,1.);
#7997 = DIRECTION('',(1.,0.));
#7998 = ( GEOMETRIC_REPRESENTATION_CONTEXT(2) 
PARAMETRIC_REPRESENTATION_CONTEXT() REPRESENTATION_CONTEXT('2D SPACE',''
  ) );
#7999 = ORIENTED_EDGE('',*,*,#8000,.T.);
#8000 = EDGE_CURVE('',#7978,#8001,#8003,.T.);
#8001 = VERTEX_POINT('',#8002);
#8002 = CARTESIAN_POINT('',(157.145303,-124.472439,1.6));
#8003 = SURFACE_CURVE('',#8004,(#8008,#8015),.PCURVE_S1.);
#8004 = LINE('',#8005,#8006);
#8005 = CARTESIAN_POINT('',(157.587646,-123.856619,1.6));
#8006 = VECTOR('',#8007,1.);
#8007 = DIRECTION('',(-0.583394592868,-0.812188862896,0.));
#8008 = PCURVE('',#90,#8009);
#8009 = DEFINITIONAL_REPRESENTATION('',(#8010),#8014);
#8010 = LINE('',#8011,#8012);
#8011 = CARTESIAN_POINT('',(-27.587646,-18.856619));
#8012 = VECTOR('',#8013,1.);
#8013 = DIRECTION('',(0.583394592868,-0.812188862896));
#8014 = ( GEOMETRIC_REPRESENTATION_CONTEXT(2) 
PARAMETRIC_REPRESENTATION_CONTEXT() REPRESENTATION_CONTEXT('2D SPACE',''
  ) );
#8015 = PCURVE('',#1388,#8016);
#8016 = DEFINITIONAL_REPRESENTATION('',(#8017),#8021);
#8017 = LINE('',#8018,#8019);
#8018 = CARTESIAN_POINT('',(0.,-1.6));
#8019 = VECTOR('',#8020,1.);
#8020 = DIRECTION('',(1.,0.));
#8021 = ( GEOMETRIC_REPRESENTATION_CONTEXT(2) 
PARAMETRIC_REPRESENTATION_CONTEXT() REPRESENTATION_CONTEXT('2D SPACE',''
  ) );
#8022 = ORIENTED_EDGE('',*,*,#8023,.T.);
#8023 = EDGE_CURVE('',#8001,#8024,#8026,.T.);
#8024 = VERTEX_POINT('',#8025);
#8025 = CARTESIAN_POINT('',(156.670269,-125.063408,1.6));
#8026 = SURFACE_CURVE('',#8027,(#8031,#8038),.PCURVE_S1.);
#8027 = LINE('',#8028,#8029);
#8028 = CARTESIAN_POINT('',(157.145303,-124.472439,1.6));
#8029 = VECTOR('',#8030,1.);
#8030 = DIRECTION('',(-0.626509864591,-0.779413490755,0.));
#8031 = PCURVE('',#90,#8032);
#8032 = DEFINITIONAL_REPRESENTATION('',(#8033),#8037);
#8033 = LINE('',#8034,#8035);
#8034 = CARTESIAN_POINT('',(-27.145303,-19.472439));
#8035 = VECTOR('',#8036,1.);
#8036 = DIRECTION('',(0.626509864591,-0.779413490755));
#8037 = ( GEOMETRIC_REPRESENTATION_CONTEXT(2) 
PARAMETRIC_REPRESENTATION_CONTEXT() REPRESENTATION_CONTEXT('2D SPACE',''
  ) );
#8038 = PCURVE('',#1416,#8039);
#8039 = DEFINITIONAL_REPRESENTATION('',(#8040),#8044);
#8040 = LINE('',#8041,#8042);
#8041 = CARTESIAN_POINT('',(0.,-1.6));
#8042 = VECTOR('',#8043,1.);
#8043 = DIRECTION('',(1.,0.));
#8044 = ( GEOMETRIC_REPRESENTATION_CONTEXT(2) 
PARAMETRIC_REPRESENTATION_CONTEXT() REPRESENTATION_CONTEXT('2D SPACE',''
  ) );
#8045 = ORIENTED_EDGE('',*,*,#8046,.T.);
#8046 = EDGE_CURVE('',#8024,#8047,#8049,.T.);
#8047 = VERTEX_POINT('',#8048);
#8048 = CARTESIAN_POINT('',(156.163937,-125.627792,1.6));
#8049 = SURFACE_CURVE('',#8050,(#8054,#8061),.PCURVE_S1.);
#8050 = LINE('',#8051,#8052);
#8051 = CARTESIAN_POINT('',(156.670269,-125.063408,1.6));
#8052 = VECTOR('',#8053,1.);
#8053 = DIRECTION('',(-0.667788129409,-0.744351405063,0.));
#8054 = PCURVE('',#90,#8055);
#8055 = DEFINITIONAL_REPRESENTATION('',(#8056),#8060);
#8056 = LINE('',#8057,#8058);
#8057 = CARTESIAN_POINT('',(-26.670269,-20.063408));
#8058 = VECTOR('',#8059,1.);
#8059 = DIRECTION('',(0.667788129409,-0.744351405063));
#8060 = ( GEOMETRIC_REPRESENTATION_CONTEXT(2) 
PARAMETRIC_REPRESENTATION_CONTEXT() REPRESENTATION_CONTEXT('2D SPACE',''
  ) );
#8061 = PCURVE('',#1444,#8062);
#8062 = DEFINITIONAL_REPRESENTATION('',(#8063),#8067);
#8063 = LINE('',#8064,#8065);
#8064 = CARTESIAN_POINT('',(0.,-1.6));
#8065 = VECTOR('',#8066,1.);
#8066 = DIRECTION('',(1.,0.));
#8067 = ( GEOMETRIC_REPRESENTATION_CONTEXT(2) 
PARAMETRIC_REPRESENTATION_CONTEXT() REPRESENTATION_CONTEXT('2D SPACE',''
  ) );
#8068 = ORIENTED_EDGE('',*,*,#8069,.T.);
#8069 = EDGE_CURVE('',#8047,#8070,#8072,.T.);
#8070 = VERTEX_POINT('',#8071);
#8071 = CARTESIAN_POINT('',(155.627792,-126.163937,1.6));
#8072 = SURFACE_CURVE('',#8073,(#8077,#8084),.PCURVE_S1.);
#8073 = LINE('',#8074,#8075);
#8074 = CARTESIAN_POINT('',(156.163937,-125.627792,1.6));
#8075 = VECTOR('',#8076,1.);
#8076 = DIRECTION('',(-0.707106781187,-0.707106781187,0.));
#8077 = PCURVE('',#90,#8078);
#8078 = DEFINITIONAL_REPRESENTATION('',(#8079),#8083);
#8079 = LINE('',#8080,#8081);
#8080 = CARTESIAN_POINT('',(-26.163937,-20.627792));
#8081 = VECTOR('',#8082,1.);
#8082 = DIRECTION('',(0.707106781187,-0.707106781187));
#8083 = ( GEOMETRIC_REPRESENTATION_CONTEXT(2) 
PARAMETRIC_REPRESENTATION_CONTEXT() REPRESENTATION_CONTEXT('2D SPACE',''
  ) );
#8084 = PCURVE('',#1472,#8085);
#8085 = DEFINITIONAL_REPRESENTATION('',(#8086),#8090);
#8086 = LINE('',#8087,#8088);
#8087 = CARTESIAN_POINT('',(0.,-1.6));
#8088 = VECTOR('',#8089,1.);
#8089 = DIRECTION('',(1.,0.));
#8090 = ( GEOMETRIC_REPRESENTATION_CONTEXT(2) 
PARAMETRIC_REPRESENTATION_CONTEXT() REPRESENTATION_CONTEXT('2D SPACE',''
  ) );
#8091 = ORIENTED_EDGE('',*,*,#8092,.T.);
#8092 = EDGE_CURVE('',#8070,#8093,#8095,.T.);
#8093 = VERTEX_POINT('',#8094);
#8094 = CARTESIAN_POINT('',(155.063408,-126.670269,1.6));
#8095 = SURFACE_CURVE('',#8096,(#8100,#8107),.PCURVE_S1.);
#8096 = LINE('',#8097,#8098);
#8097 = CARTESIAN_POINT('',(155.627792,-126.163937,1.6));
#8098 = VECTOR('',#8099,1.);
#8099 = DIRECTION('',(-0.744351405063,-0.667788129409,0.));
#8100 = PCURVE('',#90,#8101);
#8101 = DEFINITIONAL_REPRESENTATION('',(#8102),#8106);
#8102 = LINE('',#8103,#8104);
#8103 = CARTESIAN_POINT('',(-25.627792,-21.163937));
#8104 = VECTOR('',#8105,1.);
#8105 = DIRECTION('',(0.744351405063,-0.667788129409));
#8106 = ( GEOMETRIC_REPRESENTATION_CONTEXT(2) 
PARAMETRIC_REPRESENTATION_CONTEXT() REPRESENTATION_CONTEXT('2D SPACE',''
  ) );
#8107 = PCURVE('',#1500,#8108);
#8108 = DEFINITIONAL_REPRESENTATION('',(#8109),#8113);
#8109 = LINE('',#8110,#8111);
#8110 = CARTESIAN_POINT('',(0.,-1.6));
#8111 = VECTOR('',#8112,1.);
#8112 = DIRECTION('',(1.,0.));
#8113 = ( GEOMETRIC_REPRESENTATION_CONTEXT(2) 
PARAMETRIC_REPRESENTATION_CONTEXT() REPRESENTATION_CONTEXT('2D SPACE',''
  ) );
#8114 = ORIENTED_EDGE('',*,*,#8115,.T.);
#8115 = EDGE_CURVE('',#8093,#8116,#8118,.T.);
#8116 = VERTEX_POINT('',#8117);
#8117 = CARTESIAN_POINT('',(154.472439,-127.145303,1.6));
#8118 = SURFACE_CURVE('',#8119,(#8123,#8130),.PCURVE_S1.);
#8119 = LINE('',#8120,#8121);
#8120 = CARTESIAN_POINT('',(155.063408,-126.670269,1.6));
#8121 = VECTOR('',#8122,1.);
#8122 = DIRECTION('',(-0.779413490755,-0.626509864591,0.));
#8123 = PCURVE('',#90,#8124);
#8124 = DEFINITIONAL_REPRESENTATION('',(#8125),#8129);
#8125 = LINE('',#8126,#8127);
#8126 = CARTESIAN_POINT('',(-25.063408,-21.670269));
#8127 = VECTOR('',#8128,1.);
#8128 = DIRECTION('',(0.779413490755,-0.626509864591));
#8129 = ( GEOMETRIC_REPRESENTATION_CONTEXT(2) 
PARAMETRIC_REPRESENTATION_CONTEXT() REPRESENTATION_CONTEXT('2D SPACE',''
  ) );
#8130 = PCURVE('',#1528,#8131);
#8131 = DEFINITIONAL_REPRESENTATION('',(#8132),#8136);
#8132 = LINE('',#8133,#8134);
#8133 = CARTESIAN_POINT('',(0.,-1.6));
#8134 = VECTOR('',#8135,1.);
#8135 = DIRECTION('',(1.,0.));
#8136 = ( GEOMETRIC_REPRESENTATION_CONTEXT(2) 
PARAMETRIC_REPRESENTATION_CONTEXT() REPRESENTATION_CONTEXT('2D SPACE',''
  ) );
#8137 = ORIENTED_EDGE('',*,*,#8138,.T.);
#8138 = EDGE_CURVE('',#8116,#8139,#8141,.T.);
#8139 = VERTEX_POINT('',#8140);
#8140 = CARTESIAN_POINT('',(153.856619,-127.587646,1.6));
#8141 = SURFACE_CURVE('',#8142,(#8146,#8153),.PCURVE_S1.);
#8142 = LINE('',#8143,#8144);
#8143 = CARTESIAN_POINT('',(154.472439,-127.145303,1.6));
#8144 = VECTOR('',#8145,1.);
#8145 = DIRECTION('',(-0.812188862896,-0.583394592868,0.));
#8146 = PCURVE('',#90,#8147);
#8147 = DEFINITIONAL_REPRESENTATION('',(#8148),#8152);
#8148 = LINE('',#8149,#8150);
#8149 = CARTESIAN_POINT('',(-24.472439,-22.145303));
#8150 = VECTOR('',#8151,1.);
#8151 = DIRECTION('',(0.812188862896,-0.583394592868));
#8152 = ( GEOMETRIC_REPRESENTATION_CONTEXT(2) 
PARAMETRIC_REPRESENTATION_CONTEXT() REPRESENTATION_CONTEXT('2D SPACE',''
  ) );
#8153 = PCURVE('',#1556,#8154);
#8154 = DEFINITIONAL_REPRESENTATION('',(#8155),#8159);
#8155 = LINE('',#8156,#8157);
#8156 = CARTESIAN_POINT('',(0.,-1.6));
#8157 = VECTOR('',#8158,1.);
#8158 = DIRECTION('',(1.,0.));
#8159 = ( GEOMETRIC_REPRESENTATION_CONTEXT(2) 
PARAMETRIC_REPRESENTATION_CONTEXT() REPRESENTATION_CONTEXT('2D SPACE',''
  ) );
#8160 = ORIENTED_EDGE('',*,*,#8161,.T.);
#8161 = EDGE_CURVE('',#8139,#8162,#8164,.T.);
#8162 = VERTEX_POINT('',#8163);
#8163 = CARTESIAN_POINT('',(153.217754,-127.996,1.6));
#8164 = SURFACE_CURVE('',#8165,(#8169,#8176),.PCURVE_S1.);
#8165 = LINE('',#8166,#8167);
#8166 = CARTESIAN_POINT('',(153.856619,-127.587646,1.6));
#8167 = VECTOR('',#8168,1.);
#8168 = DIRECTION('',(-0.842582400834,-0.538567449634,0.));
#8169 = PCURVE('',#90,#8170);
#8170 = DEFINITIONAL_REPRESENTATION('',(#8171),#8175);
#8171 = LINE('',#8172,#8173);
#8172 = CARTESIAN_POINT('',(-23.856619,-22.587646));
#8173 = VECTOR('',#8174,1.);
#8174 = DIRECTION('',(0.842582400834,-0.538567449634));
#8175 = ( GEOMETRIC_REPRESENTATION_CONTEXT(2) 
PARAMETRIC_REPRESENTATION_CONTEXT() REPRESENTATION_CONTEXT('2D SPACE',''
  ) );
#8176 = PCURVE('',#1584,#8177);
#8177 = DEFINITIONAL_REPRESENTATION('',(#8178),#8182);
#8178 = LINE('',#8179,#8180);
#8179 = CARTESIAN_POINT('',(0.,-1.6));
#8180 = VECTOR('',#8181,1.);
#8181 = DIRECTION('',(1.,0.));
#8182 = ( GEOMETRIC_REPRESENTATION_CONTEXT(2) 
PARAMETRIC_REPRESENTATION_CONTEXT() REPRESENTATION_CONTEXT('2D SPACE',''
  ) );
#8183 = ORIENTED_EDGE('',*,*,#8184,.T.);
#8184 = EDGE_CURVE('',#8162,#8185,#8187,.T.);
#8185 = VERTEX_POINT('',#8186);
#8186 = CARTESIAN_POINT('',(152.557718,-128.369169,1.6));
#8187 = SURFACE_CURVE('',#8188,(#8192,#8199),.PCURVE_S1.);
#8188 = LINE('',#8189,#8190);
#8189 = CARTESIAN_POINT('',(153.217754,-127.996,1.6));
#8190 = VECTOR('',#8191,1.);
#8191 = DIRECTION('',(-0.870503413193,-0.492162379321,0.));
#8192 = PCURVE('',#90,#8193);
#8193 = DEFINITIONAL_REPRESENTATION('',(#8194),#8198);
#8194 = LINE('',#8195,#8196);
#8195 = CARTESIAN_POINT('',(-23.217754,-22.996));
#8196 = VECTOR('',#8197,1.);
#8197 = DIRECTION('',(0.870503413193,-0.492162379321));
#8198 = ( GEOMETRIC_REPRESENTATION_CONTEXT(2) 
PARAMETRIC_REPRESENTATION_CONTEXT() REPRESENTATION_CONTEXT('2D SPACE',''
  ) );
#8199 = PCURVE('',#1612,#8200);
#8200 = DEFINITIONAL_REPRESENTATION('',(#8201),#8205);
#8201 = LINE('',#8202,#8203);
#8202 = CARTESIAN_POINT('',(0.,-1.6));
#8203 = VECTOR('',#8204,1.);
#8204 = DIRECTION('',(1.,0.));
#8205 = ( GEOMETRIC_REPRESENTATION_CONTEXT(2) 
PARAMETRIC_REPRESENTATION_CONTEXT() REPRESENTATION_CONTEXT('2D SPACE',''
  ) );
#8206 = ORIENTED_EDGE('',*,*,#8207,.T.);
#8207 = EDGE_CURVE('',#8185,#8208,#8210,.T.);
#8208 = VERTEX_POINT('',#8209);
#8209 = CARTESIAN_POINT('',(151.878447,-128.706056,1.6));
#8210 = SURFACE_CURVE('',#8211,(#8215,#8222),.PCURVE_S1.);
#8211 = LINE('',#8212,#8213);
#8212 = CARTESIAN_POINT('',(152.557718,-128.369169,1.6));
#8213 = VECTOR('',#8214,1.);
#8214 = DIRECTION('',(-0.895872459279,-0.444311306075,0.));
#8215 = PCURVE('',#90,#8216);
#8216 = DEFINITIONAL_REPRESENTATION('',(#8217),#8221);
#8217 = LINE('',#8218,#8219);
#8218 = CARTESIAN_POINT('',(-22.557718,-23.369169));
#8219 = VECTOR('',#8220,1.);
#8220 = DIRECTION('',(0.895872459279,-0.444311306075));
#8221 = ( GEOMETRIC_REPRESENTATION_CONTEXT(2) 
PARAMETRIC_REPRESENTATION_CONTEXT() REPRESENTATION_CONTEXT('2D SPACE',''
  ) );
#8222 = PCURVE('',#1640,#8223);
#8223 = DEFINITIONAL_REPRESENTATION('',(#8224),#8228);
#8224 = LINE('',#8225,#8226);
#8225 = CARTESIAN_POINT('',(0.,-1.6));
#8226 = VECTOR('',#8227,1.);
#8227 = DIRECTION('',(1.,0.));
#8228 = ( GEOMETRIC_REPRESENTATION_CONTEXT(2) 
PARAMETRIC_REPRESENTATION_CONTEXT() REPRESENTATION_CONTEXT('2D SPACE',''
  ) );
#8229 = ORIENTED_EDGE('',*,*,#8230,.T.);
#8230 = EDGE_CURVE('',#8208,#8231,#8233,.T.);
#8231 = VERTEX_POINT('',#8232);
#8232 = CARTESIAN_POINT('',(151.181934,-129.005674,1.6));
#8233 = SURFACE_CURVE('',#8234,(#8238,#8245),.PCURVE_S1.);
#8234 = LINE('',#8235,#8236);
#8235 = CARTESIAN_POINT('',(151.878447,-128.706056,1.6));
#8236 = VECTOR('',#8237,1.);
#8237 = DIRECTION('',(-0.918612983605,-0.395158431963,0.));
#8238 = PCURVE('',#90,#8239);
#8239 = DEFINITIONAL_REPRESENTATION('',(#8240),#8244);
#8240 = LINE('',#8241,#8242);
#8241 = CARTESIAN_POINT('',(-21.878447,-23.706056));
#8242 = VECTOR('',#8243,1.);
#8243 = DIRECTION('',(0.918612983605,-0.395158431963));
#8244 = ( GEOMETRIC_REPRESENTATION_CONTEXT(2) 
PARAMETRIC_REPRESENTATION_CONTEXT() REPRESENTATION_CONTEXT('2D SPACE',''
  ) );
#8245 = PCURVE('',#1668,#8246);
#8246 = DEFINITIONAL_REPRESENTATION('',(#8247),#8251);
#8247 = LINE('',#8248,#8249);
#8248 = CARTESIAN_POINT('',(0.,-1.6));
#8249 = VECTOR('',#8250,1.);
#8250 = DIRECTION('',(1.,0.));
#8251 = ( GEOMETRIC_REPRESENTATION_CONTEXT(2) 
PARAMETRIC_REPRESENTATION_CONTEXT() REPRESENTATION_CONTEXT('2D SPACE',''
  ) );
#8252 = ORIENTED_EDGE('',*,*,#8253,.T.);
#8253 = EDGE_CURVE('',#8231,#8254,#8256,.T.);
#8254 = VERTEX_POINT('',#8255);
#8255 = CARTESIAN_POINT('',(150.470221,-129.267144,1.6));
#8256 = SURFACE_CURVE('',#8257,(#8261,#8268),.PCURVE_S1.);
#8257 = LINE('',#8258,#8259);
#8258 = CARTESIAN_POINT('',(151.181934,-129.005674,1.6));
#8259 = VECTOR('',#8260,1.);
#8260 = DIRECTION('',(-0.938659339746,-0.344845826286,0.));
#8261 = PCURVE('',#90,#8262);
#8262 = DEFINITIONAL_REPRESENTATION('',(#8263),#8267);
#8263 = LINE('',#8264,#8265);
#8264 = CARTESIAN_POINT('',(-21.181934,-24.005674));
#8265 = VECTOR('',#8266,1.);
#8266 = DIRECTION('',(0.938659339746,-0.344845826286));
#8267 = ( GEOMETRIC_REPRESENTATION_CONTEXT(2) 
PARAMETRIC_REPRESENTATION_CONTEXT() REPRESENTATION_CONTEXT('2D SPACE',''
  ) );
#8268 = PCURVE('',#1696,#8269);
#8269 = DEFINITIONAL_REPRESENTATION('',(#8270),#8274);
#8270 = LINE('',#8271,#8272);
#8271 = CARTESIAN_POINT('',(0.,-1.6));
#8272 = VECTOR('',#8273,1.);
#8273 = DIRECTION('',(1.,0.));
#8274 = ( GEOMETRIC_REPRESENTATION_CONTEXT(2) 
PARAMETRIC_REPRESENTATION_CONTEXT() REPRESENTATION_CONTEXT('2D SPACE',''
  ) );
#8275 = ORIENTED_EDGE('',*,*,#8276,.T.);
#8276 = EDGE_CURVE('',#8254,#8277,#8279,.T.);
#8277 = VERTEX_POINT('',#8278);
#8278 = CARTESIAN_POINT('',(149.745397,-129.4897,1.6));
#8279 = SURFACE_CURVE('',#8280,(#8284,#8291),.PCURVE_S1.);
#8280 = LINE('',#8281,#8282);
#8281 = CARTESIAN_POINT('',(150.470221,-129.267144,1.6));
#8282 = VECTOR('',#8283,1.);
#8283 = DIRECTION('',(-0.955951879609,-0.293523429851,0.));
#8284 = PCURVE('',#90,#8285);
#8285 = DEFINITIONAL_REPRESENTATION('',(#8286),#8290);
#8286 = LINE('',#8287,#8288);
#8287 = CARTESIAN_POINT('',(-20.470221,-24.267144));
#8288 = VECTOR('',#8289,1.);
#8289 = DIRECTION('',(0.955951879609,-0.293523429851));
#8290 = ( GEOMETRIC_REPRESENTATION_CONTEXT(2) 
PARAMETRIC_REPRESENTATION_CONTEXT() REPRESENTATION_CONTEXT('2D SPACE',''
  ) );
#8291 = PCURVE('',#1724,#8292);
#8292 = DEFINITIONAL_REPRESENTATION('',(#8293),#8297);
#8293 = LINE('',#8294,#8295);
#8294 = CARTESIAN_POINT('',(0.,-1.6));
#8295 = VECTOR('',#8296,1.);
#8296 = DIRECTION('',(1.,0.));
#8297 = ( GEOMETRIC_REPRESENTATION_CONTEXT(2) 
PARAMETRIC_REPRESENTATION_CONTEXT() REPRESENTATION_CONTEXT('2D SPACE',''
  ) );
#8298 = ORIENTED_EDGE('',*,*,#8299,.T.);
#8299 = EDGE_CURVE('',#8277,#8300,#8302,.T.);
#8300 = VERTEX_POINT('',#8301);
#8301 = CARTESIAN_POINT('',(149.009586,-129.672688,1.6));
#8302 = SURFACE_CURVE('',#8303,(#8307,#8314),.PCURVE_S1.);
#8303 = LINE('',#8304,#8305);
#8304 = CARTESIAN_POINT('',(149.745397,-129.4897,1.6));
#8305 = VECTOR('',#8306,1.);
#8306 = DIRECTION('',(-0.970441145165,-0.241337903716,0.));
#8307 = PCURVE('',#90,#8308);
#8308 = DEFINITIONAL_REPRESENTATION('',(#8309),#8313);
#8309 = LINE('',#8310,#8311);
#8310 = CARTESIAN_POINT('',(-19.745397,-24.4897));
#8311 = VECTOR('',#8312,1.);
#8312 = DIRECTION('',(0.970441145165,-0.241337903716));
#8313 = ( GEOMETRIC_REPRESENTATION_CONTEXT(2) 
PARAMETRIC_REPRESENTATION_CONTEXT() REPRESENTATION_CONTEXT('2D SPACE',''
  ) );
#8314 = PCURVE('',#1752,#8315);
#8315 = DEFINITIONAL_REPRESENTATION('',(#8316),#8320);
#8316 = LINE('',#8317,#8318);
#8317 = CARTESIAN_POINT('',(0.,-1.6));
#8318 = VECTOR('',#8319,1.);
#8319 = DIRECTION('',(1.,0.));
#8320 = ( GEOMETRIC_REPRESENTATION_CONTEXT(2) 
PARAMETRIC_REPRESENTATION_CONTEXT() REPRESENTATION_CONTEXT('2D SPACE',''
  ) );
#8321 = ORIENTED_EDGE('',*,*,#8322,.T.);
#8322 = EDGE_CURVE('',#8300,#8323,#8325,.T.);
#8323 = VERTEX_POINT('',#8324);
#8324 = CARTESIAN_POINT('',(148.264948,-129.815571,1.6));
#8325 = SURFACE_CURVE('',#8326,(#8330,#8337),.PCURVE_S1.);
#8326 = LINE('',#8327,#8328);
#8327 = CARTESIAN_POINT('',(149.009586,-129.672688,1.6));
#8328 = VECTOR('',#8329,1.);
#8329 = DIRECTION('',(-0.98208380359,-0.188444694077,0.));
#8330 = PCURVE('',#90,#8331);
#8331 = DEFINITIONAL_REPRESENTATION('',(#8332),#8336);
#8332 = LINE('',#8333,#8334);
#8333 = CARTESIAN_POINT('',(-19.009586,-24.672688));
#8334 = VECTOR('',#8335,1.);
#8335 = DIRECTION('',(0.98208380359,-0.188444694077));
#8336 = ( GEOMETRIC_REPRESENTATION_CONTEXT(2) 
PARAMETRIC_REPRESENTATION_CONTEXT() REPRESENTATION_CONTEXT('2D SPACE',''
  ) );
#8337 = PCURVE('',#1780,#8338);
#8338 = DEFINITIONAL_REPRESENTATION('',(#8339),#8343);
#8339 = LINE('',#8340,#8341);
#8340 = CARTESIAN_POINT('',(0.,-1.6));
#8341 = VECTOR('',#8342,1.);
#8342 = DIRECTION('',(1.,0.));
#8343 = ( GEOMETRIC_REPRESENTATION_CONTEXT(2) 
PARAMETRIC_REPRESENTATION_CONTEXT() REPRESENTATION_CONTEXT('2D SPACE',''
  ) );
#8344 = ORIENTED_EDGE('',*,*,#8345,.T.);
#8345 = EDGE_CURVE('',#8323,#8346,#8348,.T.);
#8346 = VERTEX_POINT('',#8347);
#8347 = CARTESIAN_POINT('',(147.513666,-129.917931,1.6));
#8348 = SURFACE_CURVE('',#8349,(#8353,#8360),.PCURVE_S1.);
#8349 = LINE('',#8350,#8351);
#8350 = CARTESIAN_POINT('',(148.264948,-129.815571,1.6));
#8351 = VECTOR('',#8352,1.);
#8352 = DIRECTION('',(-0.99084561886,-0.134999850318,0.));
#8353 = PCURVE('',#90,#8354);
#8354 = DEFINITIONAL_REPRESENTATION('',(#8355),#8359);
#8355 = LINE('',#8356,#8357);
#8356 = CARTESIAN_POINT('',(-18.264948,-24.815571));
#8357 = VECTOR('',#8358,1.);
#8358 = DIRECTION('',(0.99084561886,-0.134999850318));
#8359 = ( GEOMETRIC_REPRESENTATION_CONTEXT(2) 
PARAMETRIC_REPRESENTATION_CONTEXT() REPRESENTATION_CONTEXT('2D SPACE',''
  ) );
#8360 = PCURVE('',#1808,#8361);
#8361 = DEFINITIONAL_REPRESENTATION('',(#8362),#8366);
#8362 = LINE('',#8363,#8364);
#8363 = CARTESIAN_POINT('',(0.,-1.6));
#8364 = VECTOR('',#8365,1.);
#8365 = DIRECTION('',(1.,0.));
#8366 = ( GEOMETRIC_REPRESENTATION_CONTEXT(2) 
PARAMETRIC_REPRESENTATION_CONTEXT() REPRESENTATION_CONTEXT('2D SPACE',''
  ) );
#8367 = ORIENTED_EDGE('',*,*,#8368,.T.);
#8368 = EDGE_CURVE('',#8346,#8369,#8371,.T.);
#8369 = VERTEX_POINT('',#8370);
#8370 = CARTESIAN_POINT('',(146.757945,-129.979468,1.6));
#8371 = SURFACE_CURVE('',#8372,(#8376,#8383),.PCURVE_S1.);
#8372 = LINE('',#8373,#8374);
#8373 = CARTESIAN_POINT('',(147.513666,-129.917931,1.6));
#8374 = VECTOR('',#8375,1.);
#8375 = DIRECTION('',(-0.996701120211,-8.115957719108E-02,0.));
#8376 = PCURVE('',#90,#8377);
#8377 = DEFINITIONAL_REPRESENTATION('',(#8378),#8382);
#8378 = LINE('',#8379,#8380);
#8379 = CARTESIAN_POINT('',(-17.513666,-24.917931));
#8380 = VECTOR('',#8381,1.);
#8381 = DIRECTION('',(0.996701120211,-8.115957719108E-02));
#8382 = ( GEOMETRIC_REPRESENTATION_CONTEXT(2) 
PARAMETRIC_REPRESENTATION_CONTEXT() REPRESENTATION_CONTEXT('2D SPACE',''
  ) );
#8383 = PCURVE('',#1836,#8384);
#8384 = DEFINITIONAL_REPRESENTATION('',(#8385),#8389);
#8385 = LINE('',#8386,#8387);
#8386 = CARTESIAN_POINT('',(0.,-1.6));
#8387 = VECTOR('',#8388,1.);
#8388 = DIRECTION('',(1.,0.));
#8389 = ( GEOMETRIC_REPRESENTATION_CONTEXT(2) 
PARAMETRIC_REPRESENTATION_CONTEXT() REPRESENTATION_CONTEXT('2D SPACE',''
  ) );
#8390 = ORIENTED_EDGE('',*,*,#8391,.T.);
#8391 = EDGE_CURVE('',#8369,#8392,#8394,.T.);
#8392 = VERTEX_POINT('',#8393);
#8393 = CARTESIAN_POINT('',(146.,-130.,1.6));
#8394 = SURFACE_CURVE('',#8395,(#8399,#8406),.PCURVE_S1.);
#8395 = LINE('',#8396,#8397);
#8396 = CARTESIAN_POINT('',(146.757945,-129.979468,1.6));
#8397 = VECTOR('',#8398,1.);
#8398 = DIRECTION('',(-0.999633293851,-2.707910308711E-02,0.));
#8399 = PCURVE('',#90,#8400);
#8400 = DEFINITIONAL_REPRESENTATION('',(#8401),#8405);
#8401 = LINE('',#8402,#8403);
#8402 = CARTESIAN_POINT('',(-16.757945,-24.979468));
#8403 = VECTOR('',#8404,1.);
#8404 = DIRECTION('',(0.999633293851,-2.707910308711E-02));
#8405 = ( GEOMETRIC_REPRESENTATION_CONTEXT(2) 
PARAMETRIC_REPRESENTATION_CONTEXT() REPRESENTATION_CONTEXT('2D SPACE',''
  ) );
#8406 = PCURVE('',#1864,#8407);
#8407 = DEFINITIONAL_REPRESENTATION('',(#8408),#8412);
#8408 = LINE('',#8409,#8410);
#8409 = CARTESIAN_POINT('',(0.,-1.6));
#8410 = VECTOR('',#8411,1.);
#8411 = DIRECTION('',(1.,0.));
#8412 = ( GEOMETRIC_REPRESENTATION_CONTEXT(2) 
PARAMETRIC_REPRESENTATION_CONTEXT() REPRESENTATION_CONTEXT('2D SPACE',''
  ) );
#8413 = ORIENTED_EDGE('',*,*,#8414,.T.);
#8414 = EDGE_CURVE('',#8392,#8415,#8417,.T.);
#8415 = VERTEX_POINT('',#8416);
#8416 = CARTESIAN_POINT('',(114.,-130.,1.6));
#8417 = SURFACE_CURVE('',#8418,(#8422,#8429),.PCURVE_S1.);
#8418 = LINE('',#8419,#8420);
#8419 = CARTESIAN_POINT('',(146.,-130.,1.6));
#8420 = VECTOR('',#8421,1.);
#8421 = DIRECTION('',(-1.,0.,0.));
#8422 = PCURVE('',#90,#8423);
#8423 = DEFINITIONAL_REPRESENTATION('',(#8424),#8428);
#8424 = LINE('',#8425,#8426);
#8425 = CARTESIAN_POINT('',(-16.,-25.));
#8426 = VECTOR('',#8427,1.);
#8427 = DIRECTION('',(1.,0.));
#8428 = ( GEOMETRIC_REPRESENTATION_CONTEXT(2) 
PARAMETRIC_REPRESENTATION_CONTEXT() REPRESENTATION_CONTEXT('2D SPACE',''
  ) );
#8429 = PCURVE('',#1892,#8430);
#8430 = DEFINITIONAL_REPRESENTATION('',(#8431),#8435);
#8431 = LINE('',#8432,#8433);
#8432 = CARTESIAN_POINT('',(0.,-1.6));
#8433 = VECTOR('',#8434,1.);
#8434 = DIRECTION('',(1.,0.));
#8435 = ( GEOMETRIC_REPRESENTATION_CONTEXT(2) 
PARAMETRIC_REPRESENTATION_CONTEXT() REPRESENTATION_CONTEXT('2D SPACE',''
  ) );
#8436 = ORIENTED_EDGE('',*,*,#8437,.T.);
#8437 = EDGE_CURVE('',#8415,#8438,#8440,.T.);
#8438 = VERTEX_POINT('',#8439);
#8439 = CARTESIAN_POINT('',(113.242055,-129.979468,1.6));
#8440 = SURFACE_CURVE('',#8441,(#8445,#8452),.PCURVE_S1.);
#8441 = LINE('',#8442,#8443);
#8442 = CARTESIAN_POINT('',(114.,-130.,1.6));
#8443 = VECTOR('',#8444,1.);
#8444 = DIRECTION('',(-0.999633293851,2.707910308711E-02,0.));
#8445 = PCURVE('',#90,#8446);
#8446 = DEFINITIONAL_REPRESENTATION('',(#8447),#8451);
#8447 = LINE('',#8448,#8449);
#8448 = CARTESIAN_POINT('',(16.,-25.));
#8449 = VECTOR('',#8450,1.);
#8450 = DIRECTION('',(0.999633293851,2.707910308711E-02));
#8451 = ( GEOMETRIC_REPRESENTATION_CONTEXT(2) 
PARAMETRIC_REPRESENTATION_CONTEXT() REPRESENTATION_CONTEXT('2D SPACE',''
  ) );
#8452 = PCURVE('',#1920,#8453);
#8453 = DEFINITIONAL_REPRESENTATION('',(#8454),#8458);
#8454 = LINE('',#8455,#8456);
#8455 = CARTESIAN_POINT('',(0.,-1.6));
#8456 = VECTOR('',#8457,1.);
#8457 = DIRECTION('',(1.,0.));
#8458 = ( GEOMETRIC_REPRESENTATION_CONTEXT(2) 
PARAMETRIC_REPRESENTATION_CONTEXT() REPRESENTATION_CONTEXT('2D SPACE',''
  ) );
#8459 = ORIENTED_EDGE('',*,*,#8460,.T.);
#8460 = EDGE_CURVE('',#8438,#8461,#8463,.T.);
#8461 = VERTEX_POINT('',#8462);
#8462 = CARTESIAN_POINT('',(112.486334,-129.917931,1.6));
#8463 = SURFACE_CURVE('',#8464,(#8468,#8475),.PCURVE_S1.);
#8464 = LINE('',#8465,#8466);
#8465 = CARTESIAN_POINT('',(113.242055,-129.979468,1.6));
#8466 = VECTOR('',#8467,1.);
#8467 = DIRECTION('',(-0.996701120211,8.115957719108E-02,0.));
#8468 = PCURVE('',#90,#8469);
#8469 = DEFINITIONAL_REPRESENTATION('',(#8470),#8474);
#8470 = LINE('',#8471,#8472);
#8471 = CARTESIAN_POINT('',(16.757945,-24.979468));
#8472 = VECTOR('',#8473,1.);
#8473 = DIRECTION('',(0.996701120211,8.115957719108E-02));
#8474 = ( GEOMETRIC_REPRESENTATION_CONTEXT(2) 
PARAMETRIC_REPRESENTATION_CONTEXT() REPRESENTATION_CONTEXT('2D SPACE',''
  ) );
#8475 = PCURVE('',#1948,#8476);
#8476 = DEFINITIONAL_REPRESENTATION('',(#8477),#8481);
#8477 = LINE('',#8478,#8479);
#8478 = CARTESIAN_POINT('',(0.,-1.6));
#8479 = VECTOR('',#8480,1.);
#8480 = DIRECTION('',(1.,0.));
#8481 = ( GEOMETRIC_REPRESENTATION_CONTEXT(2) 
PARAMETRIC_REPRESENTATION_CONTEXT() REPRESENTATION_CONTEXT('2D SPACE',''
  ) );
#8482 = ORIENTED_EDGE('',*,*,#8483,.T.);
#8483 = EDGE_CURVE('',#8461,#8484,#8486,.T.);
#8484 = VERTEX_POINT('',#8485);
#8485 = CARTESIAN_POINT('',(111.735052,-129.815571,1.6));
#8486 = SURFACE_CURVE('',#8487,(#8491,#8498),.PCURVE_S1.);
#8487 = LINE('',#8488,#8489);
#8488 = CARTESIAN_POINT('',(112.486334,-129.917931,1.6));
#8489 = VECTOR('',#8490,1.);
#8490 = DIRECTION('',(-0.99084561886,0.134999850318,0.));
#8491 = PCURVE('',#90,#8492);
#8492 = DEFINITIONAL_REPRESENTATION('',(#8493),#8497);
#8493 = LINE('',#8494,#8495);
#8494 = CARTESIAN_POINT('',(17.513666,-24.917931));
#8495 = VECTOR('',#8496,1.);
#8496 = DIRECTION('',(0.99084561886,0.134999850318));
#8497 = ( GEOMETRIC_REPRESENTATION_CONTEXT(2) 
PARAMETRIC_REPRESENTATION_CONTEXT() REPRESENTATION_CONTEXT('2D SPACE',''
  ) );
#8498 = PCURVE('',#1976,#8499);
#8499 = DEFINITIONAL_REPRESENTATION('',(#8500),#8504);
#8500 = LINE('',#8501,#8502);
#8501 = CARTESIAN_POINT('',(0.,-1.6));
#8502 = VECTOR('',#8503,1.);
#8503 = DIRECTION('',(1.,0.));
#8504 = ( GEOMETRIC_REPRESENTATION_CONTEXT(2) 
PARAMETRIC_REPRESENTATION_CONTEXT() REPRESENTATION_CONTEXT('2D SPACE',''
  ) );
#8505 = ORIENTED_EDGE('',*,*,#8506,.T.);
#8506 = EDGE_CURVE('',#8484,#8507,#8509,.T.);
#8507 = VERTEX_POINT('',#8508);
#8508 = CARTESIAN_POINT('',(110.990414,-129.672688,1.6));
#8509 = SURFACE_CURVE('',#8510,(#8514,#8521),.PCURVE_S1.);
#8510 = LINE('',#8511,#8512);
#8511 = CARTESIAN_POINT('',(111.735052,-129.815571,1.6));
#8512 = VECTOR('',#8513,1.);
#8513 = DIRECTION('',(-0.98208380359,0.188444694077,0.));
#8514 = PCURVE('',#90,#8515);
#8515 = DEFINITIONAL_REPRESENTATION('',(#8516),#8520);
#8516 = LINE('',#8517,#8518);
#8517 = CARTESIAN_POINT('',(18.264948,-24.815571));
#8518 = VECTOR('',#8519,1.);
#8519 = DIRECTION('',(0.98208380359,0.188444694077));
#8520 = ( GEOMETRIC_REPRESENTATION_CONTEXT(2) 
PARAMETRIC_REPRESENTATION_CONTEXT() REPRESENTATION_CONTEXT('2D SPACE',''
  ) );
#8521 = PCURVE('',#2004,#8522);
#8522 = DEFINITIONAL_REPRESENTATION('',(#8523),#8527);
#8523 = LINE('',#8524,#8525);
#8524 = CARTESIAN_POINT('',(0.,-1.6));
#8525 = VECTOR('',#8526,1.);
#8526 = DIRECTION('',(1.,0.));
#8527 = ( GEOMETRIC_REPRESENTATION_CONTEXT(2) 
PARAMETRIC_REPRESENTATION_CONTEXT() REPRESENTATION_CONTEXT('2D SPACE',''
  ) );
#8528 = ORIENTED_EDGE('',*,*,#8529,.T.);
#8529 = EDGE_CURVE('',#8507,#8530,#8532,.T.);
#8530 = VERTEX_POINT('',#8531);
#8531 = CARTESIAN_POINT('',(110.254603,-129.4897,1.6));
#8532 = SURFACE_CURVE('',#8533,(#8537,#8544),.PCURVE_S1.);
#8533 = LINE('',#8534,#8535);
#8534 = CARTESIAN_POINT('',(110.990414,-129.672688,1.6));
#8535 = VECTOR('',#8536,1.);
#8536 = DIRECTION('',(-0.970441145165,0.241337903716,0.));
#8537 = PCURVE('',#90,#8538);
#8538 = DEFINITIONAL_REPRESENTATION('',(#8539),#8543);
#8539 = LINE('',#8540,#8541);
#8540 = CARTESIAN_POINT('',(19.009586,-24.672688));
#8541 = VECTOR('',#8542,1.);
#8542 = DIRECTION('',(0.970441145165,0.241337903716));
#8543 = ( GEOMETRIC_REPRESENTATION_CONTEXT(2) 
PARAMETRIC_REPRESENTATION_CONTEXT() REPRESENTATION_CONTEXT('2D SPACE',''
  ) );
#8544 = PCURVE('',#2032,#8545);
#8545 = DEFINITIONAL_REPRESENTATION('',(#8546),#8550);
#8546 = LINE('',#8547,#8548);
#8547 = CARTESIAN_POINT('',(0.,-1.6));
#8548 = VECTOR('',#8549,1.);
#8549 = DIRECTION('',(1.,0.));
#8550 = ( GEOMETRIC_REPRESENTATION_CONTEXT(2) 
PARAMETRIC_REPRESENTATION_CONTEXT() REPRESENTATION_CONTEXT('2D SPACE',''
  ) );
#8551 = ORIENTED_EDGE('',*,*,#8552,.T.);
#8552 = EDGE_CURVE('',#8530,#8553,#8555,.T.);
#8553 = VERTEX_POINT('',#8554);
#8554 = CARTESIAN_POINT('',(109.529779,-129.267144,1.6));
#8555 = SURFACE_CURVE('',#8556,(#8560,#8567),.PCURVE_S1.);
#8556 = LINE('',#8557,#8558);
#8557 = CARTESIAN_POINT('',(110.254603,-129.4897,1.6));
#8558 = VECTOR('',#8559,1.);
#8559 = DIRECTION('',(-0.955951879609,0.293523429851,0.));
#8560 = PCURVE('',#90,#8561);
#8561 = DEFINITIONAL_REPRESENTATION('',(#8562),#8566);
#8562 = LINE('',#8563,#8564);
#8563 = CARTESIAN_POINT('',(19.745397,-24.4897));
#8564 = VECTOR('',#8565,1.);
#8565 = DIRECTION('',(0.955951879609,0.293523429851));
#8566 = ( GEOMETRIC_REPRESENTATION_CONTEXT(2) 
PARAMETRIC_REPRESENTATION_CONTEXT() REPRESENTATION_CONTEXT('2D SPACE',''
  ) );
#8567 = PCURVE('',#2060,#8568);
#8568 = DEFINITIONAL_REPRESENTATION('',(#8569),#8573);
#8569 = LINE('',#8570,#8571);
#8570 = CARTESIAN_POINT('',(0.,-1.6));
#8571 = VECTOR('',#8572,1.);
#8572 = DIRECTION('',(1.,0.));
#8573 = ( GEOMETRIC_REPRESENTATION_CONTEXT(2) 
PARAMETRIC_REPRESENTATION_CONTEXT() REPRESENTATION_CONTEXT('2D SPACE',''
  ) );
#8574 = ORIENTED_EDGE('',*,*,#8575,.T.);
#8575 = EDGE_CURVE('',#8553,#8576,#8578,.T.);
#8576 = VERTEX_POINT('',#8577);
#8577 = CARTESIAN_POINT('',(108.818066,-129.005674,1.6));
#8578 = SURFACE_CURVE('',#8579,(#8583,#8590),.PCURVE_S1.);
#8579 = LINE('',#8580,#8581);
#8580 = CARTESIAN_POINT('',(109.529779,-129.267144,1.6));
#8581 = VECTOR('',#8582,1.);
#8582 = DIRECTION('',(-0.938659339746,0.344845826286,0.));
#8583 = PCURVE('',#90,#8584);
#8584 = DEFINITIONAL_REPRESENTATION('',(#8585),#8589);
#8585 = LINE('',#8586,#8587);
#8586 = CARTESIAN_POINT('',(20.470221,-24.267144));
#8587 = VECTOR('',#8588,1.);
#8588 = DIRECTION('',(0.938659339746,0.344845826286));
#8589 = ( GEOMETRIC_REPRESENTATION_CONTEXT(2) 
PARAMETRIC_REPRESENTATION_CONTEXT() REPRESENTATION_CONTEXT('2D SPACE',''
  ) );
#8590 = PCURVE('',#2088,#8591);
#8591 = DEFINITIONAL_REPRESENTATION('',(#8592),#8596);
#8592 = LINE('',#8593,#8594);
#8593 = CARTESIAN_POINT('',(0.,-1.6));
#8594 = VECTOR('',#8595,1.);
#8595 = DIRECTION('',(1.,0.));
#8596 = ( GEOMETRIC_REPRESENTATION_CONTEXT(2) 
PARAMETRIC_REPRESENTATION_CONTEXT() REPRESENTATION_CONTEXT('2D SPACE',''
  ) );
#8597 = ORIENTED_EDGE('',*,*,#8598,.T.);
#8598 = EDGE_CURVE('',#8576,#8599,#8601,.T.);
#8599 = VERTEX_POINT('',#8600);
#8600 = CARTESIAN_POINT('',(108.121553,-128.706056,1.6));
#8601 = SURFACE_CURVE('',#8602,(#8606,#8613),.PCURVE_S1.);
#8602 = LINE('',#8603,#8604);
#8603 = CARTESIAN_POINT('',(108.818066,-129.005674,1.6));
#8604 = VECTOR('',#8605,1.);
#8605 = DIRECTION('',(-0.918612983605,0.395158431963,0.));
#8606 = PCURVE('',#90,#8607);
#8607 = DEFINITIONAL_REPRESENTATION('',(#8608),#8612);
#8608 = LINE('',#8609,#8610);
#8609 = CARTESIAN_POINT('',(21.181934,-24.005674));
#8610 = VECTOR('',#8611,1.);
#8611 = DIRECTION('',(0.918612983605,0.395158431963));
#8612 = ( GEOMETRIC_REPRESENTATION_CONTEXT(2) 
PARAMETRIC_REPRESENTATION_CONTEXT() REPRESENTATION_CONTEXT('2D SPACE',''
  ) );
#8613 = PCURVE('',#2116,#8614);
#8614 = DEFINITIONAL_REPRESENTATION('',(#8615),#8619);
#8615 = LINE('',#8616,#8617);
#8616 = CARTESIAN_POINT('',(0.,-1.6));
#8617 = VECTOR('',#8618,1.);
#8618 = DIRECTION('',(1.,0.));
#8619 = ( GEOMETRIC_REPRESENTATION_CONTEXT(2) 
PARAMETRIC_REPRESENTATION_CONTEXT() REPRESENTATION_CONTEXT('2D SPACE',''
  ) );
#8620 = ORIENTED_EDGE('',*,*,#8621,.T.);
#8621 = EDGE_CURVE('',#8599,#8622,#8624,.T.);
#8622 = VERTEX_POINT('',#8623);
#8623 = CARTESIAN_POINT('',(107.442282,-128.369169,1.6));
#8624 = SURFACE_CURVE('',#8625,(#8629,#8636),.PCURVE_S1.);
#8625 = LINE('',#8626,#8627);
#8626 = CARTESIAN_POINT('',(108.121553,-128.706056,1.6));
#8627 = VECTOR('',#8628,1.);
#8628 = DIRECTION('',(-0.895872459279,0.444311306075,0.));
#8629 = PCURVE('',#90,#8630);
#8630 = DEFINITIONAL_REPRESENTATION('',(#8631),#8635);
#8631 = LINE('',#8632,#8633);
#8632 = CARTESIAN_POINT('',(21.878447,-23.706056));
#8633 = VECTOR('',#8634,1.);
#8634 = DIRECTION('',(0.895872459279,0.444311306075));
#8635 = ( GEOMETRIC_REPRESENTATION_CONTEXT(2) 
PARAMETRIC_REPRESENTATION_CONTEXT() REPRESENTATION_CONTEXT('2D SPACE',''
  ) );
#8636 = PCURVE('',#2144,#8637);
#8637 = DEFINITIONAL_REPRESENTATION('',(#8638),#8642);
#8638 = LINE('',#8639,#8640);
#8639 = CARTESIAN_POINT('',(0.,-1.6));
#8640 = VECTOR('',#8641,1.);
#8641 = DIRECTION('',(1.,0.));
#8642 = ( GEOMETRIC_REPRESENTATION_CONTEXT(2) 
PARAMETRIC_REPRESENTATION_CONTEXT() REPRESENTATION_CONTEXT('2D SPACE',''
  ) );
#8643 = ORIENTED_EDGE('',*,*,#8644,.T.);
#8644 = EDGE_CURVE('',#8622,#8645,#8647,.T.);
#8645 = VERTEX_POINT('',#8646);
#8646 = CARTESIAN_POINT('',(106.782246,-127.996,1.6));
#8647 = SURFACE_CURVE('',#8648,(#8652,#8659),.PCURVE_S1.);
#8648 = LINE('',#8649,#8650);
#8649 = CARTESIAN_POINT('',(107.442282,-128.369169,1.6));
#8650 = VECTOR('',#8651,1.);
#8651 = DIRECTION('',(-0.870503413193,0.492162379321,0.));
#8652 = PCURVE('',#90,#8653);
#8653 = DEFINITIONAL_REPRESENTATION('',(#8654),#8658);
#8654 = LINE('',#8655,#8656);
#8655 = CARTESIAN_POINT('',(22.557718,-23.369169));
#8656 = VECTOR('',#8657,1.);
#8657 = DIRECTION('',(0.870503413193,0.492162379321));
#8658 = ( GEOMETRIC_REPRESENTATION_CONTEXT(2) 
PARAMETRIC_REPRESENTATION_CONTEXT() REPRESENTATION_CONTEXT('2D SPACE',''
  ) );
#8659 = PCURVE('',#2172,#8660);
#8660 = DEFINITIONAL_REPRESENTATION('',(#8661),#8665);
#8661 = LINE('',#8662,#8663);
#8662 = CARTESIAN_POINT('',(0.,-1.6));
#8663 = VECTOR('',#8664,1.);
#8664 = DIRECTION('',(1.,0.));
#8665 = ( GEOMETRIC_REPRESENTATION_CONTEXT(2) 
PARAMETRIC_REPRESENTATION_CONTEXT() REPRESENTATION_CONTEXT('2D SPACE',''
  ) );
#8666 = ORIENTED_EDGE('',*,*,#8667,.T.);
#8667 = EDGE_CURVE('',#8645,#8668,#8670,.T.);
#8668 = VERTEX_POINT('',#8669);
#8669 = CARTESIAN_POINT('',(106.143381,-127.587646,1.6));
#8670 = SURFACE_CURVE('',#8671,(#8675,#8682),.PCURVE_S1.);
#8671 = LINE('',#8672,#8673);
#8672 = CARTESIAN_POINT('',(106.782246,-127.996,1.6));
#8673 = VECTOR('',#8674,1.);
#8674 = DIRECTION('',(-0.842582400834,0.538567449634,0.));
#8675 = PCURVE('',#90,#8676);
#8676 = DEFINITIONAL_REPRESENTATION('',(#8677),#8681);
#8677 = LINE('',#8678,#8679);
#8678 = CARTESIAN_POINT('',(23.217754,-22.996));
#8679 = VECTOR('',#8680,1.);
#8680 = DIRECTION('',(0.842582400834,0.538567449634));
#8681 = ( GEOMETRIC_REPRESENTATION_CONTEXT(2) 
PARAMETRIC_REPRESENTATION_CONTEXT() REPRESENTATION_CONTEXT('2D SPACE',''
  ) );
#8682 = PCURVE('',#2200,#8683);
#8683 = DEFINITIONAL_REPRESENTATION('',(#8684),#8688);
#8684 = LINE('',#8685,#8686);
#8685 = CARTESIAN_POINT('',(0.,-1.6));
#8686 = VECTOR('',#8687,1.);
#8687 = DIRECTION('',(1.,0.));
#8688 = ( GEOMETRIC_REPRESENTATION_CONTEXT(2) 
PARAMETRIC_REPRESENTATION_CONTEXT() REPRESENTATION_CONTEXT('2D SPACE',''
  ) );
#8689 = ORIENTED_EDGE('',*,*,#8690,.T.);
#8690 = EDGE_CURVE('',#8668,#8691,#8693,.T.);
#8691 = VERTEX_POINT('',#8692);
#8692 = CARTESIAN_POINT('',(105.527561,-127.145303,1.6));
#8693 = SURFACE_CURVE('',#8694,(#8698,#8705),.PCURVE_S1.);
#8694 = LINE('',#8695,#8696);
#8695 = CARTESIAN_POINT('',(106.143381,-127.587646,1.6));
#8696 = VECTOR('',#8697,1.);
#8697 = DIRECTION('',(-0.812188862896,0.583394592868,0.));
#8698 = PCURVE('',#90,#8699);
#8699 = DEFINITIONAL_REPRESENTATION('',(#8700),#8704);
#8700 = LINE('',#8701,#8702);
#8701 = CARTESIAN_POINT('',(23.856619,-22.587646));
#8702 = VECTOR('',#8703,1.);
#8703 = DIRECTION('',(0.812188862896,0.583394592868));
#8704 = ( GEOMETRIC_REPRESENTATION_CONTEXT(2) 
PARAMETRIC_REPRESENTATION_CONTEXT() REPRESENTATION_CONTEXT('2D SPACE',''
  ) );
#8705 = PCURVE('',#2228,#8706);
#8706 = DEFINITIONAL_REPRESENTATION('',(#8707),#8711);
#8707 = LINE('',#8708,#8709);
#8708 = CARTESIAN_POINT('',(0.,-1.6));
#8709 = VECTOR('',#8710,1.);
#8710 = DIRECTION('',(1.,0.));
#8711 = ( GEOMETRIC_REPRESENTATION_CONTEXT(2) 
PARAMETRIC_REPRESENTATION_CONTEXT() REPRESENTATION_CONTEXT('2D SPACE',''
  ) );
#8712 = ORIENTED_EDGE('',*,*,#8713,.T.);
#8713 = EDGE_CURVE('',#8691,#8714,#8716,.T.);
#8714 = VERTEX_POINT('',#8715);
#8715 = CARTESIAN_POINT('',(104.936592,-126.670269,1.6));
#8716 = SURFACE_CURVE('',#8717,(#8721,#8728),.PCURVE_S1.);
#8717 = LINE('',#8718,#8719);
#8718 = CARTESIAN_POINT('',(105.527561,-127.145303,1.6));
#8719 = VECTOR('',#8720,1.);
#8720 = DIRECTION('',(-0.779413490755,0.626509864591,0.));
#8721 = PCURVE('',#90,#8722);
#8722 = DEFINITIONAL_REPRESENTATION('',(#8723),#8727);
#8723 = LINE('',#8724,#8725);
#8724 = CARTESIAN_POINT('',(24.472439,-22.145303));
#8725 = VECTOR('',#8726,1.);
#8726 = DIRECTION('',(0.779413490755,0.626509864591));
#8727 = ( GEOMETRIC_REPRESENTATION_CONTEXT(2) 
PARAMETRIC_REPRESENTATION_CONTEXT() REPRESENTATION_CONTEXT('2D SPACE',''
  ) );
#8728 = PCURVE('',#2256,#8729);
#8729 = DEFINITIONAL_REPRESENTATION('',(#8730),#8734);
#8730 = LINE('',#8731,#8732);
#8731 = CARTESIAN_POINT('',(0.,-1.6));
#8732 = VECTOR('',#8733,1.);
#8733 = DIRECTION('',(1.,0.));
#8734 = ( GEOMETRIC_REPRESENTATION_CONTEXT(2) 
PARAMETRIC_REPRESENTATION_CONTEXT() REPRESENTATION_CONTEXT('2D SPACE',''
  ) );
#8735 = ORIENTED_EDGE('',*,*,#8736,.T.);
#8736 = EDGE_CURVE('',#8714,#8737,#8739,.T.);
#8737 = VERTEX_POINT('',#8738);
#8738 = CARTESIAN_POINT('',(104.372208,-126.163937,1.6));
#8739 = SURFACE_CURVE('',#8740,(#8744,#8751),.PCURVE_S1.);
#8740 = LINE('',#8741,#8742);
#8741 = CARTESIAN_POINT('',(104.936592,-126.670269,1.6));
#8742 = VECTOR('',#8743,1.);
#8743 = DIRECTION('',(-0.744351405063,0.667788129409,0.));
#8744 = PCURVE('',#90,#8745);
#8745 = DEFINITIONAL_REPRESENTATION('',(#8746),#8750);
#8746 = LINE('',#8747,#8748);
#8747 = CARTESIAN_POINT('',(25.063408,-21.670269));
#8748 = VECTOR('',#8749,1.);
#8749 = DIRECTION('',(0.744351405063,0.667788129409));
#8750 = ( GEOMETRIC_REPRESENTATION_CONTEXT(2) 
PARAMETRIC_REPRESENTATION_CONTEXT() REPRESENTATION_CONTEXT('2D SPACE',''
  ) );
#8751 = PCURVE('',#2284,#8752);
#8752 = DEFINITIONAL_REPRESENTATION('',(#8753),#8757);
#8753 = LINE('',#8754,#8755);
#8754 = CARTESIAN_POINT('',(0.,-1.6));
#8755 = VECTOR('',#8756,1.);
#8756 = DIRECTION('',(1.,0.));
#8757 = ( GEOMETRIC_REPRESENTATION_CONTEXT(2) 
PARAMETRIC_REPRESENTATION_CONTEXT() REPRESENTATION_CONTEXT('2D SPACE',''
  ) );
#8758 = ORIENTED_EDGE('',*,*,#8759,.T.);
#8759 = EDGE_CURVE('',#8737,#8760,#8762,.T.);
#8760 = VERTEX_POINT('',#8761);
#8761 = CARTESIAN_POINT('',(103.836063,-125.627792,1.6));
#8762 = SURFACE_CURVE('',#8763,(#8767,#8774),.PCURVE_S1.);
#8763 = LINE('',#8764,#8765);
#8764 = CARTESIAN_POINT('',(104.372208,-126.163937,1.6));
#8765 = VECTOR('',#8766,1.);
#8766 = DIRECTION('',(-0.707106781187,0.707106781187,0.));
#8767 = PCURVE('',#90,#8768);
#8768 = DEFINITIONAL_REPRESENTATION('',(#8769),#8773);
#8769 = LINE('',#8770,#8771);
#8770 = CARTESIAN_POINT('',(25.627792,-21.163937));
#8771 = VECTOR('',#8772,1.);
#8772 = DIRECTION('',(0.707106781187,0.707106781187));
#8773 = ( GEOMETRIC_REPRESENTATION_CONTEXT(2) 
PARAMETRIC_REPRESENTATION_CONTEXT() REPRESENTATION_CONTEXT('2D SPACE',''
  ) );
#8774 = PCURVE('',#2312,#8775);
#8775 = DEFINITIONAL_REPRESENTATION('',(#8776),#8780);
#8776 = LINE('',#8777,#8778);
#8777 = CARTESIAN_POINT('',(0.,-1.6));
#8778 = VECTOR('',#8779,1.);
#8779 = DIRECTION('',(1.,0.));
#8780 = ( GEOMETRIC_REPRESENTATION_CONTEXT(2) 
PARAMETRIC_REPRESENTATION_CONTEXT() REPRESENTATION_CONTEXT('2D SPACE',''
  ) );
#8781 = ORIENTED_EDGE('',*,*,#8782,.T.);
#8782 = EDGE_CURVE('',#8760,#8783,#8785,.T.);
#8783 = VERTEX_POINT('',#8784);
#8784 = CARTESIAN_POINT('',(103.329731,-125.063408,1.6));
#8785 = SURFACE_CURVE('',#8786,(#8790,#8797),.PCURVE_S1.);
#8786 = LINE('',#8787,#8788);
#8787 = CARTESIAN_POINT('',(103.836063,-125.627792,1.6));
#8788 = VECTOR('',#8789,1.);
#8789 = DIRECTION('',(-0.667788129409,0.744351405063,0.));
#8790 = PCURVE('',#90,#8791);
#8791 = DEFINITIONAL_REPRESENTATION('',(#8792),#8796);
#8792 = LINE('',#8793,#8794);
#8793 = CARTESIAN_POINT('',(26.163937,-20.627792));
#8794 = VECTOR('',#8795,1.);
#8795 = DIRECTION('',(0.667788129409,0.744351405063));
#8796 = ( GEOMETRIC_REPRESENTATION_CONTEXT(2) 
PARAMETRIC_REPRESENTATION_CONTEXT() REPRESENTATION_CONTEXT('2D SPACE',''
  ) );
#8797 = PCURVE('',#2340,#8798);
#8798 = DEFINITIONAL_REPRESENTATION('',(#8799),#8803);
#8799 = LINE('',#8800,#8801);
#8800 = CARTESIAN_POINT('',(0.,-1.6));
#8801 = VECTOR('',#8802,1.);
#8802 = DIRECTION('',(1.,0.));
#8803 = ( GEOMETRIC_REPRESENTATION_CONTEXT(2) 
PARAMETRIC_REPRESENTATION_CONTEXT() REPRESENTATION_CONTEXT('2D SPACE',''
  ) );
#8804 = ORIENTED_EDGE('',*,*,#8805,.T.);
#8805 = EDGE_CURVE('',#8783,#8806,#8808,.T.);
#8806 = VERTEX_POINT('',#8807);
#8807 = CARTESIAN_POINT('',(102.854697,-124.472439,1.6));
#8808 = SURFACE_CURVE('',#8809,(#8813,#8820),.PCURVE_S1.);
#8809 = LINE('',#8810,#8811);
#8810 = CARTESIAN_POINT('',(103.329731,-125.063408,1.6));
#8811 = VECTOR('',#8812,1.);
#8812 = DIRECTION('',(-0.626509864591,0.779413490755,0.));
#8813 = PCURVE('',#90,#8814);
#8814 = DEFINITIONAL_REPRESENTATION('',(#8815),#8819);
#8815 = LINE('',#8816,#8817);
#8816 = CARTESIAN_POINT('',(26.670269,-20.063408));
#8817 = VECTOR('',#8818,1.);
#8818 = DIRECTION('',(0.626509864591,0.779413490755));
#8819 = ( GEOMETRIC_REPRESENTATION_CONTEXT(2) 
PARAMETRIC_REPRESENTATION_CONTEXT() REPRESENTATION_CONTEXT('2D SPACE',''
  ) );
#8820 = PCURVE('',#2368,#8821);
#8821 = DEFINITIONAL_REPRESENTATION('',(#8822),#8826);
#8822 = LINE('',#8823,#8824);
#8823 = CARTESIAN_POINT('',(0.,-1.6));
#8824 = VECTOR('',#8825,1.);
#8825 = DIRECTION('',(1.,0.));
#8826 = ( GEOMETRIC_REPRESENTATION_CONTEXT(2) 
PARAMETRIC_REPRESENTATION_CONTEXT() REPRESENTATION_CONTEXT('2D SPACE',''
  ) );
#8827 = ORIENTED_EDGE('',*,*,#8828,.T.);
#8828 = EDGE_CURVE('',#8806,#8829,#8831,.T.);
#8829 = VERTEX_POINT('',#8830);
#8830 = CARTESIAN_POINT('',(102.412354,-123.856619,1.6));
#8831 = SURFACE_CURVE('',#8832,(#8836,#8843),.PCURVE_S1.);
#8832 = LINE('',#8833,#8834);
#8833 = CARTESIAN_POINT('',(102.854697,-124.472439,1.6));
#8834 = VECTOR('',#8835,1.);
#8835 = DIRECTION('',(-0.583394592868,0.812188862896,0.));
#8836 = PCURVE('',#90,#8837);
#8837 = DEFINITIONAL_REPRESENTATION('',(#8838),#8842);
#8838 = LINE('',#8839,#8840);
#8839 = CARTESIAN_POINT('',(27.145303,-19.472439));
#8840 = VECTOR('',#8841,1.);
#8841 = DIRECTION('',(0.583394592868,0.812188862896));
#8842 = ( GEOMETRIC_REPRESENTATION_CONTEXT(2) 
PARAMETRIC_REPRESENTATION_CONTEXT() REPRESENTATION_CONTEXT('2D SPACE',''
  ) );
#8843 = PCURVE('',#2396,#8844);
#8844 = DEFINITIONAL_REPRESENTATION('',(#8845),#8849);
#8845 = LINE('',#8846,#8847);
#8846 = CARTESIAN_POINT('',(0.,-1.6));
#8847 = VECTOR('',#8848,1.);
#8848 = DIRECTION('',(1.,0.));
#8849 = ( GEOMETRIC_REPRESENTATION_CONTEXT(2) 
PARAMETRIC_REPRESENTATION_CONTEXT() REPRESENTATION_CONTEXT('2D SPACE',''
  ) );
#8850 = ORIENTED_EDGE('',*,*,#8851,.T.);
#8851 = EDGE_CURVE('',#8829,#8852,#8854,.T.);
#8852 = VERTEX_POINT('',#8853);
#8853 = CARTESIAN_POINT('',(102.004,-123.217754,1.6));
#8854 = SURFACE_CURVE('',#8855,(#8859,#8866),.PCURVE_S1.);
#8855 = LINE('',#8856,#8857);
#8856 = CARTESIAN_POINT('',(102.412354,-123.856619,1.6));
#8857 = VECTOR('',#8858,1.);
#8858 = DIRECTION('',(-0.538567449634,0.842582400834,0.));
#8859 = PCURVE('',#90,#8860);
#8860 = DEFINITIONAL_REPRESENTATION('',(#8861),#8865);
#8861 = LINE('',#8862,#8863);
#8862 = CARTESIAN_POINT('',(27.587646,-18.856619));
#8863 = VECTOR('',#8864,1.);
#8864 = DIRECTION('',(0.538567449634,0.842582400834));
#8865 = ( GEOMETRIC_REPRESENTATION_CONTEXT(2) 
PARAMETRIC_REPRESENTATION_CONTEXT() REPRESENTATION_CONTEXT('2D SPACE',''
  ) );
#8866 = PCURVE('',#2424,#8867);
#8867 = DEFINITIONAL_REPRESENTATION('',(#8868),#8872);
#8868 = LINE('',#8869,#8870);
#8869 = CARTESIAN_POINT('',(0.,-1.6));
#8870 = VECTOR('',#8871,1.);
#8871 = DIRECTION('',(1.,0.));
#8872 = ( GEOMETRIC_REPRESENTATION_CONTEXT(2) 
PARAMETRIC_REPRESENTATION_CONTEXT() REPRESENTATION_CONTEXT('2D SPACE',''
  ) );
#8873 = ORIENTED_EDGE('',*,*,#8874,.T.);
#8874 = EDGE_CURVE('',#8852,#8875,#8877,.T.);
#8875 = VERTEX_POINT('',#8876);
#8876 = CARTESIAN_POINT('',(101.630831,-122.557718,1.6));
#8877 = SURFACE_CURVE('',#8878,(#8882,#8889),.PCURVE_S1.);
#8878 = LINE('',#8879,#8880);
#8879 = CARTESIAN_POINT('',(102.004,-123.217754,1.6));
#8880 = VECTOR('',#8881,1.);
#8881 = DIRECTION('',(-0.492162379321,0.870503413193,0.));
#8882 = PCURVE('',#90,#8883);
#8883 = DEFINITIONAL_REPRESENTATION('',(#8884),#8888);
#8884 = LINE('',#8885,#8886);
#8885 = CARTESIAN_POINT('',(27.996,-18.217754));
#8886 = VECTOR('',#8887,1.);
#8887 = DIRECTION('',(0.492162379321,0.870503413193));
#8888 = ( GEOMETRIC_REPRESENTATION_CONTEXT(2) 
PARAMETRIC_REPRESENTATION_CONTEXT() REPRESENTATION_CONTEXT('2D SPACE',''
  ) );
#8889 = PCURVE('',#2452,#8890);
#8890 = DEFINITIONAL_REPRESENTATION('',(#8891),#8895);
#8891 = LINE('',#8892,#8893);
#8892 = CARTESIAN_POINT('',(0.,-1.6));
#8893 = VECTOR('',#8894,1.);
#8894 = DIRECTION('',(1.,0.));
#8895 = ( GEOMETRIC_REPRESENTATION_CONTEXT(2) 
PARAMETRIC_REPRESENTATION_CONTEXT() REPRESENTATION_CONTEXT('2D SPACE',''
  ) );
#8896 = ORIENTED_EDGE('',*,*,#8897,.T.);
#8897 = EDGE_CURVE('',#8875,#8898,#8900,.T.);
#8898 = VERTEX_POINT('',#8899);
#8899 = CARTESIAN_POINT('',(101.293944,-121.878447,1.6));
#8900 = SURFACE_CURVE('',#8901,(#8905,#8912),.PCURVE_S1.);
#8901 = LINE('',#8902,#8903);
#8902 = CARTESIAN_POINT('',(101.630831,-122.557718,1.6));
#8903 = VECTOR('',#8904,1.);
#8904 = DIRECTION('',(-0.444311306075,0.895872459279,0.));
#8905 = PCURVE('',#90,#8906);
#8906 = DEFINITIONAL_REPRESENTATION('',(#8907),#8911);
#8907 = LINE('',#8908,#8909);
#8908 = CARTESIAN_POINT('',(28.369169,-17.557718));
#8909 = VECTOR('',#8910,1.);
#8910 = DIRECTION('',(0.444311306075,0.895872459279));
#8911 = ( GEOMETRIC_REPRESENTATION_CONTEXT(2) 
PARAMETRIC_REPRESENTATION_CONTEXT() REPRESENTATION_CONTEXT('2D SPACE',''
  ) );
#8912 = PCURVE('',#2480,#8913);
#8913 = DEFINITIONAL_REPRESENTATION('',(#8914),#8918);
#8914 = LINE('',#8915,#8916);
#8915 = CARTESIAN_POINT('',(0.,-1.6));
#8916 = VECTOR('',#8917,1.);
#8917 = DIRECTION('',(1.,0.));
#8918 = ( GEOMETRIC_REPRESENTATION_CONTEXT(2) 
PARAMETRIC_REPRESENTATION_CONTEXT() REPRESENTATION_CONTEXT('2D SPACE',''
  ) );
#8919 = ORIENTED_EDGE('',*,*,#8920,.T.);
#8920 = EDGE_CURVE('',#8898,#8921,#8923,.T.);
#8921 = VERTEX_POINT('',#8922);
#8922 = CARTESIAN_POINT('',(100.994326,-121.181934,1.6));
#8923 = SURFACE_CURVE('',#8924,(#8928,#8935),.PCURVE_S1.);
#8924 = LINE('',#8925,#8926);
#8925 = CARTESIAN_POINT('',(101.293944,-121.878447,1.6));
#8926 = VECTOR('',#8927,1.);
#8927 = DIRECTION('',(-0.395158431963,0.918612983605,0.));
#8928 = PCURVE('',#90,#8929);
#8929 = DEFINITIONAL_REPRESENTATION('',(#8930),#8934);
#8930 = LINE('',#8931,#8932);
#8931 = CARTESIAN_POINT('',(28.706056,-16.878447));
#8932 = VECTOR('',#8933,1.);
#8933 = DIRECTION('',(0.395158431963,0.918612983605));
#8934 = ( GEOMETRIC_REPRESENTATION_CONTEXT(2) 
PARAMETRIC_REPRESENTATION_CONTEXT() REPRESENTATION_CONTEXT('2D SPACE',''
  ) );
#8935 = PCURVE('',#2508,#8936);
#8936 = DEFINITIONAL_REPRESENTATION('',(#8937),#8941);
#8937 = LINE('',#8938,#8939);
#8938 = CARTESIAN_POINT('',(0.,-1.6));
#8939 = VECTOR('',#8940,1.);
#8940 = DIRECTION('',(1.,0.));
#8941 = ( GEOMETRIC_REPRESENTATION_CONTEXT(2) 
PARAMETRIC_REPRESENTATION_CONTEXT() REPRESENTATION_CONTEXT('2D SPACE',''
  ) );
#8942 = ORIENTED_EDGE('',*,*,#8943,.T.);
#8943 = EDGE_CURVE('',#8921,#8944,#8946,.T.);
#8944 = VERTEX_POINT('',#8945);
#8945 = CARTESIAN_POINT('',(100.732856,-120.470221,1.6));
#8946 = SURFACE_CURVE('',#8947,(#8951,#8958),.PCURVE_S1.);
#8947 = LINE('',#8948,#8949);
#8948 = CARTESIAN_POINT('',(100.994326,-121.181934,1.6));
#8949 = VECTOR('',#8950,1.);
#8950 = DIRECTION('',(-0.344845826286,0.938659339746,0.));
#8951 = PCURVE('',#90,#8952);
#8952 = DEFINITIONAL_REPRESENTATION('',(#8953),#8957);
#8953 = LINE('',#8954,#8955);
#8954 = CARTESIAN_POINT('',(29.005674,-16.181934));
#8955 = VECTOR('',#8956,1.);
#8956 = DIRECTION('',(0.344845826286,0.938659339746));
#8957 = ( GEOMETRIC_REPRESENTATION_CONTEXT(2) 
PARAMETRIC_REPRESENTATION_CONTEXT() REPRESENTATION_CONTEXT('2D SPACE',''
  ) );
#8958 = PCURVE('',#2536,#8959);
#8959 = DEFINITIONAL_REPRESENTATION('',(#8960),#8964);
#8960 = LINE('',#8961,#8962);
#8961 = CARTESIAN_POINT('',(0.,-1.6));
#8962 = VECTOR('',#8963,1.);
#8963 = DIRECTION('',(1.,0.));
#8964 = ( GEOMETRIC_REPRESENTATION_CONTEXT(2) 
PARAMETRIC_REPRESENTATION_CONTEXT() REPRESENTATION_CONTEXT('2D SPACE',''
  ) );
#8965 = ORIENTED_EDGE('',*,*,#8966,.T.);
#8966 = EDGE_CURVE('',#8944,#8967,#8969,.T.);
#8967 = VERTEX_POINT('',#8968);
#8968 = CARTESIAN_POINT('',(100.5103,-119.745397,1.6));
#8969 = SURFACE_CURVE('',#8970,(#8974,#8981),.PCURVE_S1.);
#8970 = LINE('',#8971,#8972);
#8971 = CARTESIAN_POINT('',(100.732856,-120.470221,1.6));
#8972 = VECTOR('',#8973,1.);
#8973 = DIRECTION('',(-0.293523429851,0.955951879609,0.));
#8974 = PCURVE('',#90,#8975);
#8975 = DEFINITIONAL_REPRESENTATION('',(#8976),#8980);
#8976 = LINE('',#8977,#8978);
#8977 = CARTESIAN_POINT('',(29.267144,-15.470221));
#8978 = VECTOR('',#8979,1.);
#8979 = DIRECTION('',(0.293523429851,0.955951879609));
#8980 = ( GEOMETRIC_REPRESENTATION_CONTEXT(2) 
PARAMETRIC_REPRESENTATION_CONTEXT() REPRESENTATION_CONTEXT('2D SPACE',''
  ) );
#8981 = PCURVE('',#2564,#8982);
#8982 = DEFINITIONAL_REPRESENTATION('',(#8983),#8987);
#8983 = LINE('',#8984,#8985);
#8984 = CARTESIAN_POINT('',(0.,-1.6));
#8985 = VECTOR('',#8986,1.);
#8986 = DIRECTION('',(1.,0.));
#8987 = ( GEOMETRIC_REPRESENTATION_CONTEXT(2) 
PARAMETRIC_REPRESENTATION_CONTEXT() REPRESENTATION_CONTEXT('2D SPACE',''
  ) );
#8988 = ORIENTED_EDGE('',*,*,#8989,.T.);
#8989 = EDGE_CURVE('',#8967,#8990,#8992,.T.);
#8990 = VERTEX_POINT('',#8991);
#8991 = CARTESIAN_POINT('',(100.327312,-119.009586,1.6));
#8992 = SURFACE_CURVE('',#8993,(#8997,#9004),.PCURVE_S1.);
#8993 = LINE('',#8994,#8995);
#8994 = CARTESIAN_POINT('',(100.5103,-119.745397,1.6));
#8995 = VECTOR('',#8996,1.);
#8996 = DIRECTION('',(-0.241337903716,0.970441145165,0.));
#8997 = PCURVE('',#90,#8998);
#8998 = DEFINITIONAL_REPRESENTATION('',(#8999),#9003);
#8999 = LINE('',#9000,#9001);
#9000 = CARTESIAN_POINT('',(29.4897,-14.745397));
#9001 = VECTOR('',#9002,1.);
#9002 = DIRECTION('',(0.241337903716,0.970441145165));
#9003 = ( GEOMETRIC_REPRESENTATION_CONTEXT(2) 
PARAMETRIC_REPRESENTATION_CONTEXT() REPRESENTATION_CONTEXT('2D SPACE',''
  ) );
#9004 = PCURVE('',#2592,#9005);
#9005 = DEFINITIONAL_REPRESENTATION('',(#9006),#9010);
#9006 = LINE('',#9007,#9008);
#9007 = CARTESIAN_POINT('',(0.,-1.6));
#9008 = VECTOR('',#9009,1.);
#9009 = DIRECTION('',(1.,0.));
#9010 = ( GEOMETRIC_REPRESENTATION_CONTEXT(2) 
PARAMETRIC_REPRESENTATION_CONTEXT() REPRESENTATION_CONTEXT('2D SPACE',''
  ) );
#9011 = ORIENTED_EDGE('',*,*,#9012,.T.);
#9012 = EDGE_CURVE('',#8990,#9013,#9015,.T.);
#9013 = VERTEX_POINT('',#9014);
#9014 = CARTESIAN_POINT('',(100.184429,-118.264948,1.6));
#9015 = SURFACE_CURVE('',#9016,(#9020,#9027),.PCURVE_S1.);
#9016 = LINE('',#9017,#9018);
#9017 = CARTESIAN_POINT('',(100.327312,-119.009586,1.6));
#9018 = VECTOR('',#9019,1.);
#9019 = DIRECTION('',(-0.188444694077,0.98208380359,0.));
#9020 = PCURVE('',#90,#9021);
#9021 = DEFINITIONAL_REPRESENTATION('',(#9022),#9026);
#9022 = LINE('',#9023,#9024);
#9023 = CARTESIAN_POINT('',(29.672688,-14.009586));
#9024 = VECTOR('',#9025,1.);
#9025 = DIRECTION('',(0.188444694077,0.98208380359));
#9026 = ( GEOMETRIC_REPRESENTATION_CONTEXT(2) 
PARAMETRIC_REPRESENTATION_CONTEXT() REPRESENTATION_CONTEXT('2D SPACE',''
  ) );
#9027 = PCURVE('',#2620,#9028);
#9028 = DEFINITIONAL_REPRESENTATION('',(#9029),#9033);
#9029 = LINE('',#9030,#9031);
#9030 = CARTESIAN_POINT('',(0.,-1.6));
#9031 = VECTOR('',#9032,1.);
#9032 = DIRECTION('',(1.,0.));
#9033 = ( GEOMETRIC_REPRESENTATION_CONTEXT(2) 
PARAMETRIC_REPRESENTATION_CONTEXT() REPRESENTATION_CONTEXT('2D SPACE',''
  ) );
#9034 = ORIENTED_EDGE('',*,*,#9035,.T.);
#9035 = EDGE_CURVE('',#9013,#9036,#9038,.T.);
#9036 = VERTEX_POINT('',#9037);
#9037 = CARTESIAN_POINT('',(100.082069,-117.513666,1.6));
#9038 = SURFACE_CURVE('',#9039,(#9043,#9050),.PCURVE_S1.);
#9039 = LINE('',#9040,#9041);
#9040 = CARTESIAN_POINT('',(100.184429,-118.264948,1.6));
#9041 = VECTOR('',#9042,1.);
#9042 = DIRECTION('',(-0.134999850318,0.99084561886,0.));
#9043 = PCURVE('',#90,#9044);
#9044 = DEFINITIONAL_REPRESENTATION('',(#9045),#9049);
#9045 = LINE('',#9046,#9047);
#9046 = CARTESIAN_POINT('',(29.815571,-13.264948));
#9047 = VECTOR('',#9048,1.);
#9048 = DIRECTION('',(0.134999850318,0.99084561886));
#9049 = ( GEOMETRIC_REPRESENTATION_CONTEXT(2) 
PARAMETRIC_REPRESENTATION_CONTEXT() REPRESENTATION_CONTEXT('2D SPACE',''
  ) );
#9050 = PCURVE('',#2648,#9051);
#9051 = DEFINITIONAL_REPRESENTATION('',(#9052),#9056);
#9052 = LINE('',#9053,#9054);
#9053 = CARTESIAN_POINT('',(0.,-1.6));
#9054 = VECTOR('',#9055,1.);
#9055 = DIRECTION('',(1.,0.));
#9056 = ( GEOMETRIC_REPRESENTATION_CONTEXT(2) 
PARAMETRIC_REPRESENTATION_CONTEXT() REPRESENTATION_CONTEXT('2D SPACE',''
  ) );
#9057 = ORIENTED_EDGE('',*,*,#9058,.T.);
#9058 = EDGE_CURVE('',#9036,#9059,#9061,.T.);
#9059 = VERTEX_POINT('',#9060);
#9060 = CARTESIAN_POINT('',(100.020532,-116.757945,1.6));
#9061 = SURFACE_CURVE('',#9062,(#9066,#9073),.PCURVE_S1.);
#9062 = LINE('',#9063,#9064);
#9063 = CARTESIAN_POINT('',(100.082069,-117.513666,1.6));
#9064 = VECTOR('',#9065,1.);
#9065 = DIRECTION('',(-8.11595771911E-02,0.996701120211,0.));
#9066 = PCURVE('',#90,#9067);
#9067 = DEFINITIONAL_REPRESENTATION('',(#9068),#9072);
#9068 = LINE('',#9069,#9070);
#9069 = CARTESIAN_POINT('',(29.917931,-12.513666));
#9070 = VECTOR('',#9071,1.);
#9071 = DIRECTION('',(8.11595771911E-02,0.996701120211));
#9072 = ( GEOMETRIC_REPRESENTATION_CONTEXT(2) 
PARAMETRIC_REPRESENTATION_CONTEXT() REPRESENTATION_CONTEXT('2D SPACE',''
  ) );
#9073 = PCURVE('',#2676,#9074);
#9074 = DEFINITIONAL_REPRESENTATION('',(#9075),#9079);
#9075 = LINE('',#9076,#9077);
#9076 = CARTESIAN_POINT('',(0.,-1.6));
#9077 = VECTOR('',#9078,1.);
#9078 = DIRECTION('',(1.,0.));
#9079 = ( GEOMETRIC_REPRESENTATION_CONTEXT(2) 
PARAMETRIC_REPRESENTATION_CONTEXT() REPRESENTATION_CONTEXT('2D SPACE',''
  ) );
#9080 = ORIENTED_EDGE('',*,*,#9081,.T.);
#9081 = EDGE_CURVE('',#9059,#9082,#9084,.T.);
#9082 = VERTEX_POINT('',#9083);
#9083 = CARTESIAN_POINT('',(100.,-116.,1.6));
#9084 = SURFACE_CURVE('',#9085,(#9089,#9096),.PCURVE_S1.);
#9085 = LINE('',#9086,#9087);
#9086 = CARTESIAN_POINT('',(100.020532,-116.757945,1.6));
#9087 = VECTOR('',#9088,1.);
#9088 = DIRECTION('',(-2.707910308711E-02,0.999633293851,0.));
#9089 = PCURVE('',#90,#9090);
#9090 = DEFINITIONAL_REPRESENTATION('',(#9091),#9095);
#9091 = LINE('',#9092,#9093);
#9092 = CARTESIAN_POINT('',(29.979468,-11.757945));
#9093 = VECTOR('',#9094,1.);
#9094 = DIRECTION('',(2.707910308711E-02,0.999633293851));
#9095 = ( GEOMETRIC_REPRESENTATION_CONTEXT(2) 
PARAMETRIC_REPRESENTATION_CONTEXT() REPRESENTATION_CONTEXT('2D SPACE',''
  ) );
#9096 = PCURVE('',#2704,#9097);
#9097 = DEFINITIONAL_REPRESENTATION('',(#9098),#9102);
#9098 = LINE('',#9099,#9100);
#9099 = CARTESIAN_POINT('',(0.,-1.6));
#9100 = VECTOR('',#9101,1.);
#9101 = DIRECTION('',(1.,0.));
#9102 = ( GEOMETRIC_REPRESENTATION_CONTEXT(2) 
PARAMETRIC_REPRESENTATION_CONTEXT() REPRESENTATION_CONTEXT('2D SPACE',''
  ) );
#9103 = ORIENTED_EDGE('',*,*,#9104,.T.);
#9104 = EDGE_CURVE('',#9082,#9105,#9107,.T.);
#9105 = VERTEX_POINT('',#9106);
#9106 = CARTESIAN_POINT('',(100.,-94.,1.6));
#9107 = SURFACE_CURVE('',#9108,(#9112,#9119),.PCURVE_S1.);
#9108 = LINE('',#9109,#9110);
#9109 = CARTESIAN_POINT('',(100.,-116.,1.6));
#9110 = VECTOR('',#9111,1.);
#9111 = DIRECTION('',(0.,1.,0.));
#9112 = PCURVE('',#90,#9113);
#9113 = DEFINITIONAL_REPRESENTATION('',(#9114),#9118);
#9114 = LINE('',#9115,#9116);
#9115 = CARTESIAN_POINT('',(30.,-11.));
#9116 = VECTOR('',#9117,1.);
#9117 = DIRECTION('',(0.,1.));
#9118 = ( GEOMETRIC_REPRESENTATION_CONTEXT(2) 
PARAMETRIC_REPRESENTATION_CONTEXT() REPRESENTATION_CONTEXT('2D SPACE',''
  ) );
#9119 = PCURVE('',#2732,#9120);
#9120 = DEFINITIONAL_REPRESENTATION('',(#9121),#9125);
#9121 = LINE('',#9122,#9123);
#9122 = CARTESIAN_POINT('',(0.,-1.6));
#9123 = VECTOR('',#9124,1.);
#9124 = DIRECTION('',(1.,0.));
#9125 = ( GEOMETRIC_REPRESENTATION_CONTEXT(2) 
PARAMETRIC_REPRESENTATION_CONTEXT() REPRESENTATION_CONTEXT('2D SPACE',''
  ) );
#9126 = ORIENTED_EDGE('',*,*,#9127,.T.);
#9127 = EDGE_CURVE('',#9105,#9128,#9130,.T.);
#9128 = VERTEX_POINT('',#9129);
#9129 = CARTESIAN_POINT('',(100.020532,-93.242055,1.6));
#9130 = SURFACE_CURVE('',#9131,(#9135,#9142),.PCURVE_S1.);
#9131 = LINE('',#9132,#9133);
#9132 = CARTESIAN_POINT('',(100.,-94.,1.6));
#9133 = VECTOR('',#9134,1.);
#9134 = DIRECTION('',(2.707910308711E-02,0.999633293851,0.));
#9135 = PCURVE('',#90,#9136);
#9136 = DEFINITIONAL_REPRESENTATION('',(#9137),#9141);
#9137 = LINE('',#9138,#9139);
#9138 = CARTESIAN_POINT('',(30.,11.));
#9139 = VECTOR('',#9140,1.);
#9140 = DIRECTION('',(-2.707910308711E-02,0.999633293851));
#9141 = ( GEOMETRIC_REPRESENTATION_CONTEXT(2) 
PARAMETRIC_REPRESENTATION_CONTEXT() REPRESENTATION_CONTEXT('2D SPACE',''
  ) );
#9142 = PCURVE('',#2760,#9143);
#9143 = DEFINITIONAL_REPRESENTATION('',(#9144),#9148);
#9144 = LINE('',#9145,#9146);
#9145 = CARTESIAN_POINT('',(0.,-1.6));
#9146 = VECTOR('',#9147,1.);
#9147 = DIRECTION('',(1.,0.));
#9148 = ( GEOMETRIC_REPRESENTATION_CONTEXT(2) 
PARAMETRIC_REPRESENTATION_CONTEXT() REPRESENTATION_CONTEXT('2D SPACE',''
  ) );
#9149 = ORIENTED_EDGE('',*,*,#9150,.T.);
#9150 = EDGE_CURVE('',#9128,#9151,#9153,.T.);
#9151 = VERTEX_POINT('',#9152);
#9152 = CARTESIAN_POINT('',(100.082069,-92.486334,1.6));
#9153 = SURFACE_CURVE('',#9154,(#9158,#9165),.PCURVE_S1.);
#9154 = LINE('',#9155,#9156);
#9155 = CARTESIAN_POINT('',(100.020532,-93.242055,1.6));
#9156 = VECTOR('',#9157,1.);
#9157 = DIRECTION('',(8.11595771911E-02,0.996701120211,0.));
#9158 = PCURVE('',#90,#9159);
#9159 = DEFINITIONAL_REPRESENTATION('',(#9160),#9164);
#9160 = LINE('',#9161,#9162);
#9161 = CARTESIAN_POINT('',(29.979468,11.757945));
#9162 = VECTOR('',#9163,1.);
#9163 = DIRECTION('',(-8.11595771911E-02,0.996701120211));
#9164 = ( GEOMETRIC_REPRESENTATION_CONTEXT(2) 
PARAMETRIC_REPRESENTATION_CONTEXT() REPRESENTATION_CONTEXT('2D SPACE',''
  ) );
#9165 = PCURVE('',#2788,#9166);
#9166 = DEFINITIONAL_REPRESENTATION('',(#9167),#9171);
#9167 = LINE('',#9168,#9169);
#9168 = CARTESIAN_POINT('',(0.,-1.6));
#9169 = VECTOR('',#9170,1.);
#9170 = DIRECTION('',(1.,0.));
#9171 = ( GEOMETRIC_REPRESENTATION_CONTEXT(2) 
PARAMETRIC_REPRESENTATION_CONTEXT() REPRESENTATION_CONTEXT('2D SPACE',''
  ) );
#9172 = ORIENTED_EDGE('',*,*,#9173,.T.);
#9173 = EDGE_CURVE('',#9151,#9174,#9176,.T.);
#9174 = VERTEX_POINT('',#9175);
#9175 = CARTESIAN_POINT('',(100.184429,-91.735052,1.6));
#9176 = SURFACE_CURVE('',#9177,(#9181,#9188),.PCURVE_S1.);
#9177 = LINE('',#9178,#9179);
#9178 = CARTESIAN_POINT('',(100.082069,-92.486334,1.6));
#9179 = VECTOR('',#9180,1.);
#9180 = DIRECTION('',(0.134999850318,0.99084561886,0.));
#9181 = PCURVE('',#90,#9182);
#9182 = DEFINITIONAL_REPRESENTATION('',(#9183),#9187);
#9183 = LINE('',#9184,#9185);
#9184 = CARTESIAN_POINT('',(29.917931,12.513666));
#9185 = VECTOR('',#9186,1.);
#9186 = DIRECTION('',(-0.134999850318,0.99084561886));
#9187 = ( GEOMETRIC_REPRESENTATION_CONTEXT(2) 
PARAMETRIC_REPRESENTATION_CONTEXT() REPRESENTATION_CONTEXT('2D SPACE',''
  ) );
#9188 = PCURVE('',#2816,#9189);
#9189 = DEFINITIONAL_REPRESENTATION('',(#9190),#9194);
#9190 = LINE('',#9191,#9192);
#9191 = CARTESIAN_POINT('',(0.,-1.6));
#9192 = VECTOR('',#9193,1.);
#9193 = DIRECTION('',(1.,0.));
#9194 = ( GEOMETRIC_REPRESENTATION_CONTEXT(2) 
PARAMETRIC_REPRESENTATION_CONTEXT() REPRESENTATION_CONTEXT('2D SPACE',''
  ) );
#9195 = ORIENTED_EDGE('',*,*,#9196,.T.);
#9196 = EDGE_CURVE('',#9174,#9197,#9199,.T.);
#9197 = VERTEX_POINT('',#9198);
#9198 = CARTESIAN_POINT('',(100.327312,-90.990414,1.6));
#9199 = SURFACE_CURVE('',#9200,(#9204,#9211),.PCURVE_S1.);
#9200 = LINE('',#9201,#9202);
#9201 = CARTESIAN_POINT('',(100.184429,-91.735052,1.6));
#9202 = VECTOR('',#9203,1.);
#9203 = DIRECTION('',(0.188444694077,0.98208380359,0.));
#9204 = PCURVE('',#90,#9205);
#9205 = DEFINITIONAL_REPRESENTATION('',(#9206),#9210);
#9206 = LINE('',#9207,#9208);
#9207 = CARTESIAN_POINT('',(29.815571,13.264948));
#9208 = VECTOR('',#9209,1.);
#9209 = DIRECTION('',(-0.188444694077,0.98208380359));
#9210 = ( GEOMETRIC_REPRESENTATION_CONTEXT(2) 
PARAMETRIC_REPRESENTATION_CONTEXT() REPRESENTATION_CONTEXT('2D SPACE',''
  ) );
#9211 = PCURVE('',#2844,#9212);
#9212 = DEFINITIONAL_REPRESENTATION('',(#9213),#9217);
#9213 = LINE('',#9214,#9215);
#9214 = CARTESIAN_POINT('',(0.,-1.6));
#9215 = VECTOR('',#9216,1.);
#9216 = DIRECTION('',(1.,0.));
#9217 = ( GEOMETRIC_REPRESENTATION_CONTEXT(2) 
PARAMETRIC_REPRESENTATION_CONTEXT() REPRESENTATION_CONTEXT('2D SPACE',''
  ) );
#9218 = ORIENTED_EDGE('',*,*,#9219,.T.);
#9219 = EDGE_CURVE('',#9197,#9220,#9222,.T.);
#9220 = VERTEX_POINT('',#9221);
#9221 = CARTESIAN_POINT('',(100.5103,-90.254603,1.6));
#9222 = SURFACE_CURVE('',#9223,(#9227,#9234),.PCURVE_S1.);
#9223 = LINE('',#9224,#9225);
#9224 = CARTESIAN_POINT('',(100.327312,-90.990414,1.6));
#9225 = VECTOR('',#9226,1.);
#9226 = DIRECTION('',(0.241337903716,0.970441145165,0.));
#9227 = PCURVE('',#90,#9228);
#9228 = DEFINITIONAL_REPRESENTATION('',(#9229),#9233);
#9229 = LINE('',#9230,#9231);
#9230 = CARTESIAN_POINT('',(29.672688,14.009586));
#9231 = VECTOR('',#9232,1.);
#9232 = DIRECTION('',(-0.241337903716,0.970441145165));
#9233 = ( GEOMETRIC_REPRESENTATION_CONTEXT(2) 
PARAMETRIC_REPRESENTATION_CONTEXT() REPRESENTATION_CONTEXT('2D SPACE',''
  ) );
#9234 = PCURVE('',#2872,#9235);
#9235 = DEFINITIONAL_REPRESENTATION('',(#9236),#9240);
#9236 = LINE('',#9237,#9238);
#9237 = CARTESIAN_POINT('',(0.,-1.6));
#9238 = VECTOR('',#9239,1.);
#9239 = DIRECTION('',(1.,0.));
#9240 = ( GEOMETRIC_REPRESENTATION_CONTEXT(2) 
PARAMETRIC_REPRESENTATION_CONTEXT() REPRESENTATION_CONTEXT('2D SPACE',''
  ) );
#9241 = ORIENTED_EDGE('',*,*,#9242,.T.);
#9242 = EDGE_CURVE('',#9220,#9243,#9245,.T.);
#9243 = VERTEX_POINT('',#9244);
#9244 = CARTESIAN_POINT('',(100.732856,-89.529779,1.6));
#9245 = SURFACE_CURVE('',#9246,(#9250,#9257),.PCURVE_S1.);
#9246 = LINE('',#9247,#9248);
#9247 = CARTESIAN_POINT('',(100.5103,-90.254603,1.6));
#9248 = VECTOR('',#9249,1.);
#9249 = DIRECTION('',(0.293523429851,0.955951879609,0.));
#9250 = PCURVE('',#90,#9251);
#9251 = DEFINITIONAL_REPRESENTATION('',(#9252),#9256);
#9252 = LINE('',#9253,#9254);
#9253 = CARTESIAN_POINT('',(29.4897,14.745397));
#9254 = VECTOR('',#9255,1.);
#9255 = DIRECTION('',(-0.293523429851,0.955951879609));
#9256 = ( GEOMETRIC_REPRESENTATION_CONTEXT(2) 
PARAMETRIC_REPRESENTATION_CONTEXT() REPRESENTATION_CONTEXT('2D SPACE',''
  ) );
#9257 = PCURVE('',#2900,#9258);
#9258 = DEFINITIONAL_REPRESENTATION('',(#9259),#9263);
#9259 = LINE('',#9260,#9261);
#9260 = CARTESIAN_POINT('',(0.,-1.6));
#9261 = VECTOR('',#9262,1.);
#9262 = DIRECTION('',(1.,0.));
#9263 = ( GEOMETRIC_REPRESENTATION_CONTEXT(2) 
PARAMETRIC_REPRESENTATION_CONTEXT() REPRESENTATION_CONTEXT('2D SPACE',''
  ) );
#9264 = ORIENTED_EDGE('',*,*,#9265,.T.);
#9265 = EDGE_CURVE('',#9243,#9266,#9268,.T.);
#9266 = VERTEX_POINT('',#9267);
#9267 = CARTESIAN_POINT('',(100.994326,-88.818066,1.6));
#9268 = SURFACE_CURVE('',#9269,(#9273,#9280),.PCURVE_S1.);
#9269 = LINE('',#9270,#9271);
#9270 = CARTESIAN_POINT('',(100.732856,-89.529779,1.6));
#9271 = VECTOR('',#9272,1.);
#9272 = DIRECTION('',(0.344845826286,0.938659339746,0.));
#9273 = PCURVE('',#90,#9274);
#9274 = DEFINITIONAL_REPRESENTATION('',(#9275),#9279);
#9275 = LINE('',#9276,#9277);
#9276 = CARTESIAN_POINT('',(29.267144,15.470221));
#9277 = VECTOR('',#9278,1.);
#9278 = DIRECTION('',(-0.344845826286,0.938659339746));
#9279 = ( GEOMETRIC_REPRESENTATION_CONTEXT(2) 
PARAMETRIC_REPRESENTATION_CONTEXT() REPRESENTATION_CONTEXT('2D SPACE',''
  ) );
#9280 = PCURVE('',#2928,#9281);
#9281 = DEFINITIONAL_REPRESENTATION('',(#9282),#9286);
#9282 = LINE('',#9283,#9284);
#9283 = CARTESIAN_POINT('',(0.,-1.6));
#9284 = VECTOR('',#9285,1.);
#9285 = DIRECTION('',(1.,0.));
#9286 = ( GEOMETRIC_REPRESENTATION_CONTEXT(2) 
PARAMETRIC_REPRESENTATION_CONTEXT() REPRESENTATION_CONTEXT('2D SPACE',''
  ) );
#9287 = ORIENTED_EDGE('',*,*,#9288,.T.);
#9288 = EDGE_CURVE('',#9266,#9289,#9291,.T.);
#9289 = VERTEX_POINT('',#9290);
#9290 = CARTESIAN_POINT('',(101.293944,-88.121553,1.6));
#9291 = SURFACE_CURVE('',#9292,(#9296,#9303),.PCURVE_S1.);
#9292 = LINE('',#9293,#9294);
#9293 = CARTESIAN_POINT('',(100.994326,-88.818066,1.6));
#9294 = VECTOR('',#9295,1.);
#9295 = DIRECTION('',(0.395158431963,0.918612983605,0.));
#9296 = PCURVE('',#90,#9297);
#9297 = DEFINITIONAL_REPRESENTATION('',(#9298),#9302);
#9298 = LINE('',#9299,#9300);
#9299 = CARTESIAN_POINT('',(29.005674,16.181934));
#9300 = VECTOR('',#9301,1.);
#9301 = DIRECTION('',(-0.395158431963,0.918612983605));
#9302 = ( GEOMETRIC_REPRESENTATION_CONTEXT(2) 
PARAMETRIC_REPRESENTATION_CONTEXT() REPRESENTATION_CONTEXT('2D SPACE',''
  ) );
#9303 = PCURVE('',#2956,#9304);
#9304 = DEFINITIONAL_REPRESENTATION('',(#9305),#9309);
#9305 = LINE('',#9306,#9307);
#9306 = CARTESIAN_POINT('',(0.,-1.6));
#9307 = VECTOR('',#9308,1.);
#9308 = DIRECTION('',(1.,0.));
#9309 = ( GEOMETRIC_REPRESENTATION_CONTEXT(2) 
PARAMETRIC_REPRESENTATION_CONTEXT() REPRESENTATION_CONTEXT('2D SPACE',''
  ) );
#9310 = ORIENTED_EDGE('',*,*,#9311,.T.);
#9311 = EDGE_CURVE('',#9289,#9312,#9314,.T.);
#9312 = VERTEX_POINT('',#9313);
#9313 = CARTESIAN_POINT('',(101.630831,-87.442282,1.6));
#9314 = SURFACE_CURVE('',#9315,(#9319,#9326),.PCURVE_S1.);
#9315 = LINE('',#9316,#9317);
#9316 = CARTESIAN_POINT('',(101.293944,-88.121553,1.6));
#9317 = VECTOR('',#9318,1.);
#9318 = DIRECTION('',(0.444311306075,0.895872459279,0.));
#9319 = PCURVE('',#90,#9320);
#9320 = DEFINITIONAL_REPRESENTATION('',(#9321),#9325);
#9321 = LINE('',#9322,#9323);
#9322 = CARTESIAN_POINT('',(28.706056,16.878447));
#9323 = VECTOR('',#9324,1.);
#9324 = DIRECTION('',(-0.444311306075,0.895872459279));
#9325 = ( GEOMETRIC_REPRESENTATION_CONTEXT(2) 
PARAMETRIC_REPRESENTATION_CONTEXT() REPRESENTATION_CONTEXT('2D SPACE',''
  ) );
#9326 = PCURVE('',#2984,#9327);
#9327 = DEFINITIONAL_REPRESENTATION('',(#9328),#9332);
#9328 = LINE('',#9329,#9330);
#9329 = CARTESIAN_POINT('',(0.,-1.6));
#9330 = VECTOR('',#9331,1.);
#9331 = DIRECTION('',(1.,0.));
#9332 = ( GEOMETRIC_REPRESENTATION_CONTEXT(2) 
PARAMETRIC_REPRESENTATION_CONTEXT() REPRESENTATION_CONTEXT('2D SPACE',''
  ) );
#9333 = ORIENTED_EDGE('',*,*,#9334,.T.);
#9334 = EDGE_CURVE('',#9312,#9335,#9337,.T.);
#9335 = VERTEX_POINT('',#9336);
#9336 = CARTESIAN_POINT('',(102.004,-86.782246,1.6));
#9337 = SURFACE_CURVE('',#9338,(#9342,#9349),.PCURVE_S1.);
#9338 = LINE('',#9339,#9340);
#9339 = CARTESIAN_POINT('',(101.630831,-87.442282,1.6));
#9340 = VECTOR('',#9341,1.);
#9341 = DIRECTION('',(0.492162379321,0.870503413193,0.));
#9342 = PCURVE('',#90,#9343);
#9343 = DEFINITIONAL_REPRESENTATION('',(#9344),#9348);
#9344 = LINE('',#9345,#9346);
#9345 = CARTESIAN_POINT('',(28.369169,17.557718));
#9346 = VECTOR('',#9347,1.);
#9347 = DIRECTION('',(-0.492162379321,0.870503413193));
#9348 = ( GEOMETRIC_REPRESENTATION_CONTEXT(2) 
PARAMETRIC_REPRESENTATION_CONTEXT() REPRESENTATION_CONTEXT('2D SPACE',''
  ) );
#9349 = PCURVE('',#3012,#9350);
#9350 = DEFINITIONAL_REPRESENTATION('',(#9351),#9355);
#9351 = LINE('',#9352,#9353);
#9352 = CARTESIAN_POINT('',(0.,-1.6));
#9353 = VECTOR('',#9354,1.);
#9354 = DIRECTION('',(1.,0.));
#9355 = ( GEOMETRIC_REPRESENTATION_CONTEXT(2) 
PARAMETRIC_REPRESENTATION_CONTEXT() REPRESENTATION_CONTEXT('2D SPACE',''
  ) );
#9356 = ORIENTED_EDGE('',*,*,#9357,.T.);
#9357 = EDGE_CURVE('',#9335,#9358,#9360,.T.);
#9358 = VERTEX_POINT('',#9359);
#9359 = CARTESIAN_POINT('',(102.412354,-86.143381,1.6));
#9360 = SURFACE_CURVE('',#9361,(#9365,#9372),.PCURVE_S1.);
#9361 = LINE('',#9362,#9363);
#9362 = CARTESIAN_POINT('',(102.004,-86.782246,1.6));
#9363 = VECTOR('',#9364,1.);
#9364 = DIRECTION('',(0.538567449634,0.842582400834,0.));
#9365 = PCURVE('',#90,#9366);
#9366 = DEFINITIONAL_REPRESENTATION('',(#9367),#9371);
#9367 = LINE('',#9368,#9369);
#9368 = CARTESIAN_POINT('',(27.996,18.217754));
#9369 = VECTOR('',#9370,1.);
#9370 = DIRECTION('',(-0.538567449634,0.842582400834));
#9371 = ( GEOMETRIC_REPRESENTATION_CONTEXT(2) 
PARAMETRIC_REPRESENTATION_CONTEXT() REPRESENTATION_CONTEXT('2D SPACE',''
  ) );
#9372 = PCURVE('',#3040,#9373);
#9373 = DEFINITIONAL_REPRESENTATION('',(#9374),#9378);
#9374 = LINE('',#9375,#9376);
#9375 = CARTESIAN_POINT('',(0.,-1.6));
#9376 = VECTOR('',#9377,1.);
#9377 = DIRECTION('',(1.,0.));
#9378 = ( GEOMETRIC_REPRESENTATION_CONTEXT(2) 
PARAMETRIC_REPRESENTATION_CONTEXT() REPRESENTATION_CONTEXT('2D SPACE',''
  ) );
#9379 = ORIENTED_EDGE('',*,*,#9380,.T.);
#9380 = EDGE_CURVE('',#9358,#9381,#9383,.T.);
#9381 = VERTEX_POINT('',#9382);
#9382 = CARTESIAN_POINT('',(102.854697,-85.527561,1.6));
#9383 = SURFACE_CURVE('',#9384,(#9388,#9395),.PCURVE_S1.);
#9384 = LINE('',#9385,#9386);
#9385 = CARTESIAN_POINT('',(102.412354,-86.143381,1.6));
#9386 = VECTOR('',#9387,1.);
#9387 = DIRECTION('',(0.583394592868,0.812188862896,0.));
#9388 = PCURVE('',#90,#9389);
#9389 = DEFINITIONAL_REPRESENTATION('',(#9390),#9394);
#9390 = LINE('',#9391,#9392);
#9391 = CARTESIAN_POINT('',(27.587646,18.856619));
#9392 = VECTOR('',#9393,1.);
#9393 = DIRECTION('',(-0.583394592868,0.812188862896));
#9394 = ( GEOMETRIC_REPRESENTATION_CONTEXT(2) 
PARAMETRIC_REPRESENTATION_CONTEXT() REPRESENTATION_CONTEXT('2D SPACE',''
  ) );
#9395 = PCURVE('',#3068,#9396);
#9396 = DEFINITIONAL_REPRESENTATION('',(#9397),#9401);
#9397 = LINE('',#9398,#9399);
#9398 = CARTESIAN_POINT('',(0.,-1.6));
#9399 = VECTOR('',#9400,1.);
#9400 = DIRECTION('',(1.,0.));
#9401 = ( GEOMETRIC_REPRESENTATION_CONTEXT(2) 
PARAMETRIC_REPRESENTATION_CONTEXT() REPRESENTATION_CONTEXT('2D SPACE',''
  ) );
#9402 = ORIENTED_EDGE('',*,*,#9403,.T.);
#9403 = EDGE_CURVE('',#9381,#9404,#9406,.T.);
#9404 = VERTEX_POINT('',#9405);
#9405 = CARTESIAN_POINT('',(103.329731,-84.936592,1.6));
#9406 = SURFACE_CURVE('',#9407,(#9411,#9418),.PCURVE_S1.);
#9407 = LINE('',#9408,#9409);
#9408 = CARTESIAN_POINT('',(102.854697,-85.527561,1.6));
#9409 = VECTOR('',#9410,1.);
#9410 = DIRECTION('',(0.626509864591,0.779413490755,0.));
#9411 = PCURVE('',#90,#9412);
#9412 = DEFINITIONAL_REPRESENTATION('',(#9413),#9417);
#9413 = LINE('',#9414,#9415);
#9414 = CARTESIAN_POINT('',(27.145303,19.472439));
#9415 = VECTOR('',#9416,1.);
#9416 = DIRECTION('',(-0.626509864591,0.779413490755));
#9417 = ( GEOMETRIC_REPRESENTATION_CONTEXT(2) 
PARAMETRIC_REPRESENTATION_CONTEXT() REPRESENTATION_CONTEXT('2D SPACE',''
  ) );
#9418 = PCURVE('',#3096,#9419);
#9419 = DEFINITIONAL_REPRESENTATION('',(#9420),#9424);
#9420 = LINE('',#9421,#9422);
#9421 = CARTESIAN_POINT('',(0.,-1.6));
#9422 = VECTOR('',#9423,1.);
#9423 = DIRECTION('',(1.,0.));
#9424 = ( GEOMETRIC_REPRESENTATION_CONTEXT(2) 
PARAMETRIC_REPRESENTATION_CONTEXT() REPRESENTATION_CONTEXT('2D SPACE',''
  ) );
#9425 = ORIENTED_EDGE('',*,*,#9426,.T.);
#9426 = EDGE_CURVE('',#9404,#9427,#9429,.T.);
#9427 = VERTEX_POINT('',#9428);
#9428 = CARTESIAN_POINT('',(103.836063,-84.372208,1.6));
#9429 = SURFACE_CURVE('',#9430,(#9434,#9441),.PCURVE_S1.);
#9430 = LINE('',#9431,#9432);
#9431 = CARTESIAN_POINT('',(103.329731,-84.936592,1.6));
#9432 = VECTOR('',#9433,1.);
#9433 = DIRECTION('',(0.667788129409,0.744351405063,0.));
#9434 = PCURVE('',#90,#9435);
#9435 = DEFINITIONAL_REPRESENTATION('',(#9436),#9440);
#9436 = LINE('',#9437,#9438);
#9437 = CARTESIAN_POINT('',(26.670269,20.063408));
#9438 = VECTOR('',#9439,1.);
#9439 = DIRECTION('',(-0.667788129409,0.744351405063));
#9440 = ( GEOMETRIC_REPRESENTATION_CONTEXT(2) 
PARAMETRIC_REPRESENTATION_CONTEXT() REPRESENTATION_CONTEXT('2D SPACE',''
  ) );
#9441 = PCURVE('',#3124,#9442);
#9442 = DEFINITIONAL_REPRESENTATION('',(#9443),#9447);
#9443 = LINE('',#9444,#9445);
#9444 = CARTESIAN_POINT('',(0.,-1.6));
#9445 = VECTOR('',#9446,1.);
#9446 = DIRECTION('',(1.,0.));
#9447 = ( GEOMETRIC_REPRESENTATION_CONTEXT(2) 
PARAMETRIC_REPRESENTATION_CONTEXT() REPRESENTATION_CONTEXT('2D SPACE',''
  ) );
#9448 = ORIENTED_EDGE('',*,*,#9449,.T.);
#9449 = EDGE_CURVE('',#9427,#9450,#9452,.T.);
#9450 = VERTEX_POINT('',#9451);
#9451 = CARTESIAN_POINT('',(104.372208,-83.836063,1.6));
#9452 = SURFACE_CURVE('',#9453,(#9457,#9464),.PCURVE_S1.);
#9453 = LINE('',#9454,#9455);
#9454 = CARTESIAN_POINT('',(103.836063,-84.372208,1.6));
#9455 = VECTOR('',#9456,1.);
#9456 = DIRECTION('',(0.707106781187,0.707106781187,0.));
#9457 = PCURVE('',#90,#9458);
#9458 = DEFINITIONAL_REPRESENTATION('',(#9459),#9463);
#9459 = LINE('',#9460,#9461);
#9460 = CARTESIAN_POINT('',(26.163937,20.627792));
#9461 = VECTOR('',#9462,1.);
#9462 = DIRECTION('',(-0.707106781187,0.707106781187));
#9463 = ( GEOMETRIC_REPRESENTATION_CONTEXT(2) 
PARAMETRIC_REPRESENTATION_CONTEXT() REPRESENTATION_CONTEXT('2D SPACE',''
  ) );
#9464 = PCURVE('',#3152,#9465);
#9465 = DEFINITIONAL_REPRESENTATION('',(#9466),#9470);
#9466 = LINE('',#9467,#9468);
#9467 = CARTESIAN_POINT('',(0.,-1.6));
#9468 = VECTOR('',#9469,1.);
#9469 = DIRECTION('',(1.,0.));
#9470 = ( GEOMETRIC_REPRESENTATION_CONTEXT(2) 
PARAMETRIC_REPRESENTATION_CONTEXT() REPRESENTATION_CONTEXT('2D SPACE',''
  ) );
#9471 = ORIENTED_EDGE('',*,*,#9472,.T.);
#9472 = EDGE_CURVE('',#9450,#9473,#9475,.T.);
#9473 = VERTEX_POINT('',#9474);
#9474 = CARTESIAN_POINT('',(104.936592,-83.329731,1.6));
#9475 = SURFACE_CURVE('',#9476,(#9480,#9487),.PCURVE_S1.);
#9476 = LINE('',#9477,#9478);
#9477 = CARTESIAN_POINT('',(104.372208,-83.836063,1.6));
#9478 = VECTOR('',#9479,1.);
#9479 = DIRECTION('',(0.744351405063,0.667788129409,0.));
#9480 = PCURVE('',#90,#9481);
#9481 = DEFINITIONAL_REPRESENTATION('',(#9482),#9486);
#9482 = LINE('',#9483,#9484);
#9483 = CARTESIAN_POINT('',(25.627792,21.163937));
#9484 = VECTOR('',#9485,1.);
#9485 = DIRECTION('',(-0.744351405063,0.667788129409));
#9486 = ( GEOMETRIC_REPRESENTATION_CONTEXT(2) 
PARAMETRIC_REPRESENTATION_CONTEXT() REPRESENTATION_CONTEXT('2D SPACE',''
  ) );
#9487 = PCURVE('',#3180,#9488);
#9488 = DEFINITIONAL_REPRESENTATION('',(#9489),#9493);
#9489 = LINE('',#9490,#9491);
#9490 = CARTESIAN_POINT('',(0.,-1.6));
#9491 = VECTOR('',#9492,1.);
#9492 = DIRECTION('',(1.,0.));
#9493 = ( GEOMETRIC_REPRESENTATION_CONTEXT(2) 
PARAMETRIC_REPRESENTATION_CONTEXT() REPRESENTATION_CONTEXT('2D SPACE',''
  ) );
#9494 = ORIENTED_EDGE('',*,*,#9495,.T.);
#9495 = EDGE_CURVE('',#9473,#9496,#9498,.T.);
#9496 = VERTEX_POINT('',#9497);
#9497 = CARTESIAN_POINT('',(105.527561,-82.854697,1.6));
#9498 = SURFACE_CURVE('',#9499,(#9503,#9510),.PCURVE_S1.);
#9499 = LINE('',#9500,#9501);
#9500 = CARTESIAN_POINT('',(104.936592,-83.329731,1.6));
#9501 = VECTOR('',#9502,1.);
#9502 = DIRECTION('',(0.779413490755,0.626509864591,0.));
#9503 = PCURVE('',#90,#9504);
#9504 = DEFINITIONAL_REPRESENTATION('',(#9505),#9509);
#9505 = LINE('',#9506,#9507);
#9506 = CARTESIAN_POINT('',(25.063408,21.670269));
#9507 = VECTOR('',#9508,1.);
#9508 = DIRECTION('',(-0.779413490755,0.626509864591));
#9509 = ( GEOMETRIC_REPRESENTATION_CONTEXT(2) 
PARAMETRIC_REPRESENTATION_CONTEXT() REPRESENTATION_CONTEXT('2D SPACE',''
  ) );
#9510 = PCURVE('',#3208,#9511);
#9511 = DEFINITIONAL_REPRESENTATION('',(#9512),#9516);
#9512 = LINE('',#9513,#9514);
#9513 = CARTESIAN_POINT('',(0.,-1.6));
#9514 = VECTOR('',#9515,1.);
#9515 = DIRECTION('',(1.,0.));
#9516 = ( GEOMETRIC_REPRESENTATION_CONTEXT(2) 
PARAMETRIC_REPRESENTATION_CONTEXT() REPRESENTATION_CONTEXT('2D SPACE',''
  ) );
#9517 = ORIENTED_EDGE('',*,*,#9518,.T.);
#9518 = EDGE_CURVE('',#9496,#9519,#9521,.T.);
#9519 = VERTEX_POINT('',#9520);
#9520 = CARTESIAN_POINT('',(106.143381,-82.412354,1.6));
#9521 = SURFACE_CURVE('',#9522,(#9526,#9533),.PCURVE_S1.);
#9522 = LINE('',#9523,#9524);
#9523 = CARTESIAN_POINT('',(105.527561,-82.854697,1.6));
#9524 = VECTOR('',#9525,1.);
#9525 = DIRECTION('',(0.812188862896,0.583394592868,0.));
#9526 = PCURVE('',#90,#9527);
#9527 = DEFINITIONAL_REPRESENTATION('',(#9528),#9532);
#9528 = LINE('',#9529,#9530);
#9529 = CARTESIAN_POINT('',(24.472439,22.145303));
#9530 = VECTOR('',#9531,1.);
#9531 = DIRECTION('',(-0.812188862896,0.583394592868));
#9532 = ( GEOMETRIC_REPRESENTATION_CONTEXT(2) 
PARAMETRIC_REPRESENTATION_CONTEXT() REPRESENTATION_CONTEXT('2D SPACE',''
  ) );
#9533 = PCURVE('',#3236,#9534);
#9534 = DEFINITIONAL_REPRESENTATION('',(#9535),#9539);
#9535 = LINE('',#9536,#9537);
#9536 = CARTESIAN_POINT('',(0.,-1.6));
#9537 = VECTOR('',#9538,1.);
#9538 = DIRECTION('',(1.,0.));
#9539 = ( GEOMETRIC_REPRESENTATION_CONTEXT(2) 
PARAMETRIC_REPRESENTATION_CONTEXT() REPRESENTATION_CONTEXT('2D SPACE',''
  ) );
#9540 = ORIENTED_EDGE('',*,*,#9541,.T.);
#9541 = EDGE_CURVE('',#9519,#9542,#9544,.T.);
#9542 = VERTEX_POINT('',#9543);
#9543 = CARTESIAN_POINT('',(106.782246,-82.004,1.6));
#9544 = SURFACE_CURVE('',#9545,(#9549,#9556),.PCURVE_S1.);
#9545 = LINE('',#9546,#9547);
#9546 = CARTESIAN_POINT('',(106.143381,-82.412354,1.6));
#9547 = VECTOR('',#9548,1.);
#9548 = DIRECTION('',(0.842582400834,0.538567449634,0.));
#9549 = PCURVE('',#90,#9550);
#9550 = DEFINITIONAL_REPRESENTATION('',(#9551),#9555);
#9551 = LINE('',#9552,#9553);
#9552 = CARTESIAN_POINT('',(23.856619,22.587646));
#9553 = VECTOR('',#9554,1.);
#9554 = DIRECTION('',(-0.842582400834,0.538567449634));
#9555 = ( GEOMETRIC_REPRESENTATION_CONTEXT(2) 
PARAMETRIC_REPRESENTATION_CONTEXT() REPRESENTATION_CONTEXT('2D SPACE',''
  ) );
#9556 = PCURVE('',#3264,#9557);
#9557 = DEFINITIONAL_REPRESENTATION('',(#9558),#9562);
#9558 = LINE('',#9559,#9560);
#9559 = CARTESIAN_POINT('',(0.,-1.6));
#9560 = VECTOR('',#9561,1.);
#9561 = DIRECTION('',(1.,0.));
#9562 = ( GEOMETRIC_REPRESENTATION_CONTEXT(2) 
PARAMETRIC_REPRESENTATION_CONTEXT() REPRESENTATION_CONTEXT('2D SPACE',''
  ) );
#9563 = ORIENTED_EDGE('',*,*,#9564,.T.);
#9564 = EDGE_CURVE('',#9542,#9565,#9567,.T.);
#9565 = VERTEX_POINT('',#9566);
#9566 = CARTESIAN_POINT('',(107.442282,-81.630831,1.6));
#9567 = SURFACE_CURVE('',#9568,(#9572,#9579),.PCURVE_S1.);
#9568 = LINE('',#9569,#9570);
#9569 = CARTESIAN_POINT('',(106.782246,-82.004,1.6));
#9570 = VECTOR('',#9571,1.);
#9571 = DIRECTION('',(0.870503413193,0.492162379321,0.));
#9572 = PCURVE('',#90,#9573);
#9573 = DEFINITIONAL_REPRESENTATION('',(#9574),#9578);
#9574 = LINE('',#9575,#9576);
#9575 = CARTESIAN_POINT('',(23.217754,22.996));
#9576 = VECTOR('',#9577,1.);
#9577 = DIRECTION('',(-0.870503413193,0.492162379321));
#9578 = ( GEOMETRIC_REPRESENTATION_CONTEXT(2) 
PARAMETRIC_REPRESENTATION_CONTEXT() REPRESENTATION_CONTEXT('2D SPACE',''
  ) );
#9579 = PCURVE('',#3292,#9580);
#9580 = DEFINITIONAL_REPRESENTATION('',(#9581),#9585);
#9581 = LINE('',#9582,#9583);
#9582 = CARTESIAN_POINT('',(0.,-1.6));
#9583 = VECTOR('',#9584,1.);
#9584 = DIRECTION('',(1.,0.));
#9585 = ( GEOMETRIC_REPRESENTATION_CONTEXT(2) 
PARAMETRIC_REPRESENTATION_CONTEXT() REPRESENTATION_CONTEXT('2D SPACE',''
  ) );
#9586 = ORIENTED_EDGE('',*,*,#9587,.T.);
#9587 = EDGE_CURVE('',#9565,#9588,#9590,.T.);
#9588 = VERTEX_POINT('',#9589);
#9589 = CARTESIAN_POINT('',(108.121553,-81.293944,1.6));
#9590 = SURFACE_CURVE('',#9591,(#9595,#9602),.PCURVE_S1.);
#9591 = LINE('',#9592,#9593);
#9592 = CARTESIAN_POINT('',(107.442282,-81.630831,1.6));
#9593 = VECTOR('',#9594,1.);
#9594 = DIRECTION('',(0.895872459279,0.444311306075,0.));
#9595 = PCURVE('',#90,#9596);
#9596 = DEFINITIONAL_REPRESENTATION('',(#9597),#9601);
#9597 = LINE('',#9598,#9599);
#9598 = CARTESIAN_POINT('',(22.557718,23.369169));
#9599 = VECTOR('',#9600,1.);
#9600 = DIRECTION('',(-0.895872459279,0.444311306075));
#9601 = ( GEOMETRIC_REPRESENTATION_CONTEXT(2) 
PARAMETRIC_REPRESENTATION_CONTEXT() REPRESENTATION_CONTEXT('2D SPACE',''
  ) );
#9602 = PCURVE('',#3320,#9603);
#9603 = DEFINITIONAL_REPRESENTATION('',(#9604),#9608);
#9604 = LINE('',#9605,#9606);
#9605 = CARTESIAN_POINT('',(0.,-1.6));
#9606 = VECTOR('',#9607,1.);
#9607 = DIRECTION('',(1.,0.));
#9608 = ( GEOMETRIC_REPRESENTATION_CONTEXT(2) 
PARAMETRIC_REPRESENTATION_CONTEXT() REPRESENTATION_CONTEXT('2D SPACE',''
  ) );
#9609 = ORIENTED_EDGE('',*,*,#9610,.T.);
#9610 = EDGE_CURVE('',#9588,#9611,#9613,.T.);
#9611 = VERTEX_POINT('',#9612);
#9612 = CARTESIAN_POINT('',(108.818066,-80.994326,1.6));
#9613 = SURFACE_CURVE('',#9614,(#9618,#9625),.PCURVE_S1.);
#9614 = LINE('',#9615,#9616);
#9615 = CARTESIAN_POINT('',(108.121553,-81.293944,1.6));
#9616 = VECTOR('',#9617,1.);
#9617 = DIRECTION('',(0.918612983605,0.395158431963,0.));
#9618 = PCURVE('',#90,#9619);
#9619 = DEFINITIONAL_REPRESENTATION('',(#9620),#9624);
#9620 = LINE('',#9621,#9622);
#9621 = CARTESIAN_POINT('',(21.878447,23.706056));
#9622 = VECTOR('',#9623,1.);
#9623 = DIRECTION('',(-0.918612983605,0.395158431963));
#9624 = ( GEOMETRIC_REPRESENTATION_CONTEXT(2) 
PARAMETRIC_REPRESENTATION_CONTEXT() REPRESENTATION_CONTEXT('2D SPACE',''
  ) );
#9625 = PCURVE('',#3348,#9626);
#9626 = DEFINITIONAL_REPRESENTATION('',(#9627),#9631);
#9627 = LINE('',#9628,#9629);
#9628 = CARTESIAN_POINT('',(0.,-1.6));
#9629 = VECTOR('',#9630,1.);
#9630 = DIRECTION('',(1.,0.));
#9631 = ( GEOMETRIC_REPRESENTATION_CONTEXT(2) 
PARAMETRIC_REPRESENTATION_CONTEXT() REPRESENTATION_CONTEXT('2D SPACE',''
  ) );
#9632 = ORIENTED_EDGE('',*,*,#9633,.T.);
#9633 = EDGE_CURVE('',#9611,#9634,#9636,.T.);
#9634 = VERTEX_POINT('',#9635);
#9635 = CARTESIAN_POINT('',(109.529779,-80.732856,1.6));
#9636 = SURFACE_CURVE('',#9637,(#9641,#9648),.PCURVE_S1.);
#9637 = LINE('',#9638,#9639);
#9638 = CARTESIAN_POINT('',(108.818066,-80.994326,1.6));
#9639 = VECTOR('',#9640,1.);
#9640 = DIRECTION('',(0.938659339746,0.344845826286,0.));
#9641 = PCURVE('',#90,#9642);
#9642 = DEFINITIONAL_REPRESENTATION('',(#9643),#9647);
#9643 = LINE('',#9644,#9645);
#9644 = CARTESIAN_POINT('',(21.181934,24.005674));
#9645 = VECTOR('',#9646,1.);
#9646 = DIRECTION('',(-0.938659339746,0.344845826286));
#9647 = ( GEOMETRIC_REPRESENTATION_CONTEXT(2) 
PARAMETRIC_REPRESENTATION_CONTEXT() REPRESENTATION_CONTEXT('2D SPACE',''
  ) );
#9648 = PCURVE('',#3376,#9649);
#9649 = DEFINITIONAL_REPRESENTATION('',(#9650),#9654);
#9650 = LINE('',#9651,#9652);
#9651 = CARTESIAN_POINT('',(0.,-1.6));
#9652 = VECTOR('',#9653,1.);
#9653 = DIRECTION('',(1.,0.));
#9654 = ( GEOMETRIC_REPRESENTATION_CONTEXT(2) 
PARAMETRIC_REPRESENTATION_CONTEXT() REPRESENTATION_CONTEXT('2D SPACE',''
  ) );
#9655 = ORIENTED_EDGE('',*,*,#9656,.T.);
#9656 = EDGE_CURVE('',#9634,#9657,#9659,.T.);
#9657 = VERTEX_POINT('',#9658);
#9658 = CARTESIAN_POINT('',(110.254603,-80.5103,1.6));
#9659 = SURFACE_CURVE('',#9660,(#9664,#9671),.PCURVE_S1.);
#9660 = LINE('',#9661,#9662);
#9661 = CARTESIAN_POINT('',(109.529779,-80.732856,1.6));
#9662 = VECTOR('',#9663,1.);
#9663 = DIRECTION('',(0.955951879609,0.293523429851,0.));
#9664 = PCURVE('',#90,#9665);
#9665 = DEFINITIONAL_REPRESENTATION('',(#9666),#9670);
#9666 = LINE('',#9667,#9668);
#9667 = CARTESIAN_POINT('',(20.470221,24.267144));
#9668 = VECTOR('',#9669,1.);
#9669 = DIRECTION('',(-0.955951879609,0.293523429851));
#9670 = ( GEOMETRIC_REPRESENTATION_CONTEXT(2) 
PARAMETRIC_REPRESENTATION_CONTEXT() REPRESENTATION_CONTEXT('2D SPACE',''
  ) );
#9671 = PCURVE('',#3404,#9672);
#9672 = DEFINITIONAL_REPRESENTATION('',(#9673),#9677);
#9673 = LINE('',#9674,#9675);
#9674 = CARTESIAN_POINT('',(0.,-1.6));
#9675 = VECTOR('',#9676,1.);
#9676 = DIRECTION('',(1.,0.));
#9677 = ( GEOMETRIC_REPRESENTATION_CONTEXT(2) 
PARAMETRIC_REPRESENTATION_CONTEXT() REPRESENTATION_CONTEXT('2D SPACE',''
  ) );
#9678 = ORIENTED_EDGE('',*,*,#9679,.T.);
#9679 = EDGE_CURVE('',#9657,#9680,#9682,.T.);
#9680 = VERTEX_POINT('',#9681);
#9681 = CARTESIAN_POINT('',(110.990414,-80.327312,1.6));
#9682 = SURFACE_CURVE('',#9683,(#9687,#9694),.PCURVE_S1.);
#9683 = LINE('',#9684,#9685);
#9684 = CARTESIAN_POINT('',(110.254603,-80.5103,1.6));
#9685 = VECTOR('',#9686,1.);
#9686 = DIRECTION('',(0.970441145165,0.241337903716,0.));
#9687 = PCURVE('',#90,#9688);
#9688 = DEFINITIONAL_REPRESENTATION('',(#9689),#9693);
#9689 = LINE('',#9690,#9691);
#9690 = CARTESIAN_POINT('',(19.745397,24.4897));
#9691 = VECTOR('',#9692,1.);
#9692 = DIRECTION('',(-0.970441145165,0.241337903716));
#9693 = ( GEOMETRIC_REPRESENTATION_CONTEXT(2) 
PARAMETRIC_REPRESENTATION_CONTEXT() REPRESENTATION_CONTEXT('2D SPACE',''
  ) );
#9694 = PCURVE('',#3432,#9695);
#9695 = DEFINITIONAL_REPRESENTATION('',(#9696),#9700);
#9696 = LINE('',#9697,#9698);
#9697 = CARTESIAN_POINT('',(0.,-1.6));
#9698 = VECTOR('',#9699,1.);
#9699 = DIRECTION('',(1.,0.));
#9700 = ( GEOMETRIC_REPRESENTATION_CONTEXT(2) 
PARAMETRIC_REPRESENTATION_CONTEXT() REPRESENTATION_CONTEXT('2D SPACE',''
  ) );
#9701 = ORIENTED_EDGE('',*,*,#9702,.T.);
#9702 = EDGE_CURVE('',#9680,#9703,#9705,.T.);
#9703 = VERTEX_POINT('',#9704);
#9704 = CARTESIAN_POINT('',(111.735052,-80.184429,1.6));
#9705 = SURFACE_CURVE('',#9706,(#9710,#9717),.PCURVE_S1.);
#9706 = LINE('',#9707,#9708);
#9707 = CARTESIAN_POINT('',(110.990414,-80.327312,1.6));
#9708 = VECTOR('',#9709,1.);
#9709 = DIRECTION('',(0.98208380359,0.188444694077,0.));
#9710 = PCURVE('',#90,#9711);
#9711 = DEFINITIONAL_REPRESENTATION('',(#9712),#9716);
#9712 = LINE('',#9713,#9714);
#9713 = CARTESIAN_POINT('',(19.009586,24.672688));
#9714 = VECTOR('',#9715,1.);
#9715 = DIRECTION('',(-0.98208380359,0.188444694077));
#9716 = ( GEOMETRIC_REPRESENTATION_CONTEXT(2) 
PARAMETRIC_REPRESENTATION_CONTEXT() REPRESENTATION_CONTEXT('2D SPACE',''
  ) );
#9717 = PCURVE('',#3460,#9718);
#9718 = DEFINITIONAL_REPRESENTATION('',(#9719),#9723);
#9719 = LINE('',#9720,#9721);
#9720 = CARTESIAN_POINT('',(0.,-1.6));
#9721 = VECTOR('',#9722,1.);
#9722 = DIRECTION('',(1.,0.));
#9723 = ( GEOMETRIC_REPRESENTATION_CONTEXT(2) 
PARAMETRIC_REPRESENTATION_CONTEXT() REPRESENTATION_CONTEXT('2D SPACE',''
  ) );
#9724 = ORIENTED_EDGE('',*,*,#9725,.T.);
#9725 = EDGE_CURVE('',#9703,#9726,#9728,.T.);
#9726 = VERTEX_POINT('',#9727);
#9727 = CARTESIAN_POINT('',(112.486334,-80.082069,1.6));
#9728 = SURFACE_CURVE('',#9729,(#9733,#9740),.PCURVE_S1.);
#9729 = LINE('',#9730,#9731);
#9730 = CARTESIAN_POINT('',(111.735052,-80.184429,1.6));
#9731 = VECTOR('',#9732,1.);
#9732 = DIRECTION('',(0.99084561886,0.134999850318,0.));
#9733 = PCURVE('',#90,#9734);
#9734 = DEFINITIONAL_REPRESENTATION('',(#9735),#9739);
#9735 = LINE('',#9736,#9737);
#9736 = CARTESIAN_POINT('',(18.264948,24.815571));
#9737 = VECTOR('',#9738,1.);
#9738 = DIRECTION('',(-0.99084561886,0.134999850318));
#9739 = ( GEOMETRIC_REPRESENTATION_CONTEXT(2) 
PARAMETRIC_REPRESENTATION_CONTEXT() REPRESENTATION_CONTEXT('2D SPACE',''
  ) );
#9740 = PCURVE('',#3488,#9741);
#9741 = DEFINITIONAL_REPRESENTATION('',(#9742),#9746);
#9742 = LINE('',#9743,#9744);
#9743 = CARTESIAN_POINT('',(0.,-1.6));
#9744 = VECTOR('',#9745,1.);
#9745 = DIRECTION('',(1.,0.));
#9746 = ( GEOMETRIC_REPRESENTATION_CONTEXT(2) 
PARAMETRIC_REPRESENTATION_CONTEXT() REPRESENTATION_CONTEXT('2D SPACE',''
  ) );
#9747 = ORIENTED_EDGE('',*,*,#9748,.T.);
#9748 = EDGE_CURVE('',#9726,#9749,#9751,.T.);
#9749 = VERTEX_POINT('',#9750);
#9750 = CARTESIAN_POINT('',(113.242055,-80.020532,1.6));
#9751 = SURFACE_CURVE('',#9752,(#9756,#9763),.PCURVE_S1.);
#9752 = LINE('',#9753,#9754);
#9753 = CARTESIAN_POINT('',(112.486334,-80.082069,1.6));
#9754 = VECTOR('',#9755,1.);
#9755 = DIRECTION('',(0.996701120211,8.11595771911E-02,0.));
#9756 = PCURVE('',#90,#9757);
#9757 = DEFINITIONAL_REPRESENTATION('',(#9758),#9762);
#9758 = LINE('',#9759,#9760);
#9759 = CARTESIAN_POINT('',(17.513666,24.917931));
#9760 = VECTOR('',#9761,1.);
#9761 = DIRECTION('',(-0.996701120211,8.11595771911E-02));
#9762 = ( GEOMETRIC_REPRESENTATION_CONTEXT(2) 
PARAMETRIC_REPRESENTATION_CONTEXT() REPRESENTATION_CONTEXT('2D SPACE',''
  ) );
#9763 = PCURVE('',#3516,#9764);
#9764 = DEFINITIONAL_REPRESENTATION('',(#9765),#9769);
#9765 = LINE('',#9766,#9767);
#9766 = CARTESIAN_POINT('',(0.,-1.6));
#9767 = VECTOR('',#9768,1.);
#9768 = DIRECTION('',(1.,0.));
#9769 = ( GEOMETRIC_REPRESENTATION_CONTEXT(2) 
PARAMETRIC_REPRESENTATION_CONTEXT() REPRESENTATION_CONTEXT('2D SPACE',''
  ) );
#9770 = ORIENTED_EDGE('',*,*,#9771,.T.);
#9771 = EDGE_CURVE('',#9749,#9772,#9774,.T.);
#9772 = VERTEX_POINT('',#9773);
#9773 = CARTESIAN_POINT('',(114.,-80.,1.6));
#9774 = SURFACE_CURVE('',#9775,(#9779,#9786),.PCURVE_S1.);
#9775 = LINE('',#9776,#9777);
#9776 = CARTESIAN_POINT('',(113.242055,-80.020532,1.6));
#9777 = VECTOR('',#9778,1.);
#9778 = DIRECTION('',(0.999633293851,2.707910308711E-02,0.));
#9779 = PCURVE('',#90,#9780);
#9780 = DEFINITIONAL_REPRESENTATION('',(#9781),#9785);
#9781 = LINE('',#9782,#9783);
#9782 = CARTESIAN_POINT('',(16.757945,24.979468));
#9783 = VECTOR('',#9784,1.);
#9784 = DIRECTION('',(-0.999633293851,2.707910308711E-02));
#9785 = ( GEOMETRIC_REPRESENTATION_CONTEXT(2) 
PARAMETRIC_REPRESENTATION_CONTEXT() REPRESENTATION_CONTEXT('2D SPACE',''
  ) );
#9786 = PCURVE('',#3544,#9787);
#9787 = DEFINITIONAL_REPRESENTATION('',(#9788),#9792);
#9788 = LINE('',#9789,#9790);
#9789 = CARTESIAN_POINT('',(0.,-1.6));
#9790 = VECTOR('',#9791,1.);
#9791 = DIRECTION('',(1.,0.));
#9792 = ( GEOMETRIC_REPRESENTATION_CONTEXT(2) 
PARAMETRIC_REPRESENTATION_CONTEXT() REPRESENTATION_CONTEXT('2D SPACE',''
  ) );
#9793 = ORIENTED_EDGE('',*,*,#9794,.T.);
#9794 = EDGE_CURVE('',#9772,#162,#9795,.T.);
#9795 = SURFACE_CURVE('',#9796,(#9800,#9807),.PCURVE_S1.);
#9796 = LINE('',#9797,#9798);
#9797 = CARTESIAN_POINT('',(114.,-80.,1.6));
#9798 = VECTOR('',#9799,1.);
#9799 = DIRECTION('',(1.,0.,0.));
#9800 = PCURVE('',#90,#9801);
#9801 = DEFINITIONAL_REPRESENTATION('',(#9802),#9806);
#9802 = LINE('',#9803,#9804);
#9803 = CARTESIAN_POINT('',(16.,25.));
#9804 = VECTOR('',#9805,1.);
#9805 = DIRECTION('',(-1.,0.));
#9806 = ( GEOMETRIC_REPRESENTATION_CONTEXT(2) 
PARAMETRIC_REPRESENTATION_CONTEXT() REPRESENTATION_CONTEXT('2D SPACE',''
  ) );
#9807 = PCURVE('',#177,#9808);
#9808 = DEFINITIONAL_REPRESENTATION('',(#9809),#9813);
#9809 = LINE('',#9810,#9811);
#9810 = CARTESIAN_POINT('',(0.,-1.6));
#9811 = VECTOR('',#9812,1.);
#9812 = DIRECTION('',(1.,0.));
#9813 = ( GEOMETRIC_REPRESENTATION_CONTEXT(2) 
PARAMETRIC_REPRESENTATION_CONTEXT() REPRESENTATION_CONTEXT('2D SPACE',''
  ) );
#9814 = ORIENTED_EDGE('',*,*,#189,.T.);
#9815 = FACE_BOUND('',#9816,.F.);
#9816 = EDGE_LOOP('',(#9817));
#9817 = ORIENTED_EDGE('',*,*,#9818,.T.);
#9818 = EDGE_CURVE('',#9819,#9819,#9821,.T.);
#9819 = VERTEX_POINT('',#9820);
#9820 = CARTESIAN_POINT('',(154.166726,-123.966726,1.6));
#9821 = SURFACE_CURVE('',#9822,(#9827,#9838),.PCURVE_S1.);
#9822 = CIRCLE('',#9823,0.2);
#9823 = AXIS2_PLACEMENT_3D('',#9824,#9825,#9826);
#9824 = CARTESIAN_POINT('',(153.966726,-123.966726,1.6));
#9825 = DIRECTION('',(0.,0.,1.));
#9826 = DIRECTION('',(1.,0.,-0.));
#9827 = PCURVE('',#90,#9828);
#9828 = DEFINITIONAL_REPRESENTATION('',(#9829),#9837);
#9829 = ( BOUNDED_CURVE() B_SPLINE_CURVE(2,(#9830,#9831,#9832,#9833,
#9834,#9835,#9836),.UNSPECIFIED.,.T.,.F.) B_SPLINE_CURVE_WITH_KNOTS((1,2
    ,2,2,2,1),(-2.094395102393,0.,2.094395102393,4.188790204786,
6.28318530718,8.377580409573),.UNSPECIFIED.) CURVE() 
GEOMETRIC_REPRESENTATION_ITEM() RATIONAL_B_SPLINE_CURVE((1.,0.5,1.,0.5,
1.,0.5,1.)) REPRESENTATION_ITEM('') );
#9830 = CARTESIAN_POINT('',(-24.166726,-18.966726));
#9831 = CARTESIAN_POINT('',(-24.166726,-18.62031583848));
#9832 = CARTESIAN_POINT('',(-23.866726,-18.79352091924));
#9833 = CARTESIAN_POINT('',(-23.566726,-18.966726));
#9834 = CARTESIAN_POINT('',(-23.866726,-19.13993108075));
#9835 = CARTESIAN_POINT('',(-24.166726,-19.31313616151));
#9836 = CARTESIAN_POINT('',(-24.166726,-18.966726));
#9837 = ( GEOMETRIC_REPRESENTATION_CONTEXT(2) 
PARAMETRIC_REPRESENTATION_CONTEXT() REPRESENTATION_CONTEXT('2D SPACE',''
  ) );
#9838 = PCURVE('',#3601,#9839);
#9839 = DEFINITIONAL_REPRESENTATION('',(#9840),#9844);
#9840 = LINE('',#9841,#9842);
#9841 = CARTESIAN_POINT('',(0.,1.61));
#9842 = VECTOR('',#9843,1.);
#9843 = DIRECTION('',(1.,0.));
#9844 = ( GEOMETRIC_REPRESENTATION_CONTEXT(2) 
PARAMETRIC_REPRESENTATION_CONTEXT() REPRESENTATION_CONTEXT('2D SPACE',''
  ) );
#9845 = FACE_BOUND('',#9846,.F.);
#9846 = EDGE_LOOP('',(#9847));
#9847 = ORIENTED_EDGE('',*,*,#9848,.T.);
#9848 = EDGE_CURVE('',#9849,#9849,#9851,.T.);
#9849 = VERTEX_POINT('',#9850);
#9850 = CARTESIAN_POINT('',(153.,-124.45,1.6));
#9851 = SURFACE_CURVE('',#9852,(#9857,#9868),.PCURVE_S1.);
#9852 = CIRCLE('',#9853,0.2);
#9853 = AXIS2_PLACEMENT_3D('',#9854,#9855,#9856);
#9854 = CARTESIAN_POINT('',(152.8,-124.45,1.6));
#9855 = DIRECTION('',(0.,0.,1.));
#9856 = DIRECTION('',(1.,0.,-0.));
#9857 = PCURVE('',#90,#9858);
#9858 = DEFINITIONAL_REPRESENTATION('',(#9859),#9867);
#9859 = ( BOUNDED_CURVE() B_SPLINE_CURVE(2,(#9860,#9861,#9862,#9863,
#9864,#9865,#9866),.UNSPECIFIED.,.T.,.F.) B_SPLINE_CURVE_WITH_KNOTS((1,2
    ,2,2,2,1),(-2.094395102393,0.,2.094395102393,4.188790204786,
6.28318530718,8.377580409573),.UNSPECIFIED.) CURVE() 
GEOMETRIC_REPRESENTATION_ITEM() RATIONAL_B_SPLINE_CURVE((1.,0.5,1.,0.5,
1.,0.5,1.)) REPRESENTATION_ITEM('') );
#9860 = CARTESIAN_POINT('',(-23.,-19.45));
#9861 = CARTESIAN_POINT('',(-23.,-19.10358983848));
#9862 = CARTESIAN_POINT('',(-22.7,-19.27679491924));
#9863 = CARTESIAN_POINT('',(-22.4,-19.45));
#9864 = CARTESIAN_POINT('',(-22.7,-19.62320508075));
#9865 = CARTESIAN_POINT('',(-23.,-19.79641016151));
#9866 = CARTESIAN_POINT('',(-23.,-19.45));
#9867 = ( GEOMETRIC_REPRESENTATION_CONTEXT(2) 
PARAMETRIC_REPRESENTATION_CONTEXT() REPRESENTATION_CONTEXT('2D SPACE',''
  ) );
#9868 = PCURVE('',#3636,#9869);
#9869 = DEFINITIONAL_REPRESENTATION('',(#9870),#9874);
#9870 = LINE('',#9871,#9872);
#9871 = CARTESIAN_POINT('',(0.,1.61));
#9872 = VECTOR('',#9873,1.);
#9873 = DIRECTION('',(1.,0.));
#9874 = ( GEOMETRIC_REPRESENTATION_CONTEXT(2) 
PARAMETRIC_REPRESENTATION_CONTEXT() REPRESENTATION_CONTEXT('2D SPACE',''
  ) );
#9875 = FACE_BOUND('',#9876,.F.);
#9876 = EDGE_LOOP('',(#9877));
#9877 = ORIENTED_EDGE('',*,*,#9878,.T.);
#9878 = EDGE_CURVE('',#9879,#9879,#9881,.T.);
#9879 = VERTEX_POINT('',#9880);
#9880 = CARTESIAN_POINT('',(151.833274,-123.966726,1.6));
#9881 = SURFACE_CURVE('',#9882,(#9887,#9898),.PCURVE_S1.);
#9882 = CIRCLE('',#9883,0.2);
#9883 = AXIS2_PLACEMENT_3D('',#9884,#9885,#9886);
#9884 = CARTESIAN_POINT('',(151.633274,-123.966726,1.6));
#9885 = DIRECTION('',(0.,0.,1.));
#9886 = DIRECTION('',(1.,0.,-0.));
#9887 = PCURVE('',#90,#9888);
#9888 = DEFINITIONAL_REPRESENTATION('',(#9889),#9897);
#9889 = ( BOUNDED_CURVE() B_SPLINE_CURVE(2,(#9890,#9891,#9892,#9893,
#9894,#9895,#9896),.UNSPECIFIED.,.T.,.F.) B_SPLINE_CURVE_WITH_KNOTS((1,2
    ,2,2,2,1),(-2.094395102393,0.,2.094395102393,4.188790204786,
6.28318530718,8.377580409573),.UNSPECIFIED.) CURVE() 
GEOMETRIC_REPRESENTATION_ITEM() RATIONAL_B_SPLINE_CURVE((1.,0.5,1.,0.5,
1.,0.5,1.)) REPRESENTATION_ITEM('') );
#9890 = CARTESIAN_POINT('',(-21.833274,-18.966726));
#9891 = CARTESIAN_POINT('',(-21.833274,-18.62031583848));
#9892 = CARTESIAN_POINT('',(-21.533274,-18.79352091924));
#9893 = CARTESIAN_POINT('',(-21.233274,-18.966726));
#9894 = CARTESIAN_POINT('',(-21.533274,-19.13993108075));
#9895 = CARTESIAN_POINT('',(-21.833274,-19.31313616151));
#9896 = CARTESIAN_POINT('',(-21.833274,-18.966726));
#9897 = ( GEOMETRIC_REPRESENTATION_CONTEXT(2) 
PARAMETRIC_REPRESENTATION_CONTEXT() REPRESENTATION_CONTEXT('2D SPACE',''
  ) );
#9898 = PCURVE('',#3671,#9899);
#9899 = DEFINITIONAL_REPRESENTATION('',(#9900),#9904);
#9900 = LINE('',#9901,#9902);
#9901 = CARTESIAN_POINT('',(0.,1.61));
#9902 = VECTOR('',#9903,1.);
#9903 = DIRECTION('',(1.,0.));
#9904 = ( GEOMETRIC_REPRESENTATION_CONTEXT(2) 
PARAMETRIC_REPRESENTATION_CONTEXT() REPRESENTATION_CONTEXT('2D SPACE',''
  ) );
#9905 = FACE_BOUND('',#9906,.F.);
#9906 = EDGE_LOOP('',(#9907));
#9907 = ORIENTED_EDGE('',*,*,#9908,.T.);
#9908 = EDGE_CURVE('',#9909,#9909,#9911,.T.);
#9909 = VERTEX_POINT('',#9910);
#9910 = CARTESIAN_POINT('',(154.65,-122.8,1.6));
#9911 = SURFACE_CURVE('',#9912,(#9917,#9928),.PCURVE_S1.);
#9912 = CIRCLE('',#9913,0.2);
#9913 = AXIS2_PLACEMENT_3D('',#9914,#9915,#9916);
#9914 = CARTESIAN_POINT('',(154.45,-122.8,1.6));
#9915 = DIRECTION('',(0.,0.,1.));
#9916 = DIRECTION('',(1.,0.,-0.));
#9917 = PCURVE('',#90,#9918);
#9918 = DEFINITIONAL_REPRESENTATION('',(#9919),#9927);
#9919 = ( BOUNDED_CURVE() B_SPLINE_CURVE(2,(#9920,#9921,#9922,#9923,
#9924,#9925,#9926),.UNSPECIFIED.,.T.,.F.) B_SPLINE_CURVE_WITH_KNOTS((1,2
    ,2,2,2,1),(-2.094395102393,0.,2.094395102393,4.188790204786,
6.28318530718,8.377580409573),.UNSPECIFIED.) CURVE() 
GEOMETRIC_REPRESENTATION_ITEM() RATIONAL_B_SPLINE_CURVE((1.,0.5,1.,0.5,
1.,0.5,1.)) REPRESENTATION_ITEM('') );
#9920 = CARTESIAN_POINT('',(-24.65,-17.8));
#9921 = CARTESIAN_POINT('',(-24.65,-17.45358983848));
#9922 = CARTESIAN_POINT('',(-24.35,-17.62679491924));
#9923 = CARTESIAN_POINT('',(-24.05,-17.8));
#9924 = CARTESIAN_POINT('',(-24.35,-17.97320508075));
#9925 = CARTESIAN_POINT('',(-24.65,-18.14641016151));
#9926 = CARTESIAN_POINT('',(-24.65,-17.8));
#9927 = ( GEOMETRIC_REPRESENTATION_CONTEXT(2) 
PARAMETRIC_REPRESENTATION_CONTEXT() REPRESENTATION_CONTEXT('2D SPACE',''
  ) );
#9928 = PCURVE('',#3706,#9929);
#9929 = DEFINITIONAL_REPRESENTATION('',(#9930),#9934);
#9930 = LINE('',#9931,#9932);
#9931 = CARTESIAN_POINT('',(0.,1.61));
#9932 = VECTOR('',#9933,1.);
#9933 = DIRECTION('',(1.,0.));
#9934 = ( GEOMETRIC_REPRESENTATION_CONTEXT(2) 
PARAMETRIC_REPRESENTATION_CONTEXT() REPRESENTATION_CONTEXT('2D SPACE',''
  ) );
#9935 = FACE_BOUND('',#9936,.F.);
#9936 = EDGE_LOOP('',(#9937));
#9937 = ORIENTED_EDGE('',*,*,#9938,.T.);
#9938 = EDGE_CURVE('',#9939,#9939,#9941,.T.);
#9939 = VERTEX_POINT('',#9940);
#9940 = CARTESIAN_POINT('',(153.9,-122.8,1.6));
#9941 = SURFACE_CURVE('',#9942,(#9947,#9958),.PCURVE_S1.);
#9942 = CIRCLE('',#9943,1.1);
#9943 = AXIS2_PLACEMENT_3D('',#9944,#9945,#9946);
#9944 = CARTESIAN_POINT('',(152.8,-122.8,1.6));
#9945 = DIRECTION('',(0.,0.,1.));
#9946 = DIRECTION('',(1.,0.,-0.));
#9947 = PCURVE('',#90,#9948);
#9948 = DEFINITIONAL_REPRESENTATION('',(#9949),#9957);
#9949 = ( BOUNDED_CURVE() B_SPLINE_CURVE(2,(#9950,#9951,#9952,#9953,
#9954,#9955,#9956),.UNSPECIFIED.,.T.,.F.) B_SPLINE_CURVE_WITH_KNOTS((1,2
    ,2,2,2,1),(-2.094395102393,0.,2.094395102393,4.188790204786,
6.28318530718,8.377580409573),.UNSPECIFIED.) CURVE() 
GEOMETRIC_REPRESENTATION_ITEM() RATIONAL_B_SPLINE_CURVE((1.,0.5,1.,0.5,
1.,0.5,1.)) REPRESENTATION_ITEM('') );
#9950 = CARTESIAN_POINT('',(-23.9,-17.8));
#9951 = CARTESIAN_POINT('',(-23.9,-15.89474411167));
#9952 = CARTESIAN_POINT('',(-22.25,-16.84737205583));
#9953 = CARTESIAN_POINT('',(-20.6,-17.8));
#9954 = CARTESIAN_POINT('',(-22.25,-18.75262794416));
#9955 = CARTESIAN_POINT('',(-23.9,-19.70525588832));
#9956 = CARTESIAN_POINT('',(-23.9,-17.8));
#9957 = ( GEOMETRIC_REPRESENTATION_CONTEXT(2) 
PARAMETRIC_REPRESENTATION_CONTEXT() REPRESENTATION_CONTEXT('2D SPACE',''
  ) );
#9958 = PCURVE('',#3741,#9959);
#9959 = DEFINITIONAL_REPRESENTATION('',(#9960),#9964);
#9960 = LINE('',#9961,#9962);
#9961 = CARTESIAN_POINT('',(0.,1.61));
#9962 = VECTOR('',#9963,1.);
#9963 = DIRECTION('',(1.,0.));
#9964 = ( GEOMETRIC_REPRESENTATION_CONTEXT(2) 
PARAMETRIC_REPRESENTATION_CONTEXT() REPRESENTATION_CONTEXT('2D SPACE',''
  ) );
#9965 = FACE_BOUND('',#9966,.F.);
#9966 = EDGE_LOOP('',(#9967));
#9967 = ORIENTED_EDGE('',*,*,#9968,.T.);
#9968 = EDGE_CURVE('',#9969,#9969,#9971,.T.);
#9969 = VERTEX_POINT('',#9970);
#9970 = CARTESIAN_POINT('',(151.35,-122.8,1.6));
#9971 = SURFACE_CURVE('',#9972,(#9977,#9988),.PCURVE_S1.);
#9972 = CIRCLE('',#9973,0.2);
#9973 = AXIS2_PLACEMENT_3D('',#9974,#9975,#9976);
#9974 = CARTESIAN_POINT('',(151.15,-122.8,1.6));
#9975 = DIRECTION('',(0.,0.,1.));
#9976 = DIRECTION('',(1.,0.,-0.));
#9977 = PCURVE('',#90,#9978);
#9978 = DEFINITIONAL_REPRESENTATION('',(#9979),#9987);
#9979 = ( BOUNDED_CURVE() B_SPLINE_CURVE(2,(#9980,#9981,#9982,#9983,
#9984,#9985,#9986),.UNSPECIFIED.,.T.,.F.) B_SPLINE_CURVE_WITH_KNOTS((1,2
    ,2,2,2,1),(-2.094395102393,0.,2.094395102393,4.188790204786,
6.28318530718,8.377580409573),.UNSPECIFIED.) CURVE() 
GEOMETRIC_REPRESENTATION_ITEM() RATIONAL_B_SPLINE_CURVE((1.,0.5,1.,0.5,
1.,0.5,1.)) REPRESENTATION_ITEM('') );
#9980 = CARTESIAN_POINT('',(-21.35,-17.8));
#9981 = CARTESIAN_POINT('',(-21.35,-17.45358983848));
#9982 = CARTESIAN_POINT('',(-21.05,-17.62679491924));
#9983 = CARTESIAN_POINT('',(-20.75,-17.8));
#9984 = CARTESIAN_POINT('',(-21.05,-17.97320508075));
#9985 = CARTESIAN_POINT('',(-21.35,-18.14641016151));
#9986 = CARTESIAN_POINT('',(-21.35,-17.8));
#9987 = ( GEOMETRIC_REPRESENTATION_CONTEXT(2) 
PARAMETRIC_REPRESENTATION_CONTEXT() REPRESENTATION_CONTEXT('2D SPACE',''
  ) );
#9988 = PCURVE('',#3776,#9989);
#9989 = DEFINITIONAL_REPRESENTATION('',(#9990),#9994);
#9990 = LINE('',#9991,#9992);
#9991 = CARTESIAN_POINT('',(0.,1.61));
#9992 = VECTOR('',#9993,1.);
#9993 = DIRECTION('',(1.,0.));
#9994 = ( GEOMETRIC_REPRESENTATION_CONTEXT(2) 
PARAMETRIC_REPRESENTATION_CONTEXT() REPRESENTATION_CONTEXT('2D SPACE',''
  ) );
#9995 = FACE_BOUND('',#9996,.F.);
#9996 = EDGE_LOOP('',(#9997));
#9997 = ORIENTED_EDGE('',*,*,#9998,.T.);
#9998 = EDGE_CURVE('',#9999,#9999,#10001,.T.);
#9999 = VERTEX_POINT('',#10000);
#10000 = CARTESIAN_POINT('',(154.166726,-121.633274,1.6));
#10001 = SURFACE_CURVE('',#10002,(#10007,#10018),.PCURVE_S1.);
#10002 = CIRCLE('',#10003,0.2);
#10003 = AXIS2_PLACEMENT_3D('',#10004,#10005,#10006);
#10004 = CARTESIAN_POINT('',(153.966726,-121.633274,1.6));
#10005 = DIRECTION('',(0.,0.,1.));
#10006 = DIRECTION('',(1.,0.,-0.));
#10007 = PCURVE('',#90,#10008);
#10008 = DEFINITIONAL_REPRESENTATION('',(#10009),#10017);
#10009 = ( BOUNDED_CURVE() B_SPLINE_CURVE(2,(#10010,#10011,#10012,#10013
    ,#10014,#10015,#10016),.UNSPECIFIED.,.T.,.F.) 
B_SPLINE_CURVE_WITH_KNOTS((1,2,2,2,2,1),(-2.094395102393,0.,
    2.094395102393,4.188790204786,6.28318530718,8.377580409573),
.UNSPECIFIED.) CURVE() GEOMETRIC_REPRESENTATION_ITEM() 
RATIONAL_B_SPLINE_CURVE((1.,0.5,1.,0.5,1.,0.5,1.)) REPRESENTATION_ITEM(
  '') );
#10010 = CARTESIAN_POINT('',(-24.166726,-16.633274));
#10011 = CARTESIAN_POINT('',(-24.166726,-16.28686383848));
#10012 = CARTESIAN_POINT('',(-23.866726,-16.46006891924));
#10013 = CARTESIAN_POINT('',(-23.566726,-16.633274));
#10014 = CARTESIAN_POINT('',(-23.866726,-16.80647908075));
#10015 = CARTESIAN_POINT('',(-24.166726,-16.97968416151));
#10016 = CARTESIAN_POINT('',(-24.166726,-16.633274));
#10017 = ( GEOMETRIC_REPRESENTATION_CONTEXT(2) 
PARAMETRIC_REPRESENTATION_CONTEXT() REPRESENTATION_CONTEXT('2D SPACE',''
  ) );
#10018 = PCURVE('',#3811,#10019);
#10019 = DEFINITIONAL_REPRESENTATION('',(#10020),#10024);
#10020 = LINE('',#10021,#10022);
#10021 = CARTESIAN_POINT('',(0.,1.61));
#10022 = VECTOR('',#10023,1.);
#10023 = DIRECTION('',(1.,0.));
#10024 = ( GEOMETRIC_REPRESENTATION_CONTEXT(2) 
PARAMETRIC_REPRESENTATION_CONTEXT() REPRESENTATION_CONTEXT('2D SPACE',''
  ) );
#10025 = FACE_BOUND('',#10026,.F.);
#10026 = EDGE_LOOP('',(#10027));
#10027 = ORIENTED_EDGE('',*,*,#10028,.T.);
#10028 = EDGE_CURVE('',#10029,#10029,#10031,.T.);
#10029 = VERTEX_POINT('',#10030);
#10030 = CARTESIAN_POINT('',(153.,-121.15,1.6));
#10031 = SURFACE_CURVE('',#10032,(#10037,#10048),.PCURVE_S1.);
#10032 = CIRCLE('',#10033,0.2);
#10033 = AXIS2_PLACEMENT_3D('',#10034,#10035,#10036);
#10034 = CARTESIAN_POINT('',(152.8,-121.15,1.6));
#10035 = DIRECTION('',(0.,0.,1.));
#10036 = DIRECTION('',(1.,0.,-0.));
#10037 = PCURVE('',#90,#10038);
#10038 = DEFINITIONAL_REPRESENTATION('',(#10039),#10047);
#10039 = ( BOUNDED_CURVE() B_SPLINE_CURVE(2,(#10040,#10041,#10042,#10043
    ,#10044,#10045,#10046),.UNSPECIFIED.,.T.,.F.) 
B_SPLINE_CURVE_WITH_KNOTS((1,2,2,2,2,1),(-2.094395102393,0.,
    2.094395102393,4.188790204786,6.28318530718,8.377580409573),
.UNSPECIFIED.) CURVE() GEOMETRIC_REPRESENTATION_ITEM() 
RATIONAL_B_SPLINE_CURVE((1.,0.5,1.,0.5,1.,0.5,1.)) REPRESENTATION_ITEM(
  '') );
#10040 = CARTESIAN_POINT('',(-23.,-16.15));
#10041 = CARTESIAN_POINT('',(-23.,-15.80358983848));
#10042 = CARTESIAN_POINT('',(-22.7,-15.97679491924));
#10043 = CARTESIAN_POINT('',(-22.4,-16.15));
#10044 = CARTESIAN_POINT('',(-22.7,-16.32320508075));
#10045 = CARTESIAN_POINT('',(-23.,-16.49641016151));
#10046 = CARTESIAN_POINT('',(-23.,-16.15));
#10047 = ( GEOMETRIC_REPRESENTATION_CONTEXT(2) 
PARAMETRIC_REPRESENTATION_CONTEXT() REPRESENTATION_CONTEXT('2D SPACE',''
  ) );
#10048 = PCURVE('',#3846,#10049);
#10049 = DEFINITIONAL_REPRESENTATION('',(#10050),#10054);
#10050 = LINE('',#10051,#10052);
#10051 = CARTESIAN_POINT('',(0.,1.61));
#10052 = VECTOR('',#10053,1.);
#10053 = DIRECTION('',(1.,0.));
#10054 = ( GEOMETRIC_REPRESENTATION_CONTEXT(2) 
PARAMETRIC_REPRESENTATION_CONTEXT() REPRESENTATION_CONTEXT('2D SPACE',''
  ) );
#10055 = FACE_BOUND('',#10056,.F.);
#10056 = EDGE_LOOP('',(#10057));
#10057 = ORIENTED_EDGE('',*,*,#10058,.T.);
#10058 = EDGE_CURVE('',#10059,#10059,#10061,.T.);
#10059 = VERTEX_POINT('',#10060);
#10060 = CARTESIAN_POINT('',(151.833274,-121.633274,1.6));
#10061 = SURFACE_CURVE('',#10062,(#10067,#10078),.PCURVE_S1.);
#10062 = CIRCLE('',#10063,0.2);
#10063 = AXIS2_PLACEMENT_3D('',#10064,#10065,#10066);
#10064 = CARTESIAN_POINT('',(151.633274,-121.633274,1.6));
#10065 = DIRECTION('',(0.,0.,1.));
#10066 = DIRECTION('',(1.,0.,-0.));
#10067 = PCURVE('',#90,#10068);
#10068 = DEFINITIONAL_REPRESENTATION('',(#10069),#10077);
#10069 = ( BOUNDED_CURVE() B_SPLINE_CURVE(2,(#10070,#10071,#10072,#10073
    ,#10074,#10075,#10076),.UNSPECIFIED.,.T.,.F.) 
B_SPLINE_CURVE_WITH_KNOTS((1,2,2,2,2,1),(-2.094395102393,0.,
    2.094395102393,4.188790204786,6.28318530718,8.377580409573),
.UNSPECIFIED.) CURVE() GEOMETRIC_REPRESENTATION_ITEM() 
RATIONAL_B_SPLINE_CURVE((1.,0.5,1.,0.5,1.,0.5,1.)) REPRESENTATION_ITEM(
  '') );
#10070 = CARTESIAN_POINT('',(-21.833274,-16.633274));
#10071 = CARTESIAN_POINT('',(-21.833274,-16.28686383848));
#10072 = CARTESIAN_POINT('',(-21.533274,-16.46006891924));
#10073 = CARTESIAN_POINT('',(-21.233274,-16.633274));
#10074 = CARTESIAN_POINT('',(-21.533274,-16.80647908075));
#10075 = CARTESIAN_POINT('',(-21.833274,-16.97968416151));
#10076 = CARTESIAN_POINT('',(-21.833274,-16.633274));
#10077 = ( GEOMETRIC_REPRESENTATION_CONTEXT(2) 
PARAMETRIC_REPRESENTATION_CONTEXT() REPRESENTATION_CONTEXT('2D SPACE',''
  ) );
#10078 = PCURVE('',#3881,#10079);
#10079 = DEFINITIONAL_REPRESENTATION('',(#10080),#10084);
#10080 = LINE('',#10081,#10082);
#10081 = CARTESIAN_POINT('',(0.,1.61));
#10082 = VECTOR('',#10083,1.);
#10083 = DIRECTION('',(1.,0.));
#10084 = ( GEOMETRIC_REPRESENTATION_CONTEXT(2) 
PARAMETRIC_REPRESENTATION_CONTEXT() REPRESENTATION_CONTEXT('2D SPACE',''
  ) );
#10085 = FACE_BOUND('',#10086,.F.);
#10086 = EDGE_LOOP('',(#10087));
#10087 = ORIENTED_EDGE('',*,*,#10088,.T.);
#10088 = EDGE_CURVE('',#10089,#10089,#10091,.T.);
#10089 = VERTEX_POINT('',#10090);
#10090 = CARTESIAN_POINT('',(133.65,-122.05,1.6));
#10091 = SURFACE_CURVE('',#10092,(#10097,#10108),.PCURVE_S1.);
#10092 = CIRCLE('',#10093,0.1);
#10093 = AXIS2_PLACEMENT_3D('',#10094,#10095,#10096);
#10094 = CARTESIAN_POINT('',(133.55,-122.05,1.6));
#10095 = DIRECTION('',(0.,0.,1.));
#10096 = DIRECTION('',(1.,0.,-0.));
#10097 = PCURVE('',#90,#10098);
#10098 = DEFINITIONAL_REPRESENTATION('',(#10099),#10107);
#10099 = ( BOUNDED_CURVE() B_SPLINE_CURVE(2,(#10100,#10101,#10102,#10103
    ,#10104,#10105,#10106),.UNSPECIFIED.,.T.,.F.) 
B_SPLINE_CURVE_WITH_KNOTS((1,2,2,2,2,1),(-2.094395102393,0.,
    2.094395102393,4.188790204786,6.28318530718,8.377580409573),
.UNSPECIFIED.) CURVE() GEOMETRIC_REPRESENTATION_ITEM() 
RATIONAL_B_SPLINE_CURVE((1.,0.5,1.,0.5,1.,0.5,1.)) REPRESENTATION_ITEM(
  '') );
#10100 = CARTESIAN_POINT('',(-3.65,-17.05));
#10101 = CARTESIAN_POINT('',(-3.65,-16.87679491924));
#10102 = CARTESIAN_POINT('',(-3.5,-16.96339745962));
#10103 = CARTESIAN_POINT('',(-3.35,-17.05));
#10104 = CARTESIAN_POINT('',(-3.5,-17.13660254037));
#10105 = CARTESIAN_POINT('',(-3.65,-17.22320508075));
#10106 = CARTESIAN_POINT('',(-3.65,-17.05));
#10107 = ( GEOMETRIC_REPRESENTATION_CONTEXT(2) 
PARAMETRIC_REPRESENTATION_CONTEXT() REPRESENTATION_CONTEXT('2D SPACE',''
  ) );
#10108 = PCURVE('',#3916,#10109);
#10109 = DEFINITIONAL_REPRESENTATION('',(#10110),#10114);
#10110 = LINE('',#10111,#10112);
#10111 = CARTESIAN_POINT('',(0.,1.61));
#10112 = VECTOR('',#10113,1.);
#10113 = DIRECTION('',(1.,0.));
#10114 = ( GEOMETRIC_REPRESENTATION_CONTEXT(2) 
PARAMETRIC_REPRESENTATION_CONTEXT() REPRESENTATION_CONTEXT('2D SPACE',''
  ) );
#10115 = FACE_BOUND('',#10116,.F.);
#10116 = EDGE_LOOP('',(#10117));
#10117 = ORIENTED_EDGE('',*,*,#10118,.T.);
#10118 = EDGE_CURVE('',#10119,#10119,#10121,.T.);
#10119 = VERTEX_POINT('',#10120);
#10120 = CARTESIAN_POINT('',(133.65,-120.95,1.6));
#10121 = SURFACE_CURVE('',#10122,(#10127,#10138),.PCURVE_S1.);
#10122 = CIRCLE('',#10123,0.1);
#10123 = AXIS2_PLACEMENT_3D('',#10124,#10125,#10126);
#10124 = CARTESIAN_POINT('',(133.55,-120.95,1.6));
#10125 = DIRECTION('',(0.,0.,1.));
#10126 = DIRECTION('',(1.,0.,-0.));
#10127 = PCURVE('',#90,#10128);
#10128 = DEFINITIONAL_REPRESENTATION('',(#10129),#10137);
#10129 = ( BOUNDED_CURVE() B_SPLINE_CURVE(2,(#10130,#10131,#10132,#10133
    ,#10134,#10135,#10136),.UNSPECIFIED.,.T.,.F.) 
B_SPLINE_CURVE_WITH_KNOTS((1,2,2,2,2,1),(-2.094395102393,0.,
    2.094395102393,4.188790204786,6.28318530718,8.377580409573),
.UNSPECIFIED.) CURVE() GEOMETRIC_REPRESENTATION_ITEM() 
RATIONAL_B_SPLINE_CURVE((1.,0.5,1.,0.5,1.,0.5,1.)) REPRESENTATION_ITEM(
  '') );
#10130 = CARTESIAN_POINT('',(-3.65,-15.95));
#10131 = CARTESIAN_POINT('',(-3.65,-15.77679491924));
#10132 = CARTESIAN_POINT('',(-3.5,-15.86339745962));
#10133 = CARTESIAN_POINT('',(-3.35,-15.95));
#10134 = CARTESIAN_POINT('',(-3.5,-16.03660254037));
#10135 = CARTESIAN_POINT('',(-3.65,-16.12320508075));
#10136 = CARTESIAN_POINT('',(-3.65,-15.95));
#10137 = ( GEOMETRIC_REPRESENTATION_CONTEXT(2) 
PARAMETRIC_REPRESENTATION_CONTEXT() REPRESENTATION_CONTEXT('2D SPACE',''
  ) );
#10138 = PCURVE('',#3951,#10139);
#10139 = DEFINITIONAL_REPRESENTATION('',(#10140),#10144);
#10140 = LINE('',#10141,#10142);
#10141 = CARTESIAN_POINT('',(0.,1.61));
#10142 = VECTOR('',#10143,1.);
#10143 = DIRECTION('',(1.,0.));
#10144 = ( GEOMETRIC_REPRESENTATION_CONTEXT(2) 
PARAMETRIC_REPRESENTATION_CONTEXT() REPRESENTATION_CONTEXT('2D SPACE',''
  ) );
#10145 = FACE_BOUND('',#10146,.F.);
#10146 = EDGE_LOOP('',(#10147));
#10147 = ORIENTED_EDGE('',*,*,#10148,.T.);
#10148 = EDGE_CURVE('',#10149,#10149,#10151,.T.);
#10149 = VERTEX_POINT('',#10150);
#10150 = CARTESIAN_POINT('',(132.55,-122.05,1.6));
#10151 = SURFACE_CURVE('',#10152,(#10157,#10168),.PCURVE_S1.);
#10152 = CIRCLE('',#10153,0.1);
#10153 = AXIS2_PLACEMENT_3D('',#10154,#10155,#10156);
#10154 = CARTESIAN_POINT('',(132.45,-122.05,1.6));
#10155 = DIRECTION('',(0.,0.,1.));
#10156 = DIRECTION('',(1.,0.,-0.));
#10157 = PCURVE('',#90,#10158);
#10158 = DEFINITIONAL_REPRESENTATION('',(#10159),#10167);
#10159 = ( BOUNDED_CURVE() B_SPLINE_CURVE(2,(#10160,#10161,#10162,#10163
    ,#10164,#10165,#10166),.UNSPECIFIED.,.T.,.F.) 
B_SPLINE_CURVE_WITH_KNOTS((1,2,2,2,2,1),(-2.094395102393,0.,
    2.094395102393,4.188790204786,6.28318530718,8.377580409573),
.UNSPECIFIED.) CURVE() GEOMETRIC_REPRESENTATION_ITEM() 
RATIONAL_B_SPLINE_CURVE((1.,0.5,1.,0.5,1.,0.5,1.)) REPRESENTATION_ITEM(
  '') );
#10160 = CARTESIAN_POINT('',(-2.55,-17.05));
#10161 = CARTESIAN_POINT('',(-2.55,-16.87679491924));
#10162 = CARTESIAN_POINT('',(-2.4,-16.96339745962));
#10163 = CARTESIAN_POINT('',(-2.25,-17.05));
#10164 = CARTESIAN_POINT('',(-2.4,-17.13660254037));
#10165 = CARTESIAN_POINT('',(-2.55,-17.22320508075));
#10166 = CARTESIAN_POINT('',(-2.55,-17.05));
#10167 = ( GEOMETRIC_REPRESENTATION_CONTEXT(2) 
PARAMETRIC_REPRESENTATION_CONTEXT() REPRESENTATION_CONTEXT('2D SPACE',''
  ) );
#10168 = PCURVE('',#3986,#10169);
#10169 = DEFINITIONAL_REPRESENTATION('',(#10170),#10174);
#10170 = LINE('',#10171,#10172);
#10171 = CARTESIAN_POINT('',(0.,1.61));
#10172 = VECTOR('',#10173,1.);
#10173 = DIRECTION('',(1.,0.));
#10174 = ( GEOMETRIC_REPRESENTATION_CONTEXT(2) 
PARAMETRIC_REPRESENTATION_CONTEXT() REPRESENTATION_CONTEXT('2D SPACE',''
  ) );
#10175 = FACE_BOUND('',#10176,.F.);
#10176 = EDGE_LOOP('',(#10177));
#10177 = ORIENTED_EDGE('',*,*,#10178,.T.);
#10178 = EDGE_CURVE('',#10179,#10179,#10181,.T.);
#10179 = VERTEX_POINT('',#10180);
#10180 = CARTESIAN_POINT('',(132.55,-120.95,1.6));
#10181 = SURFACE_CURVE('',#10182,(#10187,#10198),.PCURVE_S1.);
#10182 = CIRCLE('',#10183,0.1);
#10183 = AXIS2_PLACEMENT_3D('',#10184,#10185,#10186);
#10184 = CARTESIAN_POINT('',(132.45,-120.95,1.6));
#10185 = DIRECTION('',(0.,0.,1.));
#10186 = DIRECTION('',(1.,0.,-0.));
#10187 = PCURVE('',#90,#10188);
#10188 = DEFINITIONAL_REPRESENTATION('',(#10189),#10197);
#10189 = ( BOUNDED_CURVE() B_SPLINE_CURVE(2,(#10190,#10191,#10192,#10193
    ,#10194,#10195,#10196),.UNSPECIFIED.,.T.,.F.) 
B_SPLINE_CURVE_WITH_KNOTS((1,2,2,2,2,1),(-2.094395102393,0.,
    2.094395102393,4.188790204786,6.28318530718,8.377580409573),
.UNSPECIFIED.) CURVE() GEOMETRIC_REPRESENTATION_ITEM() 
RATIONAL_B_SPLINE_CURVE((1.,0.5,1.,0.5,1.,0.5,1.)) REPRESENTATION_ITEM(
  '') );
#10190 = CARTESIAN_POINT('',(-2.55,-15.95));
#10191 = CARTESIAN_POINT('',(-2.55,-15.77679491924));
#10192 = CARTESIAN_POINT('',(-2.4,-15.86339745962));
#10193 = CARTESIAN_POINT('',(-2.25,-15.95));
#10194 = CARTESIAN_POINT('',(-2.4,-16.03660254037));
#10195 = CARTESIAN_POINT('',(-2.55,-16.12320508075));
#10196 = CARTESIAN_POINT('',(-2.55,-15.95));
#10197 = ( GEOMETRIC_REPRESENTATION_CONTEXT(2) 
PARAMETRIC_REPRESENTATION_CONTEXT() REPRESENTATION_CONTEXT('2D SPACE',''
  ) );
#10198 = PCURVE('',#4021,#10199);
#10199 = DEFINITIONAL_REPRESENTATION('',(#10200),#10204);
#10200 = LINE('',#10201,#10202);
#10201 = CARTESIAN_POINT('',(0.,1.61));
#10202 = VECTOR('',#10203,1.);
#10203 = DIRECTION('',(1.,0.));
#10204 = ( GEOMETRIC_REPRESENTATION_CONTEXT(2) 
PARAMETRIC_REPRESENTATION_CONTEXT() REPRESENTATION_CONTEXT('2D SPACE',''
  ) );
#10205 = FACE_BOUND('',#10206,.F.);
#10206 = EDGE_LOOP('',(#10207));
#10207 = ORIENTED_EDGE('',*,*,#10208,.T.);
#10208 = EDGE_CURVE('',#10209,#10209,#10211,.T.);
#10209 = VERTEX_POINT('',#10210);
#10210 = CARTESIAN_POINT('',(108.65,-123.2,1.6));
#10211 = SURFACE_CURVE('',#10212,(#10217,#10228),.PCURVE_S1.);
#10212 = CIRCLE('',#10213,0.2);
#10213 = AXIS2_PLACEMENT_3D('',#10214,#10215,#10216);
#10214 = CARTESIAN_POINT('',(108.45,-123.2,1.6));
#10215 = DIRECTION('',(0.,0.,1.));
#10216 = DIRECTION('',(1.,0.,-0.));
#10217 = PCURVE('',#90,#10218);
#10218 = DEFINITIONAL_REPRESENTATION('',(#10219),#10227);
#10219 = ( BOUNDED_CURVE() B_SPLINE_CURVE(2,(#10220,#10221,#10222,#10223
    ,#10224,#10225,#10226),.UNSPECIFIED.,.T.,.F.) 
B_SPLINE_CURVE_WITH_KNOTS((1,2,2,2,2,1),(-2.094395102393,0.,
    2.094395102393,4.188790204786,6.28318530718,8.377580409573),
.UNSPECIFIED.) CURVE() GEOMETRIC_REPRESENTATION_ITEM() 
RATIONAL_B_SPLINE_CURVE((1.,0.5,1.,0.5,1.,0.5,1.)) REPRESENTATION_ITEM(
  '') );
#10220 = CARTESIAN_POINT('',(21.35,-18.2));
#10221 = CARTESIAN_POINT('',(21.35,-17.85358983848));
#10222 = CARTESIAN_POINT('',(21.65,-18.02679491924));
#10223 = CARTESIAN_POINT('',(21.95,-18.2));
#10224 = CARTESIAN_POINT('',(21.65,-18.37320508075));
#10225 = CARTESIAN_POINT('',(21.35,-18.54641016151));
#10226 = CARTESIAN_POINT('',(21.35,-18.2));
#10227 = ( GEOMETRIC_REPRESENTATION_CONTEXT(2) 
PARAMETRIC_REPRESENTATION_CONTEXT() REPRESENTATION_CONTEXT('2D SPACE',''
  ) );
#10228 = PCURVE('',#4056,#10229);
#10229 = DEFINITIONAL_REPRESENTATION('',(#10230),#10234);
#10230 = LINE('',#10231,#10232);
#10231 = CARTESIAN_POINT('',(0.,1.61));
#10232 = VECTOR('',#10233,1.);
#10233 = DIRECTION('',(1.,0.));
#10234 = ( GEOMETRIC_REPRESENTATION_CONTEXT(2) 
PARAMETRIC_REPRESENTATION_CONTEXT() REPRESENTATION_CONTEXT('2D SPACE',''
  ) );
#10235 = FACE_BOUND('',#10236,.F.);
#10236 = EDGE_LOOP('',(#10237));
#10237 = ORIENTED_EDGE('',*,*,#10238,.T.);
#10238 = EDGE_CURVE('',#10239,#10239,#10241,.T.);
#10239 = VERTEX_POINT('',#10240);
#10240 = CARTESIAN_POINT('',(107.,-124.85,1.6));
#10241 = SURFACE_CURVE('',#10242,(#10247,#10258),.PCURVE_S1.);
#10242 = CIRCLE('',#10243,0.2);
#10243 = AXIS2_PLACEMENT_3D('',#10244,#10245,#10246);
#10244 = CARTESIAN_POINT('',(106.8,-124.85,1.6));
#10245 = DIRECTION('',(0.,0.,1.));
#10246 = DIRECTION('',(1.,0.,-0.));
#10247 = PCURVE('',#90,#10248);
#10248 = DEFINITIONAL_REPRESENTATION('',(#10249),#10257);
#10249 = ( BOUNDED_CURVE() B_SPLINE_CURVE(2,(#10250,#10251,#10252,#10253
    ,#10254,#10255,#10256),.UNSPECIFIED.,.T.,.F.) 
B_SPLINE_CURVE_WITH_KNOTS((1,2,2,2,2,1),(-2.094395102393,0.,
    2.094395102393,4.188790204786,6.28318530718,8.377580409573),
.UNSPECIFIED.) CURVE() GEOMETRIC_REPRESENTATION_ITEM() 
RATIONAL_B_SPLINE_CURVE((1.,0.5,1.,0.5,1.,0.5,1.)) REPRESENTATION_ITEM(
  '') );
#10250 = CARTESIAN_POINT('',(23.,-19.85));
#10251 = CARTESIAN_POINT('',(23.,-19.50358983848));
#10252 = CARTESIAN_POINT('',(23.3,-19.67679491924));
#10253 = CARTESIAN_POINT('',(23.6,-19.85));
#10254 = CARTESIAN_POINT('',(23.3,-20.02320508075));
#10255 = CARTESIAN_POINT('',(23.,-20.19641016151));
#10256 = CARTESIAN_POINT('',(23.,-19.85));
#10257 = ( GEOMETRIC_REPRESENTATION_CONTEXT(2) 
PARAMETRIC_REPRESENTATION_CONTEXT() REPRESENTATION_CONTEXT('2D SPACE',''
  ) );
#10258 = PCURVE('',#4091,#10259);
#10259 = DEFINITIONAL_REPRESENTATION('',(#10260),#10264);
#10260 = LINE('',#10261,#10262);
#10261 = CARTESIAN_POINT('',(0.,1.61));
#10262 = VECTOR('',#10263,1.);
#10263 = DIRECTION('',(1.,0.));
#10264 = ( GEOMETRIC_REPRESENTATION_CONTEXT(2) 
PARAMETRIC_REPRESENTATION_CONTEXT() REPRESENTATION_CONTEXT('2D SPACE',''
  ) );
#10265 = FACE_BOUND('',#10266,.F.);
#10266 = EDGE_LOOP('',(#10267));
#10267 = ORIENTED_EDGE('',*,*,#10268,.T.);
#10268 = EDGE_CURVE('',#10269,#10269,#10271,.T.);
#10269 = VERTEX_POINT('',#10270);
#10270 = CARTESIAN_POINT('',(108.166726,-124.366726,1.6));
#10271 = SURFACE_CURVE('',#10272,(#10277,#10288),.PCURVE_S1.);
#10272 = CIRCLE('',#10273,0.2);
#10273 = AXIS2_PLACEMENT_3D('',#10274,#10275,#10276);
#10274 = CARTESIAN_POINT('',(107.966726,-124.366726,1.6));
#10275 = DIRECTION('',(0.,0.,1.));
#10276 = DIRECTION('',(1.,0.,-0.));
#10277 = PCURVE('',#90,#10278);
#10278 = DEFINITIONAL_REPRESENTATION('',(#10279),#10287);
#10279 = ( BOUNDED_CURVE() B_SPLINE_CURVE(2,(#10280,#10281,#10282,#10283
    ,#10284,#10285,#10286),.UNSPECIFIED.,.T.,.F.) 
B_SPLINE_CURVE_WITH_KNOTS((1,2,2,2,2,1),(-2.094395102393,0.,
    2.094395102393,4.188790204786,6.28318530718,8.377580409573),
.UNSPECIFIED.) CURVE() GEOMETRIC_REPRESENTATION_ITEM() 
RATIONAL_B_SPLINE_CURVE((1.,0.5,1.,0.5,1.,0.5,1.)) REPRESENTATION_ITEM(
  '') );
#10280 = CARTESIAN_POINT('',(21.833274,-19.366726));
#10281 = CARTESIAN_POINT('',(21.833274,-19.02031583848));
#10282 = CARTESIAN_POINT('',(22.133274,-19.19352091924));
#10283 = CARTESIAN_POINT('',(22.433274,-19.366726));
#10284 = CARTESIAN_POINT('',(22.133274,-19.53993108075));
#10285 = CARTESIAN_POINT('',(21.833274,-19.71313616151));
#10286 = CARTESIAN_POINT('',(21.833274,-19.366726));
#10287 = ( GEOMETRIC_REPRESENTATION_CONTEXT(2) 
PARAMETRIC_REPRESENTATION_CONTEXT() REPRESENTATION_CONTEXT('2D SPACE',''
  ) );
#10288 = PCURVE('',#4126,#10289);
#10289 = DEFINITIONAL_REPRESENTATION('',(#10290),#10294);
#10290 = LINE('',#10291,#10292);
#10291 = CARTESIAN_POINT('',(0.,1.61));
#10292 = VECTOR('',#10293,1.);
#10293 = DIRECTION('',(1.,0.));
#10294 = ( GEOMETRIC_REPRESENTATION_CONTEXT(2) 
PARAMETRIC_REPRESENTATION_CONTEXT() REPRESENTATION_CONTEXT('2D SPACE',''
  ) );
#10295 = FACE_BOUND('',#10296,.F.);
#10296 = EDGE_LOOP('',(#10297));
#10297 = ORIENTED_EDGE('',*,*,#10298,.T.);
#10298 = EDGE_CURVE('',#10299,#10299,#10301,.T.);
#10299 = VERTEX_POINT('',#10300);
#10300 = CARTESIAN_POINT('',(105.833274,-124.366726,1.6));
#10301 = SURFACE_CURVE('',#10302,(#10307,#10318),.PCURVE_S1.);
#10302 = CIRCLE('',#10303,0.2);
#10303 = AXIS2_PLACEMENT_3D('',#10304,#10305,#10306);
#10304 = CARTESIAN_POINT('',(105.633274,-124.366726,1.6));
#10305 = DIRECTION('',(0.,0.,1.));
#10306 = DIRECTION('',(1.,0.,-0.));
#10307 = PCURVE('',#90,#10308);
#10308 = DEFINITIONAL_REPRESENTATION('',(#10309),#10317);
#10309 = ( BOUNDED_CURVE() B_SPLINE_CURVE(2,(#10310,#10311,#10312,#10313
    ,#10314,#10315,#10316),.UNSPECIFIED.,.T.,.F.) 
B_SPLINE_CURVE_WITH_KNOTS((1,2,2,2,2,1),(-2.094395102393,0.,
    2.094395102393,4.188790204786,6.28318530718,8.377580409573),
.UNSPECIFIED.) CURVE() GEOMETRIC_REPRESENTATION_ITEM() 
RATIONAL_B_SPLINE_CURVE((1.,0.5,1.,0.5,1.,0.5,1.)) REPRESENTATION_ITEM(
  '') );
#10310 = CARTESIAN_POINT('',(24.166726,-19.366726));
#10311 = CARTESIAN_POINT('',(24.166726,-19.02031583848));
#10312 = CARTESIAN_POINT('',(24.466726,-19.19352091924));
#10313 = CARTESIAN_POINT('',(24.766726,-19.366726));
#10314 = CARTESIAN_POINT('',(24.466726,-19.53993108075));
#10315 = CARTESIAN_POINT('',(24.166726,-19.71313616151));
#10316 = CARTESIAN_POINT('',(24.166726,-19.366726));
#10317 = ( GEOMETRIC_REPRESENTATION_CONTEXT(2) 
PARAMETRIC_REPRESENTATION_CONTEXT() REPRESENTATION_CONTEXT('2D SPACE',''
  ) );
#10318 = PCURVE('',#4161,#10319);
#10319 = DEFINITIONAL_REPRESENTATION('',(#10320),#10324);
#10320 = LINE('',#10321,#10322);
#10321 = CARTESIAN_POINT('',(0.,1.61));
#10322 = VECTOR('',#10323,1.);
#10323 = DIRECTION('',(1.,0.));
#10324 = ( GEOMETRIC_REPRESENTATION_CONTEXT(2) 
PARAMETRIC_REPRESENTATION_CONTEXT() REPRESENTATION_CONTEXT('2D SPACE',''
  ) );
#10325 = FACE_BOUND('',#10326,.F.);
#10326 = EDGE_LOOP('',(#10327));
#10327 = ORIENTED_EDGE('',*,*,#10328,.T.);
#10328 = EDGE_CURVE('',#10329,#10329,#10331,.T.);
#10329 = VERTEX_POINT('',#10330);
#10330 = CARTESIAN_POINT('',(107.9,-123.2,1.6));
#10331 = SURFACE_CURVE('',#10332,(#10337,#10348),.PCURVE_S1.);
#10332 = CIRCLE('',#10333,1.1);
#10333 = AXIS2_PLACEMENT_3D('',#10334,#10335,#10336);
#10334 = CARTESIAN_POINT('',(106.8,-123.2,1.6));
#10335 = DIRECTION('',(0.,0.,1.));
#10336 = DIRECTION('',(1.,0.,-0.));
#10337 = PCURVE('',#90,#10338);
#10338 = DEFINITIONAL_REPRESENTATION('',(#10339),#10347);
#10339 = ( BOUNDED_CURVE() B_SPLINE_CURVE(2,(#10340,#10341,#10342,#10343
    ,#10344,#10345,#10346),.UNSPECIFIED.,.T.,.F.) 
B_SPLINE_CURVE_WITH_KNOTS((1,2,2,2,2,1),(-2.094395102393,0.,
    2.094395102393,4.188790204786,6.28318530718,8.377580409573),
.UNSPECIFIED.) CURVE() GEOMETRIC_REPRESENTATION_ITEM() 
RATIONAL_B_SPLINE_CURVE((1.,0.5,1.,0.5,1.,0.5,1.)) REPRESENTATION_ITEM(
  '') );
#10340 = CARTESIAN_POINT('',(22.1,-18.2));
#10341 = CARTESIAN_POINT('',(22.1,-16.29474411167));
#10342 = CARTESIAN_POINT('',(23.75,-17.24737205583));
#10343 = CARTESIAN_POINT('',(25.4,-18.2));
#10344 = CARTESIAN_POINT('',(23.75,-19.15262794416));
#10345 = CARTESIAN_POINT('',(22.1,-20.10525588832));
#10346 = CARTESIAN_POINT('',(22.1,-18.2));
#10347 = ( GEOMETRIC_REPRESENTATION_CONTEXT(2) 
PARAMETRIC_REPRESENTATION_CONTEXT() REPRESENTATION_CONTEXT('2D SPACE',''
  ) );
#10348 = PCURVE('',#4196,#10349);
#10349 = DEFINITIONAL_REPRESENTATION('',(#10350),#10354);
#10350 = LINE('',#10351,#10352);
#10351 = CARTESIAN_POINT('',(0.,1.61));
#10352 = VECTOR('',#10353,1.);
#10353 = DIRECTION('',(1.,0.));
#10354 = ( GEOMETRIC_REPRESENTATION_CONTEXT(2) 
PARAMETRIC_REPRESENTATION_CONTEXT() REPRESENTATION_CONTEXT('2D SPACE',''
  ) );
#10355 = FACE_BOUND('',#10356,.F.);
#10356 = EDGE_LOOP('',(#10357));
#10357 = ORIENTED_EDGE('',*,*,#10358,.T.);
#10358 = EDGE_CURVE('',#10359,#10359,#10361,.T.);
#10359 = VERTEX_POINT('',#10360);
#10360 = CARTESIAN_POINT('',(105.35,-123.2,1.6));
#10361 = SURFACE_CURVE('',#10362,(#10367,#10378),.PCURVE_S1.);
#10362 = CIRCLE('',#10363,0.2);
#10363 = AXIS2_PLACEMENT_3D('',#10364,#10365,#10366);
#10364 = CARTESIAN_POINT('',(105.15,-123.2,1.6));
#10365 = DIRECTION('',(0.,0.,1.));
#10366 = DIRECTION('',(1.,0.,-0.));
#10367 = PCURVE('',#90,#10368);
#10368 = DEFINITIONAL_REPRESENTATION('',(#10369),#10377);
#10369 = ( BOUNDED_CURVE() B_SPLINE_CURVE(2,(#10370,#10371,#10372,#10373
    ,#10374,#10375,#10376),.UNSPECIFIED.,.T.,.F.) 
B_SPLINE_CURVE_WITH_KNOTS((1,2,2,2,2,1),(-2.094395102393,0.,
    2.094395102393,4.188790204786,6.28318530718,8.377580409573),
.UNSPECIFIED.) CURVE() GEOMETRIC_REPRESENTATION_ITEM() 
RATIONAL_B_SPLINE_CURVE((1.,0.5,1.,0.5,1.,0.5,1.)) REPRESENTATION_ITEM(
  '') );
#10370 = CARTESIAN_POINT('',(24.65,-18.2));
#10371 = CARTESIAN_POINT('',(24.65,-17.85358983848));
#10372 = CARTESIAN_POINT('',(24.95,-18.02679491924));
#10373 = CARTESIAN_POINT('',(25.25,-18.2));
#10374 = CARTESIAN_POINT('',(24.95,-18.37320508075));
#10375 = CARTESIAN_POINT('',(24.65,-18.54641016151));
#10376 = CARTESIAN_POINT('',(24.65,-18.2));
#10377 = ( GEOMETRIC_REPRESENTATION_CONTEXT(2) 
PARAMETRIC_REPRESENTATION_CONTEXT() REPRESENTATION_CONTEXT('2D SPACE',''
  ) );
#10378 = PCURVE('',#4231,#10379);
#10379 = DEFINITIONAL_REPRESENTATION('',(#10380),#10384);
#10380 = LINE('',#10381,#10382);
#10381 = CARTESIAN_POINT('',(0.,1.61));
#10382 = VECTOR('',#10383,1.);
#10383 = DIRECTION('',(1.,0.));
#10384 = ( GEOMETRIC_REPRESENTATION_CONTEXT(2) 
PARAMETRIC_REPRESENTATION_CONTEXT() REPRESENTATION_CONTEXT('2D SPACE',''
  ) );
#10385 = FACE_BOUND('',#10386,.F.);
#10386 = EDGE_LOOP('',(#10387));
#10387 = ORIENTED_EDGE('',*,*,#10388,.T.);
#10388 = EDGE_CURVE('',#10389,#10389,#10391,.T.);
#10389 = VERTEX_POINT('',#10390);
#10390 = CARTESIAN_POINT('',(108.166726,-122.033274,1.6));
#10391 = SURFACE_CURVE('',#10392,(#10397,#10408),.PCURVE_S1.);
#10392 = CIRCLE('',#10393,0.2);
#10393 = AXIS2_PLACEMENT_3D('',#10394,#10395,#10396);
#10394 = CARTESIAN_POINT('',(107.966726,-122.033274,1.6));
#10395 = DIRECTION('',(0.,0.,1.));
#10396 = DIRECTION('',(1.,0.,-0.));
#10397 = PCURVE('',#90,#10398);
#10398 = DEFINITIONAL_REPRESENTATION('',(#10399),#10407);
#10399 = ( BOUNDED_CURVE() B_SPLINE_CURVE(2,(#10400,#10401,#10402,#10403
    ,#10404,#10405,#10406),.UNSPECIFIED.,.T.,.F.) 
B_SPLINE_CURVE_WITH_KNOTS((1,2,2,2,2,1),(-2.094395102393,0.,
    2.094395102393,4.188790204786,6.28318530718,8.377580409573),
.UNSPECIFIED.) CURVE() GEOMETRIC_REPRESENTATION_ITEM() 
RATIONAL_B_SPLINE_CURVE((1.,0.5,1.,0.5,1.,0.5,1.)) REPRESENTATION_ITEM(
  '') );
#10400 = CARTESIAN_POINT('',(21.833274,-17.033274));
#10401 = CARTESIAN_POINT('',(21.833274,-16.68686383848));
#10402 = CARTESIAN_POINT('',(22.133274,-16.86006891924));
#10403 = CARTESIAN_POINT('',(22.433274,-17.033274));
#10404 = CARTESIAN_POINT('',(22.133274,-17.20647908075));
#10405 = CARTESIAN_POINT('',(21.833274,-17.37968416151));
#10406 = CARTESIAN_POINT('',(21.833274,-17.033274));
#10407 = ( GEOMETRIC_REPRESENTATION_CONTEXT(2) 
PARAMETRIC_REPRESENTATION_CONTEXT() REPRESENTATION_CONTEXT('2D SPACE',''
  ) );
#10408 = PCURVE('',#4266,#10409);
#10409 = DEFINITIONAL_REPRESENTATION('',(#10410),#10414);
#10410 = LINE('',#10411,#10412);
#10411 = CARTESIAN_POINT('',(0.,1.61));
#10412 = VECTOR('',#10413,1.);
#10413 = DIRECTION('',(1.,0.));
#10414 = ( GEOMETRIC_REPRESENTATION_CONTEXT(2) 
PARAMETRIC_REPRESENTATION_CONTEXT() REPRESENTATION_CONTEXT('2D SPACE',''
  ) );
#10415 = FACE_BOUND('',#10416,.F.);
#10416 = EDGE_LOOP('',(#10417));
#10417 = ORIENTED_EDGE('',*,*,#10418,.T.);
#10418 = EDGE_CURVE('',#10419,#10419,#10421,.T.);
#10419 = VERTEX_POINT('',#10420);
#10420 = CARTESIAN_POINT('',(107.,-121.55,1.6));
#10421 = SURFACE_CURVE('',#10422,(#10427,#10438),.PCURVE_S1.);
#10422 = CIRCLE('',#10423,0.2);
#10423 = AXIS2_PLACEMENT_3D('',#10424,#10425,#10426);
#10424 = CARTESIAN_POINT('',(106.8,-121.55,1.6));
#10425 = DIRECTION('',(0.,0.,1.));
#10426 = DIRECTION('',(1.,0.,-0.));
#10427 = PCURVE('',#90,#10428);
#10428 = DEFINITIONAL_REPRESENTATION('',(#10429),#10437);
#10429 = ( BOUNDED_CURVE() B_SPLINE_CURVE(2,(#10430,#10431,#10432,#10433
    ,#10434,#10435,#10436),.UNSPECIFIED.,.T.,.F.) 
B_SPLINE_CURVE_WITH_KNOTS((1,2,2,2,2,1),(-2.094395102393,0.,
    2.094395102393,4.188790204786,6.28318530718,8.377580409573),
.UNSPECIFIED.) CURVE() GEOMETRIC_REPRESENTATION_ITEM() 
RATIONAL_B_SPLINE_CURVE((1.,0.5,1.,0.5,1.,0.5,1.)) REPRESENTATION_ITEM(
  '') );
#10430 = CARTESIAN_POINT('',(23.,-16.55));
#10431 = CARTESIAN_POINT('',(23.,-16.20358983848));
#10432 = CARTESIAN_POINT('',(23.3,-16.37679491924));
#10433 = CARTESIAN_POINT('',(23.6,-16.55));
#10434 = CARTESIAN_POINT('',(23.3,-16.72320508075));
#10435 = CARTESIAN_POINT('',(23.,-16.89641016151));
#10436 = CARTESIAN_POINT('',(23.,-16.55));
#10437 = ( GEOMETRIC_REPRESENTATION_CONTEXT(2) 
PARAMETRIC_REPRESENTATION_CONTEXT() REPRESENTATION_CONTEXT('2D SPACE',''
  ) );
#10438 = PCURVE('',#4301,#10439);
#10439 = DEFINITIONAL_REPRESENTATION('',(#10440),#10444);
#10440 = LINE('',#10441,#10442);
#10441 = CARTESIAN_POINT('',(0.,1.61));
#10442 = VECTOR('',#10443,1.);
#10443 = DIRECTION('',(1.,0.));
#10444 = ( GEOMETRIC_REPRESENTATION_CONTEXT(2) 
PARAMETRIC_REPRESENTATION_CONTEXT() REPRESENTATION_CONTEXT('2D SPACE',''
  ) );
#10445 = FACE_BOUND('',#10446,.F.);
#10446 = EDGE_LOOP('',(#10447));
#10447 = ORIENTED_EDGE('',*,*,#10448,.T.);
#10448 = EDGE_CURVE('',#10449,#10449,#10451,.T.);
#10449 = VERTEX_POINT('',#10450);
#10450 = CARTESIAN_POINT('',(105.833274,-122.033274,1.6));
#10451 = SURFACE_CURVE('',#10452,(#10457,#10468),.PCURVE_S1.);
#10452 = CIRCLE('',#10453,0.2);
#10453 = AXIS2_PLACEMENT_3D('',#10454,#10455,#10456);
#10454 = CARTESIAN_POINT('',(105.633274,-122.033274,1.6));
#10455 = DIRECTION('',(0.,0.,1.));
#10456 = DIRECTION('',(1.,0.,-0.));
#10457 = PCURVE('',#90,#10458);
#10458 = DEFINITIONAL_REPRESENTATION('',(#10459),#10467);
#10459 = ( BOUNDED_CURVE() B_SPLINE_CURVE(2,(#10460,#10461,#10462,#10463
    ,#10464,#10465,#10466),.UNSPECIFIED.,.T.,.F.) 
B_SPLINE_CURVE_WITH_KNOTS((1,2,2,2,2,1),(-2.094395102393,0.,
    2.094395102393,4.188790204786,6.28318530718,8.377580409573),
.UNSPECIFIED.) CURVE() GEOMETRIC_REPRESENTATION_ITEM() 
RATIONAL_B_SPLINE_CURVE((1.,0.5,1.,0.5,1.,0.5,1.)) REPRESENTATION_ITEM(
  '') );
#10460 = CARTESIAN_POINT('',(24.166726,-17.033274));
#10461 = CARTESIAN_POINT('',(24.166726,-16.68686383848));
#10462 = CARTESIAN_POINT('',(24.466726,-16.86006891924));
#10463 = CARTESIAN_POINT('',(24.766726,-17.033274));
#10464 = CARTESIAN_POINT('',(24.466726,-17.20647908075));
#10465 = CARTESIAN_POINT('',(24.166726,-17.37968416151));
#10466 = CARTESIAN_POINT('',(24.166726,-17.033274));
#10467 = ( GEOMETRIC_REPRESENTATION_CONTEXT(2) 
PARAMETRIC_REPRESENTATION_CONTEXT() REPRESENTATION_CONTEXT('2D SPACE',''
  ) );
#10468 = PCURVE('',#4336,#10469);
#10469 = DEFINITIONAL_REPRESENTATION('',(#10470),#10474);
#10470 = LINE('',#10471,#10472);
#10471 = CARTESIAN_POINT('',(0.,1.61));
#10472 = VECTOR('',#10473,1.);
#10473 = DIRECTION('',(1.,0.));
#10474 = ( GEOMETRIC_REPRESENTATION_CONTEXT(2) 
PARAMETRIC_REPRESENTATION_CONTEXT() REPRESENTATION_CONTEXT('2D SPACE',''
  ) );
#10475 = FACE_BOUND('',#10476,.F.);
#10476 = EDGE_LOOP('',(#10477,#10500,#10521,#10542,#10563,#10584,#10605,
    #10626,#10647,#10668,#10689,#10710,#10731,#10752,#10773,#10794,
    #10815,#10836,#10857,#10878));
#10477 = ORIENTED_EDGE('',*,*,#10478,.F.);
#10478 = EDGE_CURVE('',#10479,#10481,#10483,.T.);
#10479 = VERTEX_POINT('',#10480);
#10480 = CARTESIAN_POINT('',(145.025108,-86.224875,1.6));
#10481 = VERTEX_POINT('',#10482);
#10482 = CARTESIAN_POINT('',(145.064935,-86.12207,1.6));
#10483 = SURFACE_CURVE('',#10484,(#10488,#10494),.PCURVE_S1.);
#10484 = LINE('',#10485,#10486);
#10485 = CARTESIAN_POINT('',(140.88255994205,-96.91798904568,1.6));
#10486 = VECTOR('',#10487,1.);
#10487 = DIRECTION('',(0.361242697938,0.932471829701,-0.));
#10488 = PCURVE('',#90,#10489);
#10489 = DEFINITIONAL_REPRESENTATION('',(#10490),#10493);
#10490 = B_SPLINE_CURVE_WITH_KNOTS('',1,(#10491,#10492),.UNSPECIFIED.,
  .F.,.F.,(2,2),(11.467492856175,11.577742835558),
  .PIECEWISE_BEZIER_KNOTS.);
#10491 = CARTESIAN_POINT('',(-15.025108,18.775125));
#10492 = CARTESIAN_POINT('',(-15.064935,18.87793));
#10493 = ( GEOMETRIC_REPRESENTATION_CONTEXT(2) 
PARAMETRIC_REPRESENTATION_CONTEXT() REPRESENTATION_CONTEXT('2D SPACE',''
  ) );
#10494 = PCURVE('',#4368,#10495);
#10495 = DEFINITIONAL_REPRESENTATION('',(#10496),#10499);
#10496 = B_SPLINE_CURVE_WITH_KNOTS('',1,(#10497,#10498),.UNSPECIFIED.,
  .F.,.F.,(2,2),(11.467492856175,11.577742835558),
  .PIECEWISE_BEZIER_KNOTS.);
#10497 = CARTESIAN_POINT('',(0.,-1.6));
#10498 = CARTESIAN_POINT('',(0.110249979383,-1.6));
#10499 = ( GEOMETRIC_REPRESENTATION_CONTEXT(2) 
PARAMETRIC_REPRESENTATION_CONTEXT() REPRESENTATION_CONTEXT('2D SPACE',''
  ) );
#10500 = ORIENTED_EDGE('',*,*,#10501,.F.);
#10501 = EDGE_CURVE('',#10502,#10479,#10504,.T.);
#10502 = VERTEX_POINT('',#10503);
#10503 = CARTESIAN_POINT('',(145.02,-86.28,1.6));
#10504 = SURFACE_CURVE('',#10505,(#10509,#10515),.PCURVE_S1.);
#10505 = LINE('',#10506,#10507);
#10506 = CARTESIAN_POINT('',(144.09613213613,-96.2502850422,1.6));
#10507 = VECTOR('',#10508,1.);
#10508 = DIRECTION('',(9.226686404189E-02,0.995734314865,-0.));
#10509 = PCURVE('',#90,#10510);
#10510 = DEFINITIONAL_REPRESENTATION('',(#10511),#10514);
#10511 = B_SPLINE_CURVE_WITH_KNOTS('',1,(#10512,#10513),.UNSPECIFIED.,
  .F.,.F.,(2,2),(10.012997336092,10.06835848934),
  .PIECEWISE_BEZIER_KNOTS.);
#10512 = CARTESIAN_POINT('',(-15.02,18.72));
#10513 = CARTESIAN_POINT('',(-15.025108,18.775125));
#10514 = ( GEOMETRIC_REPRESENTATION_CONTEXT(2) 
PARAMETRIC_REPRESENTATION_CONTEXT() REPRESENTATION_CONTEXT('2D SPACE',''
  ) );
#10515 = PCURVE('',#4396,#10516);
#10516 = DEFINITIONAL_REPRESENTATION('',(#10517),#10520);
#10517 = B_SPLINE_CURVE_WITH_KNOTS('',1,(#10518,#10519),.UNSPECIFIED.,
  .F.,.F.,(2,2),(10.012997336092,10.06835848934),
  .PIECEWISE_BEZIER_KNOTS.);
#10518 = CARTESIAN_POINT('',(0.,-1.6));
#10519 = CARTESIAN_POINT('',(5.536115324847E-02,-1.6));
#10520 = ( GEOMETRIC_REPRESENTATION_CONTEXT(2) 
PARAMETRIC_REPRESENTATION_CONTEXT() REPRESENTATION_CONTEXT('2D SPACE',''
  ) );
#10521 = ORIENTED_EDGE('',*,*,#10522,.F.);
#10522 = EDGE_CURVE('',#10523,#10502,#10525,.T.);
#10523 = VERTEX_POINT('',#10524);
#10524 = CARTESIAN_POINT('',(145.02,-87.38,1.6));
#10525 = SURFACE_CURVE('',#10526,(#10530,#10536),.PCURVE_S1.);
#10526 = LINE('',#10527,#10528);
#10527 = CARTESIAN_POINT('',(145.02,-96.19,1.6));
#10528 = VECTOR('',#10529,1.);
#10529 = DIRECTION('',(0.,1.,-0.));
#10530 = PCURVE('',#90,#10531);
#10531 = DEFINITIONAL_REPRESENTATION('',(#10532),#10535);
#10532 = B_SPLINE_CURVE_WITH_KNOTS('',1,(#10533,#10534),.UNSPECIFIED.,
  .F.,.F.,(2,2),(8.81,9.91),.PIECEWISE_BEZIER_KNOTS.);
#10533 = CARTESIAN_POINT('',(-15.02,17.62));
#10534 = CARTESIAN_POINT('',(-15.02,18.72));
#10535 = ( GEOMETRIC_REPRESENTATION_CONTEXT(2) 
PARAMETRIC_REPRESENTATION_CONTEXT() REPRESENTATION_CONTEXT('2D SPACE',''
  ) );
#10536 = PCURVE('',#4424,#10537);
#10537 = DEFINITIONAL_REPRESENTATION('',(#10538),#10541);
#10538 = B_SPLINE_CURVE_WITH_KNOTS('',1,(#10539,#10540),.UNSPECIFIED.,
  .F.,.F.,(2,2),(8.81,9.91),.PIECEWISE_BEZIER_KNOTS.);
#10539 = CARTESIAN_POINT('',(0.,-1.6));
#10540 = CARTESIAN_POINT('',(1.1,-1.6));
#10541 = ( GEOMETRIC_REPRESENTATION_CONTEXT(2) 
PARAMETRIC_REPRESENTATION_CONTEXT() REPRESENTATION_CONTEXT('2D SPACE',''
  ) );
#10542 = ORIENTED_EDGE('',*,*,#10543,.F.);
#10543 = EDGE_CURVE('',#10544,#10523,#10546,.T.);
#10544 = VERTEX_POINT('',#10545);
#10545 = CARTESIAN_POINT('',(145.040258,-87.488372,1.6));
#10546 = SURFACE_CURVE('',#10547,(#10551,#10557),.PCURVE_S1.);
#10547 = LINE('',#10548,#10549);
#10548 = CARTESIAN_POINT('',(146.36782009818,-94.59028530363,1.6));
#10549 = VECTOR('',#10550,1.);
#10550 = DIRECTION('',(-0.183747434241,0.982973489169,0.));
#10551 = PCURVE('',#90,#10552);
#10552 = DEFINITIONAL_REPRESENTATION('',(#10553),#10556);
#10553 = B_SPLINE_CURVE_WITH_KNOTS('',1,(#10554,#10555),.UNSPECIFIED.,
  .F.,.F.,(2,2),(7.224928629186,7.335177787677),
  .PIECEWISE_BEZIER_KNOTS.);
#10554 = CARTESIAN_POINT('',(-15.040258,17.511628));
#10555 = CARTESIAN_POINT('',(-15.02,17.62));
#10556 = ( GEOMETRIC_REPRESENTATION_CONTEXT(2) 
PARAMETRIC_REPRESENTATION_CONTEXT() REPRESENTATION_CONTEXT('2D SPACE',''
  ) );
#10557 = PCURVE('',#4452,#10558);
#10558 = DEFINITIONAL_REPRESENTATION('',(#10559),#10562);
#10559 = B_SPLINE_CURVE_WITH_KNOTS('',1,(#10560,#10561),.UNSPECIFIED.,
  .F.,.F.,(2,2),(7.224928629186,7.335177787677),
  .PIECEWISE_BEZIER_KNOTS.);
#10560 = CARTESIAN_POINT('',(0.,-1.6));
#10561 = CARTESIAN_POINT('',(0.110249158491,-1.6));
#10562 = ( GEOMETRIC_REPRESENTATION_CONTEXT(2) 
PARAMETRIC_REPRESENTATION_CONTEXT() REPRESENTATION_CONTEXT('2D SPACE',''
  ) );
#10563 = ORIENTED_EDGE('',*,*,#10564,.F.);
#10564 = EDGE_CURVE('',#10565,#10544,#10567,.T.);
#10565 = VERTEX_POINT('',#10566);
#10566 = CARTESIAN_POINT('',(145.098297,-87.582109,1.6));
#10567 = SURFACE_CURVE('',#10568,(#10572,#10578),.PCURVE_S1.);
#10568 = LINE('',#10569,#10570);
#10569 = CARTESIAN_POINT('',(146.90417036625,-90.49871941251,1.6));
#10570 = VECTOR('',#10571,1.);
#10571 = DIRECTION('',(-0.526428929276,0.850219137882,0.));
#10572 = PCURVE('',#90,#10573);
#10573 = DEFINITIONAL_REPRESENTATION('',(#10574),#10577);
#10574 = B_SPLINE_CURVE_WITH_KNOTS('',1,(#10575,#10576),.UNSPECIFIED.,
  .F.,.F.,(2,2),(3.430421973072,3.540672373026),
  .PIECEWISE_BEZIER_KNOTS.);
#10575 = CARTESIAN_POINT('',(-15.098297,17.417891));
#10576 = CARTESIAN_POINT('',(-15.040258,17.511628));
#10577 = ( GEOMETRIC_REPRESENTATION_CONTEXT(2) 
PARAMETRIC_REPRESENTATION_CONTEXT() REPRESENTATION_CONTEXT('2D SPACE',''
  ) );
#10578 = PCURVE('',#4480,#10579);
#10579 = DEFINITIONAL_REPRESENTATION('',(#10580),#10583);
#10580 = B_SPLINE_CURVE_WITH_KNOTS('',1,(#10581,#10582),.UNSPECIFIED.,
  .F.,.F.,(2,2),(3.430421973072,3.540672373026),
  .PIECEWISE_BEZIER_KNOTS.);
#10581 = CARTESIAN_POINT('',(0.,-1.6));
#10582 = CARTESIAN_POINT('',(0.110250399954,-1.6));
#10583 = ( GEOMETRIC_REPRESENTATION_CONTEXT(2) 
PARAMETRIC_REPRESENTATION_CONTEXT() REPRESENTATION_CONTEXT('2D SPACE',''
  ) );
#10584 = ORIENTED_EDGE('',*,*,#10585,.F.);
#10585 = EDGE_CURVE('',#10586,#10565,#10588,.T.);
#10586 = VERTEX_POINT('',#10587);
#10587 = CARTESIAN_POINT('',(145.186278,-87.648549,1.6));
#10588 = SURFACE_CURVE('',#10589,(#10593,#10599),.PCURVE_S1.);
#10589 = LINE('',#10590,#10591);
#10590 = CARTESIAN_POINT('',(144.52298386176,-87.1476537778,1.6));
#10591 = VECTOR('',#10592,1.);
#10592 = DIRECTION('',(-0.798017956254,0.60263367106,0.));
#10593 = PCURVE('',#90,#10594);
#10594 = DEFINITIONAL_REPRESENTATION('',(#10595),#10598);
#10595 = B_SPLINE_CURVE_WITH_KNOTS('',1,(#10596,#10597),.UNSPECIFIED.,
  .F.,.F.,(2,2),(-0.83117695916,-0.720927560245),
  .PIECEWISE_BEZIER_KNOTS.);
#10596 = CARTESIAN_POINT('',(-15.186278,17.351451));
#10597 = CARTESIAN_POINT('',(-15.098297,17.417891));
#10598 = ( GEOMETRIC_REPRESENTATION_CONTEXT(2) 
PARAMETRIC_REPRESENTATION_CONTEXT() REPRESENTATION_CONTEXT('2D SPACE',''
  ) );
#10599 = PCURVE('',#4508,#10600);
#10600 = DEFINITIONAL_REPRESENTATION('',(#10601),#10604);
#10601 = B_SPLINE_CURVE_WITH_KNOTS('',1,(#10602,#10603),.UNSPECIFIED.,
  .F.,.F.,(2,2),(-0.83117695916,-0.720927560245),
  .PIECEWISE_BEZIER_KNOTS.);
#10602 = CARTESIAN_POINT('',(0.,-1.6));
#10603 = CARTESIAN_POINT('',(0.110249398914,-1.6));
#10604 = ( GEOMETRIC_REPRESENTATION_CONTEXT(2) 
PARAMETRIC_REPRESENTATION_CONTEXT() REPRESENTATION_CONTEXT('2D SPACE',''
  ) );
#10605 = ORIENTED_EDGE('',*,*,#10606,.F.);
#10606 = EDGE_CURVE('',#10607,#10586,#10609,.T.);
#10607 = VERTEX_POINT('',#10608);
#10608 = CARTESIAN_POINT('',(145.292319,-87.67872,1.6));
#10609 = SURFACE_CURVE('',#10610,(#10614,#10620),.PCURVE_S1.);
#10610 = LINE('',#10611,#10612);
#10611 = CARTESIAN_POINT('',(140.49838465061,-86.31474009359,1.6));
#10612 = VECTOR('',#10613,1.);
#10613 = DIRECTION('',(-0.961826277748,0.273660759762,0.));
#10614 = PCURVE('',#90,#10615);
#10615 = DEFINITIONAL_REPRESENTATION('',(#10616),#10619);
#10616 = B_SPLINE_CURVE_WITH_KNOTS('',1,(#10617,#10618),.UNSPECIFIED.,
  .F.,.F.,(2,2),(-4.984199808526,-4.873950169425),
  .PIECEWISE_BEZIER_KNOTS.);
#10617 = CARTESIAN_POINT('',(-15.292319,17.32128));
#10618 = CARTESIAN_POINT('',(-15.186278,17.351451));
#10619 = ( GEOMETRIC_REPRESENTATION_CONTEXT(2) 
PARAMETRIC_REPRESENTATION_CONTEXT() REPRESENTATION_CONTEXT('2D SPACE',''
  ) );
#10620 = PCURVE('',#4536,#10621);
#10621 = DEFINITIONAL_REPRESENTATION('',(#10622),#10625);
#10622 = B_SPLINE_CURVE_WITH_KNOTS('',1,(#10623,#10624),.UNSPECIFIED.,
  .F.,.F.,(2,2),(-4.984199808526,-4.873950169425),
  .PIECEWISE_BEZIER_KNOTS.);
#10623 = CARTESIAN_POINT('',(0.,-1.6));
#10624 = CARTESIAN_POINT('',(0.110249639101,-1.6));
#10625 = ( GEOMETRIC_REPRESENTATION_CONTEXT(2) 
PARAMETRIC_REPRESENTATION_CONTEXT() REPRESENTATION_CONTEXT('2D SPACE',''
  ) );
#10626 = ORIENTED_EDGE('',*,*,#10627,.F.);
#10627 = EDGE_CURVE('',#10628,#10607,#10630,.T.);
#10628 = VERTEX_POINT('',#10629);
#10629 = CARTESIAN_POINT('',(145.402099,-87.668548,1.6));
#10630 = SURFACE_CURVE('',#10631,(#10635,#10641),.PCURVE_S1.);
#10631 = LINE('',#10632,#10633);
#10632 = CARTESIAN_POINT('',(136.97048997345,-88.44980439477,1.6));
#10633 = VECTOR('',#10634,1.);
#10634 = DIRECTION('',(-0.995734688848,-9.226282797371E-02,0.));
#10635 = PCURVE('',#90,#10636);
#10636 = DEFINITIONAL_REPRESENTATION('',(#10637),#10640);
#10637 = B_SPLINE_CURVE_WITH_KNOTS('',1,(#10638,#10639),.UNSPECIFIED.,
  .F.,.F.,(2,2),(-8.467726514887,-8.357476263259),
  .PIECEWISE_BEZIER_KNOTS.);
#10638 = CARTESIAN_POINT('',(-15.402099,17.331452));
#10639 = CARTESIAN_POINT('',(-15.292319,17.32128));
#10640 = ( GEOMETRIC_REPRESENTATION_CONTEXT(2) 
PARAMETRIC_REPRESENTATION_CONTEXT() REPRESENTATION_CONTEXT('2D SPACE',''
  ) );
#10641 = PCURVE('',#4564,#10642);
#10642 = DEFINITIONAL_REPRESENTATION('',(#10643),#10646);
#10643 = B_SPLINE_CURVE_WITH_KNOTS('',1,(#10644,#10645),.UNSPECIFIED.,
  .F.,.F.,(2,2),(-8.467726514887,-8.357476263259),
  .PIECEWISE_BEZIER_KNOTS.);
#10644 = CARTESIAN_POINT('',(0.,-1.6));
#10645 = CARTESIAN_POINT('',(0.110250251628,-1.6));
#10646 = ( GEOMETRIC_REPRESENTATION_CONTEXT(2) 
PARAMETRIC_REPRESENTATION_CONTEXT() REPRESENTATION_CONTEXT('2D SPACE',''
  ) );
#10647 = ORIENTED_EDGE('',*,*,#10648,.F.);
#10648 = EDGE_CURVE('',#10649,#10628,#10651,.T.);
#10649 = VERTEX_POINT('',#10650);
#10650 = CARTESIAN_POINT('',(145.50079,-87.619405,1.6));
#10651 = SURFACE_CURVE('',#10652,(#10656,#10662),.PCURVE_S1.);
#10652 = LINE('',#10653,#10654);
#10653 = CARTESIAN_POINT('',(135.82276625669,-92.43855893315,1.6));
#10654 = VECTOR('',#10655,1.);
#10655 = DIRECTION('',(-0.895160681354,-0.445743597327,0.));
#10656 = PCURVE('',#90,#10657);
#10657 = DEFINITIONAL_REPRESENTATION('',(#10658),#10661);
#10658 = B_SPLINE_CURVE_WITH_KNOTS('',1,(#10659,#10660),.UNSPECIFIED.,
  .F.,.F.,(2,2),(-10.81149333845,-10.70124385804),
  .PIECEWISE_BEZIER_KNOTS.);
#10659 = CARTESIAN_POINT('',(-15.50079,17.380595));
#10660 = CARTESIAN_POINT('',(-15.402099,17.331452));
#10661 = ( GEOMETRIC_REPRESENTATION_CONTEXT(2) 
PARAMETRIC_REPRESENTATION_CONTEXT() REPRESENTATION_CONTEXT('2D SPACE',''
  ) );
#10662 = PCURVE('',#4592,#10663);
#10663 = DEFINITIONAL_REPRESENTATION('',(#10664),#10667);
#10664 = B_SPLINE_CURVE_WITH_KNOTS('',1,(#10665,#10666),.UNSPECIFIED.,
  .F.,.F.,(2,2),(-10.81149333845,-10.70124385804),
  .PIECEWISE_BEZIER_KNOTS.);
#10665 = CARTESIAN_POINT('',(0.,-1.6));
#10666 = CARTESIAN_POINT('',(0.110249480407,-1.6));
#10667 = ( GEOMETRIC_REPRESENTATION_CONTEXT(2) 
PARAMETRIC_REPRESENTATION_CONTEXT() REPRESENTATION_CONTEXT('2D SPACE',''
  ) );
#10668 = ORIENTED_EDGE('',*,*,#10669,.F.);
#10669 = EDGE_CURVE('',#10670,#10649,#10672,.T.);
#10670 = VERTEX_POINT('',#10671);
#10671 = CARTESIAN_POINT('',(145.575065,-87.53793,1.6));
#10672 = SURFACE_CURVE('',#10673,(#10677,#10683),.PCURVE_S1.);
#10673 = LINE('',#10674,#10675);
#10674 = CARTESIAN_POINT('',(137.69363368276,-96.18336408376,1.6));
#10675 = VECTOR('',#10676,1.);
#10676 = DIRECTION('',(-0.67369922817,-0.73900564948,0.));
#10677 = PCURVE('',#90,#10678);
#10678 = DEFINITIONAL_REPRESENTATION('',(#10679),#10682);
#10679 = B_SPLINE_CURVE_WITH_KNOTS('',1,(#10680,#10681),.UNSPECIFIED.,
  .F.,.F.,(2,2),(-11.6987388254,-11.58848932994),
  .PIECEWISE_BEZIER_KNOTS.);
#10680 = CARTESIAN_POINT('',(-15.575065,17.46207));
#10681 = CARTESIAN_POINT('',(-15.50079,17.380595));
#10682 = ( GEOMETRIC_REPRESENTATION_CONTEXT(2) 
PARAMETRIC_REPRESENTATION_CONTEXT() REPRESENTATION_CONTEXT('2D SPACE',''
  ) );
#10683 = PCURVE('',#4620,#10684);
#10684 = DEFINITIONAL_REPRESENTATION('',(#10685),#10688);
#10685 = B_SPLINE_CURVE_WITH_KNOTS('',1,(#10686,#10687),.UNSPECIFIED.,
  .F.,.F.,(2,2),(-11.6987388254,-11.58848932994),
  .PIECEWISE_BEZIER_KNOTS.);
#10686 = CARTESIAN_POINT('',(0.,-1.6));
#10687 = CARTESIAN_POINT('',(0.110249495464,-1.6));
#10688 = ( GEOMETRIC_REPRESENTATION_CONTEXT(2) 
PARAMETRIC_REPRESENTATION_CONTEXT() REPRESENTATION_CONTEXT('2D SPACE',''
  ) );
#10689 = ORIENTED_EDGE('',*,*,#10690,.F.);
#10690 = EDGE_CURVE('',#10691,#10670,#10693,.T.);
#10691 = VERTEX_POINT('',#10692);
#10692 = CARTESIAN_POINT('',(145.614892,-87.435125,1.6));
#10693 = SURFACE_CURVE('',#10694,(#10698,#10704),.PCURVE_S1.);
#10694 = LINE('',#10695,#10696);
#10695 = CARTESIAN_POINT('',(141.63769716402,-97.70141458024,1.6));
#10696 = VECTOR('',#10697,1.);
#10697 = DIRECTION('',(-0.361242697938,-0.932471829701,0.));
#10698 = PCURVE('',#90,#10699);
#10699 = DEFINITIONAL_REPRESENTATION('',(#10700),#10703);
#10700 = B_SPLINE_CURVE_WITH_KNOTS('',1,(#10701,#10702),.UNSPECIFIED.,
  .F.,.F.,(2,2),(-11.0097584219,-10.89950844252),
  .PIECEWISE_BEZIER_KNOTS.);
#10701 = CARTESIAN_POINT('',(-15.614892,17.564875));
#10702 = CARTESIAN_POINT('',(-15.575065,17.46207));
#10703 = ( GEOMETRIC_REPRESENTATION_CONTEXT(2) 
PARAMETRIC_REPRESENTATION_CONTEXT() REPRESENTATION_CONTEXT('2D SPACE',''
  ) );
#10704 = PCURVE('',#4648,#10705);
#10705 = DEFINITIONAL_REPRESENTATION('',(#10706),#10709);
#10706 = B_SPLINE_CURVE_WITH_KNOTS('',1,(#10707,#10708),.UNSPECIFIED.,
  .F.,.F.,(2,2),(-11.0097584219,-10.89950844252),
  .PIECEWISE_BEZIER_KNOTS.);
#10707 = CARTESIAN_POINT('',(0.,-1.6));
#10708 = CARTESIAN_POINT('',(0.110249979383,-1.6));
#10709 = ( GEOMETRIC_REPRESENTATION_CONTEXT(2) 
PARAMETRIC_REPRESENTATION_CONTEXT() REPRESENTATION_CONTEXT('2D SPACE',''
  ) );
#10710 = ORIENTED_EDGE('',*,*,#10711,.F.);
#10711 = EDGE_CURVE('',#10712,#10691,#10714,.T.);
#10712 = VERTEX_POINT('',#10713);
#10713 = CARTESIAN_POINT('',(145.62,-87.38,1.6));
#10714 = SURFACE_CURVE('',#10715,(#10719,#10725),.PCURVE_S1.);
#10715 = LINE('',#10716,#10717);
#10716 = CARTESIAN_POINT('',(144.74410848933,-96.8325292728,1.6));
#10717 = VECTOR('',#10718,1.);
#10718 = DIRECTION('',(-9.22668640424E-02,-0.995734314865,0.));
#10719 = PCURVE('',#90,#10720);
#10720 = DEFINITIONAL_REPRESENTATION('',(#10721),#10724);
#10721 = B_SPLINE_CURVE_WITH_KNOTS('',1,(#10722,#10723),.UNSPECIFIED.,
  .F.,.F.,(2,2),(-9.493023522132,-9.437662368884),
  .PIECEWISE_BEZIER_KNOTS.);
#10722 = CARTESIAN_POINT('',(-15.62,17.62));
#10723 = CARTESIAN_POINT('',(-15.614892,17.564875));
#10724 = ( GEOMETRIC_REPRESENTATION_CONTEXT(2) 
PARAMETRIC_REPRESENTATION_CONTEXT() REPRESENTATION_CONTEXT('2D SPACE',''
  ) );
#10725 = PCURVE('',#4676,#10726);
#10726 = DEFINITIONAL_REPRESENTATION('',(#10727),#10730);
#10727 = B_SPLINE_CURVE_WITH_KNOTS('',1,(#10728,#10729),.UNSPECIFIED.,
  .F.,.F.,(2,2),(-9.493023522132,-9.437662368884),
  .PIECEWISE_BEZIER_KNOTS.);
#10728 = CARTESIAN_POINT('',(0.,-1.6));
#10729 = CARTESIAN_POINT('',(5.536115324847E-02,-1.6));
#10730 = ( GEOMETRIC_REPRESENTATION_CONTEXT(2) 
PARAMETRIC_REPRESENTATION_CONTEXT() REPRESENTATION_CONTEXT('2D SPACE',''
  ) );
#10731 = ORIENTED_EDGE('',*,*,#10732,.F.);
#10732 = EDGE_CURVE('',#10733,#10712,#10735,.T.);
#10733 = VERTEX_POINT('',#10734);
#10734 = CARTESIAN_POINT('',(145.62,-86.28,1.6));
#10735 = SURFACE_CURVE('',#10736,(#10740,#10746),.PCURVE_S1.);
#10736 = LINE('',#10737,#10738);
#10737 = CARTESIAN_POINT('',(145.62,-95.64,1.6));
#10738 = VECTOR('',#10739,1.);
#10739 = DIRECTION('',(0.,-1.,0.));
#10740 = PCURVE('',#90,#10741);
#10741 = DEFINITIONAL_REPRESENTATION('',(#10742),#10745);
#10742 = B_SPLINE_CURVE_WITH_KNOTS('',1,(#10743,#10744),.UNSPECIFIED.,
  .F.,.F.,(2,2),(-9.36,-8.26),.PIECEWISE_BEZIER_KNOTS.);
#10743 = CARTESIAN_POINT('',(-15.62,18.72));
#10744 = CARTESIAN_POINT('',(-15.62,17.62));
#10745 = ( GEOMETRIC_REPRESENTATION_CONTEXT(2) 
PARAMETRIC_REPRESENTATION_CONTEXT() REPRESENTATION_CONTEXT('2D SPACE',''
  ) );
#10746 = PCURVE('',#4704,#10747);
#10747 = DEFINITIONAL_REPRESENTATION('',(#10748),#10751);
#10748 = B_SPLINE_CURVE_WITH_KNOTS('',1,(#10749,#10750),.UNSPECIFIED.,
  .F.,.F.,(2,2),(-9.36,-8.26),.PIECEWISE_BEZIER_KNOTS.);
#10749 = CARTESIAN_POINT('',(0.,-1.6));
#10750 = CARTESIAN_POINT('',(1.1,-1.6));
#10751 = ( GEOMETRIC_REPRESENTATION_CONTEXT(2) 
PARAMETRIC_REPRESENTATION_CONTEXT() REPRESENTATION_CONTEXT('2D SPACE',''
  ) );
#10752 = ORIENTED_EDGE('',*,*,#10753,.F.);
#10753 = EDGE_CURVE('',#10754,#10733,#10756,.T.);
#10754 = VERTEX_POINT('',#10755);
#10755 = CARTESIAN_POINT('',(145.599742,-86.171628,1.6));
#10756 = SURFACE_CURVE('',#10757,(#10761,#10767),.PCURVE_S1.);
#10757 = LINE('',#10758,#10759);
#10758 = CARTESIAN_POINT('',(147.03677353342,-93.85915793088,1.6));
#10759 = VECTOR('',#10760,1.);
#10760 = DIRECTION('',(0.183747434241,-0.982973489169,0.));
#10761 = PCURVE('',#90,#10762);
#10762 = DEFINITIONAL_REPRESENTATION('',(#10763),#10766);
#10763 = B_SPLINE_CURVE_WITH_KNOTS('',1,(#10764,#10765),.UNSPECIFIED.,
  .F.,.F.,(2,2),(-7.820688976446,-7.710439817954),
  .PIECEWISE_BEZIER_KNOTS.);
#10764 = CARTESIAN_POINT('',(-15.599742,18.828372));
#10765 = CARTESIAN_POINT('',(-15.62,18.72));
#10766 = ( GEOMETRIC_REPRESENTATION_CONTEXT(2) 
PARAMETRIC_REPRESENTATION_CONTEXT() REPRESENTATION_CONTEXT('2D SPACE',''
  ) );
#10767 = PCURVE('',#4732,#10768);
#10768 = DEFINITIONAL_REPRESENTATION('',(#10769),#10772);
#10769 = B_SPLINE_CURVE_WITH_KNOTS('',1,(#10770,#10771),.UNSPECIFIED.,
  .F.,.F.,(2,2),(-7.820688976446,-7.710439817954),
  .PIECEWISE_BEZIER_KNOTS.);
#10770 = CARTESIAN_POINT('',(0.,-1.6));
#10771 = CARTESIAN_POINT('',(0.110249158491,-1.6));
#10772 = ( GEOMETRIC_REPRESENTATION_CONTEXT(2) 
PARAMETRIC_REPRESENTATION_CONTEXT() REPRESENTATION_CONTEXT('2D SPACE',''
  ) );
#10773 = ORIENTED_EDGE('',*,*,#10774,.F.);
#10774 = EDGE_CURVE('',#10775,#10754,#10777,.T.);
#10775 = VERTEX_POINT('',#10776);
#10776 = CARTESIAN_POINT('',(145.541703,-86.077891,1.6));
#10777 = SURFACE_CURVE('',#10778,(#10782,#10788),.PCURVE_S1.);
#10778 = LINE('',#10779,#10780);
#10779 = CARTESIAN_POINT('',(147.62276529531,-89.43895056986,1.6));
#10780 = VECTOR('',#10781,1.);
#10781 = DIRECTION('',(0.526428929276,-0.850219137882,0.));
#10782 = PCURVE('',#90,#10783);
#10783 = DEFINITIONAL_REPRESENTATION('',(#10784),#10787);
#10784 = B_SPLINE_CURVE_WITH_KNOTS('',1,(#10785,#10786),.UNSPECIFIED.,
  .F.,.F.,(2,2),(-3.953168565741,-3.842918165787),
  .PIECEWISE_BEZIER_KNOTS.);
#10785 = CARTESIAN_POINT('',(-15.541703,18.922109));
#10786 = CARTESIAN_POINT('',(-15.599742,18.828372));
#10787 = ( GEOMETRIC_REPRESENTATION_CONTEXT(2) 
PARAMETRIC_REPRESENTATION_CONTEXT() REPRESENTATION_CONTEXT('2D SPACE',''
  ) );
#10788 = PCURVE('',#4760,#10789);
#10789 = DEFINITIONAL_REPRESENTATION('',(#10790),#10793);
#10790 = B_SPLINE_CURVE_WITH_KNOTS('',1,(#10791,#10792),.UNSPECIFIED.,
  .F.,.F.,(2,2),(-3.953168565741,-3.842918165787),
  .PIECEWISE_BEZIER_KNOTS.);
#10791 = CARTESIAN_POINT('',(0.,-1.6));
#10792 = CARTESIAN_POINT('',(0.110250399954,-1.6));
#10793 = ( GEOMETRIC_REPRESENTATION_CONTEXT(2) 
PARAMETRIC_REPRESENTATION_CONTEXT() REPRESENTATION_CONTEXT('2D SPACE',''
  ) );
#10794 = ORIENTED_EDGE('',*,*,#10795,.F.);
#10795 = EDGE_CURVE('',#10796,#10775,#10798,.T.);
#10796 = VERTEX_POINT('',#10797);
#10797 = CARTESIAN_POINT('',(145.453722,-86.011451,1.6));
#10798 = SURFACE_CURVE('',#10799,(#10803,#10809),.PCURVE_S1.);
#10799 = LINE('',#10800,#10801);
#10800 = CARTESIAN_POINT('',(145.09891976323,-85.74351746195,1.6));
#10801 = VECTOR('',#10802,1.);
#10802 = DIRECTION('',(0.798017956254,-0.60263367106,0.));
#10803 = PCURVE('',#90,#10804);
#10804 = DEFINITIONAL_REPRESENTATION('',(#10805),#10808);
#10805 = B_SPLINE_CURVE_WITH_KNOTS('',1,(#10806,#10807),.UNSPECIFIED.,
  .F.,.F.,(2,2),(0.444604327495,0.554853726409),
  .PIECEWISE_BEZIER_KNOTS.);
#10806 = CARTESIAN_POINT('',(-15.453722,18.988549));
#10807 = CARTESIAN_POINT('',(-15.541703,18.922109));
#10808 = ( GEOMETRIC_REPRESENTATION_CONTEXT(2) 
PARAMETRIC_REPRESENTATION_CONTEXT() REPRESENTATION_CONTEXT('2D SPACE',''
  ) );
#10809 = PCURVE('',#4788,#10810);
#10810 = DEFINITIONAL_REPRESENTATION('',(#10811),#10814);
#10811 = B_SPLINE_CURVE_WITH_KNOTS('',1,(#10812,#10813),.UNSPECIFIED.,
  .F.,.F.,(2,2),(0.444604327495,0.554853726409),
  .PIECEWISE_BEZIER_KNOTS.);
#10812 = CARTESIAN_POINT('',(0.,-1.6));
#10813 = CARTESIAN_POINT('',(0.110249398914,-1.6));
#10814 = ( GEOMETRIC_REPRESENTATION_CONTEXT(2) 
PARAMETRIC_REPRESENTATION_CONTEXT() REPRESENTATION_CONTEXT('2D SPACE',''
  ) );
#10815 = ORIENTED_EDGE('',*,*,#10816,.F.);
#10816 = EDGE_CURVE('',#10817,#10796,#10819,.T.);
#10817 = VERTEX_POINT('',#10818);
#10818 = CARTESIAN_POINT('',(145.347681,-85.98128,1.6));
#10819 = SURFACE_CURVE('',#10820,(#10824,#10830),.PCURVE_S1.);
#10820 = LINE('',#10821,#10822);
#10821 = CARTESIAN_POINT('',(140.75153376593,-84.67357488406,1.6));
#10822 = VECTOR('',#10823,1.);
#10823 = DIRECTION('',(0.961826277748,-0.273660759762,0.));
#10824 = PCURVE('',#90,#10825);
#10825 = DEFINITIONAL_REPRESENTATION('',(#10826),#10829);
#10826 = B_SPLINE_CURVE_WITH_KNOTS('',1,(#10827,#10828),.UNSPECIFIED.,
  .F.,.F.,(2,2),(4.778562761696,4.888812400797),
  .PIECEWISE_BEZIER_KNOTS.);
#10827 = CARTESIAN_POINT('',(-15.347681,19.01872));
#10828 = CARTESIAN_POINT('',(-15.453722,18.988549));
#10829 = ( GEOMETRIC_REPRESENTATION_CONTEXT(2) 
PARAMETRIC_REPRESENTATION_CONTEXT() REPRESENTATION_CONTEXT('2D SPACE',''
  ) );
#10830 = PCURVE('',#4816,#10831);
#10831 = DEFINITIONAL_REPRESENTATION('',(#10832),#10835);
#10832 = B_SPLINE_CURVE_WITH_KNOTS('',1,(#10833,#10834),.UNSPECIFIED.,
  .F.,.F.,(2,2),(4.778562761696,4.888812400797),
  .PIECEWISE_BEZIER_KNOTS.);
#10833 = CARTESIAN_POINT('',(0.,-1.6));
#10834 = CARTESIAN_POINT('',(0.110249639101,-1.6));
#10835 = ( GEOMETRIC_REPRESENTATION_CONTEXT(2) 
PARAMETRIC_REPRESENTATION_CONTEXT() REPRESENTATION_CONTEXT('2D SPACE',''
  ) );
#10836 = ORIENTED_EDGE('',*,*,#10837,.F.);
#10837 = EDGE_CURVE('',#10838,#10817,#10840,.T.);
#10838 = VERTEX_POINT('',#10839);
#10839 = CARTESIAN_POINT('',(145.237901,-85.991452,1.6));
#10840 = SURFACE_CURVE('',#10841,(#10845,#10851),.PCURVE_S1.);
#10841 = LINE('',#10842,#10843);
#10842 = CARTESIAN_POINT('',(136.81065529515,-86.77230409792,1.6));
#10843 = VECTOR('',#10844,1.);
#10844 = DIRECTION('',(0.995734688848,9.226282797371E-02,-0.));
#10845 = PCURVE('',#90,#10846);
#10846 = DEFINITIONAL_REPRESENTATION('',(#10847),#10850);
#10847 = B_SPLINE_CURVE_WITH_KNOTS('',1,(#10848,#10849),.UNSPECIFIED.,
  .F.,.F.,(2,2),(8.463344502539,8.573594754167),
  .PIECEWISE_BEZIER_KNOTS.);
#10848 = CARTESIAN_POINT('',(-15.237901,19.008548));
#10849 = CARTESIAN_POINT('',(-15.347681,19.01872));
#10850 = ( GEOMETRIC_REPRESENTATION_CONTEXT(2) 
PARAMETRIC_REPRESENTATION_CONTEXT() REPRESENTATION_CONTEXT('2D SPACE',''
  ) );
#10851 = PCURVE('',#4844,#10852);
#10852 = DEFINITIONAL_REPRESENTATION('',(#10853),#10856);
#10853 = B_SPLINE_CURVE_WITH_KNOTS('',1,(#10854,#10855),.UNSPECIFIED.,
  .F.,.F.,(2,2),(8.463344502539,8.573594754167),
  .PIECEWISE_BEZIER_KNOTS.);
#10854 = CARTESIAN_POINT('',(0.,-1.6));
#10855 = CARTESIAN_POINT('',(0.110250251628,-1.6));
#10856 = ( GEOMETRIC_REPRESENTATION_CONTEXT(2) 
PARAMETRIC_REPRESENTATION_CONTEXT() REPRESENTATION_CONTEXT('2D SPACE',''
  ) );
#10857 = ORIENTED_EDGE('',*,*,#10858,.F.);
#10858 = EDGE_CURVE('',#10859,#10838,#10861,.T.);
#10859 = VERTEX_POINT('',#10860);
#10860 = CARTESIAN_POINT('',(145.13921,-86.040595,1.6));
#10861 = SURFACE_CURVE('',#10862,(#10866,#10872),.PCURVE_S1.);
#10862 = LINE('',#10863,#10864);
#10863 = CARTESIAN_POINT('',(135.29107338968,-90.94445631907,1.6));
#10864 = VECTOR('',#10865,1.);
#10865 = DIRECTION('',(0.895160681354,0.445743597327,-0.));
#10866 = PCURVE('',#90,#10867);
#10867 = DEFINITIONAL_REPRESENTATION('',(#10868),#10871);
#10868 = B_SPLINE_CURVE_WITH_KNOTS('',1,(#10869,#10870),.UNSPECIFIED.,
  .F.,.F.,(2,2),(11.001529463319,11.111778943725),
  .PIECEWISE_BEZIER_KNOTS.);
#10869 = CARTESIAN_POINT('',(-15.13921,18.959405));
#10870 = CARTESIAN_POINT('',(-15.237901,19.008548));
#10871 = ( GEOMETRIC_REPRESENTATION_CONTEXT(2) 
PARAMETRIC_REPRESENTATION_CONTEXT() REPRESENTATION_CONTEXT('2D SPACE',''
  ) );
#10872 = PCURVE('',#4872,#10873);
#10873 = DEFINITIONAL_REPRESENTATION('',(#10874),#10877);
#10874 = B_SPLINE_CURVE_WITH_KNOTS('',1,(#10875,#10876),.UNSPECIFIED.,
  .F.,.F.,(2,2),(11.001529463319,11.111778943725),
  .PIECEWISE_BEZIER_KNOTS.);
#10875 = CARTESIAN_POINT('',(0.,-1.6));
#10876 = CARTESIAN_POINT('',(0.110249480407,-1.6));
#10877 = ( GEOMETRIC_REPRESENTATION_CONTEXT(2) 
PARAMETRIC_REPRESENTATION_CONTEXT() REPRESENTATION_CONTEXT('2D SPACE',''
  ) );
#10878 = ORIENTED_EDGE('',*,*,#10879,.F.);
#10879 = EDGE_CURVE('',#10481,#10859,#10880,.T.);
#10880 = SURFACE_CURVE('',#10881,(#10885,#10891),.PCURVE_S1.);
#10881 = LINE('',#10882,#10883);
#10882 = CARTESIAN_POINT('',(136.94681483559,-95.0271368515,1.6));
#10883 = VECTOR('',#10884,1.);
#10884 = DIRECTION('',(0.67369922817,0.73900564948,-0.));
#10885 = PCURVE('',#90,#10886);
#10886 = DEFINITIONAL_REPRESENTATION('',(#10887),#10890);
#10887 = B_SPLINE_CURVE_WITH_KNOTS('',1,(#10888,#10889),.UNSPECIFIED.,
  .F.,.F.,(2,2),(12.050066001208,12.160315496672),
  .PIECEWISE_BEZIER_KNOTS.);
#10888 = CARTESIAN_POINT('',(-15.064935,18.87793));
#10889 = CARTESIAN_POINT('',(-15.13921,18.959405));
#10890 = ( GEOMETRIC_REPRESENTATION_CONTEXT(2) 
PARAMETRIC_REPRESENTATION_CONTEXT() REPRESENTATION_CONTEXT('2D SPACE',''
  ) );
#10891 = PCURVE('',#4898,#10892);
#10892 = DEFINITIONAL_REPRESENTATION('',(#10893),#10896);
#10893 = B_SPLINE_CURVE_WITH_KNOTS('',1,(#10894,#10895),.UNSPECIFIED.,
  .F.,.F.,(2,2),(12.050066001208,12.160315496672),
  .PIECEWISE_BEZIER_KNOTS.);
#10894 = CARTESIAN_POINT('',(0.,-1.6));
#10895 = CARTESIAN_POINT('',(0.110249495464,-1.6));
#10896 = ( GEOMETRIC_REPRESENTATION_CONTEXT(2) 
PARAMETRIC_REPRESENTATION_CONTEXT() REPRESENTATION_CONTEXT('2D SPACE',''
  ) );
#10897 = FACE_BOUND('',#10898,.F.);
#10898 = EDGE_LOOP('',(#10899));
#10899 = ORIENTED_EDGE('',*,*,#10900,.T.);
#10900 = EDGE_CURVE('',#10901,#10901,#10903,.T.);
#10901 = VERTEX_POINT('',#10902);
#10902 = CARTESIAN_POINT('',(144.215,-86.3,1.6));
#10903 = SURFACE_CURVE('',#10904,(#10909,#10920),.PCURVE_S1.);
#10904 = CIRCLE('',#10905,0.325);
#10905 = AXIS2_PLACEMENT_3D('',#10906,#10907,#10908);
#10906 = CARTESIAN_POINT('',(143.89,-86.3,1.6));
#10907 = DIRECTION('',(0.,0.,1.));
#10908 = DIRECTION('',(1.,0.,-0.));
#10909 = PCURVE('',#90,#10910);
#10910 = DEFINITIONAL_REPRESENTATION('',(#10911),#10919);
#10911 = ( BOUNDED_CURVE() B_SPLINE_CURVE(2,(#10912,#10913,#10914,#10915
    ,#10916,#10917,#10918),.UNSPECIFIED.,.T.,.F.) 
B_SPLINE_CURVE_WITH_KNOTS((1,2,2,2,2,1),(-2.094395102393,0.,
    2.094395102393,4.188790204786,6.28318530718,8.377580409573),
.UNSPECIFIED.) CURVE() GEOMETRIC_REPRESENTATION_ITEM() 
RATIONAL_B_SPLINE_CURVE((1.,0.5,1.,0.5,1.,0.5,1.)) REPRESENTATION_ITEM(
  '') );
#10912 = CARTESIAN_POINT('',(-14.215,18.7));
#10913 = CARTESIAN_POINT('',(-14.215,19.26291651246));
#10914 = CARTESIAN_POINT('',(-13.7275,18.98145825623));
#10915 = CARTESIAN_POINT('',(-13.24,18.7));
#10916 = CARTESIAN_POINT('',(-13.7275,18.41854174377));
#10917 = CARTESIAN_POINT('',(-14.215,18.13708348754));
#10918 = CARTESIAN_POINT('',(-14.215,18.7));
#10919 = ( GEOMETRIC_REPRESENTATION_CONTEXT(2) 
PARAMETRIC_REPRESENTATION_CONTEXT() REPRESENTATION_CONTEXT('2D SPACE',''
  ) );
#10920 = PCURVE('',#4933,#10921);
#10921 = DEFINITIONAL_REPRESENTATION('',(#10922),#10926);
#10922 = LINE('',#10923,#10924);
#10923 = CARTESIAN_POINT('',(0.,1.61));
#10924 = VECTOR('',#10925,1.);
#10925 = DIRECTION('',(1.,0.));
#10926 = ( GEOMETRIC_REPRESENTATION_CONTEXT(2) 
PARAMETRIC_REPRESENTATION_CONTEXT() REPRESENTATION_CONTEXT('2D SPACE',''
  ) );
#10927 = FACE_BOUND('',#10928,.F.);
#10928 = EDGE_LOOP('',(#10929,#10952,#10973,#10994,#11015,#11036,#11057,
    #11078,#11099,#11120,#11141,#11162,#11183,#11204,#11225,#11246,
    #11267,#11288,#11309,#11330));
#10929 = ORIENTED_EDGE('',*,*,#10930,.F.);
#10930 = EDGE_CURVE('',#10931,#10933,#10935,.T.);
#10931 = VERTEX_POINT('',#10932);
#10932 = CARTESIAN_POINT('',(145.025108,-82.294875,1.6));
#10933 = VERTEX_POINT('',#10934);
#10934 = CARTESIAN_POINT('',(145.064935,-82.19207,1.6));
#10935 = SURFACE_CURVE('',#10936,(#10940,#10946),.PCURVE_S1.);
#10936 = LINE('',#10937,#10938);
#10937 = CARTESIAN_POINT('',(140.2206523654,-94.69656384209,1.6));
#10938 = VECTOR('',#10939,1.);
#10939 = DIRECTION('',(0.361242697938,0.932471829701,-0.));
#10940 = PCURVE('',#90,#10941);
#10941 = DEFINITIONAL_REPRESENTATION('',(#10942),#10945);
#10942 = B_SPLINE_CURVE_WITH_KNOTS('',1,(#10943,#10944),.UNSPECIFIED.,
  .F.,.F.,(2,2),(13.299800001538,13.410049980921),
  .PIECEWISE_BEZIER_KNOTS.);
#10943 = CARTESIAN_POINT('',(-15.025108,22.705125));
#10944 = CARTESIAN_POINT('',(-15.064935,22.80793));
#10945 = ( GEOMETRIC_REPRESENTATION_CONTEXT(2) 
PARAMETRIC_REPRESENTATION_CONTEXT() REPRESENTATION_CONTEXT('2D SPACE',''
  ) );
#10946 = PCURVE('',#4965,#10947);
#10947 = DEFINITIONAL_REPRESENTATION('',(#10948),#10951);
#10948 = B_SPLINE_CURVE_WITH_KNOTS('',1,(#10949,#10950),.UNSPECIFIED.,
  .F.,.F.,(2,2),(13.299800001538,13.410049980921),
  .PIECEWISE_BEZIER_KNOTS.);
#10949 = CARTESIAN_POINT('',(0.,-1.6));
#10950 = CARTESIAN_POINT('',(0.110249979383,-1.6));
#10951 = ( GEOMETRIC_REPRESENTATION_CONTEXT(2) 
PARAMETRIC_REPRESENTATION_CONTEXT() REPRESENTATION_CONTEXT('2D SPACE',''
  ) );
#10952 = ORIENTED_EDGE('',*,*,#10953,.F.);
#10953 = EDGE_CURVE('',#10954,#10931,#10956,.T.);
#10954 = VERTEX_POINT('',#10955);
#10955 = CARTESIAN_POINT('',(145.02,-82.35,1.6));
#10956 = SURFACE_CURVE('',#10957,(#10961,#10967),.PCURVE_S1.);
#10957 = LINE('',#10958,#10959);
#10958 = CARTESIAN_POINT('',(143.91560113572,-94.26855665489,1.6));
#10959 = VECTOR('',#10960,1.);
#10960 = DIRECTION('',(9.226686404191E-02,0.995734314865,-0.));
#10961 = PCURVE('',#90,#10962);
#10962 = DEFINITIONAL_REPRESENTATION('',(#10963),#10966);
#10963 = B_SPLINE_CURVE_WITH_KNOTS('',1,(#10964,#10965),.UNSPECIFIED.,
  .F.,.F.,(2,2),(11.969615264802,12.024976418051),
  .PIECEWISE_BEZIER_KNOTS.);
#10964 = CARTESIAN_POINT('',(-15.02,22.65));
#10965 = CARTESIAN_POINT('',(-15.025108,22.705125));
#10966 = ( GEOMETRIC_REPRESENTATION_CONTEXT(2) 
PARAMETRIC_REPRESENTATION_CONTEXT() REPRESENTATION_CONTEXT('2D SPACE',''
  ) );
#10967 = PCURVE('',#4993,#10968);
#10968 = DEFINITIONAL_REPRESENTATION('',(#10969),#10972);
#10969 = B_SPLINE_CURVE_WITH_KNOTS('',1,(#10970,#10971),.UNSPECIFIED.,
  .F.,.F.,(2,2),(11.969615264802,12.024976418051),
  .PIECEWISE_BEZIER_KNOTS.);
#10970 = CARTESIAN_POINT('',(0.,-1.6));
#10971 = CARTESIAN_POINT('',(5.536115324845E-02,-1.6));
#10972 = ( GEOMETRIC_REPRESENTATION_CONTEXT(2) 
PARAMETRIC_REPRESENTATION_CONTEXT() REPRESENTATION_CONTEXT('2D SPACE',''
  ) );
#10973 = ORIENTED_EDGE('',*,*,#10974,.F.);
#10974 = EDGE_CURVE('',#10975,#10954,#10977,.T.);
#10975 = VERTEX_POINT('',#10976);
#10976 = CARTESIAN_POINT('',(145.02,-82.95,1.6));
#10977 = SURFACE_CURVE('',#10978,(#10982,#10988),.PCURVE_S1.);
#10978 = LINE('',#10979,#10980);
#10979 = CARTESIAN_POINT('',(145.02,-93.975,1.6));
#10980 = VECTOR('',#10981,1.);
#10981 = DIRECTION('',(0.,1.,-0.));
#10982 = PCURVE('',#90,#10983);
#10983 = DEFINITIONAL_REPRESENTATION('',(#10984),#10987);
#10984 = B_SPLINE_CURVE_WITH_KNOTS('',1,(#10985,#10986),.UNSPECIFIED.,
  .F.,.F.,(2,2),(11.025,11.625),.PIECEWISE_BEZIER_KNOTS.);
#10985 = CARTESIAN_POINT('',(-15.02,22.05));
#10986 = CARTESIAN_POINT('',(-15.02,22.65));
#10987 = ( GEOMETRIC_REPRESENTATION_CONTEXT(2) 
PARAMETRIC_REPRESENTATION_CONTEXT() REPRESENTATION_CONTEXT('2D SPACE',''
  ) );
#10988 = PCURVE('',#5021,#10989);
#10989 = DEFINITIONAL_REPRESENTATION('',(#10990),#10993);
#10990 = B_SPLINE_CURVE_WITH_KNOTS('',1,(#10991,#10992),.UNSPECIFIED.,
  .F.,.F.,(2,2),(11.025,11.625),.PIECEWISE_BEZIER_KNOTS.);
#10991 = CARTESIAN_POINT('',(0.,-1.6));
#10992 = CARTESIAN_POINT('',(0.6,-1.6));
#10993 = ( GEOMETRIC_REPRESENTATION_CONTEXT(2) 
PARAMETRIC_REPRESENTATION_CONTEXT() REPRESENTATION_CONTEXT('2D SPACE',''
  ) );
#10994 = ORIENTED_EDGE('',*,*,#10995,.F.);
#10995 = EDGE_CURVE('',#10996,#10975,#10998,.T.);
#10996 = VERTEX_POINT('',#10997);
#10997 = CARTESIAN_POINT('',(145.040258,-83.058372,1.6));
#10998 = SURFACE_CURVE('',#10999,(#11003,#11009),.PCURVE_S1.);
#10999 = LINE('',#11000,#11001);
#11000 = CARTESIAN_POINT('',(146.76789086547,-92.30049999373,1.6));
#11001 = VECTOR('',#11002,1.);
#11002 = DIRECTION('',(-0.183747434241,0.982973489169,0.));
#11003 = PCURVE('',#90,#11004);
#11004 = DEFINITIONAL_REPRESENTATION('',(#11005),#11008);
#11005 = B_SPLINE_CURVE_WITH_KNOTS('',1,(#11006,#11007),.UNSPECIFIED.,
  .F.,.F.,(2,2),(9.402214907696,9.512464066187),
  .PIECEWISE_BEZIER_KNOTS.);
#11006 = CARTESIAN_POINT('',(-15.040258,21.941628));
#11007 = CARTESIAN_POINT('',(-15.02,22.05));
#11008 = ( GEOMETRIC_REPRESENTATION_CONTEXT(2) 
PARAMETRIC_REPRESENTATION_CONTEXT() REPRESENTATION_CONTEXT('2D SPACE',''
  ) );
#11009 = PCURVE('',#5049,#11010);
#11010 = DEFINITIONAL_REPRESENTATION('',(#11011),#11014);
#11011 = B_SPLINE_CURVE_WITH_KNOTS('',1,(#11012,#11013),.UNSPECIFIED.,
  .F.,.F.,(2,2),(9.402214907696,9.512464066187),
  .PIECEWISE_BEZIER_KNOTS.);
#11012 = CARTESIAN_POINT('',(0.,-1.6));
#11013 = CARTESIAN_POINT('',(0.110249158491,-1.6));
#11014 = ( GEOMETRIC_REPRESENTATION_CONTEXT(2) 
PARAMETRIC_REPRESENTATION_CONTEXT() REPRESENTATION_CONTEXT('2D SPACE',''
  ) );
#11015 = ORIENTED_EDGE('',*,*,#11016,.F.);
#11016 = EDGE_CURVE('',#11017,#10996,#11019,.T.);
#11017 = VERTEX_POINT('',#11018);
#11018 = CARTESIAN_POINT('',(145.098297,-83.152109,1.6));
#11019 = SURFACE_CURVE('',#11020,(#11024,#11030),.PCURVE_S1.);
#11020 = LINE('',#11021,#11022);
#11021 = CARTESIAN_POINT('',(147.89555995639,-87.66988218258,1.6));
#11022 = VECTOR('',#11023,1.);
#11023 = DIRECTION('',(-0.526428929276,0.850219137882,0.));
#11024 = PCURVE('',#90,#11025);
#11025 = DEFINITIONAL_REPRESENTATION('',(#11026),#11029);
#11026 = B_SPLINE_CURVE_WITH_KNOTS('',1,(#11027,#11028),.UNSPECIFIED.,
  .F.,.F.,(2,2),(5.313657363481,5.423907763435),
  .PIECEWISE_BEZIER_KNOTS.);
#11027 = CARTESIAN_POINT('',(-15.098297,21.847891));
#11028 = CARTESIAN_POINT('',(-15.040258,21.941628));
#11029 = ( GEOMETRIC_REPRESENTATION_CONTEXT(2) 
PARAMETRIC_REPRESENTATION_CONTEXT() REPRESENTATION_CONTEXT('2D SPACE',''
  ) );
#11030 = PCURVE('',#5077,#11031);
#11031 = DEFINITIONAL_REPRESENTATION('',(#11032),#11035);
#11032 = B_SPLINE_CURVE_WITH_KNOTS('',1,(#11033,#11034),.UNSPECIFIED.,
  .F.,.F.,(2,2),(5.313657363481,5.423907763435),
  .PIECEWISE_BEZIER_KNOTS.);
#11033 = CARTESIAN_POINT('',(0.,-1.6));
#11034 = CARTESIAN_POINT('',(0.110250399954,-1.6));
#11035 = ( GEOMETRIC_REPRESENTATION_CONTEXT(2) 
PARAMETRIC_REPRESENTATION_CONTEXT() REPRESENTATION_CONTEXT('2D SPACE',''
  ) );
#11036 = ORIENTED_EDGE('',*,*,#11037,.F.);
#11037 = EDGE_CURVE('',#11038,#11017,#11040,.T.);
#11038 = VERTEX_POINT('',#11039);
#11039 = CARTESIAN_POINT('',(145.186278,-83.218549,1.6));
#11040 = SURFACE_CURVE('',#11041,(#11045,#11051),.PCURVE_S1.);
#11041 = LINE('',#11042,#11043);
#11042 = CARTESIAN_POINT('',(145.58820502833,-83.52206943921,1.6));
#11043 = VECTOR('',#11044,1.);
#11044 = DIRECTION('',(-0.798017956254,0.60263367106,0.));
#11045 = PCURVE('',#90,#11046);
#11046 = DEFINITIONAL_REPRESENTATION('',(#11047),#11050);
#11047 = B_SPLINE_CURVE_WITH_KNOTS('',1,(#11048,#11049),.UNSPECIFIED.,
  .F.,.F.,(2,2),(0.503656622239,0.613906021153),
  .PIECEWISE_BEZIER_KNOTS.);
#11048 = CARTESIAN_POINT('',(-15.186278,21.781451));
#11049 = CARTESIAN_POINT('',(-15.098297,21.847891));
#11050 = ( GEOMETRIC_REPRESENTATION_CONTEXT(2) 
PARAMETRIC_REPRESENTATION_CONTEXT() REPRESENTATION_CONTEXT('2D SPACE',''
  ) );
#11051 = PCURVE('',#5105,#11052);
#11052 = DEFINITIONAL_REPRESENTATION('',(#11053),#11056);
#11053 = B_SPLINE_CURVE_WITH_KNOTS('',1,(#11054,#11055),.UNSPECIFIED.,
  .F.,.F.,(2,2),(0.503656622239,0.613906021153),
  .PIECEWISE_BEZIER_KNOTS.);
#11054 = CARTESIAN_POINT('',(0.,-1.6));
#11055 = CARTESIAN_POINT('',(0.110249398914,-1.6));
#11056 = ( GEOMETRIC_REPRESENTATION_CONTEXT(2) 
PARAMETRIC_REPRESENTATION_CONTEXT() REPRESENTATION_CONTEXT('2D SPACE',''
  ) );
#11057 = ORIENTED_EDGE('',*,*,#11058,.F.);
#11058 = EDGE_CURVE('',#11059,#11038,#11061,.T.);
#11059 = VERTEX_POINT('',#11060);
#11060 = CARTESIAN_POINT('',(145.292319,-83.24872,1.6));
#11061 = SURFACE_CURVE('',#11062,(#11066,#11072),.PCURVE_S1.);
#11062 = LINE('',#11063,#11064);
#11063 = CARTESIAN_POINT('',(141.0814039041,-82.05062191191,1.6));
#11064 = VECTOR('',#11065,1.);
#11065 = DIRECTION('',(-0.961826277748,0.273660759762,0.));
#11066 = PCURVE('',#90,#11067);
#11067 = DEFINITIONAL_REPRESENTATION('',(#11068),#11071);
#11068 = B_SPLINE_CURVE_WITH_KNOTS('',1,(#11069,#11070),.UNSPECIFIED.,
  .F.,.F.,(2,2),(-4.378041225652,-4.26779158655),
  .PIECEWISE_BEZIER_KNOTS.);
#11069 = CARTESIAN_POINT('',(-15.292319,21.75128));
#11070 = CARTESIAN_POINT('',(-15.186278,21.781451));
#11071 = ( GEOMETRIC_REPRESENTATION_CONTEXT(2) 
PARAMETRIC_REPRESENTATION_CONTEXT() REPRESENTATION_CONTEXT('2D SPACE',''
  ) );
#11072 = PCURVE('',#5133,#11073);
#11073 = DEFINITIONAL_REPRESENTATION('',(#11074),#11077);
#11074 = B_SPLINE_CURVE_WITH_KNOTS('',1,(#11075,#11076),.UNSPECIFIED.,
  .F.,.F.,(2,2),(-4.378041225652,-4.26779158655),
  .PIECEWISE_BEZIER_KNOTS.);
#11075 = CARTESIAN_POINT('',(0.,-1.6));
#11076 = CARTESIAN_POINT('',(0.110249639101,-1.6));
#11077 = ( GEOMETRIC_REPRESENTATION_CONTEXT(2) 
PARAMETRIC_REPRESENTATION_CONTEXT() REPRESENTATION_CONTEXT('2D SPACE',''
  ) );
#11078 = ORIENTED_EDGE('',*,*,#11079,.F.);
#11079 = EDGE_CURVE('',#11080,#11059,#11082,.T.);
#11080 = VERTEX_POINT('',#11081);
#11081 = CARTESIAN_POINT('',(145.402099,-83.238548,1.6));
#11082 = SURFACE_CURVE('',#11083,(#11087,#11093),.PCURVE_S1.);
#11083 = LINE('',#11084,#11085);
#11084 = CARTESIAN_POINT('',(136.7669994777,-84.03865942595,1.6));
#11085 = VECTOR('',#11086,1.);
#11086 = DIRECTION('',(-0.995734688848,-9.226282797384E-02,0.));
#11087 = PCURVE('',#90,#11088);
#11088 = DEFINITIONAL_REPRESENTATION('',(#11089),#11092);
#11089 = B_SPLINE_CURVE_WITH_KNOTS('',1,(#11090,#11091),.UNSPECIFIED.,
  .F.,.F.,(2,2),(-8.67208867885,-8.561838427223),
  .PIECEWISE_BEZIER_KNOTS.);
#11090 = CARTESIAN_POINT('',(-15.402099,21.761452));
#11091 = CARTESIAN_POINT('',(-15.292319,21.75128));
#11092 = ( GEOMETRIC_REPRESENTATION_CONTEXT(2) 
PARAMETRIC_REPRESENTATION_CONTEXT() REPRESENTATION_CONTEXT('2D SPACE',''
  ) );
#11093 = PCURVE('',#5161,#11094);
#11094 = DEFINITIONAL_REPRESENTATION('',(#11095),#11098);
#11095 = B_SPLINE_CURVE_WITH_KNOTS('',1,(#11096,#11097),.UNSPECIFIED.,
  .F.,.F.,(2,2),(-8.67208867885,-8.561838427223),
  .PIECEWISE_BEZIER_KNOTS.);
#11096 = CARTESIAN_POINT('',(0.,-1.6));
#11097 = CARTESIAN_POINT('',(0.110250251628,-1.6));
#11098 = ( GEOMETRIC_REPRESENTATION_CONTEXT(2) 
PARAMETRIC_REPRESENTATION_CONTEXT() REPRESENTATION_CONTEXT('2D SPACE',''
  ) );
#11099 = ORIENTED_EDGE('',*,*,#11100,.F.);
#11100 = EDGE_CURVE('',#11101,#11080,#11103,.T.);
#11101 = VERTEX_POINT('',#11102);
#11102 = CARTESIAN_POINT('',(145.50079,-83.189405,1.6));
#11103 = SURFACE_CURVE('',#11104,(#11108,#11114),.PCURVE_S1.);
#11104 = LINE('',#11105,#11106);
#11105 = CARTESIAN_POINT('',(134.93895436151,-88.4486514235,1.6));
#11106 = VECTOR('',#11107,1.);
#11107 = DIRECTION('',(-0.895160681354,-0.445743597327,0.));
#11108 = PCURVE('',#90,#11109);
#11109 = DEFINITIONAL_REPRESENTATION('',(#11110),#11113);
#11110 = B_SPLINE_CURVE_WITH_KNOTS('',1,(#11111,#11112),.UNSPECIFIED.,
  .F.,.F.,(2,2),(-11.79881540653,-11.68856592612),
  .PIECEWISE_BEZIER_KNOTS.);
#11111 = CARTESIAN_POINT('',(-15.50079,21.810595));
#11112 = CARTESIAN_POINT('',(-15.402099,21.761452));
#11113 = ( GEOMETRIC_REPRESENTATION_CONTEXT(2) 
PARAMETRIC_REPRESENTATION_CONTEXT() REPRESENTATION_CONTEXT('2D SPACE',''
  ) );
#11114 = PCURVE('',#5189,#11115);
#11115 = DEFINITIONAL_REPRESENTATION('',(#11116),#11119);
#11116 = B_SPLINE_CURVE_WITH_KNOTS('',1,(#11117,#11118),.UNSPECIFIED.,
  .F.,.F.,(2,2),(-11.79881540653,-11.68856592612),
  .PIECEWISE_BEZIER_KNOTS.);
#11117 = CARTESIAN_POINT('',(0.,-1.6));
#11118 = CARTESIAN_POINT('',(0.110249480407,-1.6));
#11119 = ( GEOMETRIC_REPRESENTATION_CONTEXT(2) 
PARAMETRIC_REPRESENTATION_CONTEXT() REPRESENTATION_CONTEXT('2D SPACE',''
  ) );
#11120 = ORIENTED_EDGE('',*,*,#11121,.F.);
#11121 = EDGE_CURVE('',#11122,#11101,#11124,.T.);
#11122 = VERTEX_POINT('',#11123);
#11123 = CARTESIAN_POINT('',(145.575065,-83.10793,1.6));
#11124 = SURFACE_CURVE('',#11125,(#11129,#11135),.PCURVE_S1.);
#11125 = LINE('',#11126,#11127);
#11126 = CARTESIAN_POINT('',(136.59085709126,-92.96304059393,1.6));
#11127 = VECTOR('',#11128,1.);
#11128 = DIRECTION('',(-0.67369922817,-0.73900564948,0.));
#11129 = PCURVE('',#90,#11130);
#11130 = DEFINITIONAL_REPRESENTATION('',(#11131),#11134);
#11131 = B_SPLINE_CURVE_WITH_KNOTS('',1,(#11132,#11133),.UNSPECIFIED.,
  .F.,.F.,(2,2),(-13.335636339,-13.22538684354),
  .PIECEWISE_BEZIER_KNOTS.);
#11132 = CARTESIAN_POINT('',(-15.575065,21.89207));
#11133 = CARTESIAN_POINT('',(-15.50079,21.810595));
#11134 = ( GEOMETRIC_REPRESENTATION_CONTEXT(2) 
PARAMETRIC_REPRESENTATION_CONTEXT() REPRESENTATION_CONTEXT('2D SPACE',''
  ) );
#11135 = PCURVE('',#5217,#11136);
#11136 = DEFINITIONAL_REPRESENTATION('',(#11137),#11140);
#11137 = B_SPLINE_CURVE_WITH_KNOTS('',1,(#11138,#11139),.UNSPECIFIED.,
  .F.,.F.,(2,2),(-13.335636339,-13.22538684354),
  .PIECEWISE_BEZIER_KNOTS.);
#11138 = CARTESIAN_POINT('',(0.,-1.6));
#11139 = CARTESIAN_POINT('',(0.110249495464,-1.6));
#11140 = ( GEOMETRIC_REPRESENTATION_CONTEXT(2) 
PARAMETRIC_REPRESENTATION_CONTEXT() REPRESENTATION_CONTEXT('2D SPACE',''
  ) );
#11141 = ORIENTED_EDGE('',*,*,#11142,.F.);
#11142 = EDGE_CURVE('',#11143,#11122,#11145,.T.);
#11143 = VERTEX_POINT('',#11144);
#11144 = CARTESIAN_POINT('',(145.614892,-83.005125,1.6));
#11145 = SURFACE_CURVE('',#11146,(#11150,#11156),.PCURVE_S1.);
#11146 = LINE('',#11147,#11148);
#11147 = CARTESIAN_POINT('',(140.8915774275,-95.19736530495,1.6));
#11148 = VECTOR('',#11149,1.);
#11149 = DIRECTION('',(-0.361242697938,-0.932471829701,0.));
#11150 = PCURVE('',#90,#11151);
#11151 = DEFINITIONAL_REPRESENTATION('',(#11152),#11155);
#11152 = B_SPLINE_CURVE_WITH_KNOTS('',1,(#11153,#11154),.UNSPECIFIED.,
  .F.,.F.,(2,2),(-13.07518352469,-12.96493354531),
  .PIECEWISE_BEZIER_KNOTS.);
#11153 = CARTESIAN_POINT('',(-15.614892,21.994875));
#11154 = CARTESIAN_POINT('',(-15.575065,21.89207));
#11155 = ( GEOMETRIC_REPRESENTATION_CONTEXT(2) 
PARAMETRIC_REPRESENTATION_CONTEXT() REPRESENTATION_CONTEXT('2D SPACE',''
  ) );
#11156 = PCURVE('',#5245,#11157);
#11157 = DEFINITIONAL_REPRESENTATION('',(#11158),#11161);
#11158 = B_SPLINE_CURVE_WITH_KNOTS('',1,(#11159,#11160),.UNSPECIFIED.,
  .F.,.F.,(2,2),(-13.07518352469,-12.96493354531),
  .PIECEWISE_BEZIER_KNOTS.);
#11159 = CARTESIAN_POINT('',(0.,-1.6));
#11160 = CARTESIAN_POINT('',(0.110249979383,-1.6));
#11161 = ( GEOMETRIC_REPRESENTATION_CONTEXT(2) 
PARAMETRIC_REPRESENTATION_CONTEXT() REPRESENTATION_CONTEXT('2D SPACE',''
  ) );
#11162 = ORIENTED_EDGE('',*,*,#11163,.F.);
#11163 = EDGE_CURVE('',#11164,#11143,#11166,.T.);
#11164 = VERTEX_POINT('',#11165);
#11165 = CARTESIAN_POINT('',(145.62,-82.95,1.6));
#11166 = SURFACE_CURVE('',#11167,(#11171,#11177),.PCURVE_S1.);
#11167 = LINE('',#11168,#11169);
#11168 = CARTESIAN_POINT('',(144.54060916825,-94.59867259195,1.6));
#11169 = VECTOR('',#11170,1.);
#11170 = DIRECTION('',(-9.22668640424E-02,-0.995734314865,0.));
#11171 = PCURVE('',#90,#11172);
#11172 = DEFINITIONAL_REPRESENTATION('',(#11173),#11176);
#11173 = B_SPLINE_CURVE_WITH_KNOTS('',1,(#11174,#11175),.UNSPECIFIED.,
  .F.,.F.,(2,2),(-11.69857502955,-11.64321387631),
  .PIECEWISE_BEZIER_KNOTS.);
#11174 = CARTESIAN_POINT('',(-15.62,22.05));
#11175 = CARTESIAN_POINT('',(-15.614892,21.994875));
#11176 = ( GEOMETRIC_REPRESENTATION_CONTEXT(2) 
PARAMETRIC_REPRESENTATION_CONTEXT() REPRESENTATION_CONTEXT('2D SPACE',''
  ) );
#11177 = PCURVE('',#5273,#11178);
#11178 = DEFINITIONAL_REPRESENTATION('',(#11179),#11182);
#11179 = B_SPLINE_CURVE_WITH_KNOTS('',1,(#11180,#11181),.UNSPECIFIED.,
  .F.,.F.,(2,2),(-11.69857502955,-11.64321387631),
  .PIECEWISE_BEZIER_KNOTS.);
#11180 = CARTESIAN_POINT('',(0.,-1.6));
#11181 = CARTESIAN_POINT('',(5.536115324847E-02,-1.6));
#11182 = ( GEOMETRIC_REPRESENTATION_CONTEXT(2) 
PARAMETRIC_REPRESENTATION_CONTEXT() REPRESENTATION_CONTEXT('2D SPACE',''
  ) );
#11183 = ORIENTED_EDGE('',*,*,#11184,.F.);
#11184 = EDGE_CURVE('',#11185,#11164,#11187,.T.);
#11185 = VERTEX_POINT('',#11186);
#11186 = CARTESIAN_POINT('',(145.62,-82.35,1.6));
#11187 = SURFACE_CURVE('',#11188,(#11192,#11198),.PCURVE_S1.);
#11188 = LINE('',#11189,#11190);
#11189 = CARTESIAN_POINT('',(145.62,-93.675,1.6));
#11190 = VECTOR('',#11191,1.);
#11191 = DIRECTION('',(0.,-1.,0.));
#11192 = PCURVE('',#90,#11193);
#11193 = DEFINITIONAL_REPRESENTATION('',(#11194),#11197);
#11194 = B_SPLINE_CURVE_WITH_KNOTS('',1,(#11195,#11196),.UNSPECIFIED.,
  .F.,.F.,(2,2),(-11.325,-10.725),.PIECEWISE_BEZIER_KNOTS.);
#11195 = CARTESIAN_POINT('',(-15.62,22.65));
#11196 = CARTESIAN_POINT('',(-15.62,22.05));
#11197 = ( GEOMETRIC_REPRESENTATION_CONTEXT(2) 
PARAMETRIC_REPRESENTATION_CONTEXT() REPRESENTATION_CONTEXT('2D SPACE',''
  ) );
#11198 = PCURVE('',#5301,#11199);
#11199 = DEFINITIONAL_REPRESENTATION('',(#11200),#11203);
#11200 = B_SPLINE_CURVE_WITH_KNOTS('',1,(#11201,#11202),.UNSPECIFIED.,
  .F.,.F.,(2,2),(-11.325,-10.725),.PIECEWISE_BEZIER_KNOTS.);
#11201 = CARTESIAN_POINT('',(0.,-1.6));
#11202 = CARTESIAN_POINT('',(0.6,-1.6));
#11203 = ( GEOMETRIC_REPRESENTATION_CONTEXT(2) 
PARAMETRIC_REPRESENTATION_CONTEXT() REPRESENTATION_CONTEXT('2D SPACE',''
  ) );
#11204 = ORIENTED_EDGE('',*,*,#11205,.F.);
#11205 = EDGE_CURVE('',#11206,#11185,#11208,.T.);
#11206 = VERTEX_POINT('',#11207);
#11207 = CARTESIAN_POINT('',(145.599742,-82.241628,1.6));
#11208 = SURFACE_CURVE('',#11209,(#11213,#11219),.PCURVE_S1.);
#11209 = LINE('',#11210,#11211);
#11210 = CARTESIAN_POINT('',(147.39168958656,-91.82781340089,1.6));
#11211 = VECTOR('',#11212,1.);
#11212 = DIRECTION('',(0.183747434241,-0.982973489169,0.));
#11213 = PCURVE('',#90,#11214);
#11214 = DEFINITIONAL_REPRESENTATION('',(#11215),#11218);
#11215 = B_SPLINE_CURVE_WITH_KNOTS('',1,(#11216,#11217),.UNSPECIFIED.,
  .F.,.F.,(2,2),(-9.752231882663,-9.641982724172),
  .PIECEWISE_BEZIER_KNOTS.);
#11216 = CARTESIAN_POINT('',(-15.599742,22.758372));
#11217 = CARTESIAN_POINT('',(-15.62,22.65));
#11218 = ( GEOMETRIC_REPRESENTATION_CONTEXT(2) 
PARAMETRIC_REPRESENTATION_CONTEXT() REPRESENTATION_CONTEXT('2D SPACE',''
  ) );
#11219 = PCURVE('',#5329,#11220);
#11220 = DEFINITIONAL_REPRESENTATION('',(#11221),#11224);
#11221 = B_SPLINE_CURVE_WITH_KNOTS('',1,(#11222,#11223),.UNSPECIFIED.,
  .F.,.F.,(2,2),(-9.752231882663,-9.641982724172),
  .PIECEWISE_BEZIER_KNOTS.);
#11222 = CARTESIAN_POINT('',(0.,-1.6));
#11223 = CARTESIAN_POINT('',(0.110249158491,-1.6));
#11224 = ( GEOMETRIC_REPRESENTATION_CONTEXT(2) 
PARAMETRIC_REPRESENTATION_CONTEXT() REPRESENTATION_CONTEXT('2D SPACE',''
  ) );
#11225 = ORIENTED_EDGE('',*,*,#11226,.F.);
#11226 = EDGE_CURVE('',#11227,#11206,#11229,.T.);
#11227 = VERTEX_POINT('',#11228);
#11228 = CARTESIAN_POINT('',(145.541703,-82.147891,1.6));
#11229 = SURFACE_CURVE('',#11230,(#11234,#11240),.PCURVE_S1.);
#11230 = LINE('',#11231,#11232);
#11231 = CARTESIAN_POINT('',(148.50225989785,-86.92939519432,1.6));
#11232 = VECTOR('',#11233,1.);
#11233 = DIRECTION('',(0.526428929276,-0.850219137882,0.));
#11234 = PCURVE('',#90,#11235);
#11235 = DEFINITIONAL_REPRESENTATION('',(#11236),#11239);
#11236 = B_SPLINE_CURVE_WITH_KNOTS('',1,(#11237,#11238),.UNSPECIFIED.,
  .F.,.F.,(2,2),(-5.62384917168,-5.513598771726),
  .PIECEWISE_BEZIER_KNOTS.);
#11237 = CARTESIAN_POINT('',(-15.541703,22.852109));
#11238 = CARTESIAN_POINT('',(-15.599742,22.758372));
#11239 = ( GEOMETRIC_REPRESENTATION_CONTEXT(2) 
PARAMETRIC_REPRESENTATION_CONTEXT() REPRESENTATION_CONTEXT('2D SPACE',''
  ) );
#11240 = PCURVE('',#5357,#11241);
#11241 = DEFINITIONAL_REPRESENTATION('',(#11242),#11245);
#11242 = B_SPLINE_CURVE_WITH_KNOTS('',1,(#11243,#11244),.UNSPECIFIED.,
  .F.,.F.,(2,2),(-5.62384917168,-5.513598771726),
  .PIECEWISE_BEZIER_KNOTS.);
#11243 = CARTESIAN_POINT('',(0.,-1.6));
#11244 = CARTESIAN_POINT('',(0.110250399954,-1.6));
#11245 = ( GEOMETRIC_REPRESENTATION_CONTEXT(2) 
PARAMETRIC_REPRESENTATION_CONTEXT() REPRESENTATION_CONTEXT('2D SPACE',''
  ) );
#11246 = ORIENTED_EDGE('',*,*,#11247,.F.);
#11247 = EDGE_CURVE('',#11248,#11227,#11250,.T.);
#11248 = VERTEX_POINT('',#11249);
#11249 = CARTESIAN_POINT('',(145.453722,-82.081451,1.6));
#11250 = SURFACE_CURVE('',#11251,(#11255,#11261),.PCURVE_S1.);
#11251 = LINE('',#11252,#11253);
#11252 = CARTESIAN_POINT('',(146.04391280716,-82.52714128799,1.6));
#11253 = VECTOR('',#11254,1.);
#11254 = DIRECTION('',(0.798017956254,-0.60263367106,0.));
#11255 = PCURVE('',#90,#11256);
#11256 = DEFINITIONAL_REPRESENTATION('',(#11257),#11260);
#11257 = B_SPLINE_CURVE_WITH_KNOTS('',1,(#11258,#11259),.UNSPECIFIED.,
  .F.,.F.,(2,2),(-0.739570836138,-0.629321437224),
  .PIECEWISE_BEZIER_KNOTS.);
#11258 = CARTESIAN_POINT('',(-15.453722,22.918549));
#11259 = CARTESIAN_POINT('',(-15.541703,22.852109));
#11260 = ( GEOMETRIC_REPRESENTATION_CONTEXT(2) 
PARAMETRIC_REPRESENTATION_CONTEXT() REPRESENTATION_CONTEXT('2D SPACE',''
  ) );
#11261 = PCURVE('',#5385,#11262);
#11262 = DEFINITIONAL_REPRESENTATION('',(#11263),#11266);
#11263 = B_SPLINE_CURVE_WITH_KNOTS('',1,(#11264,#11265),.UNSPECIFIED.,
  .F.,.F.,(2,2),(-0.739570836138,-0.629321437224),
  .PIECEWISE_BEZIER_KNOTS.);
#11264 = CARTESIAN_POINT('',(0.,-1.6));
#11265 = CARTESIAN_POINT('',(0.110249398914,-1.6));
#11266 = ( GEOMETRIC_REPRESENTATION_CONTEXT(2) 
PARAMETRIC_REPRESENTATION_CONTEXT() REPRESENTATION_CONTEXT('2D SPACE',''
  ) );
#11267 = ORIENTED_EDGE('',*,*,#11268,.F.);
#11268 = EDGE_CURVE('',#11269,#11248,#11271,.T.);
#11269 = VERTEX_POINT('',#11270);
#11270 = CARTESIAN_POINT('',(145.347681,-82.05128,1.6));
#11271 = SURFACE_CURVE('',#11272,(#11276,#11282),.PCURVE_S1.);
#11272 = LINE('',#11273,#11274);
#11273 = CARTESIAN_POINT('',(141.26874949194,-80.89073414953,1.6));
#11274 = VECTOR('',#11275,1.);
#11275 = DIRECTION('',(0.961826277748,-0.273660759762,0.));
#11276 = PCURVE('',#90,#11277);
#11277 = DEFINITIONAL_REPRESENTATION('',(#11278),#11281);
#11278 = B_SPLINE_CURVE_WITH_KNOTS('',1,(#11279,#11280),.UNSPECIFIED.,
  .F.,.F.,(2,2),(4.240819368763,4.351069007865),
  .PIECEWISE_BEZIER_KNOTS.);
#11279 = CARTESIAN_POINT('',(-15.347681,22.94872));
#11280 = CARTESIAN_POINT('',(-15.453722,22.918549));
#11281 = ( GEOMETRIC_REPRESENTATION_CONTEXT(2) 
PARAMETRIC_REPRESENTATION_CONTEXT() REPRESENTATION_CONTEXT('2D SPACE',''
  ) );
#11282 = PCURVE('',#5413,#11283);
#11283 = DEFINITIONAL_REPRESENTATION('',(#11284),#11287);
#11284 = B_SPLINE_CURVE_WITH_KNOTS('',1,(#11285,#11286),.UNSPECIFIED.,
  .F.,.F.,(2,2),(4.240819368763,4.351069007865),
  .PIECEWISE_BEZIER_KNOTS.);
#11285 = CARTESIAN_POINT('',(0.,-1.6));
#11286 = CARTESIAN_POINT('',(0.110249639101,-1.6));
#11287 = ( GEOMETRIC_REPRESENTATION_CONTEXT(2) 
PARAMETRIC_REPRESENTATION_CONTEXT() REPRESENTATION_CONTEXT('2D SPACE',''
  ) );
#11288 = ORIENTED_EDGE('',*,*,#11289,.F.);
#11289 = EDGE_CURVE('',#11290,#11269,#11292,.T.);
#11290 = VERTEX_POINT('',#11291);
#11291 = CARTESIAN_POINT('',(145.237901,-82.061452,1.6));
#11292 = SURFACE_CURVE('',#11293,(#11297,#11303),.PCURVE_S1.);
#11293 = LINE('',#11294,#11295);
#11294 = CARTESIAN_POINT('',(136.63013212398,-82.85903102174,1.6));
#11295 = VECTOR('',#11296,1.);
#11296 = DIRECTION('',(0.995734688848,9.226282797371E-02,-0.));
#11297 = PCURVE('',#90,#11298);
#11298 = DEFINITIONAL_REPRESENTATION('',(#11299),#11302);
#11299 = B_SPLINE_CURVE_WITH_KNOTS('',1,(#11300,#11301),.UNSPECIFIED.,
  .F.,.F.,(2,2),(8.644640959508,8.754891211135),
  .PIECEWISE_BEZIER_KNOTS.);
#11300 = CARTESIAN_POINT('',(-15.237901,22.938548));
#11301 = CARTESIAN_POINT('',(-15.347681,22.94872));
#11302 = ( GEOMETRIC_REPRESENTATION_CONTEXT(2) 
PARAMETRIC_REPRESENTATION_CONTEXT() REPRESENTATION_CONTEXT('2D SPACE',''
  ) );
#11303 = PCURVE('',#5441,#11304);
#11304 = DEFINITIONAL_REPRESENTATION('',(#11305),#11308);
#11305 = B_SPLINE_CURVE_WITH_KNOTS('',1,(#11306,#11307),.UNSPECIFIED.,
  .F.,.F.,(2,2),(8.644640959508,8.754891211135),
  .PIECEWISE_BEZIER_KNOTS.);
#11306 = CARTESIAN_POINT('',(0.,-1.6));
#11307 = CARTESIAN_POINT('',(0.110250251628,-1.6));
#11308 = ( GEOMETRIC_REPRESENTATION_CONTEXT(2) 
PARAMETRIC_REPRESENTATION_CONTEXT() REPRESENTATION_CONTEXT('2D SPACE',''
  ) );
#11309 = ORIENTED_EDGE('',*,*,#11310,.F.);
#11310 = EDGE_CURVE('',#11311,#11290,#11313,.T.);
#11311 = VERTEX_POINT('',#11312);
#11312 = CARTESIAN_POINT('',(145.13921,-82.110595,1.6));
#11313 = SURFACE_CURVE('',#11314,(#11318,#11324),.PCURVE_S1.);
#11314 = LINE('',#11315,#11316);
#11315 = CARTESIAN_POINT('',(134.50701453007,-87.40487697078,1.6));
#11316 = VECTOR('',#11317,1.);
#11317 = DIRECTION('',(0.895160681354,0.445743597327,-0.));
#11318 = PCURVE('',#90,#11319);
#11319 = DEFINITIONAL_REPRESENTATION('',(#11320),#11323);
#11320 = B_SPLINE_CURVE_WITH_KNOTS('',1,(#11321,#11322),.UNSPECIFIED.,
  .F.,.F.,(2,2),(11.877415632066,11.987665112473),
  .PIECEWISE_BEZIER_KNOTS.);
#11321 = CARTESIAN_POINT('',(-15.13921,22.889405));
#11322 = CARTESIAN_POINT('',(-15.237901,22.938548));
#11323 = ( GEOMETRIC_REPRESENTATION_CONTEXT(2) 
PARAMETRIC_REPRESENTATION_CONTEXT() REPRESENTATION_CONTEXT('2D SPACE',''
  ) );
#11324 = PCURVE('',#5469,#11325);
#11325 = DEFINITIONAL_REPRESENTATION('',(#11326),#11329);
#11326 = B_SPLINE_CURVE_WITH_KNOTS('',1,(#11327,#11328),.UNSPECIFIED.,
  .F.,.F.,(2,2),(11.877415632066,11.987665112473),
  .PIECEWISE_BEZIER_KNOTS.);
#11327 = CARTESIAN_POINT('',(0.,-1.6));
#11328 = CARTESIAN_POINT('',(0.110249480407,-1.6));
#11329 = ( GEOMETRIC_REPRESENTATION_CONTEXT(2) 
PARAMETRIC_REPRESENTATION_CONTEXT() REPRESENTATION_CONTEXT('2D SPACE',''
  ) );
#11330 = ORIENTED_EDGE('',*,*,#11331,.F.);
#11331 = EDGE_CURVE('',#10933,#11311,#11332,.T.);
#11332 = SURFACE_CURVE('',#11333,(#11337,#11343),.PCURVE_S1.);
#11333 = LINE('',#11334,#11335);
#11334 = CARTESIAN_POINT('',(135.968505128,-92.17028102417,1.6));
#11335 = VECTOR('',#11336,1.);
#11336 = DIRECTION('',(0.67369922817,0.73900564948,-0.));
#11337 = PCURVE('',#90,#11338);
#11338 = DEFINITIONAL_REPRESENTATION('',(#11339),#11342);
#11339 = B_SPLINE_CURVE_WITH_KNOTS('',1,(#11340,#11341),.UNSPECIFIED.,
  .F.,.F.,(2,2),(13.502212102437,13.6124615979),
  .PIECEWISE_BEZIER_KNOTS.);
#11340 = CARTESIAN_POINT('',(-15.064935,22.80793));
#11341 = CARTESIAN_POINT('',(-15.13921,22.889405));
#11342 = ( GEOMETRIC_REPRESENTATION_CONTEXT(2) 
PARAMETRIC_REPRESENTATION_CONTEXT() REPRESENTATION_CONTEXT('2D SPACE',''
  ) );
#11343 = PCURVE('',#5495,#11344);
#11344 = DEFINITIONAL_REPRESENTATION('',(#11345),#11348);
#11345 = B_SPLINE_CURVE_WITH_KNOTS('',1,(#11346,#11347),.UNSPECIFIED.,
  .F.,.F.,(2,2),(13.502212102437,13.6124615979),
  .PIECEWISE_BEZIER_KNOTS.);
#11346 = CARTESIAN_POINT('',(0.,-1.6));
#11347 = CARTESIAN_POINT('',(0.110249495464,-1.6));
#11348 = ( GEOMETRIC_REPRESENTATION_CONTEXT(2) 
PARAMETRIC_REPRESENTATION_CONTEXT() REPRESENTATION_CONTEXT('2D SPACE',''
  ) );
#11349 = FACE_BOUND('',#11350,.F.);
#11350 = EDGE_LOOP('',(#11351));
#11351 = ORIENTED_EDGE('',*,*,#11352,.T.);
#11352 = EDGE_CURVE('',#11353,#11353,#11355,.T.);
#11353 = VERTEX_POINT('',#11354);
#11354 = CARTESIAN_POINT('',(138.435,-86.3,1.6));
#11355 = SURFACE_CURVE('',#11356,(#11361,#11372),.PCURVE_S1.);
#11356 = CIRCLE('',#11357,0.325);
#11357 = AXIS2_PLACEMENT_3D('',#11358,#11359,#11360);
#11358 = CARTESIAN_POINT('',(138.11,-86.3,1.6));
#11359 = DIRECTION('',(0.,0.,1.));
#11360 = DIRECTION('',(1.,0.,-0.));
#11361 = PCURVE('',#90,#11362);
#11362 = DEFINITIONAL_REPRESENTATION('',(#11363),#11371);
#11363 = ( BOUNDED_CURVE() B_SPLINE_CURVE(2,(#11364,#11365,#11366,#11367
    ,#11368,#11369,#11370),.UNSPECIFIED.,.T.,.F.) 
B_SPLINE_CURVE_WITH_KNOTS((1,2,2,2,2,1),(-2.094395102393,0.,
    2.094395102393,4.188790204786,6.28318530718,8.377580409573),
.UNSPECIFIED.) CURVE() GEOMETRIC_REPRESENTATION_ITEM() 
RATIONAL_B_SPLINE_CURVE((1.,0.5,1.,0.5,1.,0.5,1.)) REPRESENTATION_ITEM(
  '') );
#11364 = CARTESIAN_POINT('',(-8.435,18.7));
#11365 = CARTESIAN_POINT('',(-8.435,19.26291651246));
#11366 = CARTESIAN_POINT('',(-7.9475,18.98145825623));
#11367 = CARTESIAN_POINT('',(-7.46,18.7));
#11368 = CARTESIAN_POINT('',(-7.9475,18.41854174377));
#11369 = CARTESIAN_POINT('',(-8.435,18.13708348754));
#11370 = CARTESIAN_POINT('',(-8.435,18.7));
#11371 = ( GEOMETRIC_REPRESENTATION_CONTEXT(2) 
PARAMETRIC_REPRESENTATION_CONTEXT() REPRESENTATION_CONTEXT('2D SPACE',''
  ) );
#11372 = PCURVE('',#5530,#11373);
#11373 = DEFINITIONAL_REPRESENTATION('',(#11374),#11378);
#11374 = LINE('',#11375,#11376);
#11375 = CARTESIAN_POINT('',(0.,1.61));
#11376 = VECTOR('',#11377,1.);
#11377 = DIRECTION('',(1.,0.));
#11378 = ( GEOMETRIC_REPRESENTATION_CONTEXT(2) 
PARAMETRIC_REPRESENTATION_CONTEXT() REPRESENTATION_CONTEXT('2D SPACE',''
  ) );
#11379 = FACE_BOUND('',#11380,.F.);
#11380 = EDGE_LOOP('',(#11381,#11404,#11425,#11446,#11467,#11488,#11509,
    #11530,#11551,#11572,#11593,#11614,#11635,#11656,#11677,#11698,
    #11719,#11740,#11761,#11782));
#11381 = ORIENTED_EDGE('',*,*,#11382,.F.);
#11382 = EDGE_CURVE('',#11383,#11385,#11387,.T.);
#11383 = VERTEX_POINT('',#11384);
#11384 = CARTESIAN_POINT('',(136.385108,-86.224875,1.6));
#11385 = VERTEX_POINT('',#11386);
#11386 = CARTESIAN_POINT('',(136.424935,-86.12207,1.6));
#11387 = SURFACE_CURVE('',#11388,(#11392,#11398),.PCURVE_S1.);
#11388 = LINE('',#11389,#11390);
#11389 = CARTESIAN_POINT('',(132.80630390108,-95.46280292299,1.6));
#11390 = VECTOR('',#11391,1.);
#11391 = DIRECTION('',(0.361242697938,0.932471829701,-0.));
#11392 = PCURVE('',#90,#11393);
#11393 = DEFINITIONAL_REPRESENTATION('',(#11394),#11397);
#11394 = B_SPLINE_CURVE_WITH_KNOTS('',1,(#11395,#11396),.UNSPECIFIED.,
  .F.,.F.,(2,2),(9.906924401083,10.017174380466),
  .PIECEWISE_BEZIER_KNOTS.);
#11395 = CARTESIAN_POINT('',(-6.385108,18.775125));
#11396 = CARTESIAN_POINT('',(-6.424935,18.87793));
#11397 = ( GEOMETRIC_REPRESENTATION_CONTEXT(2) 
PARAMETRIC_REPRESENTATION_CONTEXT() REPRESENTATION_CONTEXT('2D SPACE',''
  ) );
#11398 = PCURVE('',#5562,#11399);
#11399 = DEFINITIONAL_REPRESENTATION('',(#11400),#11403);
#11400 = B_SPLINE_CURVE_WITH_KNOTS('',1,(#11401,#11402),.UNSPECIFIED.,
  .F.,.F.,(2,2),(9.906924401083,10.017174380466),
  .PIECEWISE_BEZIER_KNOTS.);
#11401 = CARTESIAN_POINT('',(0.,-1.6));
#11402 = CARTESIAN_POINT('',(0.110249979383,-1.6));
#11403 = ( GEOMETRIC_REPRESENTATION_CONTEXT(2) 
PARAMETRIC_REPRESENTATION_CONTEXT() REPRESENTATION_CONTEXT('2D SPACE',''
  ) );
#11404 = ORIENTED_EDGE('',*,*,#11405,.F.);
#11405 = EDGE_CURVE('',#11406,#11383,#11408,.T.);
#11406 = VERTEX_POINT('',#11407);
#11407 = CARTESIAN_POINT('',(136.38,-86.28,1.6));
#11408 = SURFACE_CURVE('',#11409,(#11413,#11419),.PCURVE_S1.);
#11409 = LINE('',#11410,#11411);
#11410 = CARTESIAN_POINT('',(135.49290904867,-95.85339246114,1.6));
#11411 = VECTOR('',#11412,1.);
#11412 = DIRECTION('',(9.22668640424E-02,0.995734314865,-0.));
#11413 = PCURVE('',#90,#11414);
#11414 = DEFINITIONAL_REPRESENTATION('',(#11415),#11418);
#11415 = B_SPLINE_CURVE_WITH_KNOTS('',1,(#11416,#11417),.UNSPECIFIED.,
  .F.,.F.,(2,2),(9.614404483432,9.669765636681),
  .PIECEWISE_BEZIER_KNOTS.);
#11416 = CARTESIAN_POINT('',(-6.38,18.72));
#11417 = CARTESIAN_POINT('',(-6.385108,18.775125));
#11418 = ( GEOMETRIC_REPRESENTATION_CONTEXT(2) 
PARAMETRIC_REPRESENTATION_CONTEXT() REPRESENTATION_CONTEXT('2D SPACE',''
  ) );
#11419 = PCURVE('',#5590,#11420);
#11420 = DEFINITIONAL_REPRESENTATION('',(#11421),#11424);
#11421 = B_SPLINE_CURVE_WITH_KNOTS('',1,(#11422,#11423),.UNSPECIFIED.,
  .F.,.F.,(2,2),(9.614404483432,9.669765636681),
  .PIECEWISE_BEZIER_KNOTS.);
#11422 = CARTESIAN_POINT('',(0.,-1.6));
#11423 = CARTESIAN_POINT('',(5.536115324847E-02,-1.6));
#11424 = ( GEOMETRIC_REPRESENTATION_CONTEXT(2) 
PARAMETRIC_REPRESENTATION_CONTEXT() REPRESENTATION_CONTEXT('2D SPACE',''
  ) );
#11425 = ORIENTED_EDGE('',*,*,#11426,.F.);
#11426 = EDGE_CURVE('',#11427,#11406,#11429,.T.);
#11427 = VERTEX_POINT('',#11428);
#11428 = CARTESIAN_POINT('',(136.38,-87.38,1.6));
#11429 = SURFACE_CURVE('',#11430,(#11434,#11440),.PCURVE_S1.);
#11430 = LINE('',#11431,#11432);
#11431 = CARTESIAN_POINT('',(136.38,-96.19,1.6));
#11432 = VECTOR('',#11433,1.);
#11433 = DIRECTION('',(0.,1.,-0.));
#11434 = PCURVE('',#90,#11435);
#11435 = DEFINITIONAL_REPRESENTATION('',(#11436),#11439);
#11436 = B_SPLINE_CURVE_WITH_KNOTS('',1,(#11437,#11438),.UNSPECIFIED.,
  .F.,.F.,(2,2),(8.81,9.91),.PIECEWISE_BEZIER_KNOTS.);
#11437 = CARTESIAN_POINT('',(-6.38,17.62));
#11438 = CARTESIAN_POINT('',(-6.38,18.72));
#11439 = ( GEOMETRIC_REPRESENTATION_CONTEXT(2) 
PARAMETRIC_REPRESENTATION_CONTEXT() REPRESENTATION_CONTEXT('2D SPACE',''
  ) );
#11440 = PCURVE('',#5618,#11441);
#11441 = DEFINITIONAL_REPRESENTATION('',(#11442),#11445);
#11442 = B_SPLINE_CURVE_WITH_KNOTS('',1,(#11443,#11444),.UNSPECIFIED.,
  .F.,.F.,(2,2),(8.81,9.91),.PIECEWISE_BEZIER_KNOTS.);
#11443 = CARTESIAN_POINT('',(0.,-1.6));
#11444 = CARTESIAN_POINT('',(1.1,-1.6));
#11445 = ( GEOMETRIC_REPRESENTATION_CONTEXT(2) 
PARAMETRIC_REPRESENTATION_CONTEXT() REPRESENTATION_CONTEXT('2D SPACE',''
  ) );
#11446 = ORIENTED_EDGE('',*,*,#11447,.F.);
#11447 = EDGE_CURVE('',#11448,#11427,#11450,.T.);
#11448 = VERTEX_POINT('',#11449);
#11449 = CARTESIAN_POINT('',(136.400258,-87.488372,1.6));
#11450 = SURFACE_CURVE('',#11451,(#11455,#11461),.PCURVE_S1.);
#11451 = LINE('',#11452,#11453);
#11452 = CARTESIAN_POINT('',(137.87367677481,-95.37055876397,1.6));
#11453 = VECTOR('',#11454,1.);
#11454 = DIRECTION('',(-0.183747434241,0.982973489169,0.));
#11455 = PCURVE('',#90,#11456);
#11456 = DEFINITIONAL_REPRESENTATION('',(#11457),#11460);
#11457 = B_SPLINE_CURVE_WITH_KNOTS('',1,(#11458,#11459),.UNSPECIFIED.,
  .F.,.F.,(2,2),(8.018717545106,8.128966703597),
  .PIECEWISE_BEZIER_KNOTS.);
#11458 = CARTESIAN_POINT('',(-6.400258,17.511628));
#11459 = CARTESIAN_POINT('',(-6.38,17.62));
#11460 = ( GEOMETRIC_REPRESENTATION_CONTEXT(2) 
PARAMETRIC_REPRESENTATION_CONTEXT() REPRESENTATION_CONTEXT('2D SPACE',''
  ) );
#11461 = PCURVE('',#5646,#11462);
#11462 = DEFINITIONAL_REPRESENTATION('',(#11463),#11466);
#11463 = B_SPLINE_CURVE_WITH_KNOTS('',1,(#11464,#11465),.UNSPECIFIED.,
  .F.,.F.,(2,2),(8.018717545106,8.128966703597),
  .PIECEWISE_BEZIER_KNOTS.);
#11464 = CARTESIAN_POINT('',(0.,-1.6));
#11465 = CARTESIAN_POINT('',(0.110249158491,-1.6));
#11466 = ( GEOMETRIC_REPRESENTATION_CONTEXT(2) 
PARAMETRIC_REPRESENTATION_CONTEXT() REPRESENTATION_CONTEXT('2D SPACE',''
  ) );
#11467 = ORIENTED_EDGE('',*,*,#11468,.F.);
#11468 = EDGE_CURVE('',#11469,#11448,#11471,.T.);
#11469 = VERTEX_POINT('',#11470);
#11470 = CARTESIAN_POINT('',(136.458297,-87.582109,1.6));
#11471 = SURFACE_CURVE('',#11472,(#11476,#11482),.PCURVE_S1.);
#11472 = LINE('',#11473,#11474);
#11473 = CARTESIAN_POINT('',(139.46136081019,-92.43226479827,1.6));
#11474 = VECTOR('',#11475,1.);
#11475 = DIRECTION('',(-0.526428929276,0.850219137882,0.));
#11476 = PCURVE('',#90,#11477);
#11477 = DEFINITIONAL_REPRESENTATION('',(#11478),#11481);
#11478 = B_SPLINE_CURVE_WITH_KNOTS('',1,(#11479,#11480),.UNSPECIFIED.,
  .F.,.F.,(2,2),(5.704594947547,5.814845347501),
  .PIECEWISE_BEZIER_KNOTS.);
#11479 = CARTESIAN_POINT('',(-6.458297,17.417891));
#11480 = CARTESIAN_POINT('',(-6.400258,17.511628));
#11481 = ( GEOMETRIC_REPRESENTATION_CONTEXT(2) 
PARAMETRIC_REPRESENTATION_CONTEXT() REPRESENTATION_CONTEXT('2D SPACE',''
  ) );
#11482 = PCURVE('',#5674,#11483);
#11483 = DEFINITIONAL_REPRESENTATION('',(#11484),#11487);
#11484 = B_SPLINE_CURVE_WITH_KNOTS('',1,(#11485,#11486),.UNSPECIFIED.,
  .F.,.F.,(2,2),(5.704594947547,5.814845347501),
  .PIECEWISE_BEZIER_KNOTS.);
#11485 = CARTESIAN_POINT('',(0.,-1.6));
#11486 = CARTESIAN_POINT('',(0.110250399954,-1.6));
#11487 = ( GEOMETRIC_REPRESENTATION_CONTEXT(2) 
PARAMETRIC_REPRESENTATION_CONTEXT() REPRESENTATION_CONTEXT('2D SPACE',''
  ) );
#11488 = ORIENTED_EDGE('',*,*,#11489,.F.);
#11489 = EDGE_CURVE('',#11490,#11469,#11492,.T.);
#11490 = VERTEX_POINT('',#11491);
#11491 = CARTESIAN_POINT('',(136.546278,-87.648549,1.6));
#11492 = SURFACE_CURVE('',#11493,(#11497,#11503),.PCURVE_S1.);
#11493 = LINE('',#11494,#11495);
#11494 = CARTESIAN_POINT('',(138.6341009465,-89.22519573697,1.6));
#11495 = VECTOR('',#11496,1.);
#11496 = DIRECTION('',(-0.798017956254,0.60263367106,0.));
#11497 = PCURVE('',#90,#11498);
#11498 = DEFINITIONAL_REPRESENTATION('',(#11499),#11502);
#11499 = B_SPLINE_CURVE_WITH_KNOTS('',1,(#11500,#11501),.UNSPECIFIED.,
  .F.,.F.,(2,2),(2.616260611858,2.726510010773),
  .PIECEWISE_BEZIER_KNOTS.);
#11500 = CARTESIAN_POINT('',(-6.546278,17.351451));
#11501 = CARTESIAN_POINT('',(-6.458297,17.417891));
#11502 = ( GEOMETRIC_REPRESENTATION_CONTEXT(2) 
PARAMETRIC_REPRESENTATION_CONTEXT() REPRESENTATION_CONTEXT('2D SPACE',''
  ) );
#11503 = PCURVE('',#5702,#11504);
#11504 = DEFINITIONAL_REPRESENTATION('',(#11505),#11508);
#11505 = B_SPLINE_CURVE_WITH_KNOTS('',1,(#11506,#11507),.UNSPECIFIED.,
  .F.,.F.,(2,2),(2.616260611858,2.726510010773),
  .PIECEWISE_BEZIER_KNOTS.);
#11506 = CARTESIAN_POINT('',(0.,-1.6));
#11507 = CARTESIAN_POINT('',(0.110249398914,-1.6));
#11508 = ( GEOMETRIC_REPRESENTATION_CONTEXT(2) 
PARAMETRIC_REPRESENTATION_CONTEXT() REPRESENTATION_CONTEXT('2D SPACE',''
  ) );
#11509 = ORIENTED_EDGE('',*,*,#11510,.F.);
#11510 = EDGE_CURVE('',#11511,#11490,#11513,.T.);
#11511 = VERTEX_POINT('',#11512);
#11512 = CARTESIAN_POINT('',(136.652319,-87.67872,1.6));
#11513 = SURFACE_CURVE('',#11514,(#11518,#11524),.PCURVE_S1.);
#11514 = LINE('',#11515,#11516);
#11515 = CARTESIAN_POINT('',(135.85485893722,-87.45182504848,1.6));
#11516 = VECTOR('',#11517,1.);
#11517 = DIRECTION('',(-0.961826277748,0.273660759762,0.));
#11518 = PCURVE('',#90,#11519);
#11519 = DEFINITIONAL_REPRESENTATION('',(#11520),#11523);
#11520 = B_SPLINE_CURVE_WITH_KNOTS('',1,(#11521,#11522),.UNSPECIFIED.,
  .F.,.F.,(2,2),(-0.829110288655,-0.718860649554),
  .PIECEWISE_BEZIER_KNOTS.);
#11521 = CARTESIAN_POINT('',(-6.652319,17.32128));
#11522 = CARTESIAN_POINT('',(-6.546278,17.351451));
#11523 = ( GEOMETRIC_REPRESENTATION_CONTEXT(2) 
PARAMETRIC_REPRESENTATION_CONTEXT() REPRESENTATION_CONTEXT('2D SPACE',''
  ) );
#11524 = PCURVE('',#5730,#11525);
#11525 = DEFINITIONAL_REPRESENTATION('',(#11526),#11529);
#11526 = B_SPLINE_CURVE_WITH_KNOTS('',1,(#11527,#11528),.UNSPECIFIED.,
  .F.,.F.,(2,2),(-0.829110288655,-0.718860649554),
  .PIECEWISE_BEZIER_KNOTS.);
#11527 = CARTESIAN_POINT('',(0.,-1.6));
#11528 = CARTESIAN_POINT('',(0.110249639101,-1.6));
#11529 = ( GEOMETRIC_REPRESENTATION_CONTEXT(2) 
PARAMETRIC_REPRESENTATION_CONTEXT() REPRESENTATION_CONTEXT('2D SPACE',''
  ) );
#11530 = ORIENTED_EDGE('',*,*,#11531,.F.);
#11531 = EDGE_CURVE('',#11532,#11511,#11534,.T.);
#11532 = VERTEX_POINT('',#11533);
#11533 = CARTESIAN_POINT('',(136.762099,-87.668548,1.6));
#11534 = SURFACE_CURVE('',#11535,(#11539,#11545),.PCURVE_S1.);
#11535 = LINE('',#11536,#11537);
#11536 = CARTESIAN_POINT('',(132.61371627833,-88.05292902609,1.6));
#11537 = VECTOR('',#11538,1.);
#11538 = DIRECTION('',(-0.995734688848,-9.226282797371E-02,0.));
#11539 = PCURVE('',#90,#11540);
#11540 = DEFINITIONAL_REPRESENTATION('',(#11541),#11544);
#11541 = B_SPLINE_CURVE_WITH_KNOTS('',1,(#11542,#11543),.UNSPECIFIED.,
  .F.,.F.,(2,2),(-4.166152659066,-4.055902407438),
  .PIECEWISE_BEZIER_KNOTS.);
#11542 = CARTESIAN_POINT('',(-6.762099,17.331452));
#11543 = CARTESIAN_POINT('',(-6.652319,17.32128));
#11544 = ( GEOMETRIC_REPRESENTATION_CONTEXT(2) 
PARAMETRIC_REPRESENTATION_CONTEXT() REPRESENTATION_CONTEXT('2D SPACE',''
  ) );
#11545 = PCURVE('',#5758,#11546);
#11546 = DEFINITIONAL_REPRESENTATION('',(#11547),#11550);
#11547 = B_SPLINE_CURVE_WITH_KNOTS('',1,(#11548,#11549),.UNSPECIFIED.,
  .F.,.F.,(2,2),(-4.166152659066,-4.055902407438),
  .PIECEWISE_BEZIER_KNOTS.);
#11548 = CARTESIAN_POINT('',(0.,-1.6));
#11549 = CARTESIAN_POINT('',(0.110250251628,-1.6));
#11550 = ( GEOMETRIC_REPRESENTATION_CONTEXT(2) 
PARAMETRIC_REPRESENTATION_CONTEXT() REPRESENTATION_CONTEXT('2D SPACE',''
  ) );
#11551 = ORIENTED_EDGE('',*,*,#11552,.F.);
#11552 = EDGE_CURVE('',#11553,#11532,#11555,.T.);
#11553 = VERTEX_POINT('',#11554);
#11554 = CARTESIAN_POINT('',(136.86079,-87.619405,1.6));
#11555 = SURFACE_CURVE('',#11556,(#11560,#11566),.PCURVE_S1.);
#11556 = LINE('',#11557,#11558);
#11557 = CARTESIAN_POINT('',(130.644436885,-90.71482647845,1.6));
#11558 = VECTOR('',#11559,1.);
#11559 = DIRECTION('',(-0.895160681354,-0.445743597327,0.));
#11560 = PCURVE('',#90,#11561);
#11561 = DEFINITIONAL_REPRESENTATION('',(#11562),#11565);
#11562 = B_SPLINE_CURVE_WITH_KNOTS('',1,(#11563,#11564),.UNSPECIFIED.,
  .F.,.F.,(2,2),(-6.944399195003,-6.834149714597),
  .PIECEWISE_BEZIER_KNOTS.);
#11563 = CARTESIAN_POINT('',(-6.86079,17.380595));
#11564 = CARTESIAN_POINT('',(-6.762099,17.331452));
#11565 = ( GEOMETRIC_REPRESENTATION_CONTEXT(2) 
PARAMETRIC_REPRESENTATION_CONTEXT() REPRESENTATION_CONTEXT('2D SPACE',''
  ) );
#11566 = PCURVE('',#5786,#11567);
#11567 = DEFINITIONAL_REPRESENTATION('',(#11568),#11571);
#11568 = B_SPLINE_CURVE_WITH_KNOTS('',1,(#11569,#11570),.UNSPECIFIED.,
  .F.,.F.,(2,2),(-6.944399195003,-6.834149714597),
  .PIECEWISE_BEZIER_KNOTS.);
#11569 = CARTESIAN_POINT('',(0.,-1.6));
#11570 = CARTESIAN_POINT('',(0.110249480407,-1.6));
#11571 = ( GEOMETRIC_REPRESENTATION_CONTEXT(2) 
PARAMETRIC_REPRESENTATION_CONTEXT() REPRESENTATION_CONTEXT('2D SPACE',''
  ) );
#11572 = ORIENTED_EDGE('',*,*,#11573,.F.);
#11573 = EDGE_CURVE('',#11574,#11553,#11576,.T.);
#11574 = VERTEX_POINT('',#11575);
#11575 = CARTESIAN_POINT('',(136.935065,-87.53793,1.6));
#11576 = SURFACE_CURVE('',#11577,(#11581,#11587),.PCURVE_S1.);
#11577 = LINE('',#11578,#11579);
#11578 = CARTESIAN_POINT('',(131.01435489092,-94.03257632968,1.6));
#11579 = VECTOR('',#11580,1.);
#11580 = DIRECTION('',(-0.67369922817,-0.73900564948,0.));
#11581 = PCURVE('',#90,#11582);
#11582 = DEFINITIONAL_REPRESENTATION('',(#11583),#11586);
#11583 = B_SPLINE_CURVE_WITH_KNOTS('',1,(#11584,#11585),.UNSPECIFIED.,
  .F.,.F.,(2,2),(-8.788358159712,-8.678108664248),
  .PIECEWISE_BEZIER_KNOTS.);
#11584 = CARTESIAN_POINT('',(-6.935065,17.46207));
#11585 = CARTESIAN_POINT('',(-6.86079,17.380595));
#11586 = ( GEOMETRIC_REPRESENTATION_CONTEXT(2) 
PARAMETRIC_REPRESENTATION_CONTEXT() REPRESENTATION_CONTEXT('2D SPACE',''
  ) );
#11587 = PCURVE('',#5814,#11588);
#11588 = DEFINITIONAL_REPRESENTATION('',(#11589),#11592);
#11589 = B_SPLINE_CURVE_WITH_KNOTS('',1,(#11590,#11591),.UNSPECIFIED.,
  .F.,.F.,(2,2),(-8.788358159712,-8.678108664248),
  .PIECEWISE_BEZIER_KNOTS.);
#11590 = CARTESIAN_POINT('',(0.,-1.6));
#11591 = CARTESIAN_POINT('',(0.110249495464,-1.6));
#11592 = ( GEOMETRIC_REPRESENTATION_CONTEXT(2) 
PARAMETRIC_REPRESENTATION_CONTEXT() REPRESENTATION_CONTEXT('2D SPACE',''
  ) );
#11593 = ORIENTED_EDGE('',*,*,#11594,.F.);
#11594 = EDGE_CURVE('',#11595,#11574,#11597,.T.);
#11595 = VERTEX_POINT('',#11596);
#11596 = CARTESIAN_POINT('',(136.974892,-87.435125,1.6));
#11597 = SURFACE_CURVE('',#11598,(#11602,#11608),.PCURVE_S1.);
#11598 = LINE('',#11599,#11600);
#11599 = CARTESIAN_POINT('',(133.56144112305,-96.24622845755,1.6));
#11600 = VECTOR('',#11601,1.);
#11601 = DIRECTION('',(-0.361242697938,-0.932471829701,0.));
#11602 = PCURVE('',#90,#11603);
#11603 = DEFINITIONAL_REPRESENTATION('',(#11604),#11607);
#11604 = B_SPLINE_CURVE_WITH_KNOTS('',1,(#11605,#11606),.UNSPECIFIED.,
  .F.,.F.,(2,2),(-9.449189966815,-9.338939987432),
  .PIECEWISE_BEZIER_KNOTS.);
#11605 = CARTESIAN_POINT('',(-6.974892,17.564875));
#11606 = CARTESIAN_POINT('',(-6.935065,17.46207));
#11607 = ( GEOMETRIC_REPRESENTATION_CONTEXT(2) 
PARAMETRIC_REPRESENTATION_CONTEXT() REPRESENTATION_CONTEXT('2D SPACE',''
  ) );
#11608 = PCURVE('',#5842,#11609);
#11609 = DEFINITIONAL_REPRESENTATION('',(#11610),#11613);
#11610 = B_SPLINE_CURVE_WITH_KNOTS('',1,(#11611,#11612),.UNSPECIFIED.,
  .F.,.F.,(2,2),(-9.449189966815,-9.338939987432),
  .PIECEWISE_BEZIER_KNOTS.);
#11611 = CARTESIAN_POINT('',(0.,-1.6));
#11612 = CARTESIAN_POINT('',(0.110249979383,-1.6));
#11613 = ( GEOMETRIC_REPRESENTATION_CONTEXT(2) 
PARAMETRIC_REPRESENTATION_CONTEXT() REPRESENTATION_CONTEXT('2D SPACE',''
  ) );
#11614 = ORIENTED_EDGE('',*,*,#11615,.F.);
#11615 = EDGE_CURVE('',#11616,#11595,#11618,.T.);
#11616 = VERTEX_POINT('',#11617);
#11617 = CARTESIAN_POINT('',(136.98,-87.38,1.6));
#11618 = SURFACE_CURVE('',#11619,(#11623,#11629),.PCURVE_S1.);
#11619 = LINE('',#11620,#11621);
#11620 = CARTESIAN_POINT('',(136.14088540188,-96.43563669175,1.6));
#11621 = VECTOR('',#11622,1.);
#11622 = DIRECTION('',(-9.226686404189E-02,-0.995734314865,0.));
#11623 = PCURVE('',#90,#11624);
#11624 = DEFINITIONAL_REPRESENTATION('',(#11625),#11628);
#11625 = B_SPLINE_CURVE_WITH_KNOTS('',1,(#11626,#11627),.UNSPECIFIED.,
  .F.,.F.,(2,2),(-9.094430669468,-9.039069516219),
  .PIECEWISE_BEZIER_KNOTS.);
#11626 = CARTESIAN_POINT('',(-6.98,17.62));
#11627 = CARTESIAN_POINT('',(-6.974892,17.564875));
#11628 = ( GEOMETRIC_REPRESENTATION_CONTEXT(2) 
PARAMETRIC_REPRESENTATION_CONTEXT() REPRESENTATION_CONTEXT('2D SPACE',''
  ) );
#11629 = PCURVE('',#5870,#11630);
#11630 = DEFINITIONAL_REPRESENTATION('',(#11631),#11634);
#11631 = B_SPLINE_CURVE_WITH_KNOTS('',1,(#11632,#11633),.UNSPECIFIED.,
  .F.,.F.,(2,2),(-9.094430669468,-9.039069516219),
  .PIECEWISE_BEZIER_KNOTS.);
#11632 = CARTESIAN_POINT('',(0.,-1.6));
#11633 = CARTESIAN_POINT('',(5.536115324847E-02,-1.6));
#11634 = ( GEOMETRIC_REPRESENTATION_CONTEXT(2) 
PARAMETRIC_REPRESENTATION_CONTEXT() REPRESENTATION_CONTEXT('2D SPACE',''
  ) );
#11635 = ORIENTED_EDGE('',*,*,#11636,.F.);
#11636 = EDGE_CURVE('',#11637,#11616,#11639,.T.);
#11637 = VERTEX_POINT('',#11638);
#11638 = CARTESIAN_POINT('',(136.98,-86.28,1.6));
#11639 = SURFACE_CURVE('',#11640,(#11644,#11650),.PCURVE_S1.);
#11640 = LINE('',#11641,#11642);
#11641 = CARTESIAN_POINT('',(136.98,-95.64,1.6));
#11642 = VECTOR('',#11643,1.);
#11643 = DIRECTION('',(0.,-1.,0.));
#11644 = PCURVE('',#90,#11645);
#11645 = DEFINITIONAL_REPRESENTATION('',(#11646),#11649);
#11646 = B_SPLINE_CURVE_WITH_KNOTS('',1,(#11647,#11648),.UNSPECIFIED.,
  .F.,.F.,(2,2),(-9.36,-8.26),.PIECEWISE_BEZIER_KNOTS.);
#11647 = CARTESIAN_POINT('',(-6.98,18.72));
#11648 = CARTESIAN_POINT('',(-6.98,17.62));
#11649 = ( GEOMETRIC_REPRESENTATION_CONTEXT(2) 
PARAMETRIC_REPRESENTATION_CONTEXT() REPRESENTATION_CONTEXT('2D SPACE',''
  ) );
#11650 = PCURVE('',#5898,#11651);
#11651 = DEFINITIONAL_REPRESENTATION('',(#11652),#11655);
#11652 = B_SPLINE_CURVE_WITH_KNOTS('',1,(#11653,#11654),.UNSPECIFIED.,
  .F.,.F.,(2,2),(-9.36,-8.26),.PIECEWISE_BEZIER_KNOTS.);
#11653 = CARTESIAN_POINT('',(0.,-1.6));
#11654 = CARTESIAN_POINT('',(1.1,-1.6));
#11655 = ( GEOMETRIC_REPRESENTATION_CONTEXT(2) 
PARAMETRIC_REPRESENTATION_CONTEXT() REPRESENTATION_CONTEXT('2D SPACE',''
  ) );
#11656 = ORIENTED_EDGE('',*,*,#11657,.F.);
#11657 = EDGE_CURVE('',#11658,#11637,#11660,.T.);
#11658 = VERTEX_POINT('',#11659);
#11659 = CARTESIAN_POINT('',(136.959742,-86.171628,1.6));
#11660 = SURFACE_CURVE('',#11661,(#11665,#11671),.PCURVE_S1.);
#11661 = LINE('',#11662,#11663);
#11662 = CARTESIAN_POINT('',(138.54263021005,-94.63943139123,1.6));
#11663 = VECTOR('',#11664,1.);
#11664 = DIRECTION('',(0.183747434241,-0.982973489169,0.));
#11665 = PCURVE('',#90,#11666);
#11666 = DEFINITIONAL_REPRESENTATION('',(#11667),#11670);
#11667 = B_SPLINE_CURVE_WITH_KNOTS('',1,(#11668,#11669),.UNSPECIFIED.,
  .F.,.F.,(2,2),(-8.614477892369,-8.504228733878),
  .PIECEWISE_BEZIER_KNOTS.);
#11668 = CARTESIAN_POINT('',(-6.959742,18.828372));
#11669 = CARTESIAN_POINT('',(-6.98,18.72));
#11670 = ( GEOMETRIC_REPRESENTATION_CONTEXT(2) 
PARAMETRIC_REPRESENTATION_CONTEXT() REPRESENTATION_CONTEXT('2D SPACE',''
  ) );
#11671 = PCURVE('',#5926,#11672);
#11672 = DEFINITIONAL_REPRESENTATION('',(#11673),#11676);
#11673 = B_SPLINE_CURVE_WITH_KNOTS('',1,(#11674,#11675),.UNSPECIFIED.,
  .F.,.F.,(2,2),(-8.614477892369,-8.504228733878),
  .PIECEWISE_BEZIER_KNOTS.);
#11674 = CARTESIAN_POINT('',(0.,-1.6));
#11675 = CARTESIAN_POINT('',(0.110249158491,-1.6));
#11676 = ( GEOMETRIC_REPRESENTATION_CONTEXT(2) 
PARAMETRIC_REPRESENTATION_CONTEXT() REPRESENTATION_CONTEXT('2D SPACE',''
  ) );
#11677 = ORIENTED_EDGE('',*,*,#11678,.F.);
#11678 = EDGE_CURVE('',#11679,#11658,#11681,.T.);
#11679 = VERTEX_POINT('',#11680);
#11680 = CARTESIAN_POINT('',(136.901703,-86.077891,1.6));
#11681 = SURFACE_CURVE('',#11682,(#11686,#11692),.PCURVE_S1.);
#11682 = LINE('',#11683,#11684);
#11683 = CARTESIAN_POINT('',(140.17995573925,-91.37249595561,1.6));
#11684 = VECTOR('',#11685,1.);
#11685 = DIRECTION('',(0.526428929276,-0.850219137882,0.));
#11686 = PCURVE('',#90,#11687);
#11687 = DEFINITIONAL_REPRESENTATION('',(#11688),#11691);
#11688 = B_SPLINE_CURVE_WITH_KNOTS('',1,(#11689,#11690),.UNSPECIFIED.,
  .F.,.F.,(2,2),(-6.227341540211,-6.117091140257),
  .PIECEWISE_BEZIER_KNOTS.);
#11689 = CARTESIAN_POINT('',(-6.901703,18.922109));
#11690 = CARTESIAN_POINT('',(-6.959742,18.828372));
#11691 = ( GEOMETRIC_REPRESENTATION_CONTEXT(2) 
PARAMETRIC_REPRESENTATION_CONTEXT() REPRESENTATION_CONTEXT('2D SPACE',''
  ) );
#11692 = PCURVE('',#5954,#11693);
#11693 = DEFINITIONAL_REPRESENTATION('',(#11694),#11697);
#11694 = B_SPLINE_CURVE_WITH_KNOTS('',1,(#11695,#11696),.UNSPECIFIED.,
  .F.,.F.,(2,2),(-6.227341540211,-6.117091140257),
  .PIECEWISE_BEZIER_KNOTS.);
#11695 = CARTESIAN_POINT('',(0.,-1.6));
#11696 = CARTESIAN_POINT('',(0.110250399954,-1.6));
#11697 = ( GEOMETRIC_REPRESENTATION_CONTEXT(2) 
PARAMETRIC_REPRESENTATION_CONTEXT() REPRESENTATION_CONTEXT('2D SPACE',''
  ) );
#11698 = ORIENTED_EDGE('',*,*,#11699,.F.);
#11699 = EDGE_CURVE('',#11700,#11679,#11702,.T.);
#11700 = VERTEX_POINT('',#11701);
#11701 = CARTESIAN_POINT('',(136.813722,-86.011451,1.6));
#11702 = SURFACE_CURVE('',#11703,(#11707,#11713),.PCURVE_S1.);
#11703 = LINE('',#11704,#11705);
#11704 = CARTESIAN_POINT('',(139.21003684797,-87.82105942112,1.6));
#11705 = VECTOR('',#11706,1.);
#11706 = DIRECTION('',(0.798017956254,-0.60263367106,0.));
#11707 = PCURVE('',#90,#11708);
#11708 = DEFINITIONAL_REPRESENTATION('',(#11709),#11712);
#11709 = B_SPLINE_CURVE_WITH_KNOTS('',1,(#11710,#11711),.UNSPECIFIED.,
  .F.,.F.,(2,2),(-3.002833243526,-2.892583844611),
  .PIECEWISE_BEZIER_KNOTS.);
#11710 = CARTESIAN_POINT('',(-6.813722,18.988549));
#11711 = CARTESIAN_POINT('',(-6.901703,18.922109));
#11712 = ( GEOMETRIC_REPRESENTATION_CONTEXT(2) 
PARAMETRIC_REPRESENTATION_CONTEXT() REPRESENTATION_CONTEXT('2D SPACE',''
  ) );
#11713 = PCURVE('',#5982,#11714);
#11714 = DEFINITIONAL_REPRESENTATION('',(#11715),#11718);
#11715 = B_SPLINE_CURVE_WITH_KNOTS('',1,(#11716,#11717),.UNSPECIFIED.,
  .F.,.F.,(2,2),(-3.002833243526,-2.892583844611),
  .PIECEWISE_BEZIER_KNOTS.);
#11716 = CARTESIAN_POINT('',(0.,-1.6));
#11717 = CARTESIAN_POINT('',(0.110249398914,-1.6));
#11718 = ( GEOMETRIC_REPRESENTATION_CONTEXT(2) 
PARAMETRIC_REPRESENTATION_CONTEXT() REPRESENTATION_CONTEXT('2D SPACE',''
  ) );
#11719 = ORIENTED_EDGE('',*,*,#11720,.F.);
#11720 = EDGE_CURVE('',#11721,#11700,#11723,.T.);
#11721 = VERTEX_POINT('',#11722);
#11722 = CARTESIAN_POINT('',(136.707681,-85.98128,1.6));
#11723 = SURFACE_CURVE('',#11724,(#11728,#11734),.PCURVE_S1.);
#11724 = LINE('',#11725,#11726);
#11725 = CARTESIAN_POINT('',(136.10800805254,-85.81065983895,1.6));
#11726 = VECTOR('',#11727,1.);
#11727 = DIRECTION('',(0.961826277748,-0.273660759762,0.));
#11728 = PCURVE('',#90,#11729);
#11729 = DEFINITIONAL_REPRESENTATION('',(#11730),#11733);
#11730 = B_SPLINE_CURVE_WITH_KNOTS('',1,(#11731,#11732),.UNSPECIFIED.,
  .F.,.F.,(2,2),(0.623473241824,0.733722880926),
  .PIECEWISE_BEZIER_KNOTS.);
#11731 = CARTESIAN_POINT('',(-6.707681,19.01872));
#11732 = CARTESIAN_POINT('',(-6.813722,18.988549));
#11733 = ( GEOMETRIC_REPRESENTATION_CONTEXT(2) 
PARAMETRIC_REPRESENTATION_CONTEXT() REPRESENTATION_CONTEXT('2D SPACE',''
  ) );
#11734 = PCURVE('',#6010,#11735);
#11735 = DEFINITIONAL_REPRESENTATION('',(#11736),#11739);
#11736 = B_SPLINE_CURVE_WITH_KNOTS('',1,(#11737,#11738),.UNSPECIFIED.,
  .F.,.F.,(2,2),(0.623473241824,0.733722880926),
  .PIECEWISE_BEZIER_KNOTS.);
#11737 = CARTESIAN_POINT('',(0.,-1.6));
#11738 = CARTESIAN_POINT('',(0.110249639101,-1.6));
#11739 = ( GEOMETRIC_REPRESENTATION_CONTEXT(2) 
PARAMETRIC_REPRESENTATION_CONTEXT() REPRESENTATION_CONTEXT('2D SPACE',''
  ) );
#11740 = ORIENTED_EDGE('',*,*,#11741,.F.);
#11741 = EDGE_CURVE('',#11742,#11721,#11744,.T.);
#11742 = VERTEX_POINT('',#11743);
#11743 = CARTESIAN_POINT('',(136.597901,-85.991452,1.6));
#11744 = SURFACE_CURVE('',#11745,(#11749,#11755),.PCURVE_S1.);
#11745 = LINE('',#11746,#11747);
#11746 = CARTESIAN_POINT('',(132.45388160003,-86.37542872924,1.6));
#11747 = VECTOR('',#11748,1.);
#11748 = DIRECTION('',(0.995734688848,9.226282797371E-02,-0.));
#11749 = PCURVE('',#90,#11750);
#11750 = DEFINITIONAL_REPRESENTATION('',(#11751),#11754);
#11751 = B_SPLINE_CURVE_WITH_KNOTS('',1,(#11752,#11753),.UNSPECIFIED.,
  .F.,.F.,(2,2),(4.161770646718,4.272020898346),
  .PIECEWISE_BEZIER_KNOTS.);
#11752 = CARTESIAN_POINT('',(-6.597901,19.008548));
#11753 = CARTESIAN_POINT('',(-6.707681,19.01872));
#11754 = ( GEOMETRIC_REPRESENTATION_CONTEXT(2) 
PARAMETRIC_REPRESENTATION_CONTEXT() REPRESENTATION_CONTEXT('2D SPACE',''
  ) );
#11755 = PCURVE('',#6038,#11756);
#11756 = DEFINITIONAL_REPRESENTATION('',(#11757),#11760);
#11757 = B_SPLINE_CURVE_WITH_KNOTS('',1,(#11758,#11759),.UNSPECIFIED.,
  .F.,.F.,(2,2),(4.161770646718,4.272020898346),
  .PIECEWISE_BEZIER_KNOTS.);
#11758 = CARTESIAN_POINT('',(0.,-1.6));
#11759 = CARTESIAN_POINT('',(0.110250251628,-1.6));
#11760 = ( GEOMETRIC_REPRESENTATION_CONTEXT(2) 
PARAMETRIC_REPRESENTATION_CONTEXT() REPRESENTATION_CONTEXT('2D SPACE',''
  ) );
#11761 = ORIENTED_EDGE('',*,*,#11762,.F.);
#11762 = EDGE_CURVE('',#11763,#11742,#11765,.T.);
#11763 = VERTEX_POINT('',#11764);
#11764 = CARTESIAN_POINT('',(136.49921,-86.040595,1.6));
#11765 = SURFACE_CURVE('',#11766,(#11770,#11776),.PCURVE_S1.);
#11766 = LINE('',#11767,#11768);
#11767 = CARTESIAN_POINT('',(130.11274401799,-89.22072386437,1.6));
#11768 = VECTOR('',#11769,1.);
#11769 = DIRECTION('',(0.895160681354,0.445743597327,-0.));
#11770 = PCURVE('',#90,#11771);
#11771 = DEFINITIONAL_REPRESENTATION('',(#11772),#11775);
#11772 = B_SPLINE_CURVE_WITH_KNOTS('',1,(#11773,#11774),.UNSPECIFIED.,
  .F.,.F.,(2,2),(7.134435319869,7.244684800276),
  .PIECEWISE_BEZIER_KNOTS.);
#11773 = CARTESIAN_POINT('',(-6.49921,18.959405));
#11774 = CARTESIAN_POINT('',(-6.597901,19.008548));
#11775 = ( GEOMETRIC_REPRESENTATION_CONTEXT(2) 
PARAMETRIC_REPRESENTATION_CONTEXT() REPRESENTATION_CONTEXT('2D SPACE',''
  ) );
#11776 = PCURVE('',#6066,#11777);
#11777 = DEFINITIONAL_REPRESENTATION('',(#11778),#11781);
#11778 = B_SPLINE_CURVE_WITH_KNOTS('',1,(#11779,#11780),.UNSPECIFIED.,
  .F.,.F.,(2,2),(7.134435319869,7.244684800276),
  .PIECEWISE_BEZIER_KNOTS.);
#11779 = CARTESIAN_POINT('',(0.,-1.6));
#11780 = CARTESIAN_POINT('',(0.110249480407,-1.6));
#11781 = ( GEOMETRIC_REPRESENTATION_CONTEXT(2) 
PARAMETRIC_REPRESENTATION_CONTEXT() REPRESENTATION_CONTEXT('2D SPACE',''
  ) );
#11782 = ORIENTED_EDGE('',*,*,#11783,.F.);
#11783 = EDGE_CURVE('',#11385,#11763,#11784,.T.);
#11784 = SURFACE_CURVE('',#11785,(#11789,#11795),.PCURVE_S1.);
#11785 = LINE('',#11786,#11787);
#11786 = CARTESIAN_POINT('',(130.26753604374,-92.87634909741,1.6));
#11787 = VECTOR('',#11788,1.);
#11788 = DIRECTION('',(0.67369922817,0.73900564948,-0.));
#11789 = PCURVE('',#90,#11790);
#11790 = DEFINITIONAL_REPRESENTATION('',(#11791),#11794);
#11791 = B_SPLINE_CURVE_WITH_KNOTS('',1,(#11792,#11793),.UNSPECIFIED.,
  .F.,.F.,(2,2),(9.139685335515,9.249934830979),
  .PIECEWISE_BEZIER_KNOTS.);
#11792 = CARTESIAN_POINT('',(-6.424935,18.87793));
#11793 = CARTESIAN_POINT('',(-6.49921,18.959405));
#11794 = ( GEOMETRIC_REPRESENTATION_CONTEXT(2) 
PARAMETRIC_REPRESENTATION_CONTEXT() REPRESENTATION_CONTEXT('2D SPACE',''
  ) );
#11795 = PCURVE('',#6092,#11796);
#11796 = DEFINITIONAL_REPRESENTATION('',(#11797),#11800);
#11797 = B_SPLINE_CURVE_WITH_KNOTS('',1,(#11798,#11799),.UNSPECIFIED.,
  .F.,.F.,(2,2),(9.139685335515,9.249934830979),
  .PIECEWISE_BEZIER_KNOTS.);
#11798 = CARTESIAN_POINT('',(0.,-1.6));
#11799 = CARTESIAN_POINT('',(0.110249495464,-1.6));
#11800 = ( GEOMETRIC_REPRESENTATION_CONTEXT(2) 
PARAMETRIC_REPRESENTATION_CONTEXT() REPRESENTATION_CONTEXT('2D SPACE',''
  ) );
#11801 = FACE_BOUND('',#11802,.F.);
#11802 = EDGE_LOOP('',(#11803,#11826,#11847,#11868,#11889,#11910,#11931,
    #11952,#11973,#11994,#12015,#12036,#12057,#12078,#12099,#12120,
    #12141,#12162,#12183,#12204));
#11803 = ORIENTED_EDGE('',*,*,#11804,.F.);
#11804 = EDGE_CURVE('',#11805,#11807,#11809,.T.);
#11805 = VERTEX_POINT('',#11806);
#11806 = CARTESIAN_POINT('',(136.385108,-82.294875,1.6));
#11807 = VERTEX_POINT('',#11808);
#11808 = CARTESIAN_POINT('',(136.424935,-82.19207,1.6));
#11809 = SURFACE_CURVE('',#11810,(#11814,#11820),.PCURVE_S1.);
#11810 = LINE('',#11811,#11812);
#11811 = CARTESIAN_POINT('',(132.14439632444,-93.2413777194,1.6));
#11812 = VECTOR('',#11813,1.);
#11813 = DIRECTION('',(0.361242697938,0.932471829701,-0.));
#11814 = PCURVE('',#90,#11815);
#11815 = DEFINITIONAL_REPRESENTATION('',(#11816),#11819);
#11816 = B_SPLINE_CURVE_WITH_KNOTS('',1,(#11817,#11818),.UNSPECIFIED.,
  .F.,.F.,(2,2),(11.739231546446,11.849481525829),
  .PIECEWISE_BEZIER_KNOTS.);
#11817 = CARTESIAN_POINT('',(-6.385108,22.705125));
#11818 = CARTESIAN_POINT('',(-6.424935,22.80793));
#11819 = ( GEOMETRIC_REPRESENTATION_CONTEXT(2) 
PARAMETRIC_REPRESENTATION_CONTEXT() REPRESENTATION_CONTEXT('2D SPACE',''
  ) );
#11820 = PCURVE('',#6124,#11821);
#11821 = DEFINITIONAL_REPRESENTATION('',(#11822),#11825);
#11822 = B_SPLINE_CURVE_WITH_KNOTS('',1,(#11823,#11824),.UNSPECIFIED.,
  .F.,.F.,(2,2),(11.739231546446,11.849481525829),
  .PIECEWISE_BEZIER_KNOTS.);
#11823 = CARTESIAN_POINT('',(0.,-1.6));
#11824 = CARTESIAN_POINT('',(0.110249979383,-1.6));
#11825 = ( GEOMETRIC_REPRESENTATION_CONTEXT(2) 
PARAMETRIC_REPRESENTATION_CONTEXT() REPRESENTATION_CONTEXT('2D SPACE',''
  ) );
#11826 = ORIENTED_EDGE('',*,*,#11827,.F.);
#11827 = EDGE_CURVE('',#11828,#11805,#11830,.T.);
#11828 = VERTEX_POINT('',#11829);
#11829 = CARTESIAN_POINT('',(136.38,-82.35,1.6));
#11830 = SURFACE_CURVE('',#11831,(#11835,#11841),.PCURVE_S1.);
#11831 = LINE('',#11832,#11833);
#11832 = CARTESIAN_POINT('',(135.31237804826,-93.87166407384,1.6));
#11833 = VECTOR('',#11834,1.);
#11834 = DIRECTION('',(9.226686404242E-02,0.995734314865,-0.));
#11835 = PCURVE('',#90,#11836);
#11836 = DEFINITIONAL_REPRESENTATION('',(#11837),#11840);
#11837 = B_SPLINE_CURVE_WITH_KNOTS('',1,(#11838,#11839),.UNSPECIFIED.,
  .F.,.F.,(2,2),(11.571022412142,11.626383565391),
  .PIECEWISE_BEZIER_KNOTS.);
#11838 = CARTESIAN_POINT('',(-6.38,22.65));
#11839 = CARTESIAN_POINT('',(-6.385108,22.705125));
#11840 = ( GEOMETRIC_REPRESENTATION_CONTEXT(2) 
PARAMETRIC_REPRESENTATION_CONTEXT() REPRESENTATION_CONTEXT('2D SPACE',''
  ) );
#11841 = PCURVE('',#6152,#11842);
#11842 = DEFINITIONAL_REPRESENTATION('',(#11843),#11846);
#11843 = B_SPLINE_CURVE_WITH_KNOTS('',1,(#11844,#11845),.UNSPECIFIED.,
  .F.,.F.,(2,2),(11.571022412142,11.626383565391),
  .PIECEWISE_BEZIER_KNOTS.);
#11844 = CARTESIAN_POINT('',(0.,-1.6));
#11845 = CARTESIAN_POINT('',(5.536115324846E-02,-1.6));
#11846 = ( GEOMETRIC_REPRESENTATION_CONTEXT(2) 
PARAMETRIC_REPRESENTATION_CONTEXT() REPRESENTATION_CONTEXT('2D SPACE',''
  ) );
#11847 = ORIENTED_EDGE('',*,*,#11848,.F.);
#11848 = EDGE_CURVE('',#11849,#11828,#11851,.T.);
#11849 = VERTEX_POINT('',#11850);
#11850 = CARTESIAN_POINT('',(136.38,-82.95,1.6));
#11851 = SURFACE_CURVE('',#11852,(#11856,#11862),.PCURVE_S1.);
#11852 = LINE('',#11853,#11854);
#11853 = CARTESIAN_POINT('',(136.38,-93.975,1.6));
#11854 = VECTOR('',#11855,1.);
#11855 = DIRECTION('',(0.,1.,-0.));
#11856 = PCURVE('',#90,#11857);
#11857 = DEFINITIONAL_REPRESENTATION('',(#11858),#11861);
#11858 = B_SPLINE_CURVE_WITH_KNOTS('',1,(#11859,#11860),.UNSPECIFIED.,
  .F.,.F.,(2,2),(11.025,11.625),.PIECEWISE_BEZIER_KNOTS.);
#11859 = CARTESIAN_POINT('',(-6.38,22.05));
#11860 = CARTESIAN_POINT('',(-6.38,22.65));
#11861 = ( GEOMETRIC_REPRESENTATION_CONTEXT(2) 
PARAMETRIC_REPRESENTATION_CONTEXT() REPRESENTATION_CONTEXT('2D SPACE',''
  ) );
#11862 = PCURVE('',#6180,#11863);
#11863 = DEFINITIONAL_REPRESENTATION('',(#11864),#11867);
#11864 = B_SPLINE_CURVE_WITH_KNOTS('',1,(#11865,#11866),.UNSPECIFIED.,
  .F.,.F.,(2,2),(11.025,11.625),.PIECEWISE_BEZIER_KNOTS.);
#11865 = CARTESIAN_POINT('',(0.,-1.6));
#11866 = CARTESIAN_POINT('',(0.6,-1.6));
#11867 = ( GEOMETRIC_REPRESENTATION_CONTEXT(2) 
PARAMETRIC_REPRESENTATION_CONTEXT() REPRESENTATION_CONTEXT('2D SPACE',''
  ) );
#11868 = ORIENTED_EDGE('',*,*,#11869,.F.);
#11869 = EDGE_CURVE('',#11870,#11849,#11872,.T.);
#11870 = VERTEX_POINT('',#11871);
#11871 = CARTESIAN_POINT('',(136.400258,-83.058372,1.6));
#11872 = SURFACE_CURVE('',#11873,(#11877,#11883),.PCURVE_S1.);
#11873 = LINE('',#11874,#11875);
#11874 = CARTESIAN_POINT('',(138.2737475421,-93.08077345408,1.6));
#11875 = VECTOR('',#11876,1.);
#11876 = DIRECTION('',(-0.183747434241,0.982973489169,0.));
#11877 = PCURVE('',#90,#11878);
#11878 = DEFINITIONAL_REPRESENTATION('',(#11879),#11882);
#11879 = B_SPLINE_CURVE_WITH_KNOTS('',1,(#11880,#11881),.UNSPECIFIED.,
  .F.,.F.,(2,2),(10.196003823616,10.306252982107),
  .PIECEWISE_BEZIER_KNOTS.);
#11880 = CARTESIAN_POINT('',(-6.400258,21.941628));
#11881 = CARTESIAN_POINT('',(-6.38,22.05));
#11882 = ( GEOMETRIC_REPRESENTATION_CONTEXT(2) 
PARAMETRIC_REPRESENTATION_CONTEXT() REPRESENTATION_CONTEXT('2D SPACE',''
  ) );
#11883 = PCURVE('',#6208,#11884);
#11884 = DEFINITIONAL_REPRESENTATION('',(#11885),#11888);
#11885 = B_SPLINE_CURVE_WITH_KNOTS('',1,(#11886,#11887),.UNSPECIFIED.,
  .F.,.F.,(2,2),(10.196003823616,10.306252982107),
  .PIECEWISE_BEZIER_KNOTS.);
#11886 = CARTESIAN_POINT('',(0.,-1.6));
#11887 = CARTESIAN_POINT('',(0.110249158491,-1.6));
#11888 = ( GEOMETRIC_REPRESENTATION_CONTEXT(2) 
PARAMETRIC_REPRESENTATION_CONTEXT() REPRESENTATION_CONTEXT('2D SPACE',''
  ) );
#11889 = ORIENTED_EDGE('',*,*,#11890,.F.);
#11890 = EDGE_CURVE('',#11891,#11870,#11893,.T.);
#11891 = VERTEX_POINT('',#11892);
#11892 = CARTESIAN_POINT('',(136.458297,-83.152109,1.6));
#11893 = SURFACE_CURVE('',#11894,(#11898,#11904),.PCURVE_S1.);
#11894 = LINE('',#11895,#11896);
#11895 = CARTESIAN_POINT('',(140.45275040033,-89.60342756833,1.6));
#11896 = VECTOR('',#11897,1.);
#11897 = DIRECTION('',(-0.526428929276,0.850219137882,0.));
#11898 = PCURVE('',#90,#11899);
#11899 = DEFINITIONAL_REPRESENTATION('',(#11900),#11903);
#11900 = B_SPLINE_CURVE_WITH_KNOTS('',1,(#11901,#11902),.UNSPECIFIED.,
  .F.,.F.,(2,2),(7.587830337956,7.698080737909),
  .PIECEWISE_BEZIER_KNOTS.);
#11901 = CARTESIAN_POINT('',(-6.458297,21.847891));
#11902 = CARTESIAN_POINT('',(-6.400258,21.941628));
#11903 = ( GEOMETRIC_REPRESENTATION_CONTEXT(2) 
PARAMETRIC_REPRESENTATION_CONTEXT() REPRESENTATION_CONTEXT('2D SPACE',''
  ) );
#11904 = PCURVE('',#6236,#11905);
#11905 = DEFINITIONAL_REPRESENTATION('',(#11906),#11909);
#11906 = B_SPLINE_CURVE_WITH_KNOTS('',1,(#11907,#11908),.UNSPECIFIED.,
  .F.,.F.,(2,2),(7.587830337956,7.698080737909),
  .PIECEWISE_BEZIER_KNOTS.);
#11907 = CARTESIAN_POINT('',(0.,-1.6));
#11908 = CARTESIAN_POINT('',(0.110250399954,-1.6));
#11909 = ( GEOMETRIC_REPRESENTATION_CONTEXT(2) 
PARAMETRIC_REPRESENTATION_CONTEXT() REPRESENTATION_CONTEXT('2D SPACE',''
  ) );
#11910 = ORIENTED_EDGE('',*,*,#11911,.F.);
#11911 = EDGE_CURVE('',#11912,#11891,#11914,.T.);
#11912 = VERTEX_POINT('',#11913);
#11913 = CARTESIAN_POINT('',(136.546278,-83.218549,1.6));
#11914 = SURFACE_CURVE('',#11915,(#11919,#11925),.PCURVE_S1.);
#11915 = LINE('',#11916,#11917);
#11916 = CARTESIAN_POINT('',(139.69932211307,-85.59961139838,1.6));
#11917 = VECTOR('',#11918,1.);
#11918 = DIRECTION('',(-0.798017956254,0.60263367106,0.));
#11919 = PCURVE('',#90,#11920);
#11920 = DEFINITIONAL_REPRESENTATION('',(#11921),#11924);
#11921 = B_SPLINE_CURVE_WITH_KNOTS('',1,(#11922,#11923),.UNSPECIFIED.,
  .F.,.F.,(2,2),(3.951094193256,4.061343592171),
  .PIECEWISE_BEZIER_KNOTS.);
#11922 = CARTESIAN_POINT('',(-6.546278,21.781451));
#11923 = CARTESIAN_POINT('',(-6.458297,21.847891));
#11924 = ( GEOMETRIC_REPRESENTATION_CONTEXT(2) 
PARAMETRIC_REPRESENTATION_CONTEXT() REPRESENTATION_CONTEXT('2D SPACE',''
  ) );
#11925 = PCURVE('',#6264,#11926);
#11926 = DEFINITIONAL_REPRESENTATION('',(#11927),#11930);
#11927 = B_SPLINE_CURVE_WITH_KNOTS('',1,(#11928,#11929),.UNSPECIFIED.,
  .F.,.F.,(2,2),(3.951094193256,4.061343592171),
  .PIECEWISE_BEZIER_KNOTS.);
#11928 = CARTESIAN_POINT('',(0.,-1.6));
#11929 = CARTESIAN_POINT('',(0.110249398914,-1.6));
#11930 = ( GEOMETRIC_REPRESENTATION_CONTEXT(2) 
PARAMETRIC_REPRESENTATION_CONTEXT() REPRESENTATION_CONTEXT('2D SPACE',''
  ) );
#11931 = ORIENTED_EDGE('',*,*,#11932,.F.);
#11932 = EDGE_CURVE('',#11933,#11912,#11935,.T.);
#11933 = VERTEX_POINT('',#11934);
#11934 = CARTESIAN_POINT('',(136.652319,-83.24872,1.6));
#11935 = SURFACE_CURVE('',#11936,(#11940,#11946),.PCURVE_S1.);
#11936 = LINE('',#11937,#11938);
#11937 = CARTESIAN_POINT('',(136.43787819071,-83.1877068668,1.6));
#11938 = VECTOR('',#11939,1.);
#11939 = DIRECTION('',(-0.961826277748,0.273660759762,0.));
#11940 = PCURVE('',#90,#11941);
#11941 = DEFINITIONAL_REPRESENTATION('',(#11942),#11945);
#11942 = B_SPLINE_CURVE_WITH_KNOTS('',1,(#11943,#11944),.UNSPECIFIED.,
  .F.,.F.,(2,2),(-0.222951705781,-0.11270206668),
  .PIECEWISE_BEZIER_KNOTS.);
#11943 = CARTESIAN_POINT('',(-6.652319,21.75128));
#11944 = CARTESIAN_POINT('',(-6.546278,21.781451));
#11945 = ( GEOMETRIC_REPRESENTATION_CONTEXT(2) 
PARAMETRIC_REPRESENTATION_CONTEXT() REPRESENTATION_CONTEXT('2D SPACE',''
  ) );
#11946 = PCURVE('',#6292,#11947);
#11947 = DEFINITIONAL_REPRESENTATION('',(#11948),#11951);
#11948 = B_SPLINE_CURVE_WITH_KNOTS('',1,(#11949,#11950),.UNSPECIFIED.,
  .F.,.F.,(2,2),(-0.222951705781,-0.11270206668),
  .PIECEWISE_BEZIER_KNOTS.);
#11949 = CARTESIAN_POINT('',(0.,-1.6));
#11950 = CARTESIAN_POINT('',(0.110249639101,-1.6));
#11951 = ( GEOMETRIC_REPRESENTATION_CONTEXT(2) 
PARAMETRIC_REPRESENTATION_CONTEXT() REPRESENTATION_CONTEXT('2D SPACE',''
  ) );
#11952 = ORIENTED_EDGE('',*,*,#11953,.F.);
#11953 = EDGE_CURVE('',#11954,#11933,#11956,.T.);
#11954 = VERTEX_POINT('',#11955);
#11955 = CARTESIAN_POINT('',(136.762099,-83.238548,1.6));
#11956 = SURFACE_CURVE('',#11957,(#11961,#11967),.PCURVE_S1.);
#11957 = LINE('',#11958,#11959);
#11958 = CARTESIAN_POINT('',(132.41022578258,-83.64178405727,1.6));
#11959 = VECTOR('',#11960,1.);
#11960 = DIRECTION('',(-0.995734688848,-9.226282797384E-02,0.));
#11961 = PCURVE('',#90,#11962);
#11962 = DEFINITIONAL_REPRESENTATION('',(#11963),#11966);
#11963 = B_SPLINE_CURVE_WITH_KNOTS('',1,(#11964,#11965),.UNSPECIFIED.,
  .F.,.F.,(2,2),(-4.370514823029,-4.260264571401),
  .PIECEWISE_BEZIER_KNOTS.);
#11964 = CARTESIAN_POINT('',(-6.762099,21.761452));
#11965 = CARTESIAN_POINT('',(-6.652319,21.75128));
#11966 = ( GEOMETRIC_REPRESENTATION_CONTEXT(2) 
PARAMETRIC_REPRESENTATION_CONTEXT() REPRESENTATION_CONTEXT('2D SPACE',''
  ) );
#11967 = PCURVE('',#6320,#11968);
#11968 = DEFINITIONAL_REPRESENTATION('',(#11969),#11972);
#11969 = B_SPLINE_CURVE_WITH_KNOTS('',1,(#11970,#11971),.UNSPECIFIED.,
  .F.,.F.,(2,2),(-4.370514823029,-4.260264571401),
  .PIECEWISE_BEZIER_KNOTS.);
#11970 = CARTESIAN_POINT('',(0.,-1.6));
#11971 = CARTESIAN_POINT('',(0.110250251628,-1.6));
#11972 = ( GEOMETRIC_REPRESENTATION_CONTEXT(2) 
PARAMETRIC_REPRESENTATION_CONTEXT() REPRESENTATION_CONTEXT('2D SPACE',''
  ) );
#11973 = ORIENTED_EDGE('',*,*,#11974,.F.);
#11974 = EDGE_CURVE('',#11975,#11954,#11977,.T.);
#11975 = VERTEX_POINT('',#11976);
#11976 = CARTESIAN_POINT('',(136.86079,-83.189405,1.6));
#11977 = SURFACE_CURVE('',#11978,(#11982,#11988),.PCURVE_S1.);
#11978 = LINE('',#11979,#11980);
#11979 = CARTESIAN_POINT('',(129.76062498982,-86.7249189688,1.6));
#11980 = VECTOR('',#11981,1.);
#11981 = DIRECTION('',(-0.895160681354,-0.445743597327,0.));
#11982 = PCURVE('',#90,#11983);
#11983 = DEFINITIONAL_REPRESENTATION('',(#11984),#11987);
#11984 = B_SPLINE_CURVE_WITH_KNOTS('',1,(#11985,#11986),.UNSPECIFIED.,
  .F.,.F.,(2,2),(-7.931721263082,-7.821471782675),
  .PIECEWISE_BEZIER_KNOTS.);
#11985 = CARTESIAN_POINT('',(-6.86079,21.810595));
#11986 = CARTESIAN_POINT('',(-6.762099,21.761452));
#11987 = ( GEOMETRIC_REPRESENTATION_CONTEXT(2) 
PARAMETRIC_REPRESENTATION_CONTEXT() REPRESENTATION_CONTEXT('2D SPACE',''
  ) );
#11988 = PCURVE('',#6348,#11989);
#11989 = DEFINITIONAL_REPRESENTATION('',(#11990),#11993);
#11990 = B_SPLINE_CURVE_WITH_KNOTS('',1,(#11991,#11992),.UNSPECIFIED.,
  .F.,.F.,(2,2),(-7.931721263082,-7.821471782675),
  .PIECEWISE_BEZIER_KNOTS.);
#11991 = CARTESIAN_POINT('',(0.,-1.6));
#11992 = CARTESIAN_POINT('',(0.110249480407,-1.6));
#11993 = ( GEOMETRIC_REPRESENTATION_CONTEXT(2) 
PARAMETRIC_REPRESENTATION_CONTEXT() REPRESENTATION_CONTEXT('2D SPACE',''
  ) );
#11994 = ORIENTED_EDGE('',*,*,#11995,.F.);
#11995 = EDGE_CURVE('',#11996,#11975,#11998,.T.);
#11996 = VERTEX_POINT('',#11997);
#11997 = CARTESIAN_POINT('',(136.935065,-83.10793,1.6));
#11998 = SURFACE_CURVE('',#11999,(#12003,#12009),.PCURVE_S1.);
#11999 = LINE('',#12000,#12001);
#12000 = CARTESIAN_POINT('',(129.91157829941,-90.81225283985,1.6));
#12001 = VECTOR('',#12002,1.);
#12002 = DIRECTION('',(-0.67369922817,-0.73900564948,0.));
#12003 = PCURVE('',#90,#12004);
#12004 = DEFINITIONAL_REPRESENTATION('',(#12005),#12008);
#12005 = B_SPLINE_CURVE_WITH_KNOTS('',1,(#12006,#12007),.UNSPECIFIED.,
  .F.,.F.,(2,2),(-10.42525567331,-10.31500617784),
  .PIECEWISE_BEZIER_KNOTS.);
#12006 = CARTESIAN_POINT('',(-6.935065,21.89207));
#12007 = CARTESIAN_POINT('',(-6.86079,21.810595));
#12008 = ( GEOMETRIC_REPRESENTATION_CONTEXT(2) 
PARAMETRIC_REPRESENTATION_CONTEXT() REPRESENTATION_CONTEXT('2D SPACE',''
  ) );
#12009 = PCURVE('',#6376,#12010);
#12010 = DEFINITIONAL_REPRESENTATION('',(#12011),#12014);
#12011 = B_SPLINE_CURVE_WITH_KNOTS('',1,(#12012,#12013),.UNSPECIFIED.,
  .F.,.F.,(2,2),(-10.42525567331,-10.31500617784),
  .PIECEWISE_BEZIER_KNOTS.);
#12012 = CARTESIAN_POINT('',(0.,-1.6));
#12013 = CARTESIAN_POINT('',(0.110249495464,-1.6));
#12014 = ( GEOMETRIC_REPRESENTATION_CONTEXT(2) 
PARAMETRIC_REPRESENTATION_CONTEXT() REPRESENTATION_CONTEXT('2D SPACE',''
  ) );
#12015 = ORIENTED_EDGE('',*,*,#12016,.F.);
#12016 = EDGE_CURVE('',#12017,#11996,#12019,.T.);
#12017 = VERTEX_POINT('',#12018);
#12018 = CARTESIAN_POINT('',(136.974892,-83.005125,1.6));
#12019 = SURFACE_CURVE('',#12020,(#12024,#12030),.PCURVE_S1.);
#12020 = LINE('',#12021,#12022);
#12021 = CARTESIAN_POINT('',(132.81532138653,-93.74217918225,1.6));
#12022 = VECTOR('',#12023,1.);
#12023 = DIRECTION('',(-0.361242697938,-0.932471829701,0.));
#12024 = PCURVE('',#90,#12025);
#12025 = DEFINITIONAL_REPRESENTATION('',(#12026),#12029);
#12026 = B_SPLINE_CURVE_WITH_KNOTS('',1,(#12027,#12028),.UNSPECIFIED.,
  .F.,.F.,(2,2),(-11.5146150696,-11.40436509022),
  .PIECEWISE_BEZIER_KNOTS.);
#12027 = CARTESIAN_POINT('',(-6.974892,21.994875));
#12028 = CARTESIAN_POINT('',(-6.935065,21.89207));
#12029 = ( GEOMETRIC_REPRESENTATION_CONTEXT(2) 
PARAMETRIC_REPRESENTATION_CONTEXT() REPRESENTATION_CONTEXT('2D SPACE',''
  ) );
#12030 = PCURVE('',#6404,#12031);
#12031 = DEFINITIONAL_REPRESENTATION('',(#12032),#12035);
#12032 = B_SPLINE_CURVE_WITH_KNOTS('',1,(#12033,#12034),.UNSPECIFIED.,
  .F.,.F.,(2,2),(-11.5146150696,-11.40436509022),
  .PIECEWISE_BEZIER_KNOTS.);
#12033 = CARTESIAN_POINT('',(0.,-1.6));
#12034 = CARTESIAN_POINT('',(0.110249979383,-1.6));
#12035 = ( GEOMETRIC_REPRESENTATION_CONTEXT(2) 
PARAMETRIC_REPRESENTATION_CONTEXT() REPRESENTATION_CONTEXT('2D SPACE',''
  ) );
#12036 = ORIENTED_EDGE('',*,*,#12037,.F.);
#12037 = EDGE_CURVE('',#12038,#12017,#12040,.T.);
#12038 = VERTEX_POINT('',#12039);
#12039 = CARTESIAN_POINT('',(136.98,-82.95,1.6));
#12040 = SURFACE_CURVE('',#12041,(#12045,#12051),.PCURVE_S1.);
#12041 = LINE('',#12042,#12043);
#12042 = CARTESIAN_POINT('',(135.9373860808,-94.20178001089,1.6));
#12043 = VECTOR('',#12044,1.);
#12044 = DIRECTION('',(-9.226686404189E-02,-0.995734314865,0.));
#12045 = PCURVE('',#90,#12046);
#12046 = DEFINITIONAL_REPRESENTATION('',(#12047),#12050);
#12047 = B_SPLINE_CURVE_WITH_KNOTS('',1,(#12048,#12049),.UNSPECIFIED.,
  .F.,.F.,(2,2),(-11.29998217689,-11.24462102364),
  .PIECEWISE_BEZIER_KNOTS.);
#12048 = CARTESIAN_POINT('',(-6.98,22.05));
#12049 = CARTESIAN_POINT('',(-6.974892,21.994875));
#12050 = ( GEOMETRIC_REPRESENTATION_CONTEXT(2) 
PARAMETRIC_REPRESENTATION_CONTEXT() REPRESENTATION_CONTEXT('2D SPACE',''
  ) );
#12051 = PCURVE('',#6432,#12052);
#12052 = DEFINITIONAL_REPRESENTATION('',(#12053),#12056);
#12053 = B_SPLINE_CURVE_WITH_KNOTS('',1,(#12054,#12055),.UNSPECIFIED.,
  .F.,.F.,(2,2),(-11.29998217689,-11.24462102364),
  .PIECEWISE_BEZIER_KNOTS.);
#12054 = CARTESIAN_POINT('',(0.,-1.6));
#12055 = CARTESIAN_POINT('',(5.536115324847E-02,-1.6));
#12056 = ( GEOMETRIC_REPRESENTATION_CONTEXT(2) 
PARAMETRIC_REPRESENTATION_CONTEXT() REPRESENTATION_CONTEXT('2D SPACE',''
  ) );
#12057 = ORIENTED_EDGE('',*,*,#12058,.F.);
#12058 = EDGE_CURVE('',#12059,#12038,#12061,.T.);
#12059 = VERTEX_POINT('',#12060);
#12060 = CARTESIAN_POINT('',(136.98,-82.35,1.6));
#12061 = SURFACE_CURVE('',#12062,(#12066,#12072),.PCURVE_S1.);
#12062 = LINE('',#12063,#12064);
#12063 = CARTESIAN_POINT('',(136.98,-93.675,1.6));
#12064 = VECTOR('',#12065,1.);
#12065 = DIRECTION('',(0.,-1.,0.));
#12066 = PCURVE('',#90,#12067);
#12067 = DEFINITIONAL_REPRESENTATION('',(#12068),#12071);
#12068 = B_SPLINE_CURVE_WITH_KNOTS('',1,(#12069,#12070),.UNSPECIFIED.,
  .F.,.F.,(2,2),(-11.325,-10.725),.PIECEWISE_BEZIER_KNOTS.);
#12069 = CARTESIAN_POINT('',(-6.98,22.65));
#12070 = CARTESIAN_POINT('',(-6.98,22.05));
#12071 = ( GEOMETRIC_REPRESENTATION_CONTEXT(2) 
PARAMETRIC_REPRESENTATION_CONTEXT() REPRESENTATION_CONTEXT('2D SPACE',''
  ) );
#12072 = PCURVE('',#6460,#12073);
#12073 = DEFINITIONAL_REPRESENTATION('',(#12074),#12077);
#12074 = B_SPLINE_CURVE_WITH_KNOTS('',1,(#12075,#12076),.UNSPECIFIED.,
  .F.,.F.,(2,2),(-11.325,-10.725),.PIECEWISE_BEZIER_KNOTS.);
#12075 = CARTESIAN_POINT('',(0.,-1.6));
#12076 = CARTESIAN_POINT('',(0.6,-1.6));
#12077 = ( GEOMETRIC_REPRESENTATION_CONTEXT(2) 
PARAMETRIC_REPRESENTATION_CONTEXT() REPRESENTATION_CONTEXT('2D SPACE',''
  ) );
#12078 = ORIENTED_EDGE('',*,*,#12079,.F.);
#12079 = EDGE_CURVE('',#12080,#12059,#12082,.T.);
#12080 = VERTEX_POINT('',#12081);
#12081 = CARTESIAN_POINT('',(136.959742,-82.241628,1.6));
#12082 = SURFACE_CURVE('',#12083,(#12087,#12093),.PCURVE_S1.);
#12083 = LINE('',#12084,#12085);
#12084 = CARTESIAN_POINT('',(138.89754626319,-92.60808686124,1.6));
#12085 = VECTOR('',#12086,1.);
#12086 = DIRECTION('',(0.183747434241,-0.982973489169,0.));
#12087 = PCURVE('',#90,#12088);
#12088 = DEFINITIONAL_REPRESENTATION('',(#12089),#12092);
#12089 = B_SPLINE_CURVE_WITH_KNOTS('',1,(#12090,#12091),.UNSPECIFIED.,
  .F.,.F.,(2,2),(-10.54602079858,-10.43577164009),
  .PIECEWISE_BEZIER_KNOTS.);
#12090 = CARTESIAN_POINT('',(-6.959742,22.758372));
#12091 = CARTESIAN_POINT('',(-6.98,22.65));
#12092 = ( GEOMETRIC_REPRESENTATION_CONTEXT(2) 
PARAMETRIC_REPRESENTATION_CONTEXT() REPRESENTATION_CONTEXT('2D SPACE',''
  ) );
#12093 = PCURVE('',#6488,#12094);
#12094 = DEFINITIONAL_REPRESENTATION('',(#12095),#12098);
#12095 = B_SPLINE_CURVE_WITH_KNOTS('',1,(#12096,#12097),.UNSPECIFIED.,
  .F.,.F.,(2,2),(-10.54602079858,-10.43577164009),
  .PIECEWISE_BEZIER_KNOTS.);
#12096 = CARTESIAN_POINT('',(0.,-1.6));
#12097 = CARTESIAN_POINT('',(0.110249158491,-1.6));
#12098 = ( GEOMETRIC_REPRESENTATION_CONTEXT(2) 
PARAMETRIC_REPRESENTATION_CONTEXT() REPRESENTATION_CONTEXT('2D SPACE',''
  ) );
#12099 = ORIENTED_EDGE('',*,*,#12100,.F.);
#12100 = EDGE_CURVE('',#12101,#12080,#12103,.T.);
#12101 = VERTEX_POINT('',#12102);
#12102 = CARTESIAN_POINT('',(136.901703,-82.147891,1.6));
#12103 = SURFACE_CURVE('',#12104,(#12108,#12114),.PCURVE_S1.);
#12104 = LINE('',#12105,#12106);
#12105 = CARTESIAN_POINT('',(141.05945034179,-88.86294058007,1.6));
#12106 = VECTOR('',#12107,1.);
#12107 = DIRECTION('',(0.526428929276,-0.850219137882,0.));
#12108 = PCURVE('',#90,#12109);
#12109 = DEFINITIONAL_REPRESENTATION('',(#12110),#12113);
#12110 = B_SPLINE_CURVE_WITH_KNOTS('',1,(#12111,#12112),.UNSPECIFIED.,
  .F.,.F.,(2,2),(-7.89802214615,-7.787771746196),
  .PIECEWISE_BEZIER_KNOTS.);
#12111 = CARTESIAN_POINT('',(-6.901703,22.852109));
#12112 = CARTESIAN_POINT('',(-6.959742,22.758372));
#12113 = ( GEOMETRIC_REPRESENTATION_CONTEXT(2) 
PARAMETRIC_REPRESENTATION_CONTEXT() REPRESENTATION_CONTEXT('2D SPACE',''
  ) );
#12114 = PCURVE('',#6516,#12115);
#12115 = DEFINITIONAL_REPRESENTATION('',(#12116),#12119);
#12116 = B_SPLINE_CURVE_WITH_KNOTS('',1,(#12117,#12118),.UNSPECIFIED.,
  .F.,.F.,(2,2),(-7.89802214615,-7.787771746196),
  .PIECEWISE_BEZIER_KNOTS.);
#12117 = CARTESIAN_POINT('',(0.,-1.6));
#12118 = CARTESIAN_POINT('',(0.110250399954,-1.6));
#12119 = ( GEOMETRIC_REPRESENTATION_CONTEXT(2) 
PARAMETRIC_REPRESENTATION_CONTEXT() REPRESENTATION_CONTEXT('2D SPACE',''
  ) );
#12120 = ORIENTED_EDGE('',*,*,#12121,.F.);
#12121 = EDGE_CURVE('',#12122,#12101,#12124,.T.);
#12122 = VERTEX_POINT('',#12123);
#12123 = CARTESIAN_POINT('',(136.813722,-82.081451,1.6));
#12124 = SURFACE_CURVE('',#12125,(#12129,#12135),.PCURVE_S1.);
#12125 = LINE('',#12126,#12127);
#12126 = CARTESIAN_POINT('',(140.1550298919,-84.60468324716,1.6));
#12127 = VECTOR('',#12128,1.);
#12128 = DIRECTION('',(0.798017956254,-0.60263367106,0.));
#12129 = PCURVE('',#90,#12130);
#12130 = DEFINITIONAL_REPRESENTATION('',(#12131),#12134);
#12131 = B_SPLINE_CURVE_WITH_KNOTS('',1,(#12132,#12133),.UNSPECIFIED.,
  .F.,.F.,(2,2),(-4.187008407159,-4.076759008245),
  .PIECEWISE_BEZIER_KNOTS.);
#12132 = CARTESIAN_POINT('',(-6.813722,22.918549));
#12133 = CARTESIAN_POINT('',(-6.901703,22.852109));
#12134 = ( GEOMETRIC_REPRESENTATION_CONTEXT(2) 
PARAMETRIC_REPRESENTATION_CONTEXT() REPRESENTATION_CONTEXT('2D SPACE',''
  ) );
#12135 = PCURVE('',#6544,#12136);
#12136 = DEFINITIONAL_REPRESENTATION('',(#12137),#12140);
#12137 = B_SPLINE_CURVE_WITH_KNOTS('',1,(#12138,#12139),.UNSPECIFIED.,
  .F.,.F.,(2,2),(-4.187008407159,-4.076759008245),
  .PIECEWISE_BEZIER_KNOTS.);
#12138 = CARTESIAN_POINT('',(0.,-1.6));
#12139 = CARTESIAN_POINT('',(0.110249398914,-1.6));
#12140 = ( GEOMETRIC_REPRESENTATION_CONTEXT(2) 
PARAMETRIC_REPRESENTATION_CONTEXT() REPRESENTATION_CONTEXT('2D SPACE',''
  ) );
#12141 = ORIENTED_EDGE('',*,*,#12142,.F.);
#12142 = EDGE_CURVE('',#12143,#12122,#12145,.T.);
#12143 = VERTEX_POINT('',#12144);
#12144 = CARTESIAN_POINT('',(136.707681,-82.05128,1.6));
#12145 = SURFACE_CURVE('',#12146,(#12150,#12156),.PCURVE_S1.);
#12146 = LINE('',#12147,#12148);
#12147 = CARTESIAN_POINT('',(136.62522377854,-82.02781910441,1.6));
#12148 = VECTOR('',#12149,1.);
#12149 = DIRECTION('',(0.961826277748,-0.273660759762,0.));
#12150 = PCURVE('',#90,#12151);
#12151 = DEFINITIONAL_REPRESENTATION('',(#12152),#12155);
#12152 = B_SPLINE_CURVE_WITH_KNOTS('',1,(#12153,#12154),.UNSPECIFIED.,
  .F.,.F.,(2,2),(8.572984889199E-02,0.195979487993),
  .PIECEWISE_BEZIER_KNOTS.);
#12153 = CARTESIAN_POINT('',(-6.707681,22.94872));
#12154 = CARTESIAN_POINT('',(-6.813722,22.918549));
#12155 = ( GEOMETRIC_REPRESENTATION_CONTEXT(2) 
PARAMETRIC_REPRESENTATION_CONTEXT() REPRESENTATION_CONTEXT('2D SPACE',''
  ) );
#12156 = PCURVE('',#6572,#12157);
#12157 = DEFINITIONAL_REPRESENTATION('',(#12158),#12161);
#12158 = B_SPLINE_CURVE_WITH_KNOTS('',1,(#12159,#12160),.UNSPECIFIED.,
  .F.,.F.,(2,2),(8.572984889199E-02,0.195979487993),
  .PIECEWISE_BEZIER_KNOTS.);
#12159 = CARTESIAN_POINT('',(0.,-1.6));
#12160 = CARTESIAN_POINT('',(0.110249639101,-1.6));
#12161 = ( GEOMETRIC_REPRESENTATION_CONTEXT(2) 
PARAMETRIC_REPRESENTATION_CONTEXT() REPRESENTATION_CONTEXT('2D SPACE',''
  ) );
#12162 = ORIENTED_EDGE('',*,*,#12163,.F.);
#12163 = EDGE_CURVE('',#12164,#12143,#12166,.T.);
#12164 = VERTEX_POINT('',#12165);
#12165 = CARTESIAN_POINT('',(136.597901,-82.061452,1.6));
#12166 = SURFACE_CURVE('',#12167,(#12171,#12177),.PCURVE_S1.);
#12167 = LINE('',#12168,#12169);
#12168 = CARTESIAN_POINT('',(132.27335842886,-82.46215565306,1.6));
#12169 = VECTOR('',#12170,1.);
#12170 = DIRECTION('',(0.995734688848,9.226282797371E-02,-0.));
#12171 = PCURVE('',#90,#12172);
#12172 = DEFINITIONAL_REPRESENTATION('',(#12173),#12176);
#12173 = B_SPLINE_CURVE_WITH_KNOTS('',1,(#12174,#12175),.UNSPECIFIED.,
  .F.,.F.,(2,2),(4.343067103686,4.453317355314),
  .PIECEWISE_BEZIER_KNOTS.);
#12174 = CARTESIAN_POINT('',(-6.597901,22.938548));
#12175 = CARTESIAN_POINT('',(-6.707681,22.94872));
#12176 = ( GEOMETRIC_REPRESENTATION_CONTEXT(2) 
PARAMETRIC_REPRESENTATION_CONTEXT() REPRESENTATION_CONTEXT('2D SPACE',''
  ) );
#12177 = PCURVE('',#6600,#12178);
#12178 = DEFINITIONAL_REPRESENTATION('',(#12179),#12182);
#12179 = B_SPLINE_CURVE_WITH_KNOTS('',1,(#12180,#12181),.UNSPECIFIED.,
  .F.,.F.,(2,2),(4.343067103686,4.453317355314),
  .PIECEWISE_BEZIER_KNOTS.);
#12180 = CARTESIAN_POINT('',(0.,-1.6));
#12181 = CARTESIAN_POINT('',(0.110250251628,-1.6));
#12182 = ( GEOMETRIC_REPRESENTATION_CONTEXT(2) 
PARAMETRIC_REPRESENTATION_CONTEXT() REPRESENTATION_CONTEXT('2D SPACE',''
  ) );
#12183 = ORIENTED_EDGE('',*,*,#12184,.F.);
#12184 = EDGE_CURVE('',#12185,#12164,#12187,.T.);
#12185 = VERTEX_POINT('',#12186);
#12186 = CARTESIAN_POINT('',(136.49921,-82.110595,1.6));
#12187 = SURFACE_CURVE('',#12188,(#12192,#12198),.PCURVE_S1.);
#12188 = LINE('',#12189,#12190);
#12189 = CARTESIAN_POINT('',(129.32868515838,-85.68114451608,1.6));
#12190 = VECTOR('',#12191,1.);
#12191 = DIRECTION('',(0.895160681354,0.445743597327,-0.));
#12192 = PCURVE('',#90,#12193);
#12193 = DEFINITIONAL_REPRESENTATION('',(#12194),#12197);
#12194 = B_SPLINE_CURVE_WITH_KNOTS('',1,(#12195,#12196),.UNSPECIFIED.,
  .F.,.F.,(2,2),(8.010321488616,8.120570969023),
  .PIECEWISE_BEZIER_KNOTS.);
#12195 = CARTESIAN_POINT('',(-6.49921,22.889405));
#12196 = CARTESIAN_POINT('',(-6.597901,22.938548));
#12197 = ( GEOMETRIC_REPRESENTATION_CONTEXT(2) 
PARAMETRIC_REPRESENTATION_CONTEXT() REPRESENTATION_CONTEXT('2D SPACE',''
  ) );
#12198 = PCURVE('',#6628,#12199);
#12199 = DEFINITIONAL_REPRESENTATION('',(#12200),#12203);
#12200 = B_SPLINE_CURVE_WITH_KNOTS('',1,(#12201,#12202),.UNSPECIFIED.,
  .F.,.F.,(2,2),(8.010321488616,8.120570969023),
  .PIECEWISE_BEZIER_KNOTS.);
#12201 = CARTESIAN_POINT('',(0.,-1.6));
#12202 = CARTESIAN_POINT('',(0.110249480407,-1.6));
#12203 = ( GEOMETRIC_REPRESENTATION_CONTEXT(2) 
PARAMETRIC_REPRESENTATION_CONTEXT() REPRESENTATION_CONTEXT('2D SPACE',''
  ) );
#12204 = ORIENTED_EDGE('',*,*,#12205,.F.);
#12205 = EDGE_CURVE('',#11807,#12185,#12206,.T.);
#12206 = SURFACE_CURVE('',#12207,(#12211,#12217),.PCURVE_S1.);
#12207 = LINE('',#12208,#12209);
#12208 = CARTESIAN_POINT('',(129.28922633616,-90.01949327009,1.6));
#12209 = VECTOR('',#12210,1.);
#12210 = DIRECTION('',(0.67369922817,0.73900564948,-0.));
#12211 = PCURVE('',#90,#12212);
#12212 = DEFINITIONAL_REPRESENTATION('',(#12213),#12216);
#12213 = B_SPLINE_CURVE_WITH_KNOTS('',1,(#12214,#12215),.UNSPECIFIED.,
  .F.,.F.,(2,2),(10.591831436743,10.702080932207),
  .PIECEWISE_BEZIER_KNOTS.);
#12214 = CARTESIAN_POINT('',(-6.424935,22.80793));
#12215 = CARTESIAN_POINT('',(-6.49921,22.889405));
#12216 = ( GEOMETRIC_REPRESENTATION_CONTEXT(2) 
PARAMETRIC_REPRESENTATION_CONTEXT() REPRESENTATION_CONTEXT('2D SPACE',''
  ) );
#12217 = PCURVE('',#6654,#12218);
#12218 = DEFINITIONAL_REPRESENTATION('',(#12219),#12222);
#12219 = B_SPLINE_CURVE_WITH_KNOTS('',1,(#12220,#12221),.UNSPECIFIED.,
  .F.,.F.,(2,2),(10.591831436743,10.702080932207),
  .PIECEWISE_BEZIER_KNOTS.);
#12220 = CARTESIAN_POINT('',(0.,-1.6));
#12221 = CARTESIAN_POINT('',(0.110249495464,-1.6));
#12222 = ( GEOMETRIC_REPRESENTATION_CONTEXT(2) 
PARAMETRIC_REPRESENTATION_CONTEXT() REPRESENTATION_CONTEXT('2D SPACE',''
  ) );
#12223 = FACE_BOUND('',#12224,.F.);
#12224 = EDGE_LOOP('',(#12225));
#12225 = ORIENTED_EDGE('',*,*,#12226,.T.);
#12226 = EDGE_CURVE('',#12227,#12227,#12229,.T.);
#12227 = VERTEX_POINT('',#12228);
#12228 = CARTESIAN_POINT('',(113.1,-88.95,1.6));
#12229 = SURFACE_CURVE('',#12230,(#12235,#12246),.PCURVE_S1.);
#12230 = CIRCLE('',#12231,0.1);
#12231 = AXIS2_PLACEMENT_3D('',#12232,#12233,#12234);
#12232 = CARTESIAN_POINT('',(113.,-88.95,1.6));
#12233 = DIRECTION('',(0.,0.,1.));
#12234 = DIRECTION('',(1.,0.,-0.));
#12235 = PCURVE('',#90,#12236);
#12236 = DEFINITIONAL_REPRESENTATION('',(#12237),#12245);
#12237 = ( BOUNDED_CURVE() B_SPLINE_CURVE(2,(#12238,#12239,#12240,#12241
    ,#12242,#12243,#12244),.UNSPECIFIED.,.T.,.F.) 
B_SPLINE_CURVE_WITH_KNOTS((1,2,2,2,2,1),(-2.094395102393,0.,
    2.094395102393,4.188790204786,6.28318530718,8.377580409573),
.UNSPECIFIED.) CURVE() GEOMETRIC_REPRESENTATION_ITEM() 
RATIONAL_B_SPLINE_CURVE((1.,0.5,1.,0.5,1.,0.5,1.)) REPRESENTATION_ITEM(
  '') );
#12238 = CARTESIAN_POINT('',(16.9,16.05));
#12239 = CARTESIAN_POINT('',(16.9,16.223205080757));
#12240 = CARTESIAN_POINT('',(17.05,16.136602540378));
#12241 = CARTESIAN_POINT('',(17.2,16.05));
#12242 = CARTESIAN_POINT('',(17.05,15.963397459622));
#12243 = CARTESIAN_POINT('',(16.9,15.876794919243));
#12244 = CARTESIAN_POINT('',(16.9,16.05));
#12245 = ( GEOMETRIC_REPRESENTATION_CONTEXT(2) 
PARAMETRIC_REPRESENTATION_CONTEXT() REPRESENTATION_CONTEXT('2D SPACE',''
  ) );
#12246 = PCURVE('',#6689,#12247);
#12247 = DEFINITIONAL_REPRESENTATION('',(#12248),#12252);
#12248 = LINE('',#12249,#12250);
#12249 = CARTESIAN_POINT('',(0.,1.61));
#12250 = VECTOR('',#12251,1.);
#12251 = DIRECTION('',(1.,0.));
#12252 = ( GEOMETRIC_REPRESENTATION_CONTEXT(2) 
PARAMETRIC_REPRESENTATION_CONTEXT() REPRESENTATION_CONTEXT('2D SPACE',''
  ) );
#12253 = FACE_BOUND('',#12254,.F.);
#12254 = EDGE_LOOP('',(#12255));
#12255 = ORIENTED_EDGE('',*,*,#12256,.T.);
#12256 = EDGE_CURVE('',#12257,#12257,#12259,.T.);
#12257 = VERTEX_POINT('',#12258);
#12258 = CARTESIAN_POINT('',(113.675,-88.,1.6));
#12259 = SURFACE_CURVE('',#12260,(#12265,#12276),.PCURVE_S1.);
#12260 = CIRCLE('',#12261,0.1);
#12261 = AXIS2_PLACEMENT_3D('',#12262,#12263,#12264);
#12262 = CARTESIAN_POINT('',(113.575,-88.,1.6));
#12263 = DIRECTION('',(0.,0.,1.));
#12264 = DIRECTION('',(1.,0.,-0.));
#12265 = PCURVE('',#90,#12266);
#12266 = DEFINITIONAL_REPRESENTATION('',(#12267),#12275);
#12267 = ( BOUNDED_CURVE() B_SPLINE_CURVE(2,(#12268,#12269,#12270,#12271
    ,#12272,#12273,#12274),.UNSPECIFIED.,.T.,.F.) 
B_SPLINE_CURVE_WITH_KNOTS((1,2,2,2,2,1),(-2.094395102393,0.,
    2.094395102393,4.188790204786,6.28318530718,8.377580409573),
.UNSPECIFIED.) CURVE() GEOMETRIC_REPRESENTATION_ITEM() 
RATIONAL_B_SPLINE_CURVE((1.,0.5,1.,0.5,1.,0.5,1.)) REPRESENTATION_ITEM(
  '') );
#12268 = CARTESIAN_POINT('',(16.325,17.));
#12269 = CARTESIAN_POINT('',(16.325,17.173205080757));
#12270 = CARTESIAN_POINT('',(16.475,17.086602540378));
#12271 = CARTESIAN_POINT('',(16.625,17.));
#12272 = CARTESIAN_POINT('',(16.475,16.913397459622));
#12273 = CARTESIAN_POINT('',(16.325,16.826794919243));
#12274 = CARTESIAN_POINT('',(16.325,17.));
#12275 = ( GEOMETRIC_REPRESENTATION_CONTEXT(2) 
PARAMETRIC_REPRESENTATION_CONTEXT() REPRESENTATION_CONTEXT('2D SPACE',''
  ) );
#12276 = PCURVE('',#6724,#12277);
#12277 = DEFINITIONAL_REPRESENTATION('',(#12278),#12282);
#12278 = LINE('',#12279,#12280);
#12279 = CARTESIAN_POINT('',(0.,1.61));
#12280 = VECTOR('',#12281,1.);
#12281 = DIRECTION('',(1.,0.));
#12282 = ( GEOMETRIC_REPRESENTATION_CONTEXT(2) 
PARAMETRIC_REPRESENTATION_CONTEXT() REPRESENTATION_CONTEXT('2D SPACE',''
  ) );
#12283 = FACE_BOUND('',#12284,.F.);
#12284 = EDGE_LOOP('',(#12285));
#12285 = ORIENTED_EDGE('',*,*,#12286,.T.);
#12286 = EDGE_CURVE('',#12287,#12287,#12289,.T.);
#12287 = VERTEX_POINT('',#12288);
#12288 = CARTESIAN_POINT('',(112.525,-88.,1.6));
#12289 = SURFACE_CURVE('',#12290,(#12295,#12306),.PCURVE_S1.);
#12290 = CIRCLE('',#12291,0.1);
#12291 = AXIS2_PLACEMENT_3D('',#12292,#12293,#12294);
#12292 = CARTESIAN_POINT('',(112.425,-88.,1.6));
#12293 = DIRECTION('',(0.,0.,1.));
#12294 = DIRECTION('',(1.,0.,-0.));
#12295 = PCURVE('',#90,#12296);
#12296 = DEFINITIONAL_REPRESENTATION('',(#12297),#12305);
#12297 = ( BOUNDED_CURVE() B_SPLINE_CURVE(2,(#12298,#12299,#12300,#12301
    ,#12302,#12303,#12304),.UNSPECIFIED.,.T.,.F.) 
B_SPLINE_CURVE_WITH_KNOTS((1,2,2,2,2,1),(-2.094395102393,0.,
    2.094395102393,4.188790204786,6.28318530718,8.377580409573),
.UNSPECIFIED.) CURVE() GEOMETRIC_REPRESENTATION_ITEM() 
RATIONAL_B_SPLINE_CURVE((1.,0.5,1.,0.5,1.,0.5,1.)) REPRESENTATION_ITEM(
  '') );
#12298 = CARTESIAN_POINT('',(17.475,17.));
#12299 = CARTESIAN_POINT('',(17.475,17.173205080757));
#12300 = CARTESIAN_POINT('',(17.625,17.086602540378));
#12301 = CARTESIAN_POINT('',(17.775,17.));
#12302 = CARTESIAN_POINT('',(17.625,16.913397459622));
#12303 = CARTESIAN_POINT('',(17.475,16.826794919243));
#12304 = CARTESIAN_POINT('',(17.475,17.));
#12305 = ( GEOMETRIC_REPRESENTATION_CONTEXT(2) 
PARAMETRIC_REPRESENTATION_CONTEXT() REPRESENTATION_CONTEXT('2D SPACE',''
  ) );
#12306 = PCURVE('',#6759,#12307);
#12307 = DEFINITIONAL_REPRESENTATION('',(#12308),#12312);
#12308 = LINE('',#12309,#12310);
#12309 = CARTESIAN_POINT('',(0.,1.61));
#12310 = VECTOR('',#12311,1.);
#12311 = DIRECTION('',(1.,0.));
#12312 = ( GEOMETRIC_REPRESENTATION_CONTEXT(2) 
PARAMETRIC_REPRESENTATION_CONTEXT() REPRESENTATION_CONTEXT('2D SPACE',''
  ) );
#12313 = FACE_BOUND('',#12314,.F.);
#12314 = EDGE_LOOP('',(#12315));
#12315 = ORIENTED_EDGE('',*,*,#12316,.T.);
#12316 = EDGE_CURVE('',#12317,#12317,#12319,.T.);
#12317 = VERTEX_POINT('',#12318);
#12318 = CARTESIAN_POINT('',(107.4,-90.45,1.6));
#12319 = SURFACE_CURVE('',#12320,(#12325,#12336),.PCURVE_S1.);
#12320 = CIRCLE('',#12321,0.2);
#12321 = AXIS2_PLACEMENT_3D('',#12322,#12323,#12324);
#12322 = CARTESIAN_POINT('',(107.2,-90.45,1.6));
#12323 = DIRECTION('',(0.,0.,1.));
#12324 = DIRECTION('',(1.,0.,-0.));
#12325 = PCURVE('',#90,#12326);
#12326 = DEFINITIONAL_REPRESENTATION('',(#12327),#12335);
#12327 = ( BOUNDED_CURVE() B_SPLINE_CURVE(2,(#12328,#12329,#12330,#12331
    ,#12332,#12333,#12334),.UNSPECIFIED.,.T.,.F.) 
B_SPLINE_CURVE_WITH_KNOTS((1,2,2,2,2,1),(-2.094395102393,0.,
    2.094395102393,4.188790204786,6.28318530718,8.377580409573),
.UNSPECIFIED.) CURVE() GEOMETRIC_REPRESENTATION_ITEM() 
RATIONAL_B_SPLINE_CURVE((1.,0.5,1.,0.5,1.,0.5,1.)) REPRESENTATION_ITEM(
  '') );
#12328 = CARTESIAN_POINT('',(22.6,14.55));
#12329 = CARTESIAN_POINT('',(22.6,14.896410161514));
#12330 = CARTESIAN_POINT('',(22.9,14.723205080757));
#12331 = CARTESIAN_POINT('',(23.2,14.55));
#12332 = CARTESIAN_POINT('',(22.9,14.376794919243));
#12333 = CARTESIAN_POINT('',(22.6,14.203589838486));
#12334 = CARTESIAN_POINT('',(22.6,14.55));
#12335 = ( GEOMETRIC_REPRESENTATION_CONTEXT(2) 
PARAMETRIC_REPRESENTATION_CONTEXT() REPRESENTATION_CONTEXT('2D SPACE',''
  ) );
#12336 = PCURVE('',#6794,#12337);
#12337 = DEFINITIONAL_REPRESENTATION('',(#12338),#12342);
#12338 = LINE('',#12339,#12340);
#12339 = CARTESIAN_POINT('',(0.,1.61));
#12340 = VECTOR('',#12341,1.);
#12341 = DIRECTION('',(1.,0.));
#12342 = ( GEOMETRIC_REPRESENTATION_CONTEXT(2) 
PARAMETRIC_REPRESENTATION_CONTEXT() REPRESENTATION_CONTEXT('2D SPACE',''
  ) );
#12343 = FACE_BOUND('',#12344,.F.);
#12344 = EDGE_LOOP('',(#12345));
#12345 = ORIENTED_EDGE('',*,*,#12346,.T.);
#12346 = EDGE_CURVE('',#12347,#12347,#12349,.T.);
#12347 = VERTEX_POINT('',#12348);
#12348 = CARTESIAN_POINT('',(108.566726,-89.966726,1.6));
#12349 = SURFACE_CURVE('',#12350,(#12355,#12366),.PCURVE_S1.);
#12350 = CIRCLE('',#12351,0.2);
#12351 = AXIS2_PLACEMENT_3D('',#12352,#12353,#12354);
#12352 = CARTESIAN_POINT('',(108.366726,-89.966726,1.6));
#12353 = DIRECTION('',(0.,0.,1.));
#12354 = DIRECTION('',(1.,0.,-0.));
#12355 = PCURVE('',#90,#12356);
#12356 = DEFINITIONAL_REPRESENTATION('',(#12357),#12365);
#12357 = ( BOUNDED_CURVE() B_SPLINE_CURVE(2,(#12358,#12359,#12360,#12361
    ,#12362,#12363,#12364),.UNSPECIFIED.,.T.,.F.) 
B_SPLINE_CURVE_WITH_KNOTS((1,2,2,2,2,1),(-2.094395102393,0.,
    2.094395102393,4.188790204786,6.28318530718,8.377580409573),
.UNSPECIFIED.) CURVE() GEOMETRIC_REPRESENTATION_ITEM() 
RATIONAL_B_SPLINE_CURVE((1.,0.5,1.,0.5,1.,0.5,1.)) REPRESENTATION_ITEM(
  '') );
#12358 = CARTESIAN_POINT('',(21.433274,15.033274));
#12359 = CARTESIAN_POINT('',(21.433274,15.379684161514));
#12360 = CARTESIAN_POINT('',(21.733274,15.206479080757));
#12361 = CARTESIAN_POINT('',(22.033274,15.033274));
#12362 = CARTESIAN_POINT('',(21.733274,14.860068919243));
#12363 = CARTESIAN_POINT('',(21.433274,14.686863838486));
#12364 = CARTESIAN_POINT('',(21.433274,15.033274));
#12365 = ( GEOMETRIC_REPRESENTATION_CONTEXT(2) 
PARAMETRIC_REPRESENTATION_CONTEXT() REPRESENTATION_CONTEXT('2D SPACE',''
  ) );
#12366 = PCURVE('',#6829,#12367);
#12367 = DEFINITIONAL_REPRESENTATION('',(#12368),#12372);
#12368 = LINE('',#12369,#12370);
#12369 = CARTESIAN_POINT('',(0.,1.61));
#12370 = VECTOR('',#12371,1.);
#12371 = DIRECTION('',(1.,0.));
#12372 = ( GEOMETRIC_REPRESENTATION_CONTEXT(2) 
PARAMETRIC_REPRESENTATION_CONTEXT() REPRESENTATION_CONTEXT('2D SPACE',''
  ) );
#12373 = FACE_BOUND('',#12374,.F.);
#12374 = EDGE_LOOP('',(#12375));
#12375 = ORIENTED_EDGE('',*,*,#12376,.T.);
#12376 = EDGE_CURVE('',#12377,#12377,#12379,.T.);
#12377 = VERTEX_POINT('',#12378);
#12378 = CARTESIAN_POINT('',(109.05,-88.8,1.6));
#12379 = SURFACE_CURVE('',#12380,(#12385,#12396),.PCURVE_S1.);
#12380 = CIRCLE('',#12381,0.2);
#12381 = AXIS2_PLACEMENT_3D('',#12382,#12383,#12384);
#12382 = CARTESIAN_POINT('',(108.85,-88.8,1.6));
#12383 = DIRECTION('',(0.,0.,1.));
#12384 = DIRECTION('',(1.,0.,-0.));
#12385 = PCURVE('',#90,#12386);
#12386 = DEFINITIONAL_REPRESENTATION('',(#12387),#12395);
#12387 = ( BOUNDED_CURVE() B_SPLINE_CURVE(2,(#12388,#12389,#12390,#12391
    ,#12392,#12393,#12394),.UNSPECIFIED.,.T.,.F.) 
B_SPLINE_CURVE_WITH_KNOTS((1,2,2,2,2,1),(-2.094395102393,0.,
    2.094395102393,4.188790204786,6.28318530718,8.377580409573),
.UNSPECIFIED.) CURVE() GEOMETRIC_REPRESENTATION_ITEM() 
RATIONAL_B_SPLINE_CURVE((1.,0.5,1.,0.5,1.,0.5,1.)) REPRESENTATION_ITEM(
  '') );
#12388 = CARTESIAN_POINT('',(20.95,16.2));
#12389 = CARTESIAN_POINT('',(20.95,16.546410161514));
#12390 = CARTESIAN_POINT('',(21.25,16.373205080757));
#12391 = CARTESIAN_POINT('',(21.55,16.2));
#12392 = CARTESIAN_POINT('',(21.25,16.026794919243));
#12393 = CARTESIAN_POINT('',(20.95,15.853589838486));
#12394 = CARTESIAN_POINT('',(20.95,16.2));
#12395 = ( GEOMETRIC_REPRESENTATION_CONTEXT(2) 
PARAMETRIC_REPRESENTATION_CONTEXT() REPRESENTATION_CONTEXT('2D SPACE',''
  ) );
#12396 = PCURVE('',#6864,#12397);
#12397 = DEFINITIONAL_REPRESENTATION('',(#12398),#12402);
#12398 = LINE('',#12399,#12400);
#12399 = CARTESIAN_POINT('',(0.,1.61));
#12400 = VECTOR('',#12401,1.);
#12401 = DIRECTION('',(1.,0.));
#12402 = ( GEOMETRIC_REPRESENTATION_CONTEXT(2) 
PARAMETRIC_REPRESENTATION_CONTEXT() REPRESENTATION_CONTEXT('2D SPACE',''
  ) );
#12403 = FACE_BOUND('',#12404,.F.);
#12404 = EDGE_LOOP('',(#12405));
#12405 = ORIENTED_EDGE('',*,*,#12406,.T.);
#12406 = EDGE_CURVE('',#12407,#12407,#12409,.T.);
#12407 = VERTEX_POINT('',#12408);
#12408 = CARTESIAN_POINT('',(108.566726,-87.633274,1.6));
#12409 = SURFACE_CURVE('',#12410,(#12415,#12426),.PCURVE_S1.);
#12410 = CIRCLE('',#12411,0.2);
#12411 = AXIS2_PLACEMENT_3D('',#12412,#12413,#12414);
#12412 = CARTESIAN_POINT('',(108.366726,-87.633274,1.6));
#12413 = DIRECTION('',(0.,0.,1.));
#12414 = DIRECTION('',(1.,0.,-0.));
#12415 = PCURVE('',#90,#12416);
#12416 = DEFINITIONAL_REPRESENTATION('',(#12417),#12425);
#12417 = ( BOUNDED_CURVE() B_SPLINE_CURVE(2,(#12418,#12419,#12420,#12421
    ,#12422,#12423,#12424),.UNSPECIFIED.,.T.,.F.) 
B_SPLINE_CURVE_WITH_KNOTS((1,2,2,2,2,1),(-2.094395102393,0.,
    2.094395102393,4.188790204786,6.28318530718,8.377580409573),
.UNSPECIFIED.) CURVE() GEOMETRIC_REPRESENTATION_ITEM() 
RATIONAL_B_SPLINE_CURVE((1.,0.5,1.,0.5,1.,0.5,1.)) REPRESENTATION_ITEM(
  '') );
#12418 = CARTESIAN_POINT('',(21.433274,17.366726));
#12419 = CARTESIAN_POINT('',(21.433274,17.713136161514));
#12420 = CARTESIAN_POINT('',(21.733274,17.539931080757));
#12421 = CARTESIAN_POINT('',(22.033274,17.366726));
#12422 = CARTESIAN_POINT('',(21.733274,17.193520919243));
#12423 = CARTESIAN_POINT('',(21.433274,17.020315838486));
#12424 = CARTESIAN_POINT('',(21.433274,17.366726));
#12425 = ( GEOMETRIC_REPRESENTATION_CONTEXT(2) 
PARAMETRIC_REPRESENTATION_CONTEXT() REPRESENTATION_CONTEXT('2D SPACE',''
  ) );
#12426 = PCURVE('',#6899,#12427);
#12427 = DEFINITIONAL_REPRESENTATION('',(#12428),#12432);
#12428 = LINE('',#12429,#12430);
#12429 = CARTESIAN_POINT('',(0.,1.61));
#12430 = VECTOR('',#12431,1.);
#12431 = DIRECTION('',(1.,0.));
#12432 = ( GEOMETRIC_REPRESENTATION_CONTEXT(2) 
PARAMETRIC_REPRESENTATION_CONTEXT() REPRESENTATION_CONTEXT('2D SPACE',''
  ) );
#12433 = FACE_BOUND('',#12434,.F.);
#12434 = EDGE_LOOP('',(#12435));
#12435 = ORIENTED_EDGE('',*,*,#12436,.T.);
#12436 = EDGE_CURVE('',#12437,#12437,#12439,.T.);
#12437 = VERTEX_POINT('',#12438);
#12438 = CARTESIAN_POINT('',(108.3,-88.8,1.6));
#12439 = SURFACE_CURVE('',#12440,(#12445,#12456),.PCURVE_S1.);
#12440 = CIRCLE('',#12441,1.1);
#12441 = AXIS2_PLACEMENT_3D('',#12442,#12443,#12444);
#12442 = CARTESIAN_POINT('',(107.2,-88.8,1.6));
#12443 = DIRECTION('',(0.,0.,1.));
#12444 = DIRECTION('',(1.,0.,-0.));
#12445 = PCURVE('',#90,#12446);
#12446 = DEFINITIONAL_REPRESENTATION('',(#12447),#12455);
#12447 = ( BOUNDED_CURVE() B_SPLINE_CURVE(2,(#12448,#12449,#12450,#12451
    ,#12452,#12453,#12454),.UNSPECIFIED.,.T.,.F.) 
B_SPLINE_CURVE_WITH_KNOTS((1,2,2,2,2,1),(-2.094395102393,0.,
    2.094395102393,4.188790204786,6.28318530718,8.377580409573),
.UNSPECIFIED.) CURVE() GEOMETRIC_REPRESENTATION_ITEM() 
RATIONAL_B_SPLINE_CURVE((1.,0.5,1.,0.5,1.,0.5,1.)) REPRESENTATION_ITEM(
  '') );
#12448 = CARTESIAN_POINT('',(21.7,16.2));
#12449 = CARTESIAN_POINT('',(21.7,18.105255888326));
#12450 = CARTESIAN_POINT('',(23.35,17.152627944163));
#12451 = CARTESIAN_POINT('',(25.,16.2));
#12452 = CARTESIAN_POINT('',(23.35,15.247372055837));
#12453 = CARTESIAN_POINT('',(21.7,14.294744111674));
#12454 = CARTESIAN_POINT('',(21.7,16.2));
#12455 = ( GEOMETRIC_REPRESENTATION_CONTEXT(2) 
PARAMETRIC_REPRESENTATION_CONTEXT() REPRESENTATION_CONTEXT('2D SPACE',''
  ) );
#12456 = PCURVE('',#6934,#12457);
#12457 = DEFINITIONAL_REPRESENTATION('',(#12458),#12462);
#12458 = LINE('',#12459,#12460);
#12459 = CARTESIAN_POINT('',(0.,1.61));
#12460 = VECTOR('',#12461,1.);
#12461 = DIRECTION('',(1.,0.));
#12462 = ( GEOMETRIC_REPRESENTATION_CONTEXT(2) 
PARAMETRIC_REPRESENTATION_CONTEXT() REPRESENTATION_CONTEXT('2D SPACE',''
  ) );
#12463 = FACE_BOUND('',#12464,.F.);
#12464 = EDGE_LOOP('',(#12465));
#12465 = ORIENTED_EDGE('',*,*,#12466,.T.);
#12466 = EDGE_CURVE('',#12467,#12467,#12469,.T.);
#12467 = VERTEX_POINT('',#12468);
#12468 = CARTESIAN_POINT('',(106.233274,-89.966726,1.6));
#12469 = SURFACE_CURVE('',#12470,(#12475,#12486),.PCURVE_S1.);
#12470 = CIRCLE('',#12471,0.2);
#12471 = AXIS2_PLACEMENT_3D('',#12472,#12473,#12474);
#12472 = CARTESIAN_POINT('',(106.033274,-89.966726,1.6));
#12473 = DIRECTION('',(0.,0.,1.));
#12474 = DIRECTION('',(1.,0.,-0.));
#12475 = PCURVE('',#90,#12476);
#12476 = DEFINITIONAL_REPRESENTATION('',(#12477),#12485);
#12477 = ( BOUNDED_CURVE() B_SPLINE_CURVE(2,(#12478,#12479,#12480,#12481
    ,#12482,#12483,#12484),.UNSPECIFIED.,.T.,.F.) 
B_SPLINE_CURVE_WITH_KNOTS((1,2,2,2,2,1),(-2.094395102393,0.,
    2.094395102393,4.188790204786,6.28318530718,8.377580409573),
.UNSPECIFIED.) CURVE() GEOMETRIC_REPRESENTATION_ITEM() 
RATIONAL_B_SPLINE_CURVE((1.,0.5,1.,0.5,1.,0.5,1.)) REPRESENTATION_ITEM(
  '') );
#12478 = CARTESIAN_POINT('',(23.766726,15.033274));
#12479 = CARTESIAN_POINT('',(23.766726,15.379684161514));
#12480 = CARTESIAN_POINT('',(24.066726,15.206479080757));
#12481 = CARTESIAN_POINT('',(24.366726,15.033274));
#12482 = CARTESIAN_POINT('',(24.066726,14.860068919243));
#12483 = CARTESIAN_POINT('',(23.766726,14.686863838486));
#12484 = CARTESIAN_POINT('',(23.766726,15.033274));
#12485 = ( GEOMETRIC_REPRESENTATION_CONTEXT(2) 
PARAMETRIC_REPRESENTATION_CONTEXT() REPRESENTATION_CONTEXT('2D SPACE',''
  ) );
#12486 = PCURVE('',#6969,#12487);
#12487 = DEFINITIONAL_REPRESENTATION('',(#12488),#12492);
#12488 = LINE('',#12489,#12490);
#12489 = CARTESIAN_POINT('',(0.,1.61));
#12490 = VECTOR('',#12491,1.);
#12491 = DIRECTION('',(1.,0.));
#12492 = ( GEOMETRIC_REPRESENTATION_CONTEXT(2) 
PARAMETRIC_REPRESENTATION_CONTEXT() REPRESENTATION_CONTEXT('2D SPACE',''
  ) );
#12493 = FACE_BOUND('',#12494,.F.);
#12494 = EDGE_LOOP('',(#12495));
#12495 = ORIENTED_EDGE('',*,*,#12496,.T.);
#12496 = EDGE_CURVE('',#12497,#12497,#12499,.T.);
#12497 = VERTEX_POINT('',#12498);
#12498 = CARTESIAN_POINT('',(105.75,-88.8,1.6));
#12499 = SURFACE_CURVE('',#12500,(#12505,#12516),.PCURVE_S1.);
#12500 = CIRCLE('',#12501,0.2);
#12501 = AXIS2_PLACEMENT_3D('',#12502,#12503,#12504);
#12502 = CARTESIAN_POINT('',(105.55,-88.8,1.6));
#12503 = DIRECTION('',(0.,0.,1.));
#12504 = DIRECTION('',(1.,0.,-0.));
#12505 = PCURVE('',#90,#12506);
#12506 = DEFINITIONAL_REPRESENTATION('',(#12507),#12515);
#12507 = ( BOUNDED_CURVE() B_SPLINE_CURVE(2,(#12508,#12509,#12510,#12511
    ,#12512,#12513,#12514),.UNSPECIFIED.,.T.,.F.) 
B_SPLINE_CURVE_WITH_KNOTS((1,2,2,2,2,1),(-2.094395102393,0.,
    2.094395102393,4.188790204786,6.28318530718,8.377580409573),
.UNSPECIFIED.) CURVE() GEOMETRIC_REPRESENTATION_ITEM() 
RATIONAL_B_SPLINE_CURVE((1.,0.5,1.,0.5,1.,0.5,1.)) REPRESENTATION_ITEM(
  '') );
#12508 = CARTESIAN_POINT('',(24.25,16.2));
#12509 = CARTESIAN_POINT('',(24.25,16.546410161514));
#12510 = CARTESIAN_POINT('',(24.55,16.373205080757));
#12511 = CARTESIAN_POINT('',(24.85,16.2));
#12512 = CARTESIAN_POINT('',(24.55,16.026794919243));
#12513 = CARTESIAN_POINT('',(24.25,15.853589838486));
#12514 = CARTESIAN_POINT('',(24.25,16.2));
#12515 = ( GEOMETRIC_REPRESENTATION_CONTEXT(2) 
PARAMETRIC_REPRESENTATION_CONTEXT() REPRESENTATION_CONTEXT('2D SPACE',''
  ) );
#12516 = PCURVE('',#7004,#12517);
#12517 = DEFINITIONAL_REPRESENTATION('',(#12518),#12522);
#12518 = LINE('',#12519,#12520);
#12519 = CARTESIAN_POINT('',(0.,1.61));
#12520 = VECTOR('',#12521,1.);
#12521 = DIRECTION('',(1.,0.));
#12522 = ( GEOMETRIC_REPRESENTATION_CONTEXT(2) 
PARAMETRIC_REPRESENTATION_CONTEXT() REPRESENTATION_CONTEXT('2D SPACE',''
  ) );
#12523 = FACE_BOUND('',#12524,.F.);
#12524 = EDGE_LOOP('',(#12525));
#12525 = ORIENTED_EDGE('',*,*,#12526,.T.);
#12526 = EDGE_CURVE('',#12527,#12527,#12529,.T.);
#12527 = VERTEX_POINT('',#12528);
#12528 = CARTESIAN_POINT('',(106.233274,-87.633274,1.6));
#12529 = SURFACE_CURVE('',#12530,(#12535,#12546),.PCURVE_S1.);
#12530 = CIRCLE('',#12531,0.2);
#12531 = AXIS2_PLACEMENT_3D('',#12532,#12533,#12534);
#12532 = CARTESIAN_POINT('',(106.033274,-87.633274,1.6));
#12533 = DIRECTION('',(0.,0.,1.));
#12534 = DIRECTION('',(1.,0.,-0.));
#12535 = PCURVE('',#90,#12536);
#12536 = DEFINITIONAL_REPRESENTATION('',(#12537),#12545);
#12537 = ( BOUNDED_CURVE() B_SPLINE_CURVE(2,(#12538,#12539,#12540,#12541
    ,#12542,#12543,#12544),.UNSPECIFIED.,.T.,.F.) 
B_SPLINE_CURVE_WITH_KNOTS((1,2,2,2,2,1),(-2.094395102393,0.,
    2.094395102393,4.188790204786,6.28318530718,8.377580409573),
.UNSPECIFIED.) CURVE() GEOMETRIC_REPRESENTATION_ITEM() 
RATIONAL_B_SPLINE_CURVE((1.,0.5,1.,0.5,1.,0.5,1.)) REPRESENTATION_ITEM(
  '') );
#12538 = CARTESIAN_POINT('',(23.766726,17.366726));
#12539 = CARTESIAN_POINT('',(23.766726,17.713136161514));
#12540 = CARTESIAN_POINT('',(24.066726,17.539931080757));
#12541 = CARTESIAN_POINT('',(24.366726,17.366726));
#12542 = CARTESIAN_POINT('',(24.066726,17.193520919243));
#12543 = CARTESIAN_POINT('',(23.766726,17.020315838486));
#12544 = CARTESIAN_POINT('',(23.766726,17.366726));
#12545 = ( GEOMETRIC_REPRESENTATION_CONTEXT(2) 
PARAMETRIC_REPRESENTATION_CONTEXT() REPRESENTATION_CONTEXT('2D SPACE',''
  ) );
#12546 = PCURVE('',#7039,#12547);
#12547 = DEFINITIONAL_REPRESENTATION('',(#12548),#12552);
#12548 = LINE('',#12549,#12550);
#12549 = CARTESIAN_POINT('',(0.,1.61));
#12550 = VECTOR('',#12551,1.);
#12551 = DIRECTION('',(1.,0.));
#12552 = ( GEOMETRIC_REPRESENTATION_CONTEXT(2) 
PARAMETRIC_REPRESENTATION_CONTEXT() REPRESENTATION_CONTEXT('2D SPACE',''
  ) );
#12553 = FACE_BOUND('',#12554,.F.);
#12554 = EDGE_LOOP('',(#12555));
#12555 = ORIENTED_EDGE('',*,*,#12556,.T.);
#12556 = EDGE_CURVE('',#12557,#12557,#12559,.T.);
#12557 = VERTEX_POINT('',#12558);
#12558 = CARTESIAN_POINT('',(113.1,-87.05,1.6));
#12559 = SURFACE_CURVE('',#12560,(#12565,#12576),.PCURVE_S1.);
#12560 = CIRCLE('',#12561,0.1);
#12561 = AXIS2_PLACEMENT_3D('',#12562,#12563,#12564);
#12562 = CARTESIAN_POINT('',(113.,-87.05,1.6));
#12563 = DIRECTION('',(0.,0.,1.));
#12564 = DIRECTION('',(1.,0.,-0.));
#12565 = PCURVE('',#90,#12566);
#12566 = DEFINITIONAL_REPRESENTATION('',(#12567),#12575);
#12567 = ( BOUNDED_CURVE() B_SPLINE_CURVE(2,(#12568,#12569,#12570,#12571
    ,#12572,#12573,#12574),.UNSPECIFIED.,.T.,.F.) 
B_SPLINE_CURVE_WITH_KNOTS((1,2,2,2,2,1),(-2.094395102393,0.,
    2.094395102393,4.188790204786,6.28318530718,8.377580409573),
.UNSPECIFIED.) CURVE() GEOMETRIC_REPRESENTATION_ITEM() 
RATIONAL_B_SPLINE_CURVE((1.,0.5,1.,0.5,1.,0.5,1.)) REPRESENTATION_ITEM(
  '') );
#12568 = CARTESIAN_POINT('',(16.9,17.95));
#12569 = CARTESIAN_POINT('',(16.9,18.123205080757));
#12570 = CARTESIAN_POINT('',(17.05,18.036602540378));
#12571 = CARTESIAN_POINT('',(17.2,17.95));
#12572 = CARTESIAN_POINT('',(17.05,17.863397459622));
#12573 = CARTESIAN_POINT('',(16.9,17.776794919243));
#12574 = CARTESIAN_POINT('',(16.9,17.95));
#12575 = ( GEOMETRIC_REPRESENTATION_CONTEXT(2) 
PARAMETRIC_REPRESENTATION_CONTEXT() REPRESENTATION_CONTEXT('2D SPACE',''
  ) );
#12576 = PCURVE('',#7074,#12577);
#12577 = DEFINITIONAL_REPRESENTATION('',(#12578),#12582);
#12578 = LINE('',#12579,#12580);
#12579 = CARTESIAN_POINT('',(0.,1.61));
#12580 = VECTOR('',#12581,1.);
#12581 = DIRECTION('',(1.,0.));
#12582 = ( GEOMETRIC_REPRESENTATION_CONTEXT(2) 
PARAMETRIC_REPRESENTATION_CONTEXT() REPRESENTATION_CONTEXT('2D SPACE',''
  ) );
#12583 = FACE_BOUND('',#12584,.F.);
#12584 = EDGE_LOOP('',(#12585));
#12585 = ORIENTED_EDGE('',*,*,#12586,.T.);
#12586 = EDGE_CURVE('',#12587,#12587,#12589,.T.);
#12587 = VERTEX_POINT('',#12588);
#12588 = CARTESIAN_POINT('',(107.4,-87.15,1.6));
#12589 = SURFACE_CURVE('',#12590,(#12595,#12606),.PCURVE_S1.);
#12590 = CIRCLE('',#12591,0.2);
#12591 = AXIS2_PLACEMENT_3D('',#12592,#12593,#12594);
#12592 = CARTESIAN_POINT('',(107.2,-87.15,1.6));
#12593 = DIRECTION('',(0.,0.,1.));
#12594 = DIRECTION('',(1.,0.,-0.));
#12595 = PCURVE('',#90,#12596);
#12596 = DEFINITIONAL_REPRESENTATION('',(#12597),#12605);
#12597 = ( BOUNDED_CURVE() B_SPLINE_CURVE(2,(#12598,#12599,#12600,#12601
    ,#12602,#12603,#12604),.UNSPECIFIED.,.T.,.F.) 
B_SPLINE_CURVE_WITH_KNOTS((1,2,2,2,2,1),(-2.094395102393,0.,
    2.094395102393,4.188790204786,6.28318530718,8.377580409573),
.UNSPECIFIED.) CURVE() GEOMETRIC_REPRESENTATION_ITEM() 
RATIONAL_B_SPLINE_CURVE((1.,0.5,1.,0.5,1.,0.5,1.)) REPRESENTATION_ITEM(
  '') );
#12598 = CARTESIAN_POINT('',(22.6,17.85));
#12599 = CARTESIAN_POINT('',(22.6,18.196410161514));
#12600 = CARTESIAN_POINT('',(22.9,18.023205080757));
#12601 = CARTESIAN_POINT('',(23.2,17.85));
#12602 = CARTESIAN_POINT('',(22.9,17.676794919243));
#12603 = CARTESIAN_POINT('',(22.6,17.503589838486));
#12604 = CARTESIAN_POINT('',(22.6,17.85));
#12605 = ( GEOMETRIC_REPRESENTATION_CONTEXT(2) 
PARAMETRIC_REPRESENTATION_CONTEXT() REPRESENTATION_CONTEXT('2D SPACE',''
  ) );
#12606 = PCURVE('',#7109,#12607);
#12607 = DEFINITIONAL_REPRESENTATION('',(#12608),#12612);
#12608 = LINE('',#12609,#12610);
#12609 = CARTESIAN_POINT('',(0.,1.61));
#12610 = VECTOR('',#12611,1.);
#12611 = DIRECTION('',(1.,0.));
#12612 = ( GEOMETRIC_REPRESENTATION_CONTEXT(2) 
PARAMETRIC_REPRESENTATION_CONTEXT() REPRESENTATION_CONTEXT('2D SPACE',''
  ) );
#12613 = ADVANCED_FACE('',(#12614),#177,.T.);
#12614 = FACE_BOUND('',#12615,.T.);
#12615 = EDGE_LOOP('',(#12616,#12637,#12638,#12639));
#12616 = ORIENTED_EDGE('',*,*,#12617,.T.);
#12617 = EDGE_CURVE('',#3529,#9772,#12618,.T.);
#12618 = SURFACE_CURVE('',#12619,(#12623,#12630),.PCURVE_S1.);
#12619 = LINE('',#12620,#12621);
#12620 = CARTESIAN_POINT('',(114.,-80.,0.));
#12621 = VECTOR('',#12622,1.);
#12622 = DIRECTION('',(0.,0.,1.));
#12623 = PCURVE('',#177,#12624);
#12624 = DEFINITIONAL_REPRESENTATION('',(#12625),#12629);
#12625 = LINE('',#12626,#12627);
#12626 = CARTESIAN_POINT('',(0.,0.));
#12627 = VECTOR('',#12628,1.);
#12628 = DIRECTION('',(0.,-1.));
#12629 = ( GEOMETRIC_REPRESENTATION_CONTEXT(2) 
PARAMETRIC_REPRESENTATION_CONTEXT() REPRESENTATION_CONTEXT('2D SPACE',''
  ) );
#12630 = PCURVE('',#3544,#12631);
#12631 = DEFINITIONAL_REPRESENTATION('',(#12632),#12636);
#12632 = LINE('',#12633,#12634);
#12633 = CARTESIAN_POINT('',(0.758223045053,0.));
#12634 = VECTOR('',#12635,1.);
#12635 = DIRECTION('',(0.,-1.));
#12636 = ( GEOMETRIC_REPRESENTATION_CONTEXT(2) 
PARAMETRIC_REPRESENTATION_CONTEXT() REPRESENTATION_CONTEXT('2D SPACE',''
  ) );
#12637 = ORIENTED_EDGE('',*,*,#9794,.T.);
#12638 = ORIENTED_EDGE('',*,*,#159,.F.);
#12639 = ORIENTED_EDGE('',*,*,#3556,.F.);
#12640 = ADVANCED_FACE('',(#12641),#275,.T.);
#12641 = FACE_BOUND('',#12642,.T.);
#12642 = EDGE_LOOP('',(#12643,#12644,#12645,#12666));
#12643 = ORIENTED_EDGE('',*,*,#259,.T.);
#12644 = ORIENTED_EDGE('',*,*,#7126,.T.);
#12645 = ORIENTED_EDGE('',*,*,#12646,.F.);
#12646 = EDGE_CURVE('',#314,#7127,#12647,.T.);
#12647 = SURFACE_CURVE('',#12648,(#12652,#12659),.PCURVE_S1.);
#12648 = LINE('',#12649,#12650);
#12649 = CARTESIAN_POINT('',(149.009586,-80.327312,0.));
#12650 = VECTOR('',#12651,1.);
#12651 = DIRECTION('',(0.,0.,1.));
#12652 = PCURVE('',#275,#12653);
#12653 = DEFINITIONAL_REPRESENTATION('',(#12654),#12658);
#12654 = LINE('',#12655,#12656);
#12655 = CARTESIAN_POINT('',(0.758222462562,0.));
#12656 = VECTOR('',#12657,1.);
#12657 = DIRECTION('',(0.,-1.));
#12658 = ( GEOMETRIC_REPRESENTATION_CONTEXT(2) 
PARAMETRIC_REPRESENTATION_CONTEXT() REPRESENTATION_CONTEXT('2D SPACE',''
  ) );
#12659 = PCURVE('',#352,#12660);
#12660 = DEFINITIONAL_REPRESENTATION('',(#12661),#12665);
#12661 = LINE('',#12662,#12663);
#12662 = CARTESIAN_POINT('',(0.,0.));
#12663 = VECTOR('',#12664,1.);
#12664 = DIRECTION('',(0.,-1.));
#12665 = ( GEOMETRIC_REPRESENTATION_CONTEXT(2) 
PARAMETRIC_REPRESENTATION_CONTEXT() REPRESENTATION_CONTEXT('2D SPACE',''
  ) );
#12666 = ORIENTED_EDGE('',*,*,#313,.F.);
#12667 = ADVANCED_FACE('',(#12668),#3544,.T.);
#12668 = FACE_BOUND('',#12669,.T.);
#12669 = EDGE_LOOP('',(#12670,#12691,#12692,#12693));
#12670 = ORIENTED_EDGE('',*,*,#12671,.T.);
#12671 = EDGE_CURVE('',#3501,#9749,#12672,.T.);
#12672 = SURFACE_CURVE('',#12673,(#12677,#12684),.PCURVE_S1.);
#12673 = LINE('',#12674,#12675);
#12674 = CARTESIAN_POINT('',(113.242055,-80.020532,0.));
#12675 = VECTOR('',#12676,1.);
#12676 = DIRECTION('',(0.,0.,1.));
#12677 = PCURVE('',#3544,#12678);
#12678 = DEFINITIONAL_REPRESENTATION('',(#12679),#12683);
#12679 = LINE('',#12680,#12681);
#12680 = CARTESIAN_POINT('',(0.,0.));
#12681 = VECTOR('',#12682,1.);
#12682 = DIRECTION('',(0.,-1.));
#12683 = ( GEOMETRIC_REPRESENTATION_CONTEXT(2) 
PARAMETRIC_REPRESENTATION_CONTEXT() REPRESENTATION_CONTEXT('2D SPACE',''
  ) );
#12684 = PCURVE('',#3516,#12685);
#12685 = DEFINITIONAL_REPRESENTATION('',(#12686),#12690);
#12686 = LINE('',#12687,#12688);
#12687 = CARTESIAN_POINT('',(0.758222284169,0.));
#12688 = VECTOR('',#12689,1.);
#12689 = DIRECTION('',(0.,-1.));
#12690 = ( GEOMETRIC_REPRESENTATION_CONTEXT(2) 
PARAMETRIC_REPRESENTATION_CONTEXT() REPRESENTATION_CONTEXT('2D SPACE',''
  ) );
#12691 = ORIENTED_EDGE('',*,*,#9771,.T.);
#12692 = ORIENTED_EDGE('',*,*,#12617,.F.);
#12693 = ORIENTED_EDGE('',*,*,#3528,.F.);
#12694 = ADVANCED_FACE('',(#12695),#352,.T.);
#12695 = FACE_BOUND('',#12696,.T.);
#12696 = EDGE_LOOP('',(#12697,#12698,#12699,#12720));
#12697 = ORIENTED_EDGE('',*,*,#12646,.T.);
#12698 = ORIENTED_EDGE('',*,*,#7149,.T.);
#12699 = ORIENTED_EDGE('',*,*,#12700,.F.);
#12700 = EDGE_CURVE('',#337,#7150,#12701,.T.);
#12701 = SURFACE_CURVE('',#12702,(#12706,#12713),.PCURVE_S1.);
#12702 = LINE('',#12703,#12704);
#12703 = CARTESIAN_POINT('',(149.745397,-80.5103,0.));
#12704 = VECTOR('',#12705,1.);
#12705 = DIRECTION('',(0.,0.,1.));
#12706 = PCURVE('',#352,#12707);
#12707 = DEFINITIONAL_REPRESENTATION('',(#12708),#12712);
#12708 = LINE('',#12709,#12710);
#12709 = CARTESIAN_POINT('',(0.75822320979,0.));
#12710 = VECTOR('',#12711,1.);
#12711 = DIRECTION('',(0.,-1.));
#12712 = ( GEOMETRIC_REPRESENTATION_CONTEXT(2) 
PARAMETRIC_REPRESENTATION_CONTEXT() REPRESENTATION_CONTEXT('2D SPACE',''
  ) );
#12713 = PCURVE('',#380,#12714);
#12714 = DEFINITIONAL_REPRESENTATION('',(#12715),#12719);
#12715 = LINE('',#12716,#12717);
#12716 = CARTESIAN_POINT('',(0.,0.));
#12717 = VECTOR('',#12718,1.);
#12718 = DIRECTION('',(0.,-1.));
#12719 = ( GEOMETRIC_REPRESENTATION_CONTEXT(2) 
PARAMETRIC_REPRESENTATION_CONTEXT() REPRESENTATION_CONTEXT('2D SPACE',''
  ) );
#12720 = ORIENTED_EDGE('',*,*,#336,.F.);
#12721 = ADVANCED_FACE('',(#12722),#3516,.T.);
#12722 = FACE_BOUND('',#12723,.T.);
#12723 = EDGE_LOOP('',(#12724,#12745,#12746,#12747));
#12724 = ORIENTED_EDGE('',*,*,#12725,.T.);
#12725 = EDGE_CURVE('',#3473,#9726,#12726,.T.);
#12726 = SURFACE_CURVE('',#12727,(#12731,#12738),.PCURVE_S1.);
#12727 = LINE('',#12728,#12729);
#12728 = CARTESIAN_POINT('',(112.486334,-80.082069,0.));
#12729 = VECTOR('',#12730,1.);
#12730 = DIRECTION('',(0.,0.,1.));
#12731 = PCURVE('',#3516,#12732);
#12732 = DEFINITIONAL_REPRESENTATION('',(#12733),#12737);
#12733 = LINE('',#12734,#12735);
#12734 = CARTESIAN_POINT('',(0.,0.));
#12735 = VECTOR('',#12736,1.);
#12736 = DIRECTION('',(0.,-1.));
#12737 = ( GEOMETRIC_REPRESENTATION_CONTEXT(2) 
PARAMETRIC_REPRESENTATION_CONTEXT() REPRESENTATION_CONTEXT('2D SPACE',''
  ) );
#12738 = PCURVE('',#3488,#12739);
#12739 = DEFINITIONAL_REPRESENTATION('',(#12740),#12744);
#12740 = LINE('',#12741,#12742);
#12741 = CARTESIAN_POINT('',(0.758223062907,0.));
#12742 = VECTOR('',#12743,1.);
#12743 = DIRECTION('',(0.,-1.));
#12744 = ( GEOMETRIC_REPRESENTATION_CONTEXT(2) 
PARAMETRIC_REPRESENTATION_CONTEXT() REPRESENTATION_CONTEXT('2D SPACE',''
  ) );
#12745 = ORIENTED_EDGE('',*,*,#9748,.T.);
#12746 = ORIENTED_EDGE('',*,*,#12671,.F.);
#12747 = ORIENTED_EDGE('',*,*,#3500,.F.);
#12748 = ADVANCED_FACE('',(#12749),#380,.T.);
#12749 = FACE_BOUND('',#12750,.T.);
#12750 = EDGE_LOOP('',(#12751,#12752,#12753,#12774));
#12751 = ORIENTED_EDGE('',*,*,#12700,.T.);
#12752 = ORIENTED_EDGE('',*,*,#7172,.T.);
#12753 = ORIENTED_EDGE('',*,*,#12754,.F.);
#12754 = EDGE_CURVE('',#365,#7173,#12755,.T.);
#12755 = SURFACE_CURVE('',#12756,(#12760,#12767),.PCURVE_S1.);
#12756 = LINE('',#12757,#12758);
#12757 = CARTESIAN_POINT('',(150.470221,-80.732856,0.));
#12758 = VECTOR('',#12759,1.);
#12759 = DIRECTION('',(0.,0.,1.));
#12760 = PCURVE('',#380,#12761);
#12761 = DEFINITIONAL_REPRESENTATION('',(#12762),#12766);
#12762 = LINE('',#12763,#12764);
#12763 = CARTESIAN_POINT('',(0.75822226564,0.));
#12764 = VECTOR('',#12765,1.);
#12765 = DIRECTION('',(0.,-1.));
#12766 = ( GEOMETRIC_REPRESENTATION_CONTEXT(2) 
PARAMETRIC_REPRESENTATION_CONTEXT() REPRESENTATION_CONTEXT('2D SPACE',''
  ) );
#12767 = PCURVE('',#408,#12768);
#12768 = DEFINITIONAL_REPRESENTATION('',(#12769),#12773);
#12769 = LINE('',#12770,#12771);
#12770 = CARTESIAN_POINT('',(0.,0.));
#12771 = VECTOR('',#12772,1.);
#12772 = DIRECTION('',(0.,-1.));
#12773 = ( GEOMETRIC_REPRESENTATION_CONTEXT(2) 
PARAMETRIC_REPRESENTATION_CONTEXT() REPRESENTATION_CONTEXT('2D SPACE',''
  ) );
#12774 = ORIENTED_EDGE('',*,*,#364,.F.);
#12775 = ADVANCED_FACE('',(#12776),#3488,.T.);
#12776 = FACE_BOUND('',#12777,.T.);
#12777 = EDGE_LOOP('',(#12778,#12799,#12800,#12801));
#12778 = ORIENTED_EDGE('',*,*,#12779,.T.);
#12779 = EDGE_CURVE('',#3445,#9703,#12780,.T.);
#12780 = SURFACE_CURVE('',#12781,(#12785,#12792),.PCURVE_S1.);
#12781 = LINE('',#12782,#12783);
#12782 = CARTESIAN_POINT('',(111.735052,-80.184429,0.));
#12783 = VECTOR('',#12784,1.);
#12784 = DIRECTION('',(0.,0.,1.));
#12785 = PCURVE('',#3488,#12786);
#12786 = DEFINITIONAL_REPRESENTATION('',(#12787),#12791);
#12787 = LINE('',#12788,#12789);
#12788 = CARTESIAN_POINT('',(0.,0.));
#12789 = VECTOR('',#12790,1.);
#12790 = DIRECTION('',(0.,-1.));
#12791 = ( GEOMETRIC_REPRESENTATION_CONTEXT(2) 
PARAMETRIC_REPRESENTATION_CONTEXT() REPRESENTATION_CONTEXT('2D SPACE',''
  ) );
#12792 = PCURVE('',#3460,#12793);
#12793 = DEFINITIONAL_REPRESENTATION('',(#12794),#12798);
#12794 = LINE('',#12795,#12796);
#12795 = CARTESIAN_POINT('',(0.758222462562,0.));
#12796 = VECTOR('',#12797,1.);
#12797 = DIRECTION('',(0.,-1.));
#12798 = ( GEOMETRIC_REPRESENTATION_CONTEXT(2) 
PARAMETRIC_REPRESENTATION_CONTEXT() REPRESENTATION_CONTEXT('2D SPACE',''
  ) );
#12799 = ORIENTED_EDGE('',*,*,#9725,.T.);
#12800 = ORIENTED_EDGE('',*,*,#12725,.F.);
#12801 = ORIENTED_EDGE('',*,*,#3472,.F.);
#12802 = ADVANCED_FACE('',(#12803),#408,.T.);
#12803 = FACE_BOUND('',#12804,.T.);
#12804 = EDGE_LOOP('',(#12805,#12806,#12807,#12828));
#12805 = ORIENTED_EDGE('',*,*,#12754,.T.);
#12806 = ORIENTED_EDGE('',*,*,#7195,.T.);
#12807 = ORIENTED_EDGE('',*,*,#12808,.F.);
#12808 = EDGE_CURVE('',#393,#7196,#12809,.T.);
#12809 = SURFACE_CURVE('',#12810,(#12814,#12821),.PCURVE_S1.);
#12810 = LINE('',#12811,#12812);
#12811 = CARTESIAN_POINT('',(151.181934,-80.994326,0.));
#12812 = VECTOR('',#12813,1.);
#12813 = DIRECTION('',(0.,0.,1.));
#12814 = PCURVE('',#408,#12815);
#12815 = DEFINITIONAL_REPRESENTATION('',(#12816),#12820);
#12816 = LINE('',#12817,#12818);
#12817 = CARTESIAN_POINT('',(0.758222892868,0.));
#12818 = VECTOR('',#12819,1.);
#12819 = DIRECTION('',(0.,-1.));
#12820 = ( GEOMETRIC_REPRESENTATION_CONTEXT(2) 
PARAMETRIC_REPRESENTATION_CONTEXT() REPRESENTATION_CONTEXT('2D SPACE',''
  ) );
#12821 = PCURVE('',#436,#12822);
#12822 = DEFINITIONAL_REPRESENTATION('',(#12823),#12827);
#12823 = LINE('',#12824,#12825);
#12824 = CARTESIAN_POINT('',(0.,0.));
#12825 = VECTOR('',#12826,1.);
#12826 = DIRECTION('',(0.,-1.));
#12827 = ( GEOMETRIC_REPRESENTATION_CONTEXT(2) 
PARAMETRIC_REPRESENTATION_CONTEXT() REPRESENTATION_CONTEXT('2D SPACE',''
  ) );
#12828 = ORIENTED_EDGE('',*,*,#392,.F.);
#12829 = ADVANCED_FACE('',(#12830),#3460,.T.);
#12830 = FACE_BOUND('',#12831,.T.);
#12831 = EDGE_LOOP('',(#12832,#12853,#12854,#12855));
#12832 = ORIENTED_EDGE('',*,*,#12833,.T.);
#12833 = EDGE_CURVE('',#3417,#9680,#12834,.T.);
#12834 = SURFACE_CURVE('',#12835,(#12839,#12846),.PCURVE_S1.);
#12835 = LINE('',#12836,#12837);
#12836 = CARTESIAN_POINT('',(110.990414,-80.327312,0.));
#12837 = VECTOR('',#12838,1.);
#12838 = DIRECTION('',(0.,0.,1.));
#12839 = PCURVE('',#3460,#12840);
#12840 = DEFINITIONAL_REPRESENTATION('',(#12841),#12845);
#12841 = LINE('',#12842,#12843);
#12842 = CARTESIAN_POINT('',(0.,0.));
#12843 = VECTOR('',#12844,1.);
#12844 = DIRECTION('',(0.,-1.));
#12845 = ( GEOMETRIC_REPRESENTATION_CONTEXT(2) 
PARAMETRIC_REPRESENTATION_CONTEXT() REPRESENTATION_CONTEXT('2D SPACE',''
  ) );
#12846 = PCURVE('',#3432,#12847);
#12847 = DEFINITIONAL_REPRESENTATION('',(#12848),#12852);
#12848 = LINE('',#12849,#12850);
#12849 = CARTESIAN_POINT('',(0.75822320979,0.));
#12850 = VECTOR('',#12851,1.);
#12851 = DIRECTION('',(0.,-1.));
#12852 = ( GEOMETRIC_REPRESENTATION_CONTEXT(2) 
PARAMETRIC_REPRESENTATION_CONTEXT() REPRESENTATION_CONTEXT('2D SPACE',''
  ) );
#12853 = ORIENTED_EDGE('',*,*,#9702,.T.);
#12854 = ORIENTED_EDGE('',*,*,#12779,.F.);
#12855 = ORIENTED_EDGE('',*,*,#3444,.F.);
#12856 = ADVANCED_FACE('',(#12857),#436,.T.);
#12857 = FACE_BOUND('',#12858,.T.);
#12858 = EDGE_LOOP('',(#12859,#12860,#12861,#12882));
#12859 = ORIENTED_EDGE('',*,*,#12808,.T.);
#12860 = ORIENTED_EDGE('',*,*,#7218,.T.);
#12861 = ORIENTED_EDGE('',*,*,#12862,.F.);
#12862 = EDGE_CURVE('',#421,#7219,#12863,.T.);
#12863 = SURFACE_CURVE('',#12864,(#12868,#12875),.PCURVE_S1.);
#12864 = LINE('',#12865,#12866);
#12865 = CARTESIAN_POINT('',(151.878447,-81.293944,0.));
#12866 = VECTOR('',#12867,1.);
#12867 = DIRECTION('',(0.,0.,1.));
#12868 = PCURVE('',#436,#12869);
#12869 = DEFINITIONAL_REPRESENTATION('',(#12870),#12874);
#12870 = LINE('',#12871,#12872);
#12871 = CARTESIAN_POINT('',(0.758222464118,0.));
#12872 = VECTOR('',#12873,1.);
#12873 = DIRECTION('',(0.,-1.));
#12874 = ( GEOMETRIC_REPRESENTATION_CONTEXT(2) 
PARAMETRIC_REPRESENTATION_CONTEXT() REPRESENTATION_CONTEXT('2D SPACE',''
  ) );
#12875 = PCURVE('',#464,#12876);
#12876 = DEFINITIONAL_REPRESENTATION('',(#12877),#12881);
#12877 = LINE('',#12878,#12879);
#12878 = CARTESIAN_POINT('',(0.,0.));
#12879 = VECTOR('',#12880,1.);
#12880 = DIRECTION('',(0.,-1.));
#12881 = ( GEOMETRIC_REPRESENTATION_CONTEXT(2) 
PARAMETRIC_REPRESENTATION_CONTEXT() REPRESENTATION_CONTEXT('2D SPACE',''
  ) );
#12882 = ORIENTED_EDGE('',*,*,#420,.F.);
#12883 = ADVANCED_FACE('',(#12884),#3432,.T.);
#12884 = FACE_BOUND('',#12885,.T.);
#12885 = EDGE_LOOP('',(#12886,#12907,#12908,#12909));
#12886 = ORIENTED_EDGE('',*,*,#12887,.T.);
#12887 = EDGE_CURVE('',#3389,#9657,#12888,.T.);
#12888 = SURFACE_CURVE('',#12889,(#12893,#12900),.PCURVE_S1.);
#12889 = LINE('',#12890,#12891);
#12890 = CARTESIAN_POINT('',(110.254603,-80.5103,0.));
#12891 = VECTOR('',#12892,1.);
#12892 = DIRECTION('',(0.,0.,1.));
#12893 = PCURVE('',#3432,#12894);
#12894 = DEFINITIONAL_REPRESENTATION('',(#12895),#12899);
#12895 = LINE('',#12896,#12897);
#12896 = CARTESIAN_POINT('',(0.,0.));
#12897 = VECTOR('',#12898,1.);
#12898 = DIRECTION('',(0.,-1.));
#12899 = ( GEOMETRIC_REPRESENTATION_CONTEXT(2) 
PARAMETRIC_REPRESENTATION_CONTEXT() REPRESENTATION_CONTEXT('2D SPACE',''
  ) );
#12900 = PCURVE('',#3404,#12901);
#12901 = DEFINITIONAL_REPRESENTATION('',(#12902),#12906);
#12902 = LINE('',#12903,#12904);
#12903 = CARTESIAN_POINT('',(0.75822226564,0.));
#12904 = VECTOR('',#12905,1.);
#12905 = DIRECTION('',(0.,-1.));
#12906 = ( GEOMETRIC_REPRESENTATION_CONTEXT(2) 
PARAMETRIC_REPRESENTATION_CONTEXT() REPRESENTATION_CONTEXT('2D SPACE',''
  ) );
#12907 = ORIENTED_EDGE('',*,*,#9679,.T.);
#12908 = ORIENTED_EDGE('',*,*,#12833,.F.);
#12909 = ORIENTED_EDGE('',*,*,#3416,.F.);
#12910 = ADVANCED_FACE('',(#12911),#464,.T.);
#12911 = FACE_BOUND('',#12912,.T.);
#12912 = EDGE_LOOP('',(#12913,#12914,#12915,#12936));
#12913 = ORIENTED_EDGE('',*,*,#12862,.T.);
#12914 = ORIENTED_EDGE('',*,*,#7241,.T.);
#12915 = ORIENTED_EDGE('',*,*,#12916,.F.);
#12916 = EDGE_CURVE('',#449,#7242,#12917,.T.);
#12917 = SURFACE_CURVE('',#12918,(#12922,#12929),.PCURVE_S1.);
#12918 = LINE('',#12919,#12920);
#12919 = CARTESIAN_POINT('',(152.557718,-81.630831,0.));
#12920 = VECTOR('',#12921,1.);
#12921 = DIRECTION('',(0.,0.,1.));
#12922 = PCURVE('',#464,#12923);
#12923 = DEFINITIONAL_REPRESENTATION('',(#12924),#12928);
#12924 = LINE('',#12925,#12926);
#12925 = CARTESIAN_POINT('',(0.758222884256,0.));
#12926 = VECTOR('',#12927,1.);
#12927 = DIRECTION('',(0.,-1.));
#12928 = ( GEOMETRIC_REPRESENTATION_CONTEXT(2) 
PARAMETRIC_REPRESENTATION_CONTEXT() REPRESENTATION_CONTEXT('2D SPACE',''
  ) );
#12929 = PCURVE('',#492,#12930);
#12930 = DEFINITIONAL_REPRESENTATION('',(#12931),#12935);
#12931 = LINE('',#12932,#12933);
#12932 = CARTESIAN_POINT('',(0.,0.));
#12933 = VECTOR('',#12934,1.);
#12934 = DIRECTION('',(0.,-1.));
#12935 = ( GEOMETRIC_REPRESENTATION_CONTEXT(2) 
PARAMETRIC_REPRESENTATION_CONTEXT() REPRESENTATION_CONTEXT('2D SPACE',''
  ) );
#12936 = ORIENTED_EDGE('',*,*,#448,.F.);
#12937 = ADVANCED_FACE('',(#12938),#3404,.T.);
#12938 = FACE_BOUND('',#12939,.T.);
#12939 = EDGE_LOOP('',(#12940,#12961,#12962,#12963));
#12940 = ORIENTED_EDGE('',*,*,#12941,.T.);
#12941 = EDGE_CURVE('',#3361,#9634,#12942,.T.);
#12942 = SURFACE_CURVE('',#12943,(#12947,#12954),.PCURVE_S1.);
#12943 = LINE('',#12944,#12945);
#12944 = CARTESIAN_POINT('',(109.529779,-80.732856,0.));
#12945 = VECTOR('',#12946,1.);
#12946 = DIRECTION('',(0.,0.,1.));
#12947 = PCURVE('',#3404,#12948);
#12948 = DEFINITIONAL_REPRESENTATION('',(#12949),#12953);
#12949 = LINE('',#12950,#12951);
#12950 = CARTESIAN_POINT('',(0.,0.));
#12951 = VECTOR('',#12952,1.);
#12952 = DIRECTION('',(0.,-1.));
#12953 = ( GEOMETRIC_REPRESENTATION_CONTEXT(2) 
PARAMETRIC_REPRESENTATION_CONTEXT() REPRESENTATION_CONTEXT('2D SPACE',''
  ) );
#12954 = PCURVE('',#3376,#12955);
#12955 = DEFINITIONAL_REPRESENTATION('',(#12956),#12960);
#12956 = LINE('',#12957,#12958);
#12957 = CARTESIAN_POINT('',(0.758222892868,0.));
#12958 = VECTOR('',#12959,1.);
#12959 = DIRECTION('',(0.,-1.));
#12960 = ( GEOMETRIC_REPRESENTATION_CONTEXT(2) 
PARAMETRIC_REPRESENTATION_CONTEXT() REPRESENTATION_CONTEXT('2D SPACE',''
  ) );
#12961 = ORIENTED_EDGE('',*,*,#9656,.T.);
#12962 = ORIENTED_EDGE('',*,*,#12887,.F.);
#12963 = ORIENTED_EDGE('',*,*,#3388,.F.);
#12964 = ADVANCED_FACE('',(#12965),#492,.T.);
#12965 = FACE_BOUND('',#12966,.T.);
#12966 = EDGE_LOOP('',(#12967,#12968,#12969,#12990));
#12967 = ORIENTED_EDGE('',*,*,#12916,.T.);
#12968 = ORIENTED_EDGE('',*,*,#7264,.T.);
#12969 = ORIENTED_EDGE('',*,*,#12970,.F.);
#12970 = EDGE_CURVE('',#477,#7265,#12971,.T.);
#12971 = SURFACE_CURVE('',#12972,(#12976,#12983),.PCURVE_S1.);
#12972 = LINE('',#12973,#12974);
#12973 = CARTESIAN_POINT('',(153.217754,-82.004,0.));
#12974 = VECTOR('',#12975,1.);
#12975 = DIRECTION('',(0.,0.,1.));
#12976 = PCURVE('',#492,#12977);
#12977 = DEFINITIONAL_REPRESENTATION('',(#12978),#12982);
#12978 = LINE('',#12979,#12980);
#12979 = CARTESIAN_POINT('',(0.758223333759,0.));
#12980 = VECTOR('',#12981,1.);
#12981 = DIRECTION('',(0.,-1.));
#12982 = ( GEOMETRIC_REPRESENTATION_CONTEXT(2) 
PARAMETRIC_REPRESENTATION_CONTEXT() REPRESENTATION_CONTEXT('2D SPACE',''
  ) );
#12983 = PCURVE('',#520,#12984);
#12984 = DEFINITIONAL_REPRESENTATION('',(#12985),#12989);
#12985 = LINE('',#12986,#12987);
#12986 = CARTESIAN_POINT('',(0.,0.));
#12987 = VECTOR('',#12988,1.);
#12988 = DIRECTION('',(0.,-1.));
#12989 = ( GEOMETRIC_REPRESENTATION_CONTEXT(2) 
PARAMETRIC_REPRESENTATION_CONTEXT() REPRESENTATION_CONTEXT('2D SPACE',''
  ) );
#12990 = ORIENTED_EDGE('',*,*,#476,.F.);
#12991 = ADVANCED_FACE('',(#12992),#3376,.T.);
#12992 = FACE_BOUND('',#12993,.T.);
#12993 = EDGE_LOOP('',(#12994,#13015,#13016,#13017));
#12994 = ORIENTED_EDGE('',*,*,#12995,.T.);
#12995 = EDGE_CURVE('',#3333,#9611,#12996,.T.);
#12996 = SURFACE_CURVE('',#12997,(#13001,#13008),.PCURVE_S1.);
#12997 = LINE('',#12998,#12999);
#12998 = CARTESIAN_POINT('',(108.818066,-80.994326,0.));
#12999 = VECTOR('',#13000,1.);
#13000 = DIRECTION('',(0.,0.,1.));
#13001 = PCURVE('',#3376,#13002);
#13002 = DEFINITIONAL_REPRESENTATION('',(#13003),#13007);
#13003 = LINE('',#13004,#13005);
#13004 = CARTESIAN_POINT('',(0.,0.));
#13005 = VECTOR('',#13006,1.);
#13006 = DIRECTION('',(0.,-1.));
#13007 = ( GEOMETRIC_REPRESENTATION_CONTEXT(2) 
PARAMETRIC_REPRESENTATION_CONTEXT() REPRESENTATION_CONTEXT('2D SPACE',''
  ) );
#13008 = PCURVE('',#3348,#13009);
#13009 = DEFINITIONAL_REPRESENTATION('',(#13010),#13014);
#13010 = LINE('',#13011,#13012);
#13011 = CARTESIAN_POINT('',(0.758222464118,0.));
#13012 = VECTOR('',#13013,1.);
#13013 = DIRECTION('',(0.,-1.));
#13014 = ( GEOMETRIC_REPRESENTATION_CONTEXT(2) 
PARAMETRIC_REPRESENTATION_CONTEXT() REPRESENTATION_CONTEXT('2D SPACE',''
  ) );
#13015 = ORIENTED_EDGE('',*,*,#9633,.T.);
#13016 = ORIENTED_EDGE('',*,*,#12941,.F.);
#13017 = ORIENTED_EDGE('',*,*,#3360,.F.);
#13018 = ADVANCED_FACE('',(#13019),#520,.T.);
#13019 = FACE_BOUND('',#13020,.T.);
#13020 = EDGE_LOOP('',(#13021,#13022,#13023,#13044));
#13021 = ORIENTED_EDGE('',*,*,#12970,.T.);
#13022 = ORIENTED_EDGE('',*,*,#7287,.T.);
#13023 = ORIENTED_EDGE('',*,*,#13024,.F.);
#13024 = EDGE_CURVE('',#505,#7288,#13025,.T.);
#13025 = SURFACE_CURVE('',#13026,(#13030,#13037),.PCURVE_S1.);
#13026 = LINE('',#13027,#13028);
#13027 = CARTESIAN_POINT('',(153.856619,-82.412354,0.));
#13028 = VECTOR('',#13029,1.);
#13029 = DIRECTION('',(0.,0.,1.));
#13030 = PCURVE('',#520,#13031);
#13031 = DEFINITIONAL_REPRESENTATION('',(#13032),#13036);
#13032 = LINE('',#13033,#13034);
#13033 = CARTESIAN_POINT('',(0.758222577836,0.));
#13034 = VECTOR('',#13035,1.);
#13035 = DIRECTION('',(0.,-1.));
#13036 = ( GEOMETRIC_REPRESENTATION_CONTEXT(2) 
PARAMETRIC_REPRESENTATION_CONTEXT() REPRESENTATION_CONTEXT('2D SPACE',''
  ) );
#13037 = PCURVE('',#548,#13038);
#13038 = DEFINITIONAL_REPRESENTATION('',(#13039),#13043);
#13039 = LINE('',#13040,#13041);
#13040 = CARTESIAN_POINT('',(0.,0.));
#13041 = VECTOR('',#13042,1.);
#13042 = DIRECTION('',(0.,-1.));
#13043 = ( GEOMETRIC_REPRESENTATION_CONTEXT(2) 
PARAMETRIC_REPRESENTATION_CONTEXT() REPRESENTATION_CONTEXT('2D SPACE',''
  ) );
#13044 = ORIENTED_EDGE('',*,*,#504,.F.);
#13045 = ADVANCED_FACE('',(#13046),#3348,.T.);
#13046 = FACE_BOUND('',#13047,.T.);
#13047 = EDGE_LOOP('',(#13048,#13069,#13070,#13071));
#13048 = ORIENTED_EDGE('',*,*,#13049,.T.);
#13049 = EDGE_CURVE('',#3305,#9588,#13050,.T.);
#13050 = SURFACE_CURVE('',#13051,(#13055,#13062),.PCURVE_S1.);
#13051 = LINE('',#13052,#13053);
#13052 = CARTESIAN_POINT('',(108.121553,-81.293944,0.));
#13053 = VECTOR('',#13054,1.);
#13054 = DIRECTION('',(0.,0.,1.));
#13055 = PCURVE('',#3348,#13056);
#13056 = DEFINITIONAL_REPRESENTATION('',(#13057),#13061);
#13057 = LINE('',#13058,#13059);
#13058 = CARTESIAN_POINT('',(0.,0.));
#13059 = VECTOR('',#13060,1.);
#13060 = DIRECTION('',(0.,-1.));
#13061 = ( GEOMETRIC_REPRESENTATION_CONTEXT(2) 
PARAMETRIC_REPRESENTATION_CONTEXT() REPRESENTATION_CONTEXT('2D SPACE',''
  ) );
#13062 = PCURVE('',#3320,#13063);
#13063 = DEFINITIONAL_REPRESENTATION('',(#13064),#13068);
#13064 = LINE('',#13065,#13066);
#13065 = CARTESIAN_POINT('',(0.758222884256,0.));
#13066 = VECTOR('',#13067,1.);
#13067 = DIRECTION('',(0.,-1.));
#13068 = ( GEOMETRIC_REPRESENTATION_CONTEXT(2) 
PARAMETRIC_REPRESENTATION_CONTEXT() REPRESENTATION_CONTEXT('2D SPACE',''
  ) );
#13069 = ORIENTED_EDGE('',*,*,#9610,.T.);
#13070 = ORIENTED_EDGE('',*,*,#12995,.F.);
#13071 = ORIENTED_EDGE('',*,*,#3332,.F.);
#13072 = ADVANCED_FACE('',(#13073),#548,.T.);
#13073 = FACE_BOUND('',#13074,.T.);
#13074 = EDGE_LOOP('',(#13075,#13076,#13077,#13098));
#13075 = ORIENTED_EDGE('',*,*,#13024,.T.);
#13076 = ORIENTED_EDGE('',*,*,#7310,.T.);
#13077 = ORIENTED_EDGE('',*,*,#13078,.F.);
#13078 = EDGE_CURVE('',#533,#7311,#13079,.T.);
#13079 = SURFACE_CURVE('',#13080,(#13084,#13091),.PCURVE_S1.);
#13080 = LINE('',#13081,#13082);
#13081 = CARTESIAN_POINT('',(154.472439,-82.854697,0.));
#13082 = VECTOR('',#13083,1.);
#13083 = DIRECTION('',(0.,0.,1.));
#13084 = PCURVE('',#548,#13085);
#13085 = DEFINITIONAL_REPRESENTATION('',(#13086),#13090);
#13086 = LINE('',#13087,#13088);
#13087 = CARTESIAN_POINT('',(0.758222659942,0.));
#13088 = VECTOR('',#13089,1.);
#13089 = DIRECTION('',(0.,-1.));
#13090 = ( GEOMETRIC_REPRESENTATION_CONTEXT(2) 
PARAMETRIC_REPRESENTATION_CONTEXT() REPRESENTATION_CONTEXT('2D SPACE',''
  ) );
#13091 = PCURVE('',#576,#13092);
#13092 = DEFINITIONAL_REPRESENTATION('',(#13093),#13097);
#13093 = LINE('',#13094,#13095);
#13094 = CARTESIAN_POINT('',(0.,0.));
#13095 = VECTOR('',#13096,1.);
#13096 = DIRECTION('',(0.,-1.));
#13097 = ( GEOMETRIC_REPRESENTATION_CONTEXT(2) 
PARAMETRIC_REPRESENTATION_CONTEXT() REPRESENTATION_CONTEXT('2D SPACE',''
  ) );
#13098 = ORIENTED_EDGE('',*,*,#532,.F.);
#13099 = ADVANCED_FACE('',(#13100),#3320,.T.);
#13100 = FACE_BOUND('',#13101,.T.);
#13101 = EDGE_LOOP('',(#13102,#13123,#13124,#13125));
#13102 = ORIENTED_EDGE('',*,*,#13103,.T.);
#13103 = EDGE_CURVE('',#3277,#9565,#13104,.T.);
#13104 = SURFACE_CURVE('',#13105,(#13109,#13116),.PCURVE_S1.);
#13105 = LINE('',#13106,#13107);
#13106 = CARTESIAN_POINT('',(107.442282,-81.630831,0.));
#13107 = VECTOR('',#13108,1.);
#13108 = DIRECTION('',(0.,0.,1.));
#13109 = PCURVE('',#3320,#13110);
#13110 = DEFINITIONAL_REPRESENTATION('',(#13111),#13115);
#13111 = LINE('',#13112,#13113);
#13112 = CARTESIAN_POINT('',(0.,0.));
#13113 = VECTOR('',#13114,1.);
#13114 = DIRECTION('',(0.,-1.));
#13115 = ( GEOMETRIC_REPRESENTATION_CONTEXT(2) 
PARAMETRIC_REPRESENTATION_CONTEXT() REPRESENTATION_CONTEXT('2D SPACE',''
  ) );
#13116 = PCURVE('',#3292,#13117);
#13117 = DEFINITIONAL_REPRESENTATION('',(#13118),#13122);
#13118 = LINE('',#13119,#13120);
#13119 = CARTESIAN_POINT('',(0.758223333759,0.));
#13120 = VECTOR('',#13121,1.);
#13121 = DIRECTION('',(0.,-1.));
#13122 = ( GEOMETRIC_REPRESENTATION_CONTEXT(2) 
PARAMETRIC_REPRESENTATION_CONTEXT() REPRESENTATION_CONTEXT('2D SPACE',''
  ) );
#13123 = ORIENTED_EDGE('',*,*,#9587,.T.);
#13124 = ORIENTED_EDGE('',*,*,#13049,.F.);
#13125 = ORIENTED_EDGE('',*,*,#3304,.F.);
#13126 = ADVANCED_FACE('',(#13127),#576,.T.);
#13127 = FACE_BOUND('',#13128,.T.);
#13128 = EDGE_LOOP('',(#13129,#13130,#13131,#13152));
#13129 = ORIENTED_EDGE('',*,*,#13078,.T.);
#13130 = ORIENTED_EDGE('',*,*,#7333,.T.);
#13131 = ORIENTED_EDGE('',*,*,#13132,.F.);
#13132 = EDGE_CURVE('',#561,#7334,#13133,.T.);
#13133 = SURFACE_CURVE('',#13134,(#13138,#13145),.PCURVE_S1.);
#13134 = LINE('',#13135,#13136);
#13135 = CARTESIAN_POINT('',(155.063408,-83.329731,0.));
#13136 = VECTOR('',#13137,1.);
#13137 = DIRECTION('',(0.,0.,1.));
#13138 = PCURVE('',#576,#13139);
#13139 = DEFINITIONAL_REPRESENTATION('',(#13140),#13144);
#13140 = LINE('',#13141,#13142);
#13141 = CARTESIAN_POINT('',(0.758222698234,0.));
#13142 = VECTOR('',#13143,1.);
#13143 = DIRECTION('',(0.,-1.));
#13144 = ( GEOMETRIC_REPRESENTATION_CONTEXT(2) 
PARAMETRIC_REPRESENTATION_CONTEXT() REPRESENTATION_CONTEXT('2D SPACE',''
  ) );
#13145 = PCURVE('',#604,#13146);
#13146 = DEFINITIONAL_REPRESENTATION('',(#13147),#13151);
#13147 = LINE('',#13148,#13149);
#13148 = CARTESIAN_POINT('',(0.,0.));
#13149 = VECTOR('',#13150,1.);
#13150 = DIRECTION('',(0.,-1.));
#13151 = ( GEOMETRIC_REPRESENTATION_CONTEXT(2) 
PARAMETRIC_REPRESENTATION_CONTEXT() REPRESENTATION_CONTEXT('2D SPACE',''
  ) );
#13152 = ORIENTED_EDGE('',*,*,#560,.F.);
#13153 = ADVANCED_FACE('',(#13154),#3292,.T.);
#13154 = FACE_BOUND('',#13155,.T.);
#13155 = EDGE_LOOP('',(#13156,#13177,#13178,#13179));
#13156 = ORIENTED_EDGE('',*,*,#13157,.T.);
#13157 = EDGE_CURVE('',#3249,#9542,#13158,.T.);
#13158 = SURFACE_CURVE('',#13159,(#13163,#13170),.PCURVE_S1.);
#13159 = LINE('',#13160,#13161);
#13160 = CARTESIAN_POINT('',(106.782246,-82.004,0.));
#13161 = VECTOR('',#13162,1.);
#13162 = DIRECTION('',(0.,0.,1.));
#13163 = PCURVE('',#3292,#13164);
#13164 = DEFINITIONAL_REPRESENTATION('',(#13165),#13169);
#13165 = LINE('',#13166,#13167);
#13166 = CARTESIAN_POINT('',(0.,0.));
#13167 = VECTOR('',#13168,1.);
#13168 = DIRECTION('',(0.,-1.));
#13169 = ( GEOMETRIC_REPRESENTATION_CONTEXT(2) 
PARAMETRIC_REPRESENTATION_CONTEXT() REPRESENTATION_CONTEXT('2D SPACE',''
  ) );
#13170 = PCURVE('',#3264,#13171);
#13171 = DEFINITIONAL_REPRESENTATION('',(#13172),#13176);
#13172 = LINE('',#13173,#13174);
#13173 = CARTESIAN_POINT('',(0.758222577836,0.));
#13174 = VECTOR('',#13175,1.);
#13175 = DIRECTION('',(0.,-1.));
#13176 = ( GEOMETRIC_REPRESENTATION_CONTEXT(2) 
PARAMETRIC_REPRESENTATION_CONTEXT() REPRESENTATION_CONTEXT('2D SPACE',''
  ) );
#13177 = ORIENTED_EDGE('',*,*,#9564,.T.);
#13178 = ORIENTED_EDGE('',*,*,#13103,.F.);
#13179 = ORIENTED_EDGE('',*,*,#3276,.F.);
#13180 = ADVANCED_FACE('',(#13181),#604,.T.);
#13181 = FACE_BOUND('',#13182,.T.);
#13182 = EDGE_LOOP('',(#13183,#13184,#13185,#13206));
#13183 = ORIENTED_EDGE('',*,*,#13132,.T.);
#13184 = ORIENTED_EDGE('',*,*,#7356,.T.);
#13185 = ORIENTED_EDGE('',*,*,#13186,.F.);
#13186 = EDGE_CURVE('',#589,#7357,#13187,.T.);
#13187 = SURFACE_CURVE('',#13188,(#13192,#13199),.PCURVE_S1.);
#13188 = LINE('',#13189,#13190);
#13189 = CARTESIAN_POINT('',(155.627792,-83.836063,0.));
#13190 = VECTOR('',#13191,1.);
#13191 = DIRECTION('',(0.,0.,1.));
#13192 = PCURVE('',#604,#13193);
#13193 = DEFINITIONAL_REPRESENTATION('',(#13194),#13198);
#13194 = LINE('',#13195,#13196);
#13195 = CARTESIAN_POINT('',(0.758222522535,0.));
#13196 = VECTOR('',#13197,1.);
#13197 = DIRECTION('',(0.,-1.));
#13198 = ( GEOMETRIC_REPRESENTATION_CONTEXT(2) 
PARAMETRIC_REPRESENTATION_CONTEXT() REPRESENTATION_CONTEXT('2D SPACE',''
  ) );
#13199 = PCURVE('',#632,#13200);
#13200 = DEFINITIONAL_REPRESENTATION('',(#13201),#13205);
#13201 = LINE('',#13202,#13203);
#13202 = CARTESIAN_POINT('',(0.,0.));
#13203 = VECTOR('',#13204,1.);
#13204 = DIRECTION('',(0.,-1.));
#13205 = ( GEOMETRIC_REPRESENTATION_CONTEXT(2) 
PARAMETRIC_REPRESENTATION_CONTEXT() REPRESENTATION_CONTEXT('2D SPACE',''
  ) );
#13206 = ORIENTED_EDGE('',*,*,#588,.F.);
#13207 = ADVANCED_FACE('',(#13208),#3264,.T.);
#13208 = FACE_BOUND('',#13209,.T.);
#13209 = EDGE_LOOP('',(#13210,#13231,#13232,#13233));
#13210 = ORIENTED_EDGE('',*,*,#13211,.T.);
#13211 = EDGE_CURVE('',#3221,#9519,#13212,.T.);
#13212 = SURFACE_CURVE('',#13213,(#13217,#13224),.PCURVE_S1.);
#13213 = LINE('',#13214,#13215);
#13214 = CARTESIAN_POINT('',(106.143381,-82.412354,0.));
#13215 = VECTOR('',#13216,1.);
#13216 = DIRECTION('',(0.,0.,1.));
#13217 = PCURVE('',#3264,#13218);
#13218 = DEFINITIONAL_REPRESENTATION('',(#13219),#13223);
#13219 = LINE('',#13220,#13221);
#13220 = CARTESIAN_POINT('',(0.,0.));
#13221 = VECTOR('',#13222,1.);
#13222 = DIRECTION('',(0.,-1.));
#13223 = ( GEOMETRIC_REPRESENTATION_CONTEXT(2) 
PARAMETRIC_REPRESENTATION_CONTEXT() REPRESENTATION_CONTEXT('2D SPACE',''
  ) );
#13224 = PCURVE('',#3236,#13225);
#13225 = DEFINITIONAL_REPRESENTATION('',(#13226),#13230);
#13226 = LINE('',#13227,#13228);
#13227 = CARTESIAN_POINT('',(0.758222659942,0.));
#13228 = VECTOR('',#13229,1.);
#13229 = DIRECTION('',(0.,-1.));
#13230 = ( GEOMETRIC_REPRESENTATION_CONTEXT(2) 
PARAMETRIC_REPRESENTATION_CONTEXT() REPRESENTATION_CONTEXT('2D SPACE',''
  ) );
#13231 = ORIENTED_EDGE('',*,*,#9541,.T.);
#13232 = ORIENTED_EDGE('',*,*,#13157,.F.);
#13233 = ORIENTED_EDGE('',*,*,#3248,.F.);
#13234 = ADVANCED_FACE('',(#13235),#632,.T.);
#13235 = FACE_BOUND('',#13236,.T.);
#13236 = EDGE_LOOP('',(#13237,#13238,#13239,#13260));
#13237 = ORIENTED_EDGE('',*,*,#13186,.T.);
#13238 = ORIENTED_EDGE('',*,*,#7379,.T.);
#13239 = ORIENTED_EDGE('',*,*,#13240,.F.);
#13240 = EDGE_CURVE('',#617,#7380,#13241,.T.);
#13241 = SURFACE_CURVE('',#13242,(#13246,#13253),.PCURVE_S1.);
#13242 = LINE('',#13243,#13244);
#13243 = CARTESIAN_POINT('',(156.163937,-84.372208,0.));
#13244 = VECTOR('',#13245,1.);
#13245 = DIRECTION('',(0.,0.,1.));
#13246 = PCURVE('',#632,#13247);
#13247 = DEFINITIONAL_REPRESENTATION('',(#13248),#13252);
#13248 = LINE('',#13249,#13250);
#13249 = CARTESIAN_POINT('',(0.758223530399,0.));
#13250 = VECTOR('',#13251,1.);
#13251 = DIRECTION('',(0.,-1.));
#13252 = ( GEOMETRIC_REPRESENTATION_CONTEXT(2) 
PARAMETRIC_REPRESENTATION_CONTEXT() REPRESENTATION_CONTEXT('2D SPACE',''
  ) );
#13253 = PCURVE('',#660,#13254);
#13254 = DEFINITIONAL_REPRESENTATION('',(#13255),#13259);
#13255 = LINE('',#13256,#13257);
#13256 = CARTESIAN_POINT('',(0.,0.));
#13257 = VECTOR('',#13258,1.);
#13258 = DIRECTION('',(0.,-1.));
#13259 = ( GEOMETRIC_REPRESENTATION_CONTEXT(2) 
PARAMETRIC_REPRESENTATION_CONTEXT() REPRESENTATION_CONTEXT('2D SPACE',''
  ) );
#13260 = ORIENTED_EDGE('',*,*,#616,.F.);
#13261 = ADVANCED_FACE('',(#13262),#3236,.T.);
#13262 = FACE_BOUND('',#13263,.T.);
#13263 = EDGE_LOOP('',(#13264,#13285,#13286,#13287));
#13264 = ORIENTED_EDGE('',*,*,#13265,.T.);
#13265 = EDGE_CURVE('',#3193,#9496,#13266,.T.);
#13266 = SURFACE_CURVE('',#13267,(#13271,#13278),.PCURVE_S1.);
#13267 = LINE('',#13268,#13269);
#13268 = CARTESIAN_POINT('',(105.527561,-82.854697,0.));
#13269 = VECTOR('',#13270,1.);
#13270 = DIRECTION('',(0.,0.,1.));
#13271 = PCURVE('',#3236,#13272);
#13272 = DEFINITIONAL_REPRESENTATION('',(#13273),#13277);
#13273 = LINE('',#13274,#13275);
#13274 = CARTESIAN_POINT('',(0.,0.));
#13275 = VECTOR('',#13276,1.);
#13276 = DIRECTION('',(0.,-1.));
#13277 = ( GEOMETRIC_REPRESENTATION_CONTEXT(2) 
PARAMETRIC_REPRESENTATION_CONTEXT() REPRESENTATION_CONTEXT('2D SPACE',''
  ) );
#13278 = PCURVE('',#3208,#13279);
#13279 = DEFINITIONAL_REPRESENTATION('',(#13280),#13284);
#13280 = LINE('',#13281,#13282);
#13281 = CARTESIAN_POINT('',(0.758222698234,0.));
#13282 = VECTOR('',#13283,1.);
#13283 = DIRECTION('',(0.,-1.));
#13284 = ( GEOMETRIC_REPRESENTATION_CONTEXT(2) 
PARAMETRIC_REPRESENTATION_CONTEXT() REPRESENTATION_CONTEXT('2D SPACE',''
  ) );
#13285 = ORIENTED_EDGE('',*,*,#9518,.T.);
#13286 = ORIENTED_EDGE('',*,*,#13211,.F.);
#13287 = ORIENTED_EDGE('',*,*,#3220,.F.);
#13288 = ADVANCED_FACE('',(#13289),#660,.T.);
#13289 = FACE_BOUND('',#13290,.T.);
#13290 = EDGE_LOOP('',(#13291,#13292,#13293,#13314));
#13291 = ORIENTED_EDGE('',*,*,#13240,.T.);
#13292 = ORIENTED_EDGE('',*,*,#7402,.T.);
#13293 = ORIENTED_EDGE('',*,*,#13294,.F.);
#13294 = EDGE_CURVE('',#645,#7403,#13295,.T.);
#13295 = SURFACE_CURVE('',#13296,(#13300,#13307),.PCURVE_S1.);
#13296 = LINE('',#13297,#13298);
#13297 = CARTESIAN_POINT('',(156.670269,-84.936592,0.));
#13298 = VECTOR('',#13299,1.);
#13299 = DIRECTION('',(0.,0.,1.));
#13300 = PCURVE('',#660,#13301);
#13301 = DEFINITIONAL_REPRESENTATION('',(#13302),#13306);
#13302 = LINE('',#13303,#13304);
#13303 = CARTESIAN_POINT('',(0.758222522535,0.));
#13304 = VECTOR('',#13305,1.);
#13305 = DIRECTION('',(0.,-1.));
#13306 = ( GEOMETRIC_REPRESENTATION_CONTEXT(2) 
PARAMETRIC_REPRESENTATION_CONTEXT() REPRESENTATION_CONTEXT('2D SPACE',''
  ) );
#13307 = PCURVE('',#688,#13308);
#13308 = DEFINITIONAL_REPRESENTATION('',(#13309),#13313);
#13309 = LINE('',#13310,#13311);
#13310 = CARTESIAN_POINT('',(0.,0.));
#13311 = VECTOR('',#13312,1.);
#13312 = DIRECTION('',(0.,-1.));
#13313 = ( GEOMETRIC_REPRESENTATION_CONTEXT(2) 
PARAMETRIC_REPRESENTATION_CONTEXT() REPRESENTATION_CONTEXT('2D SPACE',''
  ) );
#13314 = ORIENTED_EDGE('',*,*,#644,.F.);
#13315 = ADVANCED_FACE('',(#13316),#3208,.T.);
#13316 = FACE_BOUND('',#13317,.T.);
#13317 = EDGE_LOOP('',(#13318,#13339,#13340,#13341));
#13318 = ORIENTED_EDGE('',*,*,#13319,.T.);
#13319 = EDGE_CURVE('',#3165,#9473,#13320,.T.);
#13320 = SURFACE_CURVE('',#13321,(#13325,#13332),.PCURVE_S1.);
#13321 = LINE('',#13322,#13323);
#13322 = CARTESIAN_POINT('',(104.936592,-83.329731,0.));
#13323 = VECTOR('',#13324,1.);
#13324 = DIRECTION('',(0.,0.,1.));
#13325 = PCURVE('',#3208,#13326);
#13326 = DEFINITIONAL_REPRESENTATION('',(#13327),#13331);
#13327 = LINE('',#13328,#13329);
#13328 = CARTESIAN_POINT('',(0.,0.));
#13329 = VECTOR('',#13330,1.);
#13330 = DIRECTION('',(0.,-1.));
#13331 = ( GEOMETRIC_REPRESENTATION_CONTEXT(2) 
PARAMETRIC_REPRESENTATION_CONTEXT() REPRESENTATION_CONTEXT('2D SPACE',''
  ) );
#13332 = PCURVE('',#3180,#13333);
#13333 = DEFINITIONAL_REPRESENTATION('',(#13334),#13338);
#13334 = LINE('',#13335,#13336);
#13335 = CARTESIAN_POINT('',(0.758222522535,0.));
#13336 = VECTOR('',#13337,1.);
#13337 = DIRECTION('',(0.,-1.));
#13338 = ( GEOMETRIC_REPRESENTATION_CONTEXT(2) 
PARAMETRIC_REPRESENTATION_CONTEXT() REPRESENTATION_CONTEXT('2D SPACE',''
  ) );
#13339 = ORIENTED_EDGE('',*,*,#9495,.T.);
#13340 = ORIENTED_EDGE('',*,*,#13265,.F.);
#13341 = ORIENTED_EDGE('',*,*,#3192,.F.);
#13342 = ADVANCED_FACE('',(#13343),#688,.T.);
#13343 = FACE_BOUND('',#13344,.T.);
#13344 = EDGE_LOOP('',(#13345,#13346,#13347,#13368));
#13345 = ORIENTED_EDGE('',*,*,#13294,.T.);
#13346 = ORIENTED_EDGE('',*,*,#7425,.T.);
#13347 = ORIENTED_EDGE('',*,*,#13348,.F.);
#13348 = EDGE_CURVE('',#673,#7426,#13349,.T.);
#13349 = SURFACE_CURVE('',#13350,(#13354,#13361),.PCURVE_S1.);
#13350 = LINE('',#13351,#13352);
#13351 = CARTESIAN_POINT('',(157.145303,-85.527561,0.));
#13352 = VECTOR('',#13353,1.);
#13353 = DIRECTION('',(0.,0.,1.));
#13354 = PCURVE('',#688,#13355);
#13355 = DEFINITIONAL_REPRESENTATION('',(#13356),#13360);
#13356 = LINE('',#13357,#13358);
#13357 = CARTESIAN_POINT('',(0.758222698234,0.));
#13358 = VECTOR('',#13359,1.);
#13359 = DIRECTION('',(0.,-1.));
#13360 = ( GEOMETRIC_REPRESENTATION_CONTEXT(2) 
PARAMETRIC_REPRESENTATION_CONTEXT() REPRESENTATION_CONTEXT('2D SPACE',''
  ) );
#13361 = PCURVE('',#716,#13362);
#13362 = DEFINITIONAL_REPRESENTATION('',(#13363),#13367);
#13363 = LINE('',#13364,#13365);
#13364 = CARTESIAN_POINT('',(0.,0.));
#13365 = VECTOR('',#13366,1.);
#13366 = DIRECTION('',(0.,-1.));
#13367 = ( GEOMETRIC_REPRESENTATION_CONTEXT(2) 
PARAMETRIC_REPRESENTATION_CONTEXT() REPRESENTATION_CONTEXT('2D SPACE',''
  ) );
#13368 = ORIENTED_EDGE('',*,*,#672,.F.);
#13369 = ADVANCED_FACE('',(#13370),#3180,.T.);
#13370 = FACE_BOUND('',#13371,.T.);
#13371 = EDGE_LOOP('',(#13372,#13393,#13394,#13395));
#13372 = ORIENTED_EDGE('',*,*,#13373,.T.);
#13373 = EDGE_CURVE('',#3137,#9450,#13374,.T.);
#13374 = SURFACE_CURVE('',#13375,(#13379,#13386),.PCURVE_S1.);
#13375 = LINE('',#13376,#13377);
#13376 = CARTESIAN_POINT('',(104.372208,-83.836063,0.));
#13377 = VECTOR('',#13378,1.);
#13378 = DIRECTION('',(0.,0.,1.));
#13379 = PCURVE('',#3180,#13380);
#13380 = DEFINITIONAL_REPRESENTATION('',(#13381),#13385);
#13381 = LINE('',#13382,#13383);
#13382 = CARTESIAN_POINT('',(0.,0.));
#13383 = VECTOR('',#13384,1.);
#13384 = DIRECTION('',(0.,-1.));
#13385 = ( GEOMETRIC_REPRESENTATION_CONTEXT(2) 
PARAMETRIC_REPRESENTATION_CONTEXT() REPRESENTATION_CONTEXT('2D SPACE',''
  ) );
#13386 = PCURVE('',#3152,#13387);
#13387 = DEFINITIONAL_REPRESENTATION('',(#13388),#13392);
#13388 = LINE('',#13389,#13390);
#13389 = CARTESIAN_POINT('',(0.758223530399,0.));
#13390 = VECTOR('',#13391,1.);
#13391 = DIRECTION('',(0.,-1.));
#13392 = ( GEOMETRIC_REPRESENTATION_CONTEXT(2) 
PARAMETRIC_REPRESENTATION_CONTEXT() REPRESENTATION_CONTEXT('2D SPACE',''
  ) );
#13393 = ORIENTED_EDGE('',*,*,#9472,.T.);
#13394 = ORIENTED_EDGE('',*,*,#13319,.F.);
#13395 = ORIENTED_EDGE('',*,*,#3164,.F.);
#13396 = ADVANCED_FACE('',(#13397),#716,.T.);
#13397 = FACE_BOUND('',#13398,.T.);
#13398 = EDGE_LOOP('',(#13399,#13400,#13401,#13422));
#13399 = ORIENTED_EDGE('',*,*,#13348,.T.);
#13400 = ORIENTED_EDGE('',*,*,#7448,.T.);
#13401 = ORIENTED_EDGE('',*,*,#13402,.F.);
#13402 = EDGE_CURVE('',#701,#7449,#13403,.T.);
#13403 = SURFACE_CURVE('',#13404,(#13408,#13415),.PCURVE_S1.);
#13404 = LINE('',#13405,#13406);
#13405 = CARTESIAN_POINT('',(157.587646,-86.143381,0.));
#13406 = VECTOR('',#13407,1.);
#13407 = DIRECTION('',(0.,0.,1.));
#13408 = PCURVE('',#716,#13409);
#13409 = DEFINITIONAL_REPRESENTATION('',(#13410),#13414);
#13410 = LINE('',#13411,#13412);
#13411 = CARTESIAN_POINT('',(0.758222659942,0.));
#13412 = VECTOR('',#13413,1.);
#13413 = DIRECTION('',(0.,-1.));
#13414 = ( GEOMETRIC_REPRESENTATION_CONTEXT(2) 
PARAMETRIC_REPRESENTATION_CONTEXT() REPRESENTATION_CONTEXT('2D SPACE',''
  ) );
#13415 = PCURVE('',#744,#13416);
#13416 = DEFINITIONAL_REPRESENTATION('',(#13417),#13421);
#13417 = LINE('',#13418,#13419);
#13418 = CARTESIAN_POINT('',(0.,0.));
#13419 = VECTOR('',#13420,1.);
#13420 = DIRECTION('',(0.,-1.));
#13421 = ( GEOMETRIC_REPRESENTATION_CONTEXT(2) 
PARAMETRIC_REPRESENTATION_CONTEXT() REPRESENTATION_CONTEXT('2D SPACE',''
  ) );
#13422 = ORIENTED_EDGE('',*,*,#700,.F.);
#13423 = ADVANCED_FACE('',(#13424),#3152,.T.);
#13424 = FACE_BOUND('',#13425,.T.);
#13425 = EDGE_LOOP('',(#13426,#13447,#13448,#13449));
#13426 = ORIENTED_EDGE('',*,*,#13427,.T.);
#13427 = EDGE_CURVE('',#3109,#9427,#13428,.T.);
#13428 = SURFACE_CURVE('',#13429,(#13433,#13440),.PCURVE_S1.);
#13429 = LINE('',#13430,#13431);
#13430 = CARTESIAN_POINT('',(103.836063,-84.372208,0.));
#13431 = VECTOR('',#13432,1.);
#13432 = DIRECTION('',(0.,0.,1.));
#13433 = PCURVE('',#3152,#13434);
#13434 = DEFINITIONAL_REPRESENTATION('',(#13435),#13439);
#13435 = LINE('',#13436,#13437);
#13436 = CARTESIAN_POINT('',(0.,0.));
#13437 = VECTOR('',#13438,1.);
#13438 = DIRECTION('',(0.,-1.));
#13439 = ( GEOMETRIC_REPRESENTATION_CONTEXT(2) 
PARAMETRIC_REPRESENTATION_CONTEXT() REPRESENTATION_CONTEXT('2D SPACE',''
  ) );
#13440 = PCURVE('',#3124,#13441);
#13441 = DEFINITIONAL_REPRESENTATION('',(#13442),#13446);
#13442 = LINE('',#13443,#13444);
#13443 = CARTESIAN_POINT('',(0.758222522535,0.));
#13444 = VECTOR('',#13445,1.);
#13445 = DIRECTION('',(0.,-1.));
#13446 = ( GEOMETRIC_REPRESENTATION_CONTEXT(2) 
PARAMETRIC_REPRESENTATION_CONTEXT() REPRESENTATION_CONTEXT('2D SPACE',''
  ) );
#13447 = ORIENTED_EDGE('',*,*,#9449,.T.);
#13448 = ORIENTED_EDGE('',*,*,#13373,.F.);
#13449 = ORIENTED_EDGE('',*,*,#3136,.F.);
#13450 = ADVANCED_FACE('',(#13451),#744,.T.);
#13451 = FACE_BOUND('',#13452,.T.);
#13452 = EDGE_LOOP('',(#13453,#13454,#13455,#13476));
#13453 = ORIENTED_EDGE('',*,*,#13402,.T.);
#13454 = ORIENTED_EDGE('',*,*,#7471,.T.);
#13455 = ORIENTED_EDGE('',*,*,#13456,.F.);
#13456 = EDGE_CURVE('',#729,#7472,#13457,.T.);
#13457 = SURFACE_CURVE('',#13458,(#13462,#13469),.PCURVE_S1.);
#13458 = LINE('',#13459,#13460);
#13459 = CARTESIAN_POINT('',(157.996,-86.782246,0.));
#13460 = VECTOR('',#13461,1.);
#13461 = DIRECTION('',(0.,0.,1.));
#13462 = PCURVE('',#744,#13463);
#13463 = DEFINITIONAL_REPRESENTATION('',(#13464),#13468);
#13464 = LINE('',#13465,#13466);
#13465 = CARTESIAN_POINT('',(0.758222577836,0.));
#13466 = VECTOR('',#13467,1.);
#13467 = DIRECTION('',(0.,-1.));
#13468 = ( GEOMETRIC_REPRESENTATION_CONTEXT(2) 
PARAMETRIC_REPRESENTATION_CONTEXT() REPRESENTATION_CONTEXT('2D SPACE',''
  ) );
#13469 = PCURVE('',#772,#13470);
#13470 = DEFINITIONAL_REPRESENTATION('',(#13471),#13475);
#13471 = LINE('',#13472,#13473);
#13472 = CARTESIAN_POINT('',(0.,0.));
#13473 = VECTOR('',#13474,1.);
#13474 = DIRECTION('',(0.,-1.));
#13475 = ( GEOMETRIC_REPRESENTATION_CONTEXT(2) 
PARAMETRIC_REPRESENTATION_CONTEXT() REPRESENTATION_CONTEXT('2D SPACE',''
  ) );
#13476 = ORIENTED_EDGE('',*,*,#728,.F.);
#13477 = ADVANCED_FACE('',(#13478),#3124,.T.);
#13478 = FACE_BOUND('',#13479,.T.);
#13479 = EDGE_LOOP('',(#13480,#13501,#13502,#13503));
#13480 = ORIENTED_EDGE('',*,*,#13481,.T.);
#13481 = EDGE_CURVE('',#3081,#9404,#13482,.T.);
#13482 = SURFACE_CURVE('',#13483,(#13487,#13494),.PCURVE_S1.);
#13483 = LINE('',#13484,#13485);
#13484 = CARTESIAN_POINT('',(103.329731,-84.936592,0.));
#13485 = VECTOR('',#13486,1.);
#13486 = DIRECTION('',(0.,0.,1.));
#13487 = PCURVE('',#3124,#13488);
#13488 = DEFINITIONAL_REPRESENTATION('',(#13489),#13493);
#13489 = LINE('',#13490,#13491);
#13490 = CARTESIAN_POINT('',(0.,0.));
#13491 = VECTOR('',#13492,1.);
#13492 = DIRECTION('',(0.,-1.));
#13493 = ( GEOMETRIC_REPRESENTATION_CONTEXT(2) 
PARAMETRIC_REPRESENTATION_CONTEXT() REPRESENTATION_CONTEXT('2D SPACE',''
  ) );
#13494 = PCURVE('',#3096,#13495);
#13495 = DEFINITIONAL_REPRESENTATION('',(#13496),#13500);
#13496 = LINE('',#13497,#13498);
#13497 = CARTESIAN_POINT('',(0.758222698234,0.));
#13498 = VECTOR('',#13499,1.);
#13499 = DIRECTION('',(0.,-1.));
#13500 = ( GEOMETRIC_REPRESENTATION_CONTEXT(2) 
PARAMETRIC_REPRESENTATION_CONTEXT() REPRESENTATION_CONTEXT('2D SPACE',''
  ) );
#13501 = ORIENTED_EDGE('',*,*,#9426,.T.);
#13502 = ORIENTED_EDGE('',*,*,#13427,.F.);
#13503 = ORIENTED_EDGE('',*,*,#3108,.F.);
#13504 = ADVANCED_FACE('',(#13505),#772,.T.);
#13505 = FACE_BOUND('',#13506,.T.);
#13506 = EDGE_LOOP('',(#13507,#13508,#13509,#13530));
#13507 = ORIENTED_EDGE('',*,*,#13456,.T.);
#13508 = ORIENTED_EDGE('',*,*,#7494,.T.);
#13509 = ORIENTED_EDGE('',*,*,#13510,.F.);
#13510 = EDGE_CURVE('',#757,#7495,#13511,.T.);
#13511 = SURFACE_CURVE('',#13512,(#13516,#13523),.PCURVE_S1.);
#13512 = LINE('',#13513,#13514);
#13513 = CARTESIAN_POINT('',(158.369169,-87.442282,0.));
#13514 = VECTOR('',#13515,1.);
#13515 = DIRECTION('',(0.,0.,1.));
#13516 = PCURVE('',#772,#13517);
#13517 = DEFINITIONAL_REPRESENTATION('',(#13518),#13522);
#13518 = LINE('',#13519,#13520);
#13519 = CARTESIAN_POINT('',(0.758223333759,0.));
#13520 = VECTOR('',#13521,1.);
#13521 = DIRECTION('',(0.,-1.));
#13522 = ( GEOMETRIC_REPRESENTATION_CONTEXT(2) 
PARAMETRIC_REPRESENTATION_CONTEXT() REPRESENTATION_CONTEXT('2D SPACE',''
  ) );
#13523 = PCURVE('',#800,#13524);
#13524 = DEFINITIONAL_REPRESENTATION('',(#13525),#13529);
#13525 = LINE('',#13526,#13527);
#13526 = CARTESIAN_POINT('',(0.,0.));
#13527 = VECTOR('',#13528,1.);
#13528 = DIRECTION('',(0.,-1.));
#13529 = ( GEOMETRIC_REPRESENTATION_CONTEXT(2) 
PARAMETRIC_REPRESENTATION_CONTEXT() REPRESENTATION_CONTEXT('2D SPACE',''
  ) );
#13530 = ORIENTED_EDGE('',*,*,#756,.F.);
#13531 = ADVANCED_FACE('',(#13532),#3096,.T.);
#13532 = FACE_BOUND('',#13533,.T.);
#13533 = EDGE_LOOP('',(#13534,#13555,#13556,#13557));
#13534 = ORIENTED_EDGE('',*,*,#13535,.T.);
#13535 = EDGE_CURVE('',#3053,#9381,#13536,.T.);
#13536 = SURFACE_CURVE('',#13537,(#13541,#13548),.PCURVE_S1.);
#13537 = LINE('',#13538,#13539);
#13538 = CARTESIAN_POINT('',(102.854697,-85.527561,0.));
#13539 = VECTOR('',#13540,1.);
#13540 = DIRECTION('',(0.,0.,1.));
#13541 = PCURVE('',#3096,#13542);
#13542 = DEFINITIONAL_REPRESENTATION('',(#13543),#13547);
#13543 = LINE('',#13544,#13545);
#13544 = CARTESIAN_POINT('',(0.,0.));
#13545 = VECTOR('',#13546,1.);
#13546 = DIRECTION('',(0.,-1.));
#13547 = ( GEOMETRIC_REPRESENTATION_CONTEXT(2) 
PARAMETRIC_REPRESENTATION_CONTEXT() REPRESENTATION_CONTEXT('2D SPACE',''
  ) );
#13548 = PCURVE('',#3068,#13549);
#13549 = DEFINITIONAL_REPRESENTATION('',(#13550),#13554);
#13550 = LINE('',#13551,#13552);
#13551 = CARTESIAN_POINT('',(0.758222659942,0.));
#13552 = VECTOR('',#13553,1.);
#13553 = DIRECTION('',(0.,-1.));
#13554 = ( GEOMETRIC_REPRESENTATION_CONTEXT(2) 
PARAMETRIC_REPRESENTATION_CONTEXT() REPRESENTATION_CONTEXT('2D SPACE',''
  ) );
#13555 = ORIENTED_EDGE('',*,*,#9403,.T.);
#13556 = ORIENTED_EDGE('',*,*,#13481,.F.);
#13557 = ORIENTED_EDGE('',*,*,#3080,.F.);
#13558 = ADVANCED_FACE('',(#13559),#800,.T.);
#13559 = FACE_BOUND('',#13560,.T.);
#13560 = EDGE_LOOP('',(#13561,#13562,#13563,#13584));
#13561 = ORIENTED_EDGE('',*,*,#13510,.T.);
#13562 = ORIENTED_EDGE('',*,*,#7517,.T.);
#13563 = ORIENTED_EDGE('',*,*,#13564,.F.);
#13564 = EDGE_CURVE('',#785,#7518,#13565,.T.);
#13565 = SURFACE_CURVE('',#13566,(#13570,#13577),.PCURVE_S1.);
#13566 = LINE('',#13567,#13568);
#13567 = CARTESIAN_POINT('',(158.706056,-88.121553,0.));
#13568 = VECTOR('',#13569,1.);
#13569 = DIRECTION('',(0.,0.,1.));
#13570 = PCURVE('',#800,#13571);
#13571 = DEFINITIONAL_REPRESENTATION('',(#13572),#13576);
#13572 = LINE('',#13573,#13574);
#13573 = CARTESIAN_POINT('',(0.758222884256,0.));
#13574 = VECTOR('',#13575,1.);
#13575 = DIRECTION('',(0.,-1.));
#13576 = ( GEOMETRIC_REPRESENTATION_CONTEXT(2) 
PARAMETRIC_REPRESENTATION_CONTEXT() REPRESENTATION_CONTEXT('2D SPACE',''
  ) );
#13577 = PCURVE('',#828,#13578);
#13578 = DEFINITIONAL_REPRESENTATION('',(#13579),#13583);
#13579 = LINE('',#13580,#13581);
#13580 = CARTESIAN_POINT('',(0.,0.));
#13581 = VECTOR('',#13582,1.);
#13582 = DIRECTION('',(0.,-1.));
#13583 = ( GEOMETRIC_REPRESENTATION_CONTEXT(2) 
PARAMETRIC_REPRESENTATION_CONTEXT() REPRESENTATION_CONTEXT('2D SPACE',''
  ) );
#13584 = ORIENTED_EDGE('',*,*,#784,.F.);
#13585 = ADVANCED_FACE('',(#13586),#3068,.T.);
#13586 = FACE_BOUND('',#13587,.T.);
#13587 = EDGE_LOOP('',(#13588,#13609,#13610,#13611));
#13588 = ORIENTED_EDGE('',*,*,#13589,.T.);
#13589 = EDGE_CURVE('',#3025,#9358,#13590,.T.);
#13590 = SURFACE_CURVE('',#13591,(#13595,#13602),.PCURVE_S1.);
#13591 = LINE('',#13592,#13593);
#13592 = CARTESIAN_POINT('',(102.412354,-86.143381,0.));
#13593 = VECTOR('',#13594,1.);
#13594 = DIRECTION('',(0.,0.,1.));
#13595 = PCURVE('',#3068,#13596);
#13596 = DEFINITIONAL_REPRESENTATION('',(#13597),#13601);
#13597 = LINE('',#13598,#13599);
#13598 = CARTESIAN_POINT('',(0.,0.));
#13599 = VECTOR('',#13600,1.);
#13600 = DIRECTION('',(0.,-1.));
#13601 = ( GEOMETRIC_REPRESENTATION_CONTEXT(2) 
PARAMETRIC_REPRESENTATION_CONTEXT() REPRESENTATION_CONTEXT('2D SPACE',''
  ) );
#13602 = PCURVE('',#3040,#13603);
#13603 = DEFINITIONAL_REPRESENTATION('',(#13604),#13608);
#13604 = LINE('',#13605,#13606);
#13605 = CARTESIAN_POINT('',(0.758222577836,0.));
#13606 = VECTOR('',#13607,1.);
#13607 = DIRECTION('',(0.,-1.));
#13608 = ( GEOMETRIC_REPRESENTATION_CONTEXT(2) 
PARAMETRIC_REPRESENTATION_CONTEXT() REPRESENTATION_CONTEXT('2D SPACE',''
  ) );
#13609 = ORIENTED_EDGE('',*,*,#9380,.T.);
#13610 = ORIENTED_EDGE('',*,*,#13535,.F.);
#13611 = ORIENTED_EDGE('',*,*,#3052,.F.);
#13612 = ADVANCED_FACE('',(#13613),#828,.T.);
#13613 = FACE_BOUND('',#13614,.T.);
#13614 = EDGE_LOOP('',(#13615,#13616,#13617,#13638));
#13615 = ORIENTED_EDGE('',*,*,#13564,.T.);
#13616 = ORIENTED_EDGE('',*,*,#7540,.T.);
#13617 = ORIENTED_EDGE('',*,*,#13618,.F.);
#13618 = EDGE_CURVE('',#813,#7541,#13619,.T.);
#13619 = SURFACE_CURVE('',#13620,(#13624,#13631),.PCURVE_S1.);
#13620 = LINE('',#13621,#13622);
#13621 = CARTESIAN_POINT('',(159.005674,-88.818066,0.));
#13622 = VECTOR('',#13623,1.);
#13623 = DIRECTION('',(0.,0.,1.));
#13624 = PCURVE('',#828,#13625);
#13625 = DEFINITIONAL_REPRESENTATION('',(#13626),#13630);
#13626 = LINE('',#13627,#13628);
#13627 = CARTESIAN_POINT('',(0.758222464118,0.));
#13628 = VECTOR('',#13629,1.);
#13629 = DIRECTION('',(0.,-1.));
#13630 = ( GEOMETRIC_REPRESENTATION_CONTEXT(2) 
PARAMETRIC_REPRESENTATION_CONTEXT() REPRESENTATION_CONTEXT('2D SPACE',''
  ) );
#13631 = PCURVE('',#856,#13632);
#13632 = DEFINITIONAL_REPRESENTATION('',(#13633),#13637);
#13633 = LINE('',#13634,#13635);
#13634 = CARTESIAN_POINT('',(0.,0.));
#13635 = VECTOR('',#13636,1.);
#13636 = DIRECTION('',(0.,-1.));
#13637 = ( GEOMETRIC_REPRESENTATION_CONTEXT(2) 
PARAMETRIC_REPRESENTATION_CONTEXT() REPRESENTATION_CONTEXT('2D SPACE',''
  ) );
#13638 = ORIENTED_EDGE('',*,*,#812,.F.);
#13639 = ADVANCED_FACE('',(#13640),#3040,.T.);
#13640 = FACE_BOUND('',#13641,.T.);
#13641 = EDGE_LOOP('',(#13642,#13663,#13664,#13665));
#13642 = ORIENTED_EDGE('',*,*,#13643,.T.);
#13643 = EDGE_CURVE('',#2997,#9335,#13644,.T.);
#13644 = SURFACE_CURVE('',#13645,(#13649,#13656),.PCURVE_S1.);
#13645 = LINE('',#13646,#13647);
#13646 = CARTESIAN_POINT('',(102.004,-86.782246,0.));
#13647 = VECTOR('',#13648,1.);
#13648 = DIRECTION('',(0.,0.,1.));
#13649 = PCURVE('',#3040,#13650);
#13650 = DEFINITIONAL_REPRESENTATION('',(#13651),#13655);
#13651 = LINE('',#13652,#13653);
#13652 = CARTESIAN_POINT('',(0.,0.));
#13653 = VECTOR('',#13654,1.);
#13654 = DIRECTION('',(0.,-1.));
#13655 = ( GEOMETRIC_REPRESENTATION_CONTEXT(2) 
PARAMETRIC_REPRESENTATION_CONTEXT() REPRESENTATION_CONTEXT('2D SPACE',''
  ) );
#13656 = PCURVE('',#3012,#13657);
#13657 = DEFINITIONAL_REPRESENTATION('',(#13658),#13662);
#13658 = LINE('',#13659,#13660);
#13659 = CARTESIAN_POINT('',(0.758223333759,0.));
#13660 = VECTOR('',#13661,1.);
#13661 = DIRECTION('',(0.,-1.));
#13662 = ( GEOMETRIC_REPRESENTATION_CONTEXT(2) 
PARAMETRIC_REPRESENTATION_CONTEXT() REPRESENTATION_CONTEXT('2D SPACE',''
  ) );
#13663 = ORIENTED_EDGE('',*,*,#9357,.T.);
#13664 = ORIENTED_EDGE('',*,*,#13589,.F.);
#13665 = ORIENTED_EDGE('',*,*,#3024,.F.);
#13666 = ADVANCED_FACE('',(#13667),#856,.T.);
#13667 = FACE_BOUND('',#13668,.T.);
#13668 = EDGE_LOOP('',(#13669,#13670,#13671,#13692));
#13669 = ORIENTED_EDGE('',*,*,#13618,.T.);
#13670 = ORIENTED_EDGE('',*,*,#7563,.T.);
#13671 = ORIENTED_EDGE('',*,*,#13672,.F.);
#13672 = EDGE_CURVE('',#841,#7564,#13673,.T.);
#13673 = SURFACE_CURVE('',#13674,(#13678,#13685),.PCURVE_S1.);
#13674 = LINE('',#13675,#13676);
#13675 = CARTESIAN_POINT('',(159.267144,-89.529779,0.));
#13676 = VECTOR('',#13677,1.);
#13677 = DIRECTION('',(0.,0.,1.));
#13678 = PCURVE('',#856,#13679);
#13679 = DEFINITIONAL_REPRESENTATION('',(#13680),#13684);
#13680 = LINE('',#13681,#13682);
#13681 = CARTESIAN_POINT('',(0.758222892868,0.));
#13682 = VECTOR('',#13683,1.);
#13683 = DIRECTION('',(0.,-1.));
#13684 = ( GEOMETRIC_REPRESENTATION_CONTEXT(2) 
PARAMETRIC_REPRESENTATION_CONTEXT() REPRESENTATION_CONTEXT('2D SPACE',''
  ) );
#13685 = PCURVE('',#884,#13686);
#13686 = DEFINITIONAL_REPRESENTATION('',(#13687),#13691);
#13687 = LINE('',#13688,#13689);
#13688 = CARTESIAN_POINT('',(0.,0.));
#13689 = VECTOR('',#13690,1.);
#13690 = DIRECTION('',(0.,-1.));
#13691 = ( GEOMETRIC_REPRESENTATION_CONTEXT(2) 
PARAMETRIC_REPRESENTATION_CONTEXT() REPRESENTATION_CONTEXT('2D SPACE',''
  ) );
#13692 = ORIENTED_EDGE('',*,*,#840,.F.);
#13693 = ADVANCED_FACE('',(#13694),#3012,.T.);
#13694 = FACE_BOUND('',#13695,.T.);
#13695 = EDGE_LOOP('',(#13696,#13717,#13718,#13719));
#13696 = ORIENTED_EDGE('',*,*,#13697,.T.);
#13697 = EDGE_CURVE('',#2969,#9312,#13698,.T.);
#13698 = SURFACE_CURVE('',#13699,(#13703,#13710),.PCURVE_S1.);
#13699 = LINE('',#13700,#13701);
#13700 = CARTESIAN_POINT('',(101.630831,-87.442282,0.));
#13701 = VECTOR('',#13702,1.);
#13702 = DIRECTION('',(0.,0.,1.));
#13703 = PCURVE('',#3012,#13704);
#13704 = DEFINITIONAL_REPRESENTATION('',(#13705),#13709);
#13705 = LINE('',#13706,#13707);
#13706 = CARTESIAN_POINT('',(0.,0.));
#13707 = VECTOR('',#13708,1.);
#13708 = DIRECTION('',(0.,-1.));
#13709 = ( GEOMETRIC_REPRESENTATION_CONTEXT(2) 
PARAMETRIC_REPRESENTATION_CONTEXT() REPRESENTATION_CONTEXT('2D SPACE',''
  ) );
#13710 = PCURVE('',#2984,#13711);
#13711 = DEFINITIONAL_REPRESENTATION('',(#13712),#13716);
#13712 = LINE('',#13713,#13714);
#13713 = CARTESIAN_POINT('',(0.758222884256,0.));
#13714 = VECTOR('',#13715,1.);
#13715 = DIRECTION('',(0.,-1.));
#13716 = ( GEOMETRIC_REPRESENTATION_CONTEXT(2) 
PARAMETRIC_REPRESENTATION_CONTEXT() REPRESENTATION_CONTEXT('2D SPACE',''
  ) );
#13717 = ORIENTED_EDGE('',*,*,#9334,.T.);
#13718 = ORIENTED_EDGE('',*,*,#13643,.F.);
#13719 = ORIENTED_EDGE('',*,*,#2996,.F.);
#13720 = ADVANCED_FACE('',(#13721),#884,.T.);
#13721 = FACE_BOUND('',#13722,.T.);
#13722 = EDGE_LOOP('',(#13723,#13724,#13725,#13746));
#13723 = ORIENTED_EDGE('',*,*,#13672,.T.);
#13724 = ORIENTED_EDGE('',*,*,#7586,.T.);
#13725 = ORIENTED_EDGE('',*,*,#13726,.F.);
#13726 = EDGE_CURVE('',#869,#7587,#13727,.T.);
#13727 = SURFACE_CURVE('',#13728,(#13732,#13739),.PCURVE_S1.);
#13728 = LINE('',#13729,#13730);
#13729 = CARTESIAN_POINT('',(159.4897,-90.254603,0.));
#13730 = VECTOR('',#13731,1.);
#13731 = DIRECTION('',(0.,0.,1.));
#13732 = PCURVE('',#884,#13733);
#13733 = DEFINITIONAL_REPRESENTATION('',(#13734),#13738);
#13734 = LINE('',#13735,#13736);
#13735 = CARTESIAN_POINT('',(0.75822226564,0.));
#13736 = VECTOR('',#13737,1.);
#13737 = DIRECTION('',(0.,-1.));
#13738 = ( GEOMETRIC_REPRESENTATION_CONTEXT(2) 
PARAMETRIC_REPRESENTATION_CONTEXT() REPRESENTATION_CONTEXT('2D SPACE',''
  ) );
#13739 = PCURVE('',#912,#13740);
#13740 = DEFINITIONAL_REPRESENTATION('',(#13741),#13745);
#13741 = LINE('',#13742,#13743);
#13742 = CARTESIAN_POINT('',(0.,0.));
#13743 = VECTOR('',#13744,1.);
#13744 = DIRECTION('',(0.,-1.));
#13745 = ( GEOMETRIC_REPRESENTATION_CONTEXT(2) 
PARAMETRIC_REPRESENTATION_CONTEXT() REPRESENTATION_CONTEXT('2D SPACE',''
  ) );
#13746 = ORIENTED_EDGE('',*,*,#868,.F.);
#13747 = ADVANCED_FACE('',(#13748),#2984,.T.);
#13748 = FACE_BOUND('',#13749,.T.);
#13749 = EDGE_LOOP('',(#13750,#13771,#13772,#13773));
#13750 = ORIENTED_EDGE('',*,*,#13751,.T.);
#13751 = EDGE_CURVE('',#2941,#9289,#13752,.T.);
#13752 = SURFACE_CURVE('',#13753,(#13757,#13764),.PCURVE_S1.);
#13753 = LINE('',#13754,#13755);
#13754 = CARTESIAN_POINT('',(101.293944,-88.121553,0.));
#13755 = VECTOR('',#13756,1.);
#13756 = DIRECTION('',(0.,0.,1.));
#13757 = PCURVE('',#2984,#13758);
#13758 = DEFINITIONAL_REPRESENTATION('',(#13759),#13763);
#13759 = LINE('',#13760,#13761);
#13760 = CARTESIAN_POINT('',(0.,0.));
#13761 = VECTOR('',#13762,1.);
#13762 = DIRECTION('',(0.,-1.));
#13763 = ( GEOMETRIC_REPRESENTATION_CONTEXT(2) 
PARAMETRIC_REPRESENTATION_CONTEXT() REPRESENTATION_CONTEXT('2D SPACE',''
  ) );
#13764 = PCURVE('',#2956,#13765);
#13765 = DEFINITIONAL_REPRESENTATION('',(#13766),#13770);
#13766 = LINE('',#13767,#13768);
#13767 = CARTESIAN_POINT('',(0.758222464118,0.));
#13768 = VECTOR('',#13769,1.);
#13769 = DIRECTION('',(0.,-1.));
#13770 = ( GEOMETRIC_REPRESENTATION_CONTEXT(2) 
PARAMETRIC_REPRESENTATION_CONTEXT() REPRESENTATION_CONTEXT('2D SPACE',''
  ) );
#13771 = ORIENTED_EDGE('',*,*,#9311,.T.);
#13772 = ORIENTED_EDGE('',*,*,#13697,.F.);
#13773 = ORIENTED_EDGE('',*,*,#2968,.F.);
#13774 = ADVANCED_FACE('',(#13775),#912,.T.);
#13775 = FACE_BOUND('',#13776,.T.);
#13776 = EDGE_LOOP('',(#13777,#13778,#13779,#13800));
#13777 = ORIENTED_EDGE('',*,*,#13726,.T.);
#13778 = ORIENTED_EDGE('',*,*,#7609,.T.);
#13779 = ORIENTED_EDGE('',*,*,#13780,.F.);
#13780 = EDGE_CURVE('',#897,#7610,#13781,.T.);
#13781 = SURFACE_CURVE('',#13782,(#13786,#13793),.PCURVE_S1.);
#13782 = LINE('',#13783,#13784);
#13783 = CARTESIAN_POINT('',(159.672688,-90.990414,0.));
#13784 = VECTOR('',#13785,1.);
#13785 = DIRECTION('',(0.,0.,1.));
#13786 = PCURVE('',#912,#13787);
#13787 = DEFINITIONAL_REPRESENTATION('',(#13788),#13792);
#13788 = LINE('',#13789,#13790);
#13789 = CARTESIAN_POINT('',(0.75822320979,0.));
#13790 = VECTOR('',#13791,1.);
#13791 = DIRECTION('',(0.,-1.));
#13792 = ( GEOMETRIC_REPRESENTATION_CONTEXT(2) 
PARAMETRIC_REPRESENTATION_CONTEXT() REPRESENTATION_CONTEXT('2D SPACE',''
  ) );
#13793 = PCURVE('',#940,#13794);
#13794 = DEFINITIONAL_REPRESENTATION('',(#13795),#13799);
#13795 = LINE('',#13796,#13797);
#13796 = CARTESIAN_POINT('',(0.,0.));
#13797 = VECTOR('',#13798,1.);
#13798 = DIRECTION('',(0.,-1.));
#13799 = ( GEOMETRIC_REPRESENTATION_CONTEXT(2) 
PARAMETRIC_REPRESENTATION_CONTEXT() REPRESENTATION_CONTEXT('2D SPACE',''
  ) );
#13800 = ORIENTED_EDGE('',*,*,#896,.F.);
#13801 = ADVANCED_FACE('',(#13802),#2956,.T.);
#13802 = FACE_BOUND('',#13803,.T.);
#13803 = EDGE_LOOP('',(#13804,#13825,#13826,#13827));
#13804 = ORIENTED_EDGE('',*,*,#13805,.T.);
#13805 = EDGE_CURVE('',#2913,#9266,#13806,.T.);
#13806 = SURFACE_CURVE('',#13807,(#13811,#13818),.PCURVE_S1.);
#13807 = LINE('',#13808,#13809);
#13808 = CARTESIAN_POINT('',(100.994326,-88.818066,0.));
#13809 = VECTOR('',#13810,1.);
#13810 = DIRECTION('',(0.,0.,1.));
#13811 = PCURVE('',#2956,#13812);
#13812 = DEFINITIONAL_REPRESENTATION('',(#13813),#13817);
#13813 = LINE('',#13814,#13815);
#13814 = CARTESIAN_POINT('',(0.,0.));
#13815 = VECTOR('',#13816,1.);
#13816 = DIRECTION('',(0.,-1.));
#13817 = ( GEOMETRIC_REPRESENTATION_CONTEXT(2) 
PARAMETRIC_REPRESENTATION_CONTEXT() REPRESENTATION_CONTEXT('2D SPACE',''
  ) );
#13818 = PCURVE('',#2928,#13819);
#13819 = DEFINITIONAL_REPRESENTATION('',(#13820),#13824);
#13820 = LINE('',#13821,#13822);
#13821 = CARTESIAN_POINT('',(0.758222892868,0.));
#13822 = VECTOR('',#13823,1.);
#13823 = DIRECTION('',(0.,-1.));
#13824 = ( GEOMETRIC_REPRESENTATION_CONTEXT(2) 
PARAMETRIC_REPRESENTATION_CONTEXT() REPRESENTATION_CONTEXT('2D SPACE',''
  ) );
#13825 = ORIENTED_EDGE('',*,*,#9288,.T.);
#13826 = ORIENTED_EDGE('',*,*,#13751,.F.);
#13827 = ORIENTED_EDGE('',*,*,#2940,.F.);
#13828 = ADVANCED_FACE('',(#13829),#940,.T.);
#13829 = FACE_BOUND('',#13830,.T.);
#13830 = EDGE_LOOP('',(#13831,#13832,#13833,#13854));
#13831 = ORIENTED_EDGE('',*,*,#13780,.T.);
#13832 = ORIENTED_EDGE('',*,*,#7632,.T.);
#13833 = ORIENTED_EDGE('',*,*,#13834,.F.);
#13834 = EDGE_CURVE('',#925,#7633,#13835,.T.);
#13835 = SURFACE_CURVE('',#13836,(#13840,#13847),.PCURVE_S1.);
#13836 = LINE('',#13837,#13838);
#13837 = CARTESIAN_POINT('',(159.815571,-91.735052,0.));
#13838 = VECTOR('',#13839,1.);
#13839 = DIRECTION('',(0.,0.,1.));
#13840 = PCURVE('',#940,#13841);
#13841 = DEFINITIONAL_REPRESENTATION('',(#13842),#13846);
#13842 = LINE('',#13843,#13844);
#13843 = CARTESIAN_POINT('',(0.758222462562,0.));
#13844 = VECTOR('',#13845,1.);
#13845 = DIRECTION('',(0.,-1.));
#13846 = ( GEOMETRIC_REPRESENTATION_CONTEXT(2) 
PARAMETRIC_REPRESENTATION_CONTEXT() REPRESENTATION_CONTEXT('2D SPACE',''
  ) );
#13847 = PCURVE('',#968,#13848);
#13848 = DEFINITIONAL_REPRESENTATION('',(#13849),#13853);
#13849 = LINE('',#13850,#13851);
#13850 = CARTESIAN_POINT('',(0.,0.));
#13851 = VECTOR('',#13852,1.);
#13852 = DIRECTION('',(0.,-1.));
#13853 = ( GEOMETRIC_REPRESENTATION_CONTEXT(2) 
PARAMETRIC_REPRESENTATION_CONTEXT() REPRESENTATION_CONTEXT('2D SPACE',''
  ) );
#13854 = ORIENTED_EDGE('',*,*,#924,.F.);
#13855 = ADVANCED_FACE('',(#13856),#2928,.T.);
#13856 = FACE_BOUND('',#13857,.T.);
#13857 = EDGE_LOOP('',(#13858,#13879,#13880,#13881));
#13858 = ORIENTED_EDGE('',*,*,#13859,.T.);
#13859 = EDGE_CURVE('',#2885,#9243,#13860,.T.);
#13860 = SURFACE_CURVE('',#13861,(#13865,#13872),.PCURVE_S1.);
#13861 = LINE('',#13862,#13863);
#13862 = CARTESIAN_POINT('',(100.732856,-89.529779,0.));
#13863 = VECTOR('',#13864,1.);
#13864 = DIRECTION('',(0.,0.,1.));
#13865 = PCURVE('',#2928,#13866);
#13866 = DEFINITIONAL_REPRESENTATION('',(#13867),#13871);
#13867 = LINE('',#13868,#13869);
#13868 = CARTESIAN_POINT('',(0.,0.));
#13869 = VECTOR('',#13870,1.);
#13870 = DIRECTION('',(0.,-1.));
#13871 = ( GEOMETRIC_REPRESENTATION_CONTEXT(2) 
PARAMETRIC_REPRESENTATION_CONTEXT() REPRESENTATION_CONTEXT('2D SPACE',''
  ) );
#13872 = PCURVE('',#2900,#13873);
#13873 = DEFINITIONAL_REPRESENTATION('',(#13874),#13878);
#13874 = LINE('',#13875,#13876);
#13875 = CARTESIAN_POINT('',(0.75822226564,0.));
#13876 = VECTOR('',#13877,1.);
#13877 = DIRECTION('',(0.,-1.));
#13878 = ( GEOMETRIC_REPRESENTATION_CONTEXT(2) 
PARAMETRIC_REPRESENTATION_CONTEXT() REPRESENTATION_CONTEXT('2D SPACE',''
  ) );
#13879 = ORIENTED_EDGE('',*,*,#9265,.T.);
#13880 = ORIENTED_EDGE('',*,*,#13805,.F.);
#13881 = ORIENTED_EDGE('',*,*,#2912,.F.);
#13882 = ADVANCED_FACE('',(#13883),#968,.T.);
#13883 = FACE_BOUND('',#13884,.T.);
#13884 = EDGE_LOOP('',(#13885,#13886,#13887,#13908));
#13885 = ORIENTED_EDGE('',*,*,#13834,.T.);
#13886 = ORIENTED_EDGE('',*,*,#7655,.T.);
#13887 = ORIENTED_EDGE('',*,*,#13888,.F.);
#13888 = EDGE_CURVE('',#953,#7656,#13889,.T.);
#13889 = SURFACE_CURVE('',#13890,(#13894,#13901),.PCURVE_S1.);
#13890 = LINE('',#13891,#13892);
#13891 = CARTESIAN_POINT('',(159.917931,-92.486334,0.));
#13892 = VECTOR('',#13893,1.);
#13893 = DIRECTION('',(0.,0.,1.));
#13894 = PCURVE('',#968,#13895);
#13895 = DEFINITIONAL_REPRESENTATION('',(#13896),#13900);
#13896 = LINE('',#13897,#13898);
#13897 = CARTESIAN_POINT('',(0.758223062907,0.));
#13898 = VECTOR('',#13899,1.);
#13899 = DIRECTION('',(0.,-1.));
#13900 = ( GEOMETRIC_REPRESENTATION_CONTEXT(2) 
PARAMETRIC_REPRESENTATION_CONTEXT() REPRESENTATION_CONTEXT('2D SPACE',''
  ) );
#13901 = PCURVE('',#996,#13902);
#13902 = DEFINITIONAL_REPRESENTATION('',(#13903),#13907);
#13903 = LINE('',#13904,#13905);
#13904 = CARTESIAN_POINT('',(0.,0.));
#13905 = VECTOR('',#13906,1.);
#13906 = DIRECTION('',(0.,-1.));
#13907 = ( GEOMETRIC_REPRESENTATION_CONTEXT(2) 
PARAMETRIC_REPRESENTATION_CONTEXT() REPRESENTATION_CONTEXT('2D SPACE',''
  ) );
#13908 = ORIENTED_EDGE('',*,*,#952,.F.);
#13909 = ADVANCED_FACE('',(#13910),#2900,.T.);
#13910 = FACE_BOUND('',#13911,.T.);
#13911 = EDGE_LOOP('',(#13912,#13933,#13934,#13935));
#13912 = ORIENTED_EDGE('',*,*,#13913,.T.);
#13913 = EDGE_CURVE('',#2857,#9220,#13914,.T.);
#13914 = SURFACE_CURVE('',#13915,(#13919,#13926),.PCURVE_S1.);
#13915 = LINE('',#13916,#13917);
#13916 = CARTESIAN_POINT('',(100.5103,-90.254603,0.));
#13917 = VECTOR('',#13918,1.);
#13918 = DIRECTION('',(0.,0.,1.));
#13919 = PCURVE('',#2900,#13920);
#13920 = DEFINITIONAL_REPRESENTATION('',(#13921),#13925);
#13921 = LINE('',#13922,#13923);
#13922 = CARTESIAN_POINT('',(0.,0.));
#13923 = VECTOR('',#13924,1.);
#13924 = DIRECTION('',(0.,-1.));
#13925 = ( GEOMETRIC_REPRESENTATION_CONTEXT(2) 
PARAMETRIC_REPRESENTATION_CONTEXT() REPRESENTATION_CONTEXT('2D SPACE',''
  ) );
#13926 = PCURVE('',#2872,#13927);
#13927 = DEFINITIONAL_REPRESENTATION('',(#13928),#13932);
#13928 = LINE('',#13929,#13930);
#13929 = CARTESIAN_POINT('',(0.75822320979,0.));
#13930 = VECTOR('',#13931,1.);
#13931 = DIRECTION('',(0.,-1.));
#13932 = ( GEOMETRIC_REPRESENTATION_CONTEXT(2) 
PARAMETRIC_REPRESENTATION_CONTEXT() REPRESENTATION_CONTEXT('2D SPACE',''
  ) );
#13933 = ORIENTED_EDGE('',*,*,#9242,.T.);
#13934 = ORIENTED_EDGE('',*,*,#13859,.F.);
#13935 = ORIENTED_EDGE('',*,*,#2884,.F.);
#13936 = ADVANCED_FACE('',(#13937),#996,.T.);
#13937 = FACE_BOUND('',#13938,.T.);
#13938 = EDGE_LOOP('',(#13939,#13940,#13941,#13962));
#13939 = ORIENTED_EDGE('',*,*,#13888,.T.);
#13940 = ORIENTED_EDGE('',*,*,#7678,.T.);
#13941 = ORIENTED_EDGE('',*,*,#13942,.F.);
#13942 = EDGE_CURVE('',#981,#7679,#13943,.T.);
#13943 = SURFACE_CURVE('',#13944,(#13948,#13955),.PCURVE_S1.);
#13944 = LINE('',#13945,#13946);
#13945 = CARTESIAN_POINT('',(159.979468,-93.242055,0.));
#13946 = VECTOR('',#13947,1.);
#13947 = DIRECTION('',(0.,0.,1.));
#13948 = PCURVE('',#996,#13949);
#13949 = DEFINITIONAL_REPRESENTATION('',(#13950),#13954);
#13950 = LINE('',#13951,#13952);
#13951 = CARTESIAN_POINT('',(0.758222284169,0.));
#13952 = VECTOR('',#13953,1.);
#13953 = DIRECTION('',(0.,-1.));
#13954 = ( GEOMETRIC_REPRESENTATION_CONTEXT(2) 
PARAMETRIC_REPRESENTATION_CONTEXT() REPRESENTATION_CONTEXT('2D SPACE',''
  ) );
#13955 = PCURVE('',#1024,#13956);
#13956 = DEFINITIONAL_REPRESENTATION('',(#13957),#13961);
#13957 = LINE('',#13958,#13959);
#13958 = CARTESIAN_POINT('',(0.,0.));
#13959 = VECTOR('',#13960,1.);
#13960 = DIRECTION('',(0.,-1.));
#13961 = ( GEOMETRIC_REPRESENTATION_CONTEXT(2) 
PARAMETRIC_REPRESENTATION_CONTEXT() REPRESENTATION_CONTEXT('2D SPACE',''
  ) );
#13962 = ORIENTED_EDGE('',*,*,#980,.F.);
#13963 = ADVANCED_FACE('',(#13964),#2872,.T.);
#13964 = FACE_BOUND('',#13965,.T.);
#13965 = EDGE_LOOP('',(#13966,#13987,#13988,#13989));
#13966 = ORIENTED_EDGE('',*,*,#13967,.T.);
#13967 = EDGE_CURVE('',#2829,#9197,#13968,.T.);
#13968 = SURFACE_CURVE('',#13969,(#13973,#13980),.PCURVE_S1.);
#13969 = LINE('',#13970,#13971);
#13970 = CARTESIAN_POINT('',(100.327312,-90.990414,0.));
#13971 = VECTOR('',#13972,1.);
#13972 = DIRECTION('',(0.,0.,1.));
#13973 = PCURVE('',#2872,#13974);
#13974 = DEFINITIONAL_REPRESENTATION('',(#13975),#13979);
#13975 = LINE('',#13976,#13977);
#13976 = CARTESIAN_POINT('',(0.,0.));
#13977 = VECTOR('',#13978,1.);
#13978 = DIRECTION('',(0.,-1.));
#13979 = ( GEOMETRIC_REPRESENTATION_CONTEXT(2) 
PARAMETRIC_REPRESENTATION_CONTEXT() REPRESENTATION_CONTEXT('2D SPACE',''
  ) );
#13980 = PCURVE('',#2844,#13981);
#13981 = DEFINITIONAL_REPRESENTATION('',(#13982),#13986);
#13982 = LINE('',#13983,#13984);
#13983 = CARTESIAN_POINT('',(0.758222462562,0.));
#13984 = VECTOR('',#13985,1.);
#13985 = DIRECTION('',(0.,-1.));
#13986 = ( GEOMETRIC_REPRESENTATION_CONTEXT(2) 
PARAMETRIC_REPRESENTATION_CONTEXT() REPRESENTATION_CONTEXT('2D SPACE',''
  ) );
#13987 = ORIENTED_EDGE('',*,*,#9219,.T.);
#13988 = ORIENTED_EDGE('',*,*,#13913,.F.);
#13989 = ORIENTED_EDGE('',*,*,#2856,.F.);
#13990 = ADVANCED_FACE('',(#13991),#1024,.T.);
#13991 = FACE_BOUND('',#13992,.T.);
#13992 = EDGE_LOOP('',(#13993,#13994,#13995,#14016));
#13993 = ORIENTED_EDGE('',*,*,#13942,.T.);
#13994 = ORIENTED_EDGE('',*,*,#7701,.T.);
#13995 = ORIENTED_EDGE('',*,*,#13996,.F.);
#13996 = EDGE_CURVE('',#1009,#7702,#13997,.T.);
#13997 = SURFACE_CURVE('',#13998,(#14002,#14009),.PCURVE_S1.);
#13998 = LINE('',#13999,#14000);
#13999 = CARTESIAN_POINT('',(160.,-94.,0.));
#14000 = VECTOR('',#14001,1.);
#14001 = DIRECTION('',(0.,0.,1.));
#14002 = PCURVE('',#1024,#14003);
#14003 = DEFINITIONAL_REPRESENTATION('',(#14004),#14008);
#14004 = LINE('',#14005,#14006);
#14005 = CARTESIAN_POINT('',(0.758223045053,0.));
#14006 = VECTOR('',#14007,1.);
#14007 = DIRECTION('',(0.,-1.));
#14008 = ( GEOMETRIC_REPRESENTATION_CONTEXT(2) 
PARAMETRIC_REPRESENTATION_CONTEXT() REPRESENTATION_CONTEXT('2D SPACE',''
  ) );
#14009 = PCURVE('',#1052,#14010);
#14010 = DEFINITIONAL_REPRESENTATION('',(#14011),#14015);
#14011 = LINE('',#14012,#14013);
#14012 = CARTESIAN_POINT('',(0.,0.));
#14013 = VECTOR('',#14014,1.);
#14014 = DIRECTION('',(0.,-1.));
#14015 = ( GEOMETRIC_REPRESENTATION_CONTEXT(2) 
PARAMETRIC_REPRESENTATION_CONTEXT() REPRESENTATION_CONTEXT('2D SPACE',''
  ) );
#14016 = ORIENTED_EDGE('',*,*,#1008,.F.);
#14017 = ADVANCED_FACE('',(#14018),#2844,.T.);
#14018 = FACE_BOUND('',#14019,.T.);
#14019 = EDGE_LOOP('',(#14020,#14041,#14042,#14043));
#14020 = ORIENTED_EDGE('',*,*,#14021,.T.);
#14021 = EDGE_CURVE('',#2801,#9174,#14022,.T.);
#14022 = SURFACE_CURVE('',#14023,(#14027,#14034),.PCURVE_S1.);
#14023 = LINE('',#14024,#14025);
#14024 = CARTESIAN_POINT('',(100.184429,-91.735052,0.));
#14025 = VECTOR('',#14026,1.);
#14026 = DIRECTION('',(0.,0.,1.));
#14027 = PCURVE('',#2844,#14028);
#14028 = DEFINITIONAL_REPRESENTATION('',(#14029),#14033);
#14029 = LINE('',#14030,#14031);
#14030 = CARTESIAN_POINT('',(0.,0.));
#14031 = VECTOR('',#14032,1.);
#14032 = DIRECTION('',(0.,-1.));
#14033 = ( GEOMETRIC_REPRESENTATION_CONTEXT(2) 
PARAMETRIC_REPRESENTATION_CONTEXT() REPRESENTATION_CONTEXT('2D SPACE',''
  ) );
#14034 = PCURVE('',#2816,#14035);
#14035 = DEFINITIONAL_REPRESENTATION('',(#14036),#14040);
#14036 = LINE('',#14037,#14038);
#14037 = CARTESIAN_POINT('',(0.758223062907,0.));
#14038 = VECTOR('',#14039,1.);
#14039 = DIRECTION('',(0.,-1.));
#14040 = ( GEOMETRIC_REPRESENTATION_CONTEXT(2) 
PARAMETRIC_REPRESENTATION_CONTEXT() REPRESENTATION_CONTEXT('2D SPACE',''
  ) );
#14041 = ORIENTED_EDGE('',*,*,#9196,.T.);
#14042 = ORIENTED_EDGE('',*,*,#13967,.F.);
#14043 = ORIENTED_EDGE('',*,*,#2828,.F.);
#14044 = ADVANCED_FACE('',(#14045),#1052,.T.);
#14045 = FACE_BOUND('',#14046,.T.);
#14046 = EDGE_LOOP('',(#14047,#14048,#14049,#14070));
#14047 = ORIENTED_EDGE('',*,*,#13996,.T.);
#14048 = ORIENTED_EDGE('',*,*,#7724,.T.);
#14049 = ORIENTED_EDGE('',*,*,#14050,.F.);
#14050 = EDGE_CURVE('',#1037,#7725,#14051,.T.);
#14051 = SURFACE_CURVE('',#14052,(#14056,#14063),.PCURVE_S1.);
#14052 = LINE('',#14053,#14054);
#14053 = CARTESIAN_POINT('',(160.,-116.,0.));
#14054 = VECTOR('',#14055,1.);
#14055 = DIRECTION('',(0.,0.,1.));
#14056 = PCURVE('',#1052,#14057);
#14057 = DEFINITIONAL_REPRESENTATION('',(#14058),#14062);
#14058 = LINE('',#14059,#14060);
#14059 = CARTESIAN_POINT('',(22.,0.));
#14060 = VECTOR('',#14061,1.);
#14061 = DIRECTION('',(0.,-1.));
#14062 = ( GEOMETRIC_REPRESENTATION_CONTEXT(2) 
PARAMETRIC_REPRESENTATION_CONTEXT() REPRESENTATION_CONTEXT('2D SPACE',''
  ) );
#14063 = PCURVE('',#1080,#14064);
#14064 = DEFINITIONAL_REPRESENTATION('',(#14065),#14069);
#14065 = LINE('',#14066,#14067);
#14066 = CARTESIAN_POINT('',(0.,0.));
#14067 = VECTOR('',#14068,1.);
#14068 = DIRECTION('',(0.,-1.));
#14069 = ( GEOMETRIC_REPRESENTATION_CONTEXT(2) 
PARAMETRIC_REPRESENTATION_CONTEXT() REPRESENTATION_CONTEXT('2D SPACE',''
  ) );
#14070 = ORIENTED_EDGE('',*,*,#1036,.F.);
#14071 = ADVANCED_FACE('',(#14072),#2816,.T.);
#14072 = FACE_BOUND('',#14073,.T.);
#14073 = EDGE_LOOP('',(#14074,#14095,#14096,#14097));
#14074 = ORIENTED_EDGE('',*,*,#14075,.T.);
#14075 = EDGE_CURVE('',#2773,#9151,#14076,.T.);
#14076 = SURFACE_CURVE('',#14077,(#14081,#14088),.PCURVE_S1.);
#14077 = LINE('',#14078,#14079);
#14078 = CARTESIAN_POINT('',(100.082069,-92.486334,0.));
#14079 = VECTOR('',#14080,1.);
#14080 = DIRECTION('',(0.,0.,1.));
#14081 = PCURVE('',#2816,#14082);
#14082 = DEFINITIONAL_REPRESENTATION('',(#14083),#14087);
#14083 = LINE('',#14084,#14085);
#14084 = CARTESIAN_POINT('',(0.,0.));
#14085 = VECTOR('',#14086,1.);
#14086 = DIRECTION('',(0.,-1.));
#14087 = ( GEOMETRIC_REPRESENTATION_CONTEXT(2) 
PARAMETRIC_REPRESENTATION_CONTEXT() REPRESENTATION_CONTEXT('2D SPACE',''
  ) );
#14088 = PCURVE('',#2788,#14089);
#14089 = DEFINITIONAL_REPRESENTATION('',(#14090),#14094);
#14090 = LINE('',#14091,#14092);
#14091 = CARTESIAN_POINT('',(0.758222284169,0.));
#14092 = VECTOR('',#14093,1.);
#14093 = DIRECTION('',(0.,-1.));
#14094 = ( GEOMETRIC_REPRESENTATION_CONTEXT(2) 
PARAMETRIC_REPRESENTATION_CONTEXT() REPRESENTATION_CONTEXT('2D SPACE',''
  ) );
#14095 = ORIENTED_EDGE('',*,*,#9173,.T.);
#14096 = ORIENTED_EDGE('',*,*,#14021,.F.);
#14097 = ORIENTED_EDGE('',*,*,#2800,.F.);
#14098 = ADVANCED_FACE('',(#14099),#1080,.T.);
#14099 = FACE_BOUND('',#14100,.T.);
#14100 = EDGE_LOOP('',(#14101,#14102,#14103,#14124));
#14101 = ORIENTED_EDGE('',*,*,#14050,.T.);
#14102 = ORIENTED_EDGE('',*,*,#7747,.T.);
#14103 = ORIENTED_EDGE('',*,*,#14104,.F.);
#14104 = EDGE_CURVE('',#1065,#7748,#14105,.T.);
#14105 = SURFACE_CURVE('',#14106,(#14110,#14117),.PCURVE_S1.);
#14106 = LINE('',#14107,#14108);
#14107 = CARTESIAN_POINT('',(159.979468,-116.757945,0.));
#14108 = VECTOR('',#14109,1.);
#14109 = DIRECTION('',(0.,0.,1.));
#14110 = PCURVE('',#1080,#14111);
#14111 = DEFINITIONAL_REPRESENTATION('',(#14112),#14116);
#14112 = LINE('',#14113,#14114);
#14113 = CARTESIAN_POINT('',(0.758223045053,0.));
#14114 = VECTOR('',#14115,1.);
#14115 = DIRECTION('',(0.,-1.));
#14116 = ( GEOMETRIC_REPRESENTATION_CONTEXT(2) 
PARAMETRIC_REPRESENTATION_CONTEXT() REPRESENTATION_CONTEXT('2D SPACE',''
  ) );
#14117 = PCURVE('',#1108,#14118);
#14118 = DEFINITIONAL_REPRESENTATION('',(#14119),#14123);
#14119 = LINE('',#14120,#14121);
#14120 = CARTESIAN_POINT('',(0.,0.));
#14121 = VECTOR('',#14122,1.);
#14122 = DIRECTION('',(0.,-1.));
#14123 = ( GEOMETRIC_REPRESENTATION_CONTEXT(2) 
PARAMETRIC_REPRESENTATION_CONTEXT() REPRESENTATION_CONTEXT('2D SPACE',''
  ) );
#14124 = ORIENTED_EDGE('',*,*,#1064,.F.);
#14125 = ADVANCED_FACE('',(#14126),#2788,.T.);
#14126 = FACE_BOUND('',#14127,.T.);
#14127 = EDGE_LOOP('',(#14128,#14149,#14150,#14151));
#14128 = ORIENTED_EDGE('',*,*,#14129,.T.);
#14129 = EDGE_CURVE('',#2745,#9128,#14130,.T.);
#14130 = SURFACE_CURVE('',#14131,(#14135,#14142),.PCURVE_S1.);
#14131 = LINE('',#14132,#14133);
#14132 = CARTESIAN_POINT('',(100.020532,-93.242055,0.));
#14133 = VECTOR('',#14134,1.);
#14134 = DIRECTION('',(0.,0.,1.));
#14135 = PCURVE('',#2788,#14136);
#14136 = DEFINITIONAL_REPRESENTATION('',(#14137),#14141);
#14137 = LINE('',#14138,#14139);
#14138 = CARTESIAN_POINT('',(0.,0.));
#14139 = VECTOR('',#14140,1.);
#14140 = DIRECTION('',(0.,-1.));
#14141 = ( GEOMETRIC_REPRESENTATION_CONTEXT(2) 
PARAMETRIC_REPRESENTATION_CONTEXT() REPRESENTATION_CONTEXT('2D SPACE',''
  ) );
#14142 = PCURVE('',#2760,#14143);
#14143 = DEFINITIONAL_REPRESENTATION('',(#14144),#14148);
#14144 = LINE('',#14145,#14146);
#14145 = CARTESIAN_POINT('',(0.758223045053,0.));
#14146 = VECTOR('',#14147,1.);
#14147 = DIRECTION('',(0.,-1.));
#14148 = ( GEOMETRIC_REPRESENTATION_CONTEXT(2) 
PARAMETRIC_REPRESENTATION_CONTEXT() REPRESENTATION_CONTEXT('2D SPACE',''
  ) );
#14149 = ORIENTED_EDGE('',*,*,#9150,.T.);
#14150 = ORIENTED_EDGE('',*,*,#14075,.F.);
#14151 = ORIENTED_EDGE('',*,*,#2772,.F.);
#14152 = ADVANCED_FACE('',(#14153),#1108,.T.);
#14153 = FACE_BOUND('',#14154,.T.);
#14154 = EDGE_LOOP('',(#14155,#14156,#14157,#14178));
#14155 = ORIENTED_EDGE('',*,*,#14104,.T.);
#14156 = ORIENTED_EDGE('',*,*,#7770,.T.);
#14157 = ORIENTED_EDGE('',*,*,#14158,.F.);
#14158 = EDGE_CURVE('',#1093,#7771,#14159,.T.);
#14159 = SURFACE_CURVE('',#14160,(#14164,#14171),.PCURVE_S1.);
#14160 = LINE('',#14161,#14162);
#14161 = CARTESIAN_POINT('',(159.917931,-117.513666,0.));
#14162 = VECTOR('',#14163,1.);
#14163 = DIRECTION('',(0.,0.,1.));
#14164 = PCURVE('',#1108,#14165);
#14165 = DEFINITIONAL_REPRESENTATION('',(#14166),#14170);
#14166 = LINE('',#14167,#14168);
#14167 = CARTESIAN_POINT('',(0.758222284169,0.));
#14168 = VECTOR('',#14169,1.);
#14169 = DIRECTION('',(0.,-1.));
#14170 = ( GEOMETRIC_REPRESENTATION_CONTEXT(2) 
PARAMETRIC_REPRESENTATION_CONTEXT() REPRESENTATION_CONTEXT('2D SPACE',''
  ) );
#14171 = PCURVE('',#1136,#14172);
#14172 = DEFINITIONAL_REPRESENTATION('',(#14173),#14177);
#14173 = LINE('',#14174,#14175);
#14174 = CARTESIAN_POINT('',(0.,0.));
#14175 = VECTOR('',#14176,1.);
#14176 = DIRECTION('',(0.,-1.));
#14177 = ( GEOMETRIC_REPRESENTATION_CONTEXT(2) 
PARAMETRIC_REPRESENTATION_CONTEXT() REPRESENTATION_CONTEXT('2D SPACE',''
  ) );
#14178 = ORIENTED_EDGE('',*,*,#1092,.F.);
#14179 = ADVANCED_FACE('',(#14180),#2760,.T.);
#14180 = FACE_BOUND('',#14181,.T.);
#14181 = EDGE_LOOP('',(#14182,#14203,#14204,#14205));
#14182 = ORIENTED_EDGE('',*,*,#14183,.T.);
#14183 = EDGE_CURVE('',#2717,#9105,#14184,.T.);
#14184 = SURFACE_CURVE('',#14185,(#14189,#14196),.PCURVE_S1.);
#14185 = LINE('',#14186,#14187);
#14186 = CARTESIAN_POINT('',(100.,-94.,0.));
#14187 = VECTOR('',#14188,1.);
#14188 = DIRECTION('',(0.,0.,1.));
#14189 = PCURVE('',#2760,#14190);
#14190 = DEFINITIONAL_REPRESENTATION('',(#14191),#14195);
#14191 = LINE('',#14192,#14193);
#14192 = CARTESIAN_POINT('',(0.,0.));
#14193 = VECTOR('',#14194,1.);
#14194 = DIRECTION('',(0.,-1.));
#14195 = ( GEOMETRIC_REPRESENTATION_CONTEXT(2) 
PARAMETRIC_REPRESENTATION_CONTEXT() REPRESENTATION_CONTEXT('2D SPACE',''
  ) );
#14196 = PCURVE('',#2732,#14197);
#14197 = DEFINITIONAL_REPRESENTATION('',(#14198),#14202);
#14198 = LINE('',#14199,#14200);
#14199 = CARTESIAN_POINT('',(22.,0.));
#14200 = VECTOR('',#14201,1.);
#14201 = DIRECTION('',(0.,-1.));
#14202 = ( GEOMETRIC_REPRESENTATION_CONTEXT(2) 
PARAMETRIC_REPRESENTATION_CONTEXT() REPRESENTATION_CONTEXT('2D SPACE',''
  ) );
#14203 = ORIENTED_EDGE('',*,*,#9127,.T.);
#14204 = ORIENTED_EDGE('',*,*,#14129,.F.);
#14205 = ORIENTED_EDGE('',*,*,#2744,.F.);
#14206 = ADVANCED_FACE('',(#14207),#1136,.T.);
#14207 = FACE_BOUND('',#14208,.T.);
#14208 = EDGE_LOOP('',(#14209,#14210,#14211,#14232));
#14209 = ORIENTED_EDGE('',*,*,#14158,.T.);
#14210 = ORIENTED_EDGE('',*,*,#7793,.T.);
#14211 = ORIENTED_EDGE('',*,*,#14212,.F.);
#14212 = EDGE_CURVE('',#1121,#7794,#14213,.T.);
#14213 = SURFACE_CURVE('',#14214,(#14218,#14225),.PCURVE_S1.);
#14214 = LINE('',#14215,#14216);
#14215 = CARTESIAN_POINT('',(159.815571,-118.264948,0.));
#14216 = VECTOR('',#14217,1.);
#14217 = DIRECTION('',(0.,0.,1.));
#14218 = PCURVE('',#1136,#14219);
#14219 = DEFINITIONAL_REPRESENTATION('',(#14220),#14224);
#14220 = LINE('',#14221,#14222);
#14221 = CARTESIAN_POINT('',(0.758223062907,0.));
#14222 = VECTOR('',#14223,1.);
#14223 = DIRECTION('',(0.,-1.));
#14224 = ( GEOMETRIC_REPRESENTATION_CONTEXT(2) 
PARAMETRIC_REPRESENTATION_CONTEXT() REPRESENTATION_CONTEXT('2D SPACE',''
  ) );
#14225 = PCURVE('',#1164,#14226);
#14226 = DEFINITIONAL_REPRESENTATION('',(#14227),#14231);
#14227 = LINE('',#14228,#14229);
#14228 = CARTESIAN_POINT('',(0.,0.));
#14229 = VECTOR('',#14230,1.);
#14230 = DIRECTION('',(0.,-1.));
#14231 = ( GEOMETRIC_REPRESENTATION_CONTEXT(2) 
PARAMETRIC_REPRESENTATION_CONTEXT() REPRESENTATION_CONTEXT('2D SPACE',''
  ) );
#14232 = ORIENTED_EDGE('',*,*,#1120,.F.);
#14233 = ADVANCED_FACE('',(#14234),#2732,.T.);
#14234 = FACE_BOUND('',#14235,.T.);
#14235 = EDGE_LOOP('',(#14236,#14257,#14258,#14259));
#14236 = ORIENTED_EDGE('',*,*,#14237,.T.);
#14237 = EDGE_CURVE('',#2689,#9082,#14238,.T.);
#14238 = SURFACE_CURVE('',#14239,(#14243,#14250),.PCURVE_S1.);
#14239 = LINE('',#14240,#14241);
#14240 = CARTESIAN_POINT('',(100.,-116.,0.));
#14241 = VECTOR('',#14242,1.);
#14242 = DIRECTION('',(0.,0.,1.));
#14243 = PCURVE('',#2732,#14244);
#14244 = DEFINITIONAL_REPRESENTATION('',(#14245),#14249);
#14245 = LINE('',#14246,#14247);
#14246 = CARTESIAN_POINT('',(0.,0.));
#14247 = VECTOR('',#14248,1.);
#14248 = DIRECTION('',(0.,-1.));
#14249 = ( GEOMETRIC_REPRESENTATION_CONTEXT(2) 
PARAMETRIC_REPRESENTATION_CONTEXT() REPRESENTATION_CONTEXT('2D SPACE',''
  ) );
#14250 = PCURVE('',#2704,#14251);
#14251 = DEFINITIONAL_REPRESENTATION('',(#14252),#14256);
#14252 = LINE('',#14253,#14254);
#14253 = CARTESIAN_POINT('',(0.758223045053,0.));
#14254 = VECTOR('',#14255,1.);
#14255 = DIRECTION('',(0.,-1.));
#14256 = ( GEOMETRIC_REPRESENTATION_CONTEXT(2) 
PARAMETRIC_REPRESENTATION_CONTEXT() REPRESENTATION_CONTEXT('2D SPACE',''
  ) );
#14257 = ORIENTED_EDGE('',*,*,#9104,.T.);
#14258 = ORIENTED_EDGE('',*,*,#14183,.F.);
#14259 = ORIENTED_EDGE('',*,*,#2716,.F.);
#14260 = ADVANCED_FACE('',(#14261),#1164,.T.);
#14261 = FACE_BOUND('',#14262,.T.);
#14262 = EDGE_LOOP('',(#14263,#14264,#14265,#14286));
#14263 = ORIENTED_EDGE('',*,*,#14212,.T.);
#14264 = ORIENTED_EDGE('',*,*,#7816,.T.);
#14265 = ORIENTED_EDGE('',*,*,#14266,.F.);
#14266 = EDGE_CURVE('',#1149,#7817,#14267,.T.);
#14267 = SURFACE_CURVE('',#14268,(#14272,#14279),.PCURVE_S1.);
#14268 = LINE('',#14269,#14270);
#14269 = CARTESIAN_POINT('',(159.672688,-119.009586,0.));
#14270 = VECTOR('',#14271,1.);
#14271 = DIRECTION('',(0.,0.,1.));
#14272 = PCURVE('',#1164,#14273);
#14273 = DEFINITIONAL_REPRESENTATION('',(#14274),#14278);
#14274 = LINE('',#14275,#14276);
#14275 = CARTESIAN_POINT('',(0.758222462562,0.));
#14276 = VECTOR('',#14277,1.);
#14277 = DIRECTION('',(0.,-1.));
#14278 = ( GEOMETRIC_REPRESENTATION_CONTEXT(2) 
PARAMETRIC_REPRESENTATION_CONTEXT() REPRESENTATION_CONTEXT('2D SPACE',''
  ) );
#14279 = PCURVE('',#1192,#14280);
#14280 = DEFINITIONAL_REPRESENTATION('',(#14281),#14285);
#14281 = LINE('',#14282,#14283);
#14282 = CARTESIAN_POINT('',(0.,0.));
#14283 = VECTOR('',#14284,1.);
#14284 = DIRECTION('',(0.,-1.));
#14285 = ( GEOMETRIC_REPRESENTATION_CONTEXT(2) 
PARAMETRIC_REPRESENTATION_CONTEXT() REPRESENTATION_CONTEXT('2D SPACE',''
  ) );
#14286 = ORIENTED_EDGE('',*,*,#1148,.F.);
#14287 = ADVANCED_FACE('',(#14288),#2704,.T.);
#14288 = FACE_BOUND('',#14289,.T.);
#14289 = EDGE_LOOP('',(#14290,#14311,#14312,#14313));
#14290 = ORIENTED_EDGE('',*,*,#14291,.T.);
#14291 = EDGE_CURVE('',#2661,#9059,#14292,.T.);
#14292 = SURFACE_CURVE('',#14293,(#14297,#14304),.PCURVE_S1.);
#14293 = LINE('',#14294,#14295);
#14294 = CARTESIAN_POINT('',(100.020532,-116.757945,0.));
#14295 = VECTOR('',#14296,1.);
#14296 = DIRECTION('',(0.,0.,1.));
#14297 = PCURVE('',#2704,#14298);
#14298 = DEFINITIONAL_REPRESENTATION('',(#14299),#14303);
#14299 = LINE('',#14300,#14301);
#14300 = CARTESIAN_POINT('',(0.,0.));
#14301 = VECTOR('',#14302,1.);
#14302 = DIRECTION('',(0.,-1.));
#14303 = ( GEOMETRIC_REPRESENTATION_CONTEXT(2) 
PARAMETRIC_REPRESENTATION_CONTEXT() REPRESENTATION_CONTEXT('2D SPACE',''
  ) );
#14304 = PCURVE('',#2676,#14305);
#14305 = DEFINITIONAL_REPRESENTATION('',(#14306),#14310);
#14306 = LINE('',#14307,#14308);
#14307 = CARTESIAN_POINT('',(0.758222284169,0.));
#14308 = VECTOR('',#14309,1.);
#14309 = DIRECTION('',(0.,-1.));
#14310 = ( GEOMETRIC_REPRESENTATION_CONTEXT(2) 
PARAMETRIC_REPRESENTATION_CONTEXT() REPRESENTATION_CONTEXT('2D SPACE',''
  ) );
#14311 = ORIENTED_EDGE('',*,*,#9081,.T.);
#14312 = ORIENTED_EDGE('',*,*,#14237,.F.);
#14313 = ORIENTED_EDGE('',*,*,#2688,.F.);
#14314 = ADVANCED_FACE('',(#14315),#1192,.T.);
#14315 = FACE_BOUND('',#14316,.T.);
#14316 = EDGE_LOOP('',(#14317,#14318,#14319,#14340));
#14317 = ORIENTED_EDGE('',*,*,#14266,.T.);
#14318 = ORIENTED_EDGE('',*,*,#7839,.T.);
#14319 = ORIENTED_EDGE('',*,*,#14320,.F.);
#14320 = EDGE_CURVE('',#1177,#7840,#14321,.T.);
#14321 = SURFACE_CURVE('',#14322,(#14326,#14333),.PCURVE_S1.);
#14322 = LINE('',#14323,#14324);
#14323 = CARTESIAN_POINT('',(159.4897,-119.745397,0.));
#14324 = VECTOR('',#14325,1.);
#14325 = DIRECTION('',(0.,0.,1.));
#14326 = PCURVE('',#1192,#14327);
#14327 = DEFINITIONAL_REPRESENTATION('',(#14328),#14332);
#14328 = LINE('',#14329,#14330);
#14329 = CARTESIAN_POINT('',(0.75822320979,0.));
#14330 = VECTOR('',#14331,1.);
#14331 = DIRECTION('',(0.,-1.));
#14332 = ( GEOMETRIC_REPRESENTATION_CONTEXT(2) 
PARAMETRIC_REPRESENTATION_CONTEXT() REPRESENTATION_CONTEXT('2D SPACE',''
  ) );
#14333 = PCURVE('',#1220,#14334);
#14334 = DEFINITIONAL_REPRESENTATION('',(#14335),#14339);
#14335 = LINE('',#14336,#14337);
#14336 = CARTESIAN_POINT('',(0.,0.));
#14337 = VECTOR('',#14338,1.);
#14338 = DIRECTION('',(0.,-1.));
#14339 = ( GEOMETRIC_REPRESENTATION_CONTEXT(2) 
PARAMETRIC_REPRESENTATION_CONTEXT() REPRESENTATION_CONTEXT('2D SPACE',''
  ) );
#14340 = ORIENTED_EDGE('',*,*,#1176,.F.);
#14341 = ADVANCED_FACE('',(#14342),#2676,.T.);
#14342 = FACE_BOUND('',#14343,.T.);
#14343 = EDGE_LOOP('',(#14344,#14365,#14366,#14367));
#14344 = ORIENTED_EDGE('',*,*,#14345,.T.);
#14345 = EDGE_CURVE('',#2633,#9036,#14346,.T.);
#14346 = SURFACE_CURVE('',#14347,(#14351,#14358),.PCURVE_S1.);
#14347 = LINE('',#14348,#14349);
#14348 = CARTESIAN_POINT('',(100.082069,-117.513666,0.));
#14349 = VECTOR('',#14350,1.);
#14350 = DIRECTION('',(0.,0.,1.));
#14351 = PCURVE('',#2676,#14352);
#14352 = DEFINITIONAL_REPRESENTATION('',(#14353),#14357);
#14353 = LINE('',#14354,#14355);
#14354 = CARTESIAN_POINT('',(0.,0.));
#14355 = VECTOR('',#14356,1.);
#14356 = DIRECTION('',(0.,-1.));
#14357 = ( GEOMETRIC_REPRESENTATION_CONTEXT(2) 
PARAMETRIC_REPRESENTATION_CONTEXT() REPRESENTATION_CONTEXT('2D SPACE',''
  ) );
#14358 = PCURVE('',#2648,#14359);
#14359 = DEFINITIONAL_REPRESENTATION('',(#14360),#14364);
#14360 = LINE('',#14361,#14362);
#14361 = CARTESIAN_POINT('',(0.758223062907,0.));
#14362 = VECTOR('',#14363,1.);
#14363 = DIRECTION('',(0.,-1.));
#14364 = ( GEOMETRIC_REPRESENTATION_CONTEXT(2) 
PARAMETRIC_REPRESENTATION_CONTEXT() REPRESENTATION_CONTEXT('2D SPACE',''
  ) );
#14365 = ORIENTED_EDGE('',*,*,#9058,.T.);
#14366 = ORIENTED_EDGE('',*,*,#14291,.F.);
#14367 = ORIENTED_EDGE('',*,*,#2660,.F.);
#14368 = ADVANCED_FACE('',(#14369),#1220,.T.);
#14369 = FACE_BOUND('',#14370,.T.);
#14370 = EDGE_LOOP('',(#14371,#14372,#14373,#14394));
#14371 = ORIENTED_EDGE('',*,*,#14320,.T.);
#14372 = ORIENTED_EDGE('',*,*,#7862,.T.);
#14373 = ORIENTED_EDGE('',*,*,#14374,.F.);
#14374 = EDGE_CURVE('',#1205,#7863,#14375,.T.);
#14375 = SURFACE_CURVE('',#14376,(#14380,#14387),.PCURVE_S1.);
#14376 = LINE('',#14377,#14378);
#14377 = CARTESIAN_POINT('',(159.267144,-120.470221,0.));
#14378 = VECTOR('',#14379,1.);
#14379 = DIRECTION('',(0.,0.,1.));
#14380 = PCURVE('',#1220,#14381);
#14381 = DEFINITIONAL_REPRESENTATION('',(#14382),#14386);
#14382 = LINE('',#14383,#14384);
#14383 = CARTESIAN_POINT('',(0.75822226564,0.));
#14384 = VECTOR('',#14385,1.);
#14385 = DIRECTION('',(0.,-1.));
#14386 = ( GEOMETRIC_REPRESENTATION_CONTEXT(2) 
PARAMETRIC_REPRESENTATION_CONTEXT() REPRESENTATION_CONTEXT('2D SPACE',''
  ) );
#14387 = PCURVE('',#1248,#14388);
#14388 = DEFINITIONAL_REPRESENTATION('',(#14389),#14393);
#14389 = LINE('',#14390,#14391);
#14390 = CARTESIAN_POINT('',(0.,0.));
#14391 = VECTOR('',#14392,1.);
#14392 = DIRECTION('',(0.,-1.));
#14393 = ( GEOMETRIC_REPRESENTATION_CONTEXT(2) 
PARAMETRIC_REPRESENTATION_CONTEXT() REPRESENTATION_CONTEXT('2D SPACE',''
  ) );
#14394 = ORIENTED_EDGE('',*,*,#1204,.F.);
#14395 = ADVANCED_FACE('',(#14396),#2648,.T.);
#14396 = FACE_BOUND('',#14397,.T.);
#14397 = EDGE_LOOP('',(#14398,#14419,#14420,#14421));
#14398 = ORIENTED_EDGE('',*,*,#14399,.T.);
#14399 = EDGE_CURVE('',#2605,#9013,#14400,.T.);
#14400 = SURFACE_CURVE('',#14401,(#14405,#14412),.PCURVE_S1.);
#14401 = LINE('',#14402,#14403);
#14402 = CARTESIAN_POINT('',(100.184429,-118.264948,0.));
#14403 = VECTOR('',#14404,1.);
#14404 = DIRECTION('',(0.,0.,1.));
#14405 = PCURVE('',#2648,#14406);
#14406 = DEFINITIONAL_REPRESENTATION('',(#14407),#14411);
#14407 = LINE('',#14408,#14409);
#14408 = CARTESIAN_POINT('',(0.,0.));
#14409 = VECTOR('',#14410,1.);
#14410 = DIRECTION('',(0.,-1.));
#14411 = ( GEOMETRIC_REPRESENTATION_CONTEXT(2) 
PARAMETRIC_REPRESENTATION_CONTEXT() REPRESENTATION_CONTEXT('2D SPACE',''
  ) );
#14412 = PCURVE('',#2620,#14413);
#14413 = DEFINITIONAL_REPRESENTATION('',(#14414),#14418);
#14414 = LINE('',#14415,#14416);
#14415 = CARTESIAN_POINT('',(0.758222462562,0.));
#14416 = VECTOR('',#14417,1.);
#14417 = DIRECTION('',(0.,-1.));
#14418 = ( GEOMETRIC_REPRESENTATION_CONTEXT(2) 
PARAMETRIC_REPRESENTATION_CONTEXT() REPRESENTATION_CONTEXT('2D SPACE',''
  ) );
#14419 = ORIENTED_EDGE('',*,*,#9035,.T.);
#14420 = ORIENTED_EDGE('',*,*,#14345,.F.);
#14421 = ORIENTED_EDGE('',*,*,#2632,.F.);
#14422 = ADVANCED_FACE('',(#14423),#1248,.T.);
#14423 = FACE_BOUND('',#14424,.T.);
#14424 = EDGE_LOOP('',(#14425,#14426,#14427,#14448));
#14425 = ORIENTED_EDGE('',*,*,#14374,.T.);
#14426 = ORIENTED_EDGE('',*,*,#7885,.T.);
#14427 = ORIENTED_EDGE('',*,*,#14428,.F.);
#14428 = EDGE_CURVE('',#1233,#7886,#14429,.T.);
#14429 = SURFACE_CURVE('',#14430,(#14434,#14441),.PCURVE_S1.);
#14430 = LINE('',#14431,#14432);
#14431 = CARTESIAN_POINT('',(159.005674,-121.181934,0.));
#14432 = VECTOR('',#14433,1.);
#14433 = DIRECTION('',(0.,0.,1.));
#14434 = PCURVE('',#1248,#14435);
#14435 = DEFINITIONAL_REPRESENTATION('',(#14436),#14440);
#14436 = LINE('',#14437,#14438);
#14437 = CARTESIAN_POINT('',(0.758222892868,0.));
#14438 = VECTOR('',#14439,1.);
#14439 = DIRECTION('',(0.,-1.));
#14440 = ( GEOMETRIC_REPRESENTATION_CONTEXT(2) 
PARAMETRIC_REPRESENTATION_CONTEXT() REPRESENTATION_CONTEXT('2D SPACE',''
  ) );
#14441 = PCURVE('',#1276,#14442);
#14442 = DEFINITIONAL_REPRESENTATION('',(#14443),#14447);
#14443 = LINE('',#14444,#14445);
#14444 = CARTESIAN_POINT('',(0.,0.));
#14445 = VECTOR('',#14446,1.);
#14446 = DIRECTION('',(0.,-1.));
#14447 = ( GEOMETRIC_REPRESENTATION_CONTEXT(2) 
PARAMETRIC_REPRESENTATION_CONTEXT() REPRESENTATION_CONTEXT('2D SPACE',''
  ) );
#14448 = ORIENTED_EDGE('',*,*,#1232,.F.);
#14449 = ADVANCED_FACE('',(#14450),#2620,.T.);
#14450 = FACE_BOUND('',#14451,.T.);
#14451 = EDGE_LOOP('',(#14452,#14473,#14474,#14475));
#14452 = ORIENTED_EDGE('',*,*,#14453,.T.);
#14453 = EDGE_CURVE('',#2577,#8990,#14454,.T.);
#14454 = SURFACE_CURVE('',#14455,(#14459,#14466),.PCURVE_S1.);
#14455 = LINE('',#14456,#14457);
#14456 = CARTESIAN_POINT('',(100.327312,-119.009586,0.));
#14457 = VECTOR('',#14458,1.);
#14458 = DIRECTION('',(0.,0.,1.));
#14459 = PCURVE('',#2620,#14460);
#14460 = DEFINITIONAL_REPRESENTATION('',(#14461),#14465);
#14461 = LINE('',#14462,#14463);
#14462 = CARTESIAN_POINT('',(0.,0.));
#14463 = VECTOR('',#14464,1.);
#14464 = DIRECTION('',(0.,-1.));
#14465 = ( GEOMETRIC_REPRESENTATION_CONTEXT(2) 
PARAMETRIC_REPRESENTATION_CONTEXT() REPRESENTATION_CONTEXT('2D SPACE',''
  ) );
#14466 = PCURVE('',#2592,#14467);
#14467 = DEFINITIONAL_REPRESENTATION('',(#14468),#14472);
#14468 = LINE('',#14469,#14470);
#14469 = CARTESIAN_POINT('',(0.75822320979,0.));
#14470 = VECTOR('',#14471,1.);
#14471 = DIRECTION('',(0.,-1.));
#14472 = ( GEOMETRIC_REPRESENTATION_CONTEXT(2) 
PARAMETRIC_REPRESENTATION_CONTEXT() REPRESENTATION_CONTEXT('2D SPACE',''
  ) );
#14473 = ORIENTED_EDGE('',*,*,#9012,.T.);
#14474 = ORIENTED_EDGE('',*,*,#14399,.F.);
#14475 = ORIENTED_EDGE('',*,*,#2604,.F.);
#14476 = ADVANCED_FACE('',(#14477),#1276,.T.);
#14477 = FACE_BOUND('',#14478,.T.);
#14478 = EDGE_LOOP('',(#14479,#14480,#14481,#14502));
#14479 = ORIENTED_EDGE('',*,*,#14428,.T.);
#14480 = ORIENTED_EDGE('',*,*,#7908,.T.);
#14481 = ORIENTED_EDGE('',*,*,#14482,.F.);
#14482 = EDGE_CURVE('',#1261,#7909,#14483,.T.);
#14483 = SURFACE_CURVE('',#14484,(#14488,#14495),.PCURVE_S1.);
#14484 = LINE('',#14485,#14486);
#14485 = CARTESIAN_POINT('',(158.706056,-121.878447,0.));
#14486 = VECTOR('',#14487,1.);
#14487 = DIRECTION('',(0.,0.,1.));
#14488 = PCURVE('',#1276,#14489);
#14489 = DEFINITIONAL_REPRESENTATION('',(#14490),#14494);
#14490 = LINE('',#14491,#14492);
#14491 = CARTESIAN_POINT('',(0.758222464118,0.));
#14492 = VECTOR('',#14493,1.);
#14493 = DIRECTION('',(0.,-1.));
#14494 = ( GEOMETRIC_REPRESENTATION_CONTEXT(2) 
PARAMETRIC_REPRESENTATION_CONTEXT() REPRESENTATION_CONTEXT('2D SPACE',''
  ) );
#14495 = PCURVE('',#1304,#14496);
#14496 = DEFINITIONAL_REPRESENTATION('',(#14497),#14501);
#14497 = LINE('',#14498,#14499);
#14498 = CARTESIAN_POINT('',(0.,0.));
#14499 = VECTOR('',#14500,1.);
#14500 = DIRECTION('',(0.,-1.));
#14501 = ( GEOMETRIC_REPRESENTATION_CONTEXT(2) 
PARAMETRIC_REPRESENTATION_CONTEXT() REPRESENTATION_CONTEXT('2D SPACE',''
  ) );
#14502 = ORIENTED_EDGE('',*,*,#1260,.F.);
#14503 = ADVANCED_FACE('',(#14504),#2592,.T.);
#14504 = FACE_BOUND('',#14505,.T.);
#14505 = EDGE_LOOP('',(#14506,#14527,#14528,#14529));
#14506 = ORIENTED_EDGE('',*,*,#14507,.T.);
#14507 = EDGE_CURVE('',#2549,#8967,#14508,.T.);
#14508 = SURFACE_CURVE('',#14509,(#14513,#14520),.PCURVE_S1.);
#14509 = LINE('',#14510,#14511);
#14510 = CARTESIAN_POINT('',(100.5103,-119.745397,0.));
#14511 = VECTOR('',#14512,1.);
#14512 = DIRECTION('',(0.,0.,1.));
#14513 = PCURVE('',#2592,#14514);
#14514 = DEFINITIONAL_REPRESENTATION('',(#14515),#14519);
#14515 = LINE('',#14516,#14517);
#14516 = CARTESIAN_POINT('',(0.,0.));
#14517 = VECTOR('',#14518,1.);
#14518 = DIRECTION('',(0.,-1.));
#14519 = ( GEOMETRIC_REPRESENTATION_CONTEXT(2) 
PARAMETRIC_REPRESENTATION_CONTEXT() REPRESENTATION_CONTEXT('2D SPACE',''
  ) );
#14520 = PCURVE('',#2564,#14521);
#14521 = DEFINITIONAL_REPRESENTATION('',(#14522),#14526);
#14522 = LINE('',#14523,#14524);
#14523 = CARTESIAN_POINT('',(0.75822226564,0.));
#14524 = VECTOR('',#14525,1.);
#14525 = DIRECTION('',(0.,-1.));
#14526 = ( GEOMETRIC_REPRESENTATION_CONTEXT(2) 
PARAMETRIC_REPRESENTATION_CONTEXT() REPRESENTATION_CONTEXT('2D SPACE',''
  ) );
#14527 = ORIENTED_EDGE('',*,*,#8989,.T.);
#14528 = ORIENTED_EDGE('',*,*,#14453,.F.);
#14529 = ORIENTED_EDGE('',*,*,#2576,.F.);
#14530 = ADVANCED_FACE('',(#14531),#1304,.T.);
#14531 = FACE_BOUND('',#14532,.T.);
#14532 = EDGE_LOOP('',(#14533,#14534,#14535,#14556));
#14533 = ORIENTED_EDGE('',*,*,#14482,.T.);
#14534 = ORIENTED_EDGE('',*,*,#7931,.T.);
#14535 = ORIENTED_EDGE('',*,*,#14536,.F.);
#14536 = EDGE_CURVE('',#1289,#7932,#14537,.T.);
#14537 = SURFACE_CURVE('',#14538,(#14542,#14549),.PCURVE_S1.);
#14538 = LINE('',#14539,#14540);
#14539 = CARTESIAN_POINT('',(158.369169,-122.557718,0.));
#14540 = VECTOR('',#14541,1.);
#14541 = DIRECTION('',(0.,0.,1.));
#14542 = PCURVE('',#1304,#14543);
#14543 = DEFINITIONAL_REPRESENTATION('',(#14544),#14548);
#14544 = LINE('',#14545,#14546);
#14545 = CARTESIAN_POINT('',(0.758222884256,0.));
#14546 = VECTOR('',#14547,1.);
#14547 = DIRECTION('',(0.,-1.));
#14548 = ( GEOMETRIC_REPRESENTATION_CONTEXT(2) 
PARAMETRIC_REPRESENTATION_CONTEXT() REPRESENTATION_CONTEXT('2D SPACE',''
  ) );
#14549 = PCURVE('',#1332,#14550);
#14550 = DEFINITIONAL_REPRESENTATION('',(#14551),#14555);
#14551 = LINE('',#14552,#14553);
#14552 = CARTESIAN_POINT('',(0.,0.));
#14553 = VECTOR('',#14554,1.);
#14554 = DIRECTION('',(0.,-1.));
#14555 = ( GEOMETRIC_REPRESENTATION_CONTEXT(2) 
PARAMETRIC_REPRESENTATION_CONTEXT() REPRESENTATION_CONTEXT('2D SPACE',''
  ) );
#14556 = ORIENTED_EDGE('',*,*,#1288,.F.);
#14557 = ADVANCED_FACE('',(#14558),#2564,.T.);
#14558 = FACE_BOUND('',#14559,.T.);
#14559 = EDGE_LOOP('',(#14560,#14581,#14582,#14583));
#14560 = ORIENTED_EDGE('',*,*,#14561,.T.);
#14561 = EDGE_CURVE('',#2521,#8944,#14562,.T.);
#14562 = SURFACE_CURVE('',#14563,(#14567,#14574),.PCURVE_S1.);
#14563 = LINE('',#14564,#14565);
#14564 = CARTESIAN_POINT('',(100.732856,-120.470221,0.));
#14565 = VECTOR('',#14566,1.);
#14566 = DIRECTION('',(0.,0.,1.));
#14567 = PCURVE('',#2564,#14568);
#14568 = DEFINITIONAL_REPRESENTATION('',(#14569),#14573);
#14569 = LINE('',#14570,#14571);
#14570 = CARTESIAN_POINT('',(0.,0.));
#14571 = VECTOR('',#14572,1.);
#14572 = DIRECTION('',(0.,-1.));
#14573 = ( GEOMETRIC_REPRESENTATION_CONTEXT(2) 
PARAMETRIC_REPRESENTATION_CONTEXT() REPRESENTATION_CONTEXT('2D SPACE',''
  ) );
#14574 = PCURVE('',#2536,#14575);
#14575 = DEFINITIONAL_REPRESENTATION('',(#14576),#14580);
#14576 = LINE('',#14577,#14578);
#14577 = CARTESIAN_POINT('',(0.758222892868,0.));
#14578 = VECTOR('',#14579,1.);
#14579 = DIRECTION('',(0.,-1.));
#14580 = ( GEOMETRIC_REPRESENTATION_CONTEXT(2) 
PARAMETRIC_REPRESENTATION_CONTEXT() REPRESENTATION_CONTEXT('2D SPACE',''
  ) );
#14581 = ORIENTED_EDGE('',*,*,#8966,.T.);
#14582 = ORIENTED_EDGE('',*,*,#14507,.F.);
#14583 = ORIENTED_EDGE('',*,*,#2548,.F.);
#14584 = ADVANCED_FACE('',(#14585),#1332,.T.);
#14585 = FACE_BOUND('',#14586,.T.);
#14586 = EDGE_LOOP('',(#14587,#14588,#14589,#14610));
#14587 = ORIENTED_EDGE('',*,*,#14536,.T.);
#14588 = ORIENTED_EDGE('',*,*,#7954,.T.);
#14589 = ORIENTED_EDGE('',*,*,#14590,.F.);
#14590 = EDGE_CURVE('',#1317,#7955,#14591,.T.);
#14591 = SURFACE_CURVE('',#14592,(#14596,#14603),.PCURVE_S1.);
#14592 = LINE('',#14593,#14594);
#14593 = CARTESIAN_POINT('',(157.996,-123.217754,0.));
#14594 = VECTOR('',#14595,1.);
#14595 = DIRECTION('',(0.,0.,1.));
#14596 = PCURVE('',#1332,#14597);
#14597 = DEFINITIONAL_REPRESENTATION('',(#14598),#14602);
#14598 = LINE('',#14599,#14600);
#14599 = CARTESIAN_POINT('',(0.758223333759,0.));
#14600 = VECTOR('',#14601,1.);
#14601 = DIRECTION('',(0.,-1.));
#14602 = ( GEOMETRIC_REPRESENTATION_CONTEXT(2) 
PARAMETRIC_REPRESENTATION_CONTEXT() REPRESENTATION_CONTEXT('2D SPACE',''
  ) );
#14603 = PCURVE('',#1360,#14604);
#14604 = DEFINITIONAL_REPRESENTATION('',(#14605),#14609);
#14605 = LINE('',#14606,#14607);
#14606 = CARTESIAN_POINT('',(0.,0.));
#14607 = VECTOR('',#14608,1.);
#14608 = DIRECTION('',(0.,-1.));
#14609 = ( GEOMETRIC_REPRESENTATION_CONTEXT(2) 
PARAMETRIC_REPRESENTATION_CONTEXT() REPRESENTATION_CONTEXT('2D SPACE',''
  ) );
#14610 = ORIENTED_EDGE('',*,*,#1316,.F.);
#14611 = ADVANCED_FACE('',(#14612),#2536,.T.);
#14612 = FACE_BOUND('',#14613,.T.);
#14613 = EDGE_LOOP('',(#14614,#14635,#14636,#14637));
#14614 = ORIENTED_EDGE('',*,*,#14615,.T.);
#14615 = EDGE_CURVE('',#2493,#8921,#14616,.T.);
#14616 = SURFACE_CURVE('',#14617,(#14621,#14628),.PCURVE_S1.);
#14617 = LINE('',#14618,#14619);
#14618 = CARTESIAN_POINT('',(100.994326,-121.181934,0.));
#14619 = VECTOR('',#14620,1.);
#14620 = DIRECTION('',(0.,0.,1.));
#14621 = PCURVE('',#2536,#14622);
#14622 = DEFINITIONAL_REPRESENTATION('',(#14623),#14627);
#14623 = LINE('',#14624,#14625);
#14624 = CARTESIAN_POINT('',(0.,0.));
#14625 = VECTOR('',#14626,1.);
#14626 = DIRECTION('',(0.,-1.));
#14627 = ( GEOMETRIC_REPRESENTATION_CONTEXT(2) 
PARAMETRIC_REPRESENTATION_CONTEXT() REPRESENTATION_CONTEXT('2D SPACE',''
  ) );
#14628 = PCURVE('',#2508,#14629);
#14629 = DEFINITIONAL_REPRESENTATION('',(#14630),#14634);
#14630 = LINE('',#14631,#14632);
#14631 = CARTESIAN_POINT('',(0.758222464118,0.));
#14632 = VECTOR('',#14633,1.);
#14633 = DIRECTION('',(0.,-1.));
#14634 = ( GEOMETRIC_REPRESENTATION_CONTEXT(2) 
PARAMETRIC_REPRESENTATION_CONTEXT() REPRESENTATION_CONTEXT('2D SPACE',''
  ) );
#14635 = ORIENTED_EDGE('',*,*,#8943,.T.);
#14636 = ORIENTED_EDGE('',*,*,#14561,.F.);
#14637 = ORIENTED_EDGE('',*,*,#2520,.F.);
#14638 = ADVANCED_FACE('',(#14639),#1360,.T.);
#14639 = FACE_BOUND('',#14640,.T.);
#14640 = EDGE_LOOP('',(#14641,#14642,#14643,#14664));
#14641 = ORIENTED_EDGE('',*,*,#14590,.T.);
#14642 = ORIENTED_EDGE('',*,*,#7977,.T.);
#14643 = ORIENTED_EDGE('',*,*,#14644,.F.);
#14644 = EDGE_CURVE('',#1345,#7978,#14645,.T.);
#14645 = SURFACE_CURVE('',#14646,(#14650,#14657),.PCURVE_S1.);
#14646 = LINE('',#14647,#14648);
#14647 = CARTESIAN_POINT('',(157.587646,-123.856619,0.));
#14648 = VECTOR('',#14649,1.);
#14649 = DIRECTION('',(0.,0.,1.));
#14650 = PCURVE('',#1360,#14651);
#14651 = DEFINITIONAL_REPRESENTATION('',(#14652),#14656);
#14652 = LINE('',#14653,#14654);
#14653 = CARTESIAN_POINT('',(0.758222577836,0.));
#14654 = VECTOR('',#14655,1.);
#14655 = DIRECTION('',(0.,-1.));
#14656 = ( GEOMETRIC_REPRESENTATION_CONTEXT(2) 
PARAMETRIC_REPRESENTATION_CONTEXT() REPRESENTATION_CONTEXT('2D SPACE',''
  ) );
#14657 = PCURVE('',#1388,#14658);
#14658 = DEFINITIONAL_REPRESENTATION('',(#14659),#14663);
#14659 = LINE('',#14660,#14661);
#14660 = CARTESIAN_POINT('',(0.,0.));
#14661 = VECTOR('',#14662,1.);
#14662 = DIRECTION('',(0.,-1.));
#14663 = ( GEOMETRIC_REPRESENTATION_CONTEXT(2) 
PARAMETRIC_REPRESENTATION_CONTEXT() REPRESENTATION_CONTEXT('2D SPACE',''
  ) );
#14664 = ORIENTED_EDGE('',*,*,#1344,.F.);
#14665 = ADVANCED_FACE('',(#14666),#2508,.T.);
#14666 = FACE_BOUND('',#14667,.T.);
#14667 = EDGE_LOOP('',(#14668,#14689,#14690,#14691));
#14668 = ORIENTED_EDGE('',*,*,#14669,.T.);
#14669 = EDGE_CURVE('',#2465,#8898,#14670,.T.);
#14670 = SURFACE_CURVE('',#14671,(#14675,#14682),.PCURVE_S1.);
#14671 = LINE('',#14672,#14673);
#14672 = CARTESIAN_POINT('',(101.293944,-121.878447,0.));
#14673 = VECTOR('',#14674,1.);
#14674 = DIRECTION('',(0.,0.,1.));
#14675 = PCURVE('',#2508,#14676);
#14676 = DEFINITIONAL_REPRESENTATION('',(#14677),#14681);
#14677 = LINE('',#14678,#14679);
#14678 = CARTESIAN_POINT('',(0.,0.));
#14679 = VECTOR('',#14680,1.);
#14680 = DIRECTION('',(0.,-1.));
#14681 = ( GEOMETRIC_REPRESENTATION_CONTEXT(2) 
PARAMETRIC_REPRESENTATION_CONTEXT() REPRESENTATION_CONTEXT('2D SPACE',''
  ) );
#14682 = PCURVE('',#2480,#14683);
#14683 = DEFINITIONAL_REPRESENTATION('',(#14684),#14688);
#14684 = LINE('',#14685,#14686);
#14685 = CARTESIAN_POINT('',(0.758222884256,0.));
#14686 = VECTOR('',#14687,1.);
#14687 = DIRECTION('',(0.,-1.));
#14688 = ( GEOMETRIC_REPRESENTATION_CONTEXT(2) 
PARAMETRIC_REPRESENTATION_CONTEXT() REPRESENTATION_CONTEXT('2D SPACE',''
  ) );
#14689 = ORIENTED_EDGE('',*,*,#8920,.T.);
#14690 = ORIENTED_EDGE('',*,*,#14615,.F.);
#14691 = ORIENTED_EDGE('',*,*,#2492,.F.);
#14692 = ADVANCED_FACE('',(#14693),#1388,.T.);
#14693 = FACE_BOUND('',#14694,.T.);
#14694 = EDGE_LOOP('',(#14695,#14696,#14697,#14718));
#14695 = ORIENTED_EDGE('',*,*,#14644,.T.);
#14696 = ORIENTED_EDGE('',*,*,#8000,.T.);
#14697 = ORIENTED_EDGE('',*,*,#14698,.F.);
#14698 = EDGE_CURVE('',#1373,#8001,#14699,.T.);
#14699 = SURFACE_CURVE('',#14700,(#14704,#14711),.PCURVE_S1.);
#14700 = LINE('',#14701,#14702);
#14701 = CARTESIAN_POINT('',(157.145303,-124.472439,0.));
#14702 = VECTOR('',#14703,1.);
#14703 = DIRECTION('',(0.,0.,1.));
#14704 = PCURVE('',#1388,#14705);
#14705 = DEFINITIONAL_REPRESENTATION('',(#14706),#14710);
#14706 = LINE('',#14707,#14708);
#14707 = CARTESIAN_POINT('',(0.758222659942,0.));
#14708 = VECTOR('',#14709,1.);
#14709 = DIRECTION('',(0.,-1.));
#14710 = ( GEOMETRIC_REPRESENTATION_CONTEXT(2) 
PARAMETRIC_REPRESENTATION_CONTEXT() REPRESENTATION_CONTEXT('2D SPACE',''
  ) );
#14711 = PCURVE('',#1416,#14712);
#14712 = DEFINITIONAL_REPRESENTATION('',(#14713),#14717);
#14713 = LINE('',#14714,#14715);
#14714 = CARTESIAN_POINT('',(0.,0.));
#14715 = VECTOR('',#14716,1.);
#14716 = DIRECTION('',(0.,-1.));
#14717 = ( GEOMETRIC_REPRESENTATION_CONTEXT(2) 
PARAMETRIC_REPRESENTATION_CONTEXT() REPRESENTATION_CONTEXT('2D SPACE',''
  ) );
#14718 = ORIENTED_EDGE('',*,*,#1372,.F.);
#14719 = ADVANCED_FACE('',(#14720),#2480,.T.);
#14720 = FACE_BOUND('',#14721,.T.);
#14721 = EDGE_LOOP('',(#14722,#14743,#14744,#14745));
#14722 = ORIENTED_EDGE('',*,*,#14723,.T.);
#14723 = EDGE_CURVE('',#2437,#8875,#14724,.T.);
#14724 = SURFACE_CURVE('',#14725,(#14729,#14736),.PCURVE_S1.);
#14725 = LINE('',#14726,#14727);
#14726 = CARTESIAN_POINT('',(101.630831,-122.557718,0.));
#14727 = VECTOR('',#14728,1.);
#14728 = DIRECTION('',(0.,0.,1.));
#14729 = PCURVE('',#2480,#14730);
#14730 = DEFINITIONAL_REPRESENTATION('',(#14731),#14735);
#14731 = LINE('',#14732,#14733);
#14732 = CARTESIAN_POINT('',(0.,0.));
#14733 = VECTOR('',#14734,1.);
#14734 = DIRECTION('',(0.,-1.));
#14735 = ( GEOMETRIC_REPRESENTATION_CONTEXT(2) 
PARAMETRIC_REPRESENTATION_CONTEXT() REPRESENTATION_CONTEXT('2D SPACE',''
  ) );
#14736 = PCURVE('',#2452,#14737);
#14737 = DEFINITIONAL_REPRESENTATION('',(#14738),#14742);
#14738 = LINE('',#14739,#14740);
#14739 = CARTESIAN_POINT('',(0.758223333759,0.));
#14740 = VECTOR('',#14741,1.);
#14741 = DIRECTION('',(0.,-1.));
#14742 = ( GEOMETRIC_REPRESENTATION_CONTEXT(2) 
PARAMETRIC_REPRESENTATION_CONTEXT() REPRESENTATION_CONTEXT('2D SPACE',''
  ) );
#14743 = ORIENTED_EDGE('',*,*,#8897,.T.);
#14744 = ORIENTED_EDGE('',*,*,#14669,.F.);
#14745 = ORIENTED_EDGE('',*,*,#2464,.F.);
#14746 = ADVANCED_FACE('',(#14747),#1416,.T.);
#14747 = FACE_BOUND('',#14748,.T.);
#14748 = EDGE_LOOP('',(#14749,#14750,#14751,#14772));
#14749 = ORIENTED_EDGE('',*,*,#14698,.T.);
#14750 = ORIENTED_EDGE('',*,*,#8023,.T.);
#14751 = ORIENTED_EDGE('',*,*,#14752,.F.);
#14752 = EDGE_CURVE('',#1401,#8024,#14753,.T.);
#14753 = SURFACE_CURVE('',#14754,(#14758,#14765),.PCURVE_S1.);
#14754 = LINE('',#14755,#14756);
#14755 = CARTESIAN_POINT('',(156.670269,-125.063408,0.));
#14756 = VECTOR('',#14757,1.);
#14757 = DIRECTION('',(0.,0.,1.));
#14758 = PCURVE('',#1416,#14759);
#14759 = DEFINITIONAL_REPRESENTATION('',(#14760),#14764);
#14760 = LINE('',#14761,#14762);
#14761 = CARTESIAN_POINT('',(0.758222698234,0.));
#14762 = VECTOR('',#14763,1.);
#14763 = DIRECTION('',(0.,-1.));
#14764 = ( GEOMETRIC_REPRESENTATION_CONTEXT(2) 
PARAMETRIC_REPRESENTATION_CONTEXT() REPRESENTATION_CONTEXT('2D SPACE',''
  ) );
#14765 = PCURVE('',#1444,#14766);
#14766 = DEFINITIONAL_REPRESENTATION('',(#14767),#14771);
#14767 = LINE('',#14768,#14769);
#14768 = CARTESIAN_POINT('',(0.,0.));
#14769 = VECTOR('',#14770,1.);
#14770 = DIRECTION('',(0.,-1.));
#14771 = ( GEOMETRIC_REPRESENTATION_CONTEXT(2) 
PARAMETRIC_REPRESENTATION_CONTEXT() REPRESENTATION_CONTEXT('2D SPACE',''
  ) );
#14772 = ORIENTED_EDGE('',*,*,#1400,.F.);
#14773 = ADVANCED_FACE('',(#14774),#2452,.T.);
#14774 = FACE_BOUND('',#14775,.T.);
#14775 = EDGE_LOOP('',(#14776,#14797,#14798,#14799));
#14776 = ORIENTED_EDGE('',*,*,#14777,.T.);
#14777 = EDGE_CURVE('',#2409,#8852,#14778,.T.);
#14778 = SURFACE_CURVE('',#14779,(#14783,#14790),.PCURVE_S1.);
#14779 = LINE('',#14780,#14781);
#14780 = CARTESIAN_POINT('',(102.004,-123.217754,0.));
#14781 = VECTOR('',#14782,1.);
#14782 = DIRECTION('',(0.,0.,1.));
#14783 = PCURVE('',#2452,#14784);
#14784 = DEFINITIONAL_REPRESENTATION('',(#14785),#14789);
#14785 = LINE('',#14786,#14787);
#14786 = CARTESIAN_POINT('',(0.,0.));
#14787 = VECTOR('',#14788,1.);
#14788 = DIRECTION('',(0.,-1.));
#14789 = ( GEOMETRIC_REPRESENTATION_CONTEXT(2) 
PARAMETRIC_REPRESENTATION_CONTEXT() REPRESENTATION_CONTEXT('2D SPACE',''
  ) );
#14790 = PCURVE('',#2424,#14791);
#14791 = DEFINITIONAL_REPRESENTATION('',(#14792),#14796);
#14792 = LINE('',#14793,#14794);
#14793 = CARTESIAN_POINT('',(0.758222577836,0.));
#14794 = VECTOR('',#14795,1.);
#14795 = DIRECTION('',(0.,-1.));
#14796 = ( GEOMETRIC_REPRESENTATION_CONTEXT(2) 
PARAMETRIC_REPRESENTATION_CONTEXT() REPRESENTATION_CONTEXT('2D SPACE',''
  ) );
#14797 = ORIENTED_EDGE('',*,*,#8874,.T.);
#14798 = ORIENTED_EDGE('',*,*,#14723,.F.);
#14799 = ORIENTED_EDGE('',*,*,#2436,.F.);
#14800 = ADVANCED_FACE('',(#14801),#1444,.T.);
#14801 = FACE_BOUND('',#14802,.T.);
#14802 = EDGE_LOOP('',(#14803,#14804,#14805,#14826));
#14803 = ORIENTED_EDGE('',*,*,#14752,.T.);
#14804 = ORIENTED_EDGE('',*,*,#8046,.T.);
#14805 = ORIENTED_EDGE('',*,*,#14806,.F.);
#14806 = EDGE_CURVE('',#1429,#8047,#14807,.T.);
#14807 = SURFACE_CURVE('',#14808,(#14812,#14819),.PCURVE_S1.);
#14808 = LINE('',#14809,#14810);
#14809 = CARTESIAN_POINT('',(156.163937,-125.627792,0.));
#14810 = VECTOR('',#14811,1.);
#14811 = DIRECTION('',(0.,0.,1.));
#14812 = PCURVE('',#1444,#14813);
#14813 = DEFINITIONAL_REPRESENTATION('',(#14814),#14818);
#14814 = LINE('',#14815,#14816);
#14815 = CARTESIAN_POINT('',(0.758222522535,0.));
#14816 = VECTOR('',#14817,1.);
#14817 = DIRECTION('',(0.,-1.));
#14818 = ( GEOMETRIC_REPRESENTATION_CONTEXT(2) 
PARAMETRIC_REPRESENTATION_CONTEXT() REPRESENTATION_CONTEXT('2D SPACE',''
  ) );
#14819 = PCURVE('',#1472,#14820);
#14820 = DEFINITIONAL_REPRESENTATION('',(#14821),#14825);
#14821 = LINE('',#14822,#14823);
#14822 = CARTESIAN_POINT('',(0.,0.));
#14823 = VECTOR('',#14824,1.);
#14824 = DIRECTION('',(0.,-1.));
#14825 = ( GEOMETRIC_REPRESENTATION_CONTEXT(2) 
PARAMETRIC_REPRESENTATION_CONTEXT() REPRESENTATION_CONTEXT('2D SPACE',''
  ) );
#14826 = ORIENTED_EDGE('',*,*,#1428,.F.);
#14827 = ADVANCED_FACE('',(#14828),#2424,.T.);
#14828 = FACE_BOUND('',#14829,.T.);
#14829 = EDGE_LOOP('',(#14830,#14851,#14852,#14853));
#14830 = ORIENTED_EDGE('',*,*,#14831,.T.);
#14831 = EDGE_CURVE('',#2381,#8829,#14832,.T.);
#14832 = SURFACE_CURVE('',#14833,(#14837,#14844),.PCURVE_S1.);
#14833 = LINE('',#14834,#14835);
#14834 = CARTESIAN_POINT('',(102.412354,-123.856619,0.));
#14835 = VECTOR('',#14836,1.);
#14836 = DIRECTION('',(0.,0.,1.));
#14837 = PCURVE('',#2424,#14838);
#14838 = DEFINITIONAL_REPRESENTATION('',(#14839),#14843);
#14839 = LINE('',#14840,#14841);
#14840 = CARTESIAN_POINT('',(0.,0.));
#14841 = VECTOR('',#14842,1.);
#14842 = DIRECTION('',(0.,-1.));
#14843 = ( GEOMETRIC_REPRESENTATION_CONTEXT(2) 
PARAMETRIC_REPRESENTATION_CONTEXT() REPRESENTATION_CONTEXT('2D SPACE',''
  ) );
#14844 = PCURVE('',#2396,#14845);
#14845 = DEFINITIONAL_REPRESENTATION('',(#14846),#14850);
#14846 = LINE('',#14847,#14848);
#14847 = CARTESIAN_POINT('',(0.758222659942,0.));
#14848 = VECTOR('',#14849,1.);
#14849 = DIRECTION('',(0.,-1.));
#14850 = ( GEOMETRIC_REPRESENTATION_CONTEXT(2) 
PARAMETRIC_REPRESENTATION_CONTEXT() REPRESENTATION_CONTEXT('2D SPACE',''
  ) );
#14851 = ORIENTED_EDGE('',*,*,#8851,.T.);
#14852 = ORIENTED_EDGE('',*,*,#14777,.F.);
#14853 = ORIENTED_EDGE('',*,*,#2408,.F.);
#14854 = ADVANCED_FACE('',(#14855),#1472,.T.);
#14855 = FACE_BOUND('',#14856,.T.);
#14856 = EDGE_LOOP('',(#14857,#14858,#14859,#14880));
#14857 = ORIENTED_EDGE('',*,*,#14806,.T.);
#14858 = ORIENTED_EDGE('',*,*,#8069,.T.);
#14859 = ORIENTED_EDGE('',*,*,#14860,.F.);
#14860 = EDGE_CURVE('',#1457,#8070,#14861,.T.);
#14861 = SURFACE_CURVE('',#14862,(#14866,#14873),.PCURVE_S1.);
#14862 = LINE('',#14863,#14864);
#14863 = CARTESIAN_POINT('',(155.627792,-126.163937,0.));
#14864 = VECTOR('',#14865,1.);
#14865 = DIRECTION('',(0.,0.,1.));
#14866 = PCURVE('',#1472,#14867);
#14867 = DEFINITIONAL_REPRESENTATION('',(#14868),#14872);
#14868 = LINE('',#14869,#14870);
#14869 = CARTESIAN_POINT('',(0.758223530399,0.));
#14870 = VECTOR('',#14871,1.);
#14871 = DIRECTION('',(0.,-1.));
#14872 = ( GEOMETRIC_REPRESENTATION_CONTEXT(2) 
PARAMETRIC_REPRESENTATION_CONTEXT() REPRESENTATION_CONTEXT('2D SPACE',''
  ) );
#14873 = PCURVE('',#1500,#14874);
#14874 = DEFINITIONAL_REPRESENTATION('',(#14875),#14879);
#14875 = LINE('',#14876,#14877);
#14876 = CARTESIAN_POINT('',(0.,0.));
#14877 = VECTOR('',#14878,1.);
#14878 = DIRECTION('',(0.,-1.));
#14879 = ( GEOMETRIC_REPRESENTATION_CONTEXT(2) 
PARAMETRIC_REPRESENTATION_CONTEXT() REPRESENTATION_CONTEXT('2D SPACE',''
  ) );
#14880 = ORIENTED_EDGE('',*,*,#1456,.F.);
#14881 = ADVANCED_FACE('',(#14882),#2396,.T.);
#14882 = FACE_BOUND('',#14883,.T.);
#14883 = EDGE_LOOP('',(#14884,#14905,#14906,#14907));
#14884 = ORIENTED_EDGE('',*,*,#14885,.T.);
#14885 = EDGE_CURVE('',#2353,#8806,#14886,.T.);
#14886 = SURFACE_CURVE('',#14887,(#14891,#14898),.PCURVE_S1.);
#14887 = LINE('',#14888,#14889);
#14888 = CARTESIAN_POINT('',(102.854697,-124.472439,0.));
#14889 = VECTOR('',#14890,1.);
#14890 = DIRECTION('',(0.,0.,1.));
#14891 = PCURVE('',#2396,#14892);
#14892 = DEFINITIONAL_REPRESENTATION('',(#14893),#14897);
#14893 = LINE('',#14894,#14895);
#14894 = CARTESIAN_POINT('',(0.,0.));
#14895 = VECTOR('',#14896,1.);
#14896 = DIRECTION('',(0.,-1.));
#14897 = ( GEOMETRIC_REPRESENTATION_CONTEXT(2) 
PARAMETRIC_REPRESENTATION_CONTEXT() REPRESENTATION_CONTEXT('2D SPACE',''
  ) );
#14898 = PCURVE('',#2368,#14899);
#14899 = DEFINITIONAL_REPRESENTATION('',(#14900),#14904);
#14900 = LINE('',#14901,#14902);
#14901 = CARTESIAN_POINT('',(0.758222698234,0.));
#14902 = VECTOR('',#14903,1.);
#14903 = DIRECTION('',(0.,-1.));
#14904 = ( GEOMETRIC_REPRESENTATION_CONTEXT(2) 
PARAMETRIC_REPRESENTATION_CONTEXT() REPRESENTATION_CONTEXT('2D SPACE',''
  ) );
#14905 = ORIENTED_EDGE('',*,*,#8828,.T.);
#14906 = ORIENTED_EDGE('',*,*,#14831,.F.);
#14907 = ORIENTED_EDGE('',*,*,#2380,.F.);
#14908 = ADVANCED_FACE('',(#14909),#1500,.T.);
#14909 = FACE_BOUND('',#14910,.T.);
#14910 = EDGE_LOOP('',(#14911,#14912,#14913,#14934));
#14911 = ORIENTED_EDGE('',*,*,#14860,.T.);
#14912 = ORIENTED_EDGE('',*,*,#8092,.T.);
#14913 = ORIENTED_EDGE('',*,*,#14914,.F.);
#14914 = EDGE_CURVE('',#1485,#8093,#14915,.T.);
#14915 = SURFACE_CURVE('',#14916,(#14920,#14927),.PCURVE_S1.);
#14916 = LINE('',#14917,#14918);
#14917 = CARTESIAN_POINT('',(155.063408,-126.670269,0.));
#14918 = VECTOR('',#14919,1.);
#14919 = DIRECTION('',(0.,0.,1.));
#14920 = PCURVE('',#1500,#14921);
#14921 = DEFINITIONAL_REPRESENTATION('',(#14922),#14926);
#14922 = LINE('',#14923,#14924);
#14923 = CARTESIAN_POINT('',(0.758222522535,0.));
#14924 = VECTOR('',#14925,1.);
#14925 = DIRECTION('',(0.,-1.));
#14926 = ( GEOMETRIC_REPRESENTATION_CONTEXT(2) 
PARAMETRIC_REPRESENTATION_CONTEXT() REPRESENTATION_CONTEXT('2D SPACE',''
  ) );
#14927 = PCURVE('',#1528,#14928);
#14928 = DEFINITIONAL_REPRESENTATION('',(#14929),#14933);
#14929 = LINE('',#14930,#14931);
#14930 = CARTESIAN_POINT('',(0.,0.));
#14931 = VECTOR('',#14932,1.);
#14932 = DIRECTION('',(0.,-1.));
#14933 = ( GEOMETRIC_REPRESENTATION_CONTEXT(2) 
PARAMETRIC_REPRESENTATION_CONTEXT() REPRESENTATION_CONTEXT('2D SPACE',''
  ) );
#14934 = ORIENTED_EDGE('',*,*,#1484,.F.);
#14935 = ADVANCED_FACE('',(#14936),#2368,.T.);
#14936 = FACE_BOUND('',#14937,.T.);
#14937 = EDGE_LOOP('',(#14938,#14959,#14960,#14961));
#14938 = ORIENTED_EDGE('',*,*,#14939,.T.);
#14939 = EDGE_CURVE('',#2325,#8783,#14940,.T.);
#14940 = SURFACE_CURVE('',#14941,(#14945,#14952),.PCURVE_S1.);
#14941 = LINE('',#14942,#14943);
#14942 = CARTESIAN_POINT('',(103.329731,-125.063408,0.));
#14943 = VECTOR('',#14944,1.);
#14944 = DIRECTION('',(0.,0.,1.));
#14945 = PCURVE('',#2368,#14946);
#14946 = DEFINITIONAL_REPRESENTATION('',(#14947),#14951);
#14947 = LINE('',#14948,#14949);
#14948 = CARTESIAN_POINT('',(0.,0.));
#14949 = VECTOR('',#14950,1.);
#14950 = DIRECTION('',(0.,-1.));
#14951 = ( GEOMETRIC_REPRESENTATION_CONTEXT(2) 
PARAMETRIC_REPRESENTATION_CONTEXT() REPRESENTATION_CONTEXT('2D SPACE',''
  ) );
#14952 = PCURVE('',#2340,#14953);
#14953 = DEFINITIONAL_REPRESENTATION('',(#14954),#14958);
#14954 = LINE('',#14955,#14956);
#14955 = CARTESIAN_POINT('',(0.758222522535,0.));
#14956 = VECTOR('',#14957,1.);
#14957 = DIRECTION('',(0.,-1.));
#14958 = ( GEOMETRIC_REPRESENTATION_CONTEXT(2) 
PARAMETRIC_REPRESENTATION_CONTEXT() REPRESENTATION_CONTEXT('2D SPACE',''
  ) );
#14959 = ORIENTED_EDGE('',*,*,#8805,.T.);
#14960 = ORIENTED_EDGE('',*,*,#14885,.F.);
#14961 = ORIENTED_EDGE('',*,*,#2352,.F.);
#14962 = ADVANCED_FACE('',(#14963),#1528,.T.);
#14963 = FACE_BOUND('',#14964,.T.);
#14964 = EDGE_LOOP('',(#14965,#14966,#14967,#14988));
#14965 = ORIENTED_EDGE('',*,*,#14914,.T.);
#14966 = ORIENTED_EDGE('',*,*,#8115,.T.);
#14967 = ORIENTED_EDGE('',*,*,#14968,.F.);
#14968 = EDGE_CURVE('',#1513,#8116,#14969,.T.);
#14969 = SURFACE_CURVE('',#14970,(#14974,#14981),.PCURVE_S1.);
#14970 = LINE('',#14971,#14972);
#14971 = CARTESIAN_POINT('',(154.472439,-127.145303,0.));
#14972 = VECTOR('',#14973,1.);
#14973 = DIRECTION('',(0.,0.,1.));
#14974 = PCURVE('',#1528,#14975);
#14975 = DEFINITIONAL_REPRESENTATION('',(#14976),#14980);
#14976 = LINE('',#14977,#14978);
#14977 = CARTESIAN_POINT('',(0.758222698234,0.));
#14978 = VECTOR('',#14979,1.);
#14979 = DIRECTION('',(0.,-1.));
#14980 = ( GEOMETRIC_REPRESENTATION_CONTEXT(2) 
PARAMETRIC_REPRESENTATION_CONTEXT() REPRESENTATION_CONTEXT('2D SPACE',''
  ) );
#14981 = PCURVE('',#1556,#14982);
#14982 = DEFINITIONAL_REPRESENTATION('',(#14983),#14987);
#14983 = LINE('',#14984,#14985);
#14984 = CARTESIAN_POINT('',(0.,0.));
#14985 = VECTOR('',#14986,1.);
#14986 = DIRECTION('',(0.,-1.));
#14987 = ( GEOMETRIC_REPRESENTATION_CONTEXT(2) 
PARAMETRIC_REPRESENTATION_CONTEXT() REPRESENTATION_CONTEXT('2D SPACE',''
  ) );
#14988 = ORIENTED_EDGE('',*,*,#1512,.F.);
#14989 = ADVANCED_FACE('',(#14990),#2340,.T.);
#14990 = FACE_BOUND('',#14991,.T.);
#14991 = EDGE_LOOP('',(#14992,#15013,#15014,#15015));
#14992 = ORIENTED_EDGE('',*,*,#14993,.T.);
#14993 = EDGE_CURVE('',#2297,#8760,#14994,.T.);
#14994 = SURFACE_CURVE('',#14995,(#14999,#15006),.PCURVE_S1.);
#14995 = LINE('',#14996,#14997);
#14996 = CARTESIAN_POINT('',(103.836063,-125.627792,0.));
#14997 = VECTOR('',#14998,1.);
#14998 = DIRECTION('',(0.,0.,1.));
#14999 = PCURVE('',#2340,#15000);
#15000 = DEFINITIONAL_REPRESENTATION('',(#15001),#15005);
#15001 = LINE('',#15002,#15003);
#15002 = CARTESIAN_POINT('',(0.,0.));
#15003 = VECTOR('',#15004,1.);
#15004 = DIRECTION('',(0.,-1.));
#15005 = ( GEOMETRIC_REPRESENTATION_CONTEXT(2) 
PARAMETRIC_REPRESENTATION_CONTEXT() REPRESENTATION_CONTEXT('2D SPACE',''
  ) );
#15006 = PCURVE('',#2312,#15007);
#15007 = DEFINITIONAL_REPRESENTATION('',(#15008),#15012);
#15008 = LINE('',#15009,#15010);
#15009 = CARTESIAN_POINT('',(0.758223530399,0.));
#15010 = VECTOR('',#15011,1.);
#15011 = DIRECTION('',(0.,-1.));
#15012 = ( GEOMETRIC_REPRESENTATION_CONTEXT(2) 
PARAMETRIC_REPRESENTATION_CONTEXT() REPRESENTATION_CONTEXT('2D SPACE',''
  ) );
#15013 = ORIENTED_EDGE('',*,*,#8782,.T.);
#15014 = ORIENTED_EDGE('',*,*,#14939,.F.);
#15015 = ORIENTED_EDGE('',*,*,#2324,.F.);
#15016 = ADVANCED_FACE('',(#15017),#1556,.T.);
#15017 = FACE_BOUND('',#15018,.T.);
#15018 = EDGE_LOOP('',(#15019,#15020,#15021,#15042));
#15019 = ORIENTED_EDGE('',*,*,#14968,.T.);
#15020 = ORIENTED_EDGE('',*,*,#8138,.T.);
#15021 = ORIENTED_EDGE('',*,*,#15022,.F.);
#15022 = EDGE_CURVE('',#1541,#8139,#15023,.T.);
#15023 = SURFACE_CURVE('',#15024,(#15028,#15035),.PCURVE_S1.);
#15024 = LINE('',#15025,#15026);
#15025 = CARTESIAN_POINT('',(153.856619,-127.587646,0.));
#15026 = VECTOR('',#15027,1.);
#15027 = DIRECTION('',(0.,0.,1.));
#15028 = PCURVE('',#1556,#15029);
#15029 = DEFINITIONAL_REPRESENTATION('',(#15030),#15034);
#15030 = LINE('',#15031,#15032);
#15031 = CARTESIAN_POINT('',(0.758222659942,0.));
#15032 = VECTOR('',#15033,1.);
#15033 = DIRECTION('',(0.,-1.));
#15034 = ( GEOMETRIC_REPRESENTATION_CONTEXT(2) 
PARAMETRIC_REPRESENTATION_CONTEXT() REPRESENTATION_CONTEXT('2D SPACE',''
  ) );
#15035 = PCURVE('',#1584,#15036);
#15036 = DEFINITIONAL_REPRESENTATION('',(#15037),#15041);
#15037 = LINE('',#15038,#15039);
#15038 = CARTESIAN_POINT('',(0.,0.));
#15039 = VECTOR('',#15040,1.);
#15040 = DIRECTION('',(0.,-1.));
#15041 = ( GEOMETRIC_REPRESENTATION_CONTEXT(2) 
PARAMETRIC_REPRESENTATION_CONTEXT() REPRESENTATION_CONTEXT('2D SPACE',''
  ) );
#15042 = ORIENTED_EDGE('',*,*,#1540,.F.);
#15043 = ADVANCED_FACE('',(#15044),#2312,.T.);
#15044 = FACE_BOUND('',#15045,.T.);
#15045 = EDGE_LOOP('',(#15046,#15067,#15068,#15069));
#15046 = ORIENTED_EDGE('',*,*,#15047,.T.);
#15047 = EDGE_CURVE('',#2269,#8737,#15048,.T.);
#15048 = SURFACE_CURVE('',#15049,(#15053,#15060),.PCURVE_S1.);
#15049 = LINE('',#15050,#15051);
#15050 = CARTESIAN_POINT('',(104.372208,-126.163937,0.));
#15051 = VECTOR('',#15052,1.);
#15052 = DIRECTION('',(0.,0.,1.));
#15053 = PCURVE('',#2312,#15054);
#15054 = DEFINITIONAL_REPRESENTATION('',(#15055),#15059);
#15055 = LINE('',#15056,#15057);
#15056 = CARTESIAN_POINT('',(0.,0.));
#15057 = VECTOR('',#15058,1.);
#15058 = DIRECTION('',(0.,-1.));
#15059 = ( GEOMETRIC_REPRESENTATION_CONTEXT(2) 
PARAMETRIC_REPRESENTATION_CONTEXT() REPRESENTATION_CONTEXT('2D SPACE',''
  ) );
#15060 = PCURVE('',#2284,#15061);
#15061 = DEFINITIONAL_REPRESENTATION('',(#15062),#15066);
#15062 = LINE('',#15063,#15064);
#15063 = CARTESIAN_POINT('',(0.758222522535,0.));
#15064 = VECTOR('',#15065,1.);
#15065 = DIRECTION('',(0.,-1.));
#15066 = ( GEOMETRIC_REPRESENTATION_CONTEXT(2) 
PARAMETRIC_REPRESENTATION_CONTEXT() REPRESENTATION_CONTEXT('2D SPACE',''
  ) );
#15067 = ORIENTED_EDGE('',*,*,#8759,.T.);
#15068 = ORIENTED_EDGE('',*,*,#14993,.F.);
#15069 = ORIENTED_EDGE('',*,*,#2296,.F.);
#15070 = ADVANCED_FACE('',(#15071),#1584,.T.);
#15071 = FACE_BOUND('',#15072,.T.);
#15072 = EDGE_LOOP('',(#15073,#15074,#15075,#15096));
#15073 = ORIENTED_EDGE('',*,*,#15022,.T.);
#15074 = ORIENTED_EDGE('',*,*,#8161,.T.);
#15075 = ORIENTED_EDGE('',*,*,#15076,.F.);
#15076 = EDGE_CURVE('',#1569,#8162,#15077,.T.);
#15077 = SURFACE_CURVE('',#15078,(#15082,#15089),.PCURVE_S1.);
#15078 = LINE('',#15079,#15080);
#15079 = CARTESIAN_POINT('',(153.217754,-127.996,0.));
#15080 = VECTOR('',#15081,1.);
#15081 = DIRECTION('',(0.,0.,1.));
#15082 = PCURVE('',#1584,#15083);
#15083 = DEFINITIONAL_REPRESENTATION('',(#15084),#15088);
#15084 = LINE('',#15085,#15086);
#15085 = CARTESIAN_POINT('',(0.758222577836,0.));
#15086 = VECTOR('',#15087,1.);
#15087 = DIRECTION('',(0.,-1.));
#15088 = ( GEOMETRIC_REPRESENTATION_CONTEXT(2) 
PARAMETRIC_REPRESENTATION_CONTEXT() REPRESENTATION_CONTEXT('2D SPACE',''
  ) );
#15089 = PCURVE('',#1612,#15090);
#15090 = DEFINITIONAL_REPRESENTATION('',(#15091),#15095);
#15091 = LINE('',#15092,#15093);
#15092 = CARTESIAN_POINT('',(0.,0.));
#15093 = VECTOR('',#15094,1.);
#15094 = DIRECTION('',(0.,-1.));
#15095 = ( GEOMETRIC_REPRESENTATION_CONTEXT(2) 
PARAMETRIC_REPRESENTATION_CONTEXT() REPRESENTATION_CONTEXT('2D SPACE',''
  ) );
#15096 = ORIENTED_EDGE('',*,*,#1568,.F.);
#15097 = ADVANCED_FACE('',(#15098),#2284,.T.);
#15098 = FACE_BOUND('',#15099,.T.);
#15099 = EDGE_LOOP('',(#15100,#15121,#15122,#15123));
#15100 = ORIENTED_EDGE('',*,*,#15101,.T.);
#15101 = EDGE_CURVE('',#2241,#8714,#15102,.T.);
#15102 = SURFACE_CURVE('',#15103,(#15107,#15114),.PCURVE_S1.);
#15103 = LINE('',#15104,#15105);
#15104 = CARTESIAN_POINT('',(104.936592,-126.670269,0.));
#15105 = VECTOR('',#15106,1.);
#15106 = DIRECTION('',(0.,0.,1.));
#15107 = PCURVE('',#2284,#15108);
#15108 = DEFINITIONAL_REPRESENTATION('',(#15109),#15113);
#15109 = LINE('',#15110,#15111);
#15110 = CARTESIAN_POINT('',(0.,0.));
#15111 = VECTOR('',#15112,1.);
#15112 = DIRECTION('',(0.,-1.));
#15113 = ( GEOMETRIC_REPRESENTATION_CONTEXT(2) 
PARAMETRIC_REPRESENTATION_CONTEXT() REPRESENTATION_CONTEXT('2D SPACE',''
  ) );
#15114 = PCURVE('',#2256,#15115);
#15115 = DEFINITIONAL_REPRESENTATION('',(#15116),#15120);
#15116 = LINE('',#15117,#15118);
#15117 = CARTESIAN_POINT('',(0.758222698234,0.));
#15118 = VECTOR('',#15119,1.);
#15119 = DIRECTION('',(0.,-1.));
#15120 = ( GEOMETRIC_REPRESENTATION_CONTEXT(2) 
PARAMETRIC_REPRESENTATION_CONTEXT() REPRESENTATION_CONTEXT('2D SPACE',''
  ) );
#15121 = ORIENTED_EDGE('',*,*,#8736,.T.);
#15122 = ORIENTED_EDGE('',*,*,#15047,.F.);
#15123 = ORIENTED_EDGE('',*,*,#2268,.F.);
#15124 = ADVANCED_FACE('',(#15125),#1612,.T.);
#15125 = FACE_BOUND('',#15126,.T.);
#15126 = EDGE_LOOP('',(#15127,#15128,#15129,#15150));
#15127 = ORIENTED_EDGE('',*,*,#15076,.T.);
#15128 = ORIENTED_EDGE('',*,*,#8184,.T.);
#15129 = ORIENTED_EDGE('',*,*,#15130,.F.);
#15130 = EDGE_CURVE('',#1597,#8185,#15131,.T.);
#15131 = SURFACE_CURVE('',#15132,(#15136,#15143),.PCURVE_S1.);
#15132 = LINE('',#15133,#15134);
#15133 = CARTESIAN_POINT('',(152.557718,-128.369169,0.));
#15134 = VECTOR('',#15135,1.);
#15135 = DIRECTION('',(0.,0.,1.));
#15136 = PCURVE('',#1612,#15137);
#15137 = DEFINITIONAL_REPRESENTATION('',(#15138),#15142);
#15138 = LINE('',#15139,#15140);
#15139 = CARTESIAN_POINT('',(0.758223333759,0.));
#15140 = VECTOR('',#15141,1.);
#15141 = DIRECTION('',(0.,-1.));
#15142 = ( GEOMETRIC_REPRESENTATION_CONTEXT(2) 
PARAMETRIC_REPRESENTATION_CONTEXT() REPRESENTATION_CONTEXT('2D SPACE',''
  ) );
#15143 = PCURVE('',#1640,#15144);
#15144 = DEFINITIONAL_REPRESENTATION('',(#15145),#15149);
#15145 = LINE('',#15146,#15147);
#15146 = CARTESIAN_POINT('',(0.,0.));
#15147 = VECTOR('',#15148,1.);
#15148 = DIRECTION('',(0.,-1.));
#15149 = ( GEOMETRIC_REPRESENTATION_CONTEXT(2) 
PARAMETRIC_REPRESENTATION_CONTEXT() REPRESENTATION_CONTEXT('2D SPACE',''
  ) );
#15150 = ORIENTED_EDGE('',*,*,#1596,.F.);
#15151 = ADVANCED_FACE('',(#15152),#2256,.T.);
#15152 = FACE_BOUND('',#15153,.T.);
#15153 = EDGE_LOOP('',(#15154,#15175,#15176,#15177));
#15154 = ORIENTED_EDGE('',*,*,#15155,.T.);
#15155 = EDGE_CURVE('',#2213,#8691,#15156,.T.);
#15156 = SURFACE_CURVE('',#15157,(#15161,#15168),.PCURVE_S1.);
#15157 = LINE('',#15158,#15159);
#15158 = CARTESIAN_POINT('',(105.527561,-127.145303,0.));
#15159 = VECTOR('',#15160,1.);
#15160 = DIRECTION('',(0.,0.,1.));
#15161 = PCURVE('',#2256,#15162);
#15162 = DEFINITIONAL_REPRESENTATION('',(#15163),#15167);
#15163 = LINE('',#15164,#15165);
#15164 = CARTESIAN_POINT('',(0.,0.));
#15165 = VECTOR('',#15166,1.);
#15166 = DIRECTION('',(0.,-1.));
#15167 = ( GEOMETRIC_REPRESENTATION_CONTEXT(2) 
PARAMETRIC_REPRESENTATION_CONTEXT() REPRESENTATION_CONTEXT('2D SPACE',''
  ) );
#15168 = PCURVE('',#2228,#15169);
#15169 = DEFINITIONAL_REPRESENTATION('',(#15170),#15174);
#15170 = LINE('',#15171,#15172);
#15171 = CARTESIAN_POINT('',(0.758222659942,0.));
#15172 = VECTOR('',#15173,1.);
#15173 = DIRECTION('',(0.,-1.));
#15174 = ( GEOMETRIC_REPRESENTATION_CONTEXT(2) 
PARAMETRIC_REPRESENTATION_CONTEXT() REPRESENTATION_CONTEXT('2D SPACE',''
  ) );
#15175 = ORIENTED_EDGE('',*,*,#8713,.T.);
#15176 = ORIENTED_EDGE('',*,*,#15101,.F.);
#15177 = ORIENTED_EDGE('',*,*,#2240,.F.);
#15178 = ADVANCED_FACE('',(#15179),#1640,.T.);
#15179 = FACE_BOUND('',#15180,.T.);
#15180 = EDGE_LOOP('',(#15181,#15182,#15183,#15204));
#15181 = ORIENTED_EDGE('',*,*,#15130,.T.);
#15182 = ORIENTED_EDGE('',*,*,#8207,.T.);
#15183 = ORIENTED_EDGE('',*,*,#15184,.F.);
#15184 = EDGE_CURVE('',#1625,#8208,#15185,.T.);
#15185 = SURFACE_CURVE('',#15186,(#15190,#15197),.PCURVE_S1.);
#15186 = LINE('',#15187,#15188);
#15187 = CARTESIAN_POINT('',(151.878447,-128.706056,0.));
#15188 = VECTOR('',#15189,1.);
#15189 = DIRECTION('',(0.,0.,1.));
#15190 = PCURVE('',#1640,#15191);
#15191 = DEFINITIONAL_REPRESENTATION('',(#15192),#15196);
#15192 = LINE('',#15193,#15194);
#15193 = CARTESIAN_POINT('',(0.758222884256,0.));
#15194 = VECTOR('',#15195,1.);
#15195 = DIRECTION('',(0.,-1.));
#15196 = ( GEOMETRIC_REPRESENTATION_CONTEXT(2) 
PARAMETRIC_REPRESENTATION_CONTEXT() REPRESENTATION_CONTEXT('2D SPACE',''
  ) );
#15197 = PCURVE('',#1668,#15198);
#15198 = DEFINITIONAL_REPRESENTATION('',(#15199),#15203);
#15199 = LINE('',#15200,#15201);
#15200 = CARTESIAN_POINT('',(0.,0.));
#15201 = VECTOR('',#15202,1.);
#15202 = DIRECTION('',(0.,-1.));
#15203 = ( GEOMETRIC_REPRESENTATION_CONTEXT(2) 
PARAMETRIC_REPRESENTATION_CONTEXT() REPRESENTATION_CONTEXT('2D SPACE',''
  ) );
#15204 = ORIENTED_EDGE('',*,*,#1624,.F.);
#15205 = ADVANCED_FACE('',(#15206),#2228,.T.);
#15206 = FACE_BOUND('',#15207,.T.);
#15207 = EDGE_LOOP('',(#15208,#15229,#15230,#15231));
#15208 = ORIENTED_EDGE('',*,*,#15209,.T.);
#15209 = EDGE_CURVE('',#2185,#8668,#15210,.T.);
#15210 = SURFACE_CURVE('',#15211,(#15215,#15222),.PCURVE_S1.);
#15211 = LINE('',#15212,#15213);
#15212 = CARTESIAN_POINT('',(106.143381,-127.587646,0.));
#15213 = VECTOR('',#15214,1.);
#15214 = DIRECTION('',(0.,0.,1.));
#15215 = PCURVE('',#2228,#15216);
#15216 = DEFINITIONAL_REPRESENTATION('',(#15217),#15221);
#15217 = LINE('',#15218,#15219);
#15218 = CARTESIAN_POINT('',(0.,0.));
#15219 = VECTOR('',#15220,1.);
#15220 = DIRECTION('',(0.,-1.));
#15221 = ( GEOMETRIC_REPRESENTATION_CONTEXT(2) 
PARAMETRIC_REPRESENTATION_CONTEXT() REPRESENTATION_CONTEXT('2D SPACE',''
  ) );
#15222 = PCURVE('',#2200,#15223);
#15223 = DEFINITIONAL_REPRESENTATION('',(#15224),#15228);
#15224 = LINE('',#15225,#15226);
#15225 = CARTESIAN_POINT('',(0.758222577836,0.));
#15226 = VECTOR('',#15227,1.);
#15227 = DIRECTION('',(0.,-1.));
#15228 = ( GEOMETRIC_REPRESENTATION_CONTEXT(2) 
PARAMETRIC_REPRESENTATION_CONTEXT() REPRESENTATION_CONTEXT('2D SPACE',''
  ) );
#15229 = ORIENTED_EDGE('',*,*,#8690,.T.);
#15230 = ORIENTED_EDGE('',*,*,#15155,.F.);
#15231 = ORIENTED_EDGE('',*,*,#2212,.F.);
#15232 = ADVANCED_FACE('',(#15233),#1668,.T.);
#15233 = FACE_BOUND('',#15234,.T.);
#15234 = EDGE_LOOP('',(#15235,#15236,#15237,#15258));
#15235 = ORIENTED_EDGE('',*,*,#15184,.T.);
#15236 = ORIENTED_EDGE('',*,*,#8230,.T.);
#15237 = ORIENTED_EDGE('',*,*,#15238,.F.);
#15238 = EDGE_CURVE('',#1653,#8231,#15239,.T.);
#15239 = SURFACE_CURVE('',#15240,(#15244,#15251),.PCURVE_S1.);
#15240 = LINE('',#15241,#15242);
#15241 = CARTESIAN_POINT('',(151.181934,-129.005674,0.));
#15242 = VECTOR('',#15243,1.);
#15243 = DIRECTION('',(0.,0.,1.));
#15244 = PCURVE('',#1668,#15245);
#15245 = DEFINITIONAL_REPRESENTATION('',(#15246),#15250);
#15246 = LINE('',#15247,#15248);
#15247 = CARTESIAN_POINT('',(0.758222464118,0.));
#15248 = VECTOR('',#15249,1.);
#15249 = DIRECTION('',(0.,-1.));
#15250 = ( GEOMETRIC_REPRESENTATION_CONTEXT(2) 
PARAMETRIC_REPRESENTATION_CONTEXT() REPRESENTATION_CONTEXT('2D SPACE',''
  ) );
#15251 = PCURVE('',#1696,#15252);
#15252 = DEFINITIONAL_REPRESENTATION('',(#15253),#15257);
#15253 = LINE('',#15254,#15255);
#15254 = CARTESIAN_POINT('',(0.,0.));
#15255 = VECTOR('',#15256,1.);
#15256 = DIRECTION('',(0.,-1.));
#15257 = ( GEOMETRIC_REPRESENTATION_CONTEXT(2) 
PARAMETRIC_REPRESENTATION_CONTEXT() REPRESENTATION_CONTEXT('2D SPACE',''
  ) );
#15258 = ORIENTED_EDGE('',*,*,#1652,.F.);
#15259 = ADVANCED_FACE('',(#15260),#2200,.T.);
#15260 = FACE_BOUND('',#15261,.T.);
#15261 = EDGE_LOOP('',(#15262,#15283,#15284,#15285));
#15262 = ORIENTED_EDGE('',*,*,#15263,.T.);
#15263 = EDGE_CURVE('',#2157,#8645,#15264,.T.);
#15264 = SURFACE_CURVE('',#15265,(#15269,#15276),.PCURVE_S1.);
#15265 = LINE('',#15266,#15267);
#15266 = CARTESIAN_POINT('',(106.782246,-127.996,0.));
#15267 = VECTOR('',#15268,1.);
#15268 = DIRECTION('',(0.,0.,1.));
#15269 = PCURVE('',#2200,#15270);
#15270 = DEFINITIONAL_REPRESENTATION('',(#15271),#15275);
#15271 = LINE('',#15272,#15273);
#15272 = CARTESIAN_POINT('',(0.,0.));
#15273 = VECTOR('',#15274,1.);
#15274 = DIRECTION('',(0.,-1.));
#15275 = ( GEOMETRIC_REPRESENTATION_CONTEXT(2) 
PARAMETRIC_REPRESENTATION_CONTEXT() REPRESENTATION_CONTEXT('2D SPACE',''
  ) );
#15276 = PCURVE('',#2172,#15277);
#15277 = DEFINITIONAL_REPRESENTATION('',(#15278),#15282);
#15278 = LINE('',#15279,#15280);
#15279 = CARTESIAN_POINT('',(0.758223333759,0.));
#15280 = VECTOR('',#15281,1.);
#15281 = DIRECTION('',(0.,-1.));
#15282 = ( GEOMETRIC_REPRESENTATION_CONTEXT(2) 
PARAMETRIC_REPRESENTATION_CONTEXT() REPRESENTATION_CONTEXT('2D SPACE',''
  ) );
#15283 = ORIENTED_EDGE('',*,*,#8667,.T.);
#15284 = ORIENTED_EDGE('',*,*,#15209,.F.);
#15285 = ORIENTED_EDGE('',*,*,#2184,.F.);
#15286 = ADVANCED_FACE('',(#15287),#1696,.T.);
#15287 = FACE_BOUND('',#15288,.T.);
#15288 = EDGE_LOOP('',(#15289,#15290,#15291,#15312));
#15289 = ORIENTED_EDGE('',*,*,#15238,.T.);
#15290 = ORIENTED_EDGE('',*,*,#8253,.T.);
#15291 = ORIENTED_EDGE('',*,*,#15292,.F.);
#15292 = EDGE_CURVE('',#1681,#8254,#15293,.T.);
#15293 = SURFACE_CURVE('',#15294,(#15298,#15305),.PCURVE_S1.);
#15294 = LINE('',#15295,#15296);
#15295 = CARTESIAN_POINT('',(150.470221,-129.267144,0.));
#15296 = VECTOR('',#15297,1.);
#15297 = DIRECTION('',(0.,0.,1.));
#15298 = PCURVE('',#1696,#15299);
#15299 = DEFINITIONAL_REPRESENTATION('',(#15300),#15304);
#15300 = LINE('',#15301,#15302);
#15301 = CARTESIAN_POINT('',(0.758222892868,0.));
#15302 = VECTOR('',#15303,1.);
#15303 = DIRECTION('',(0.,-1.));
#15304 = ( GEOMETRIC_REPRESENTATION_CONTEXT(2) 
PARAMETRIC_REPRESENTATION_CONTEXT() REPRESENTATION_CONTEXT('2D SPACE',''
  ) );
#15305 = PCURVE('',#1724,#15306);
#15306 = DEFINITIONAL_REPRESENTATION('',(#15307),#15311);
#15307 = LINE('',#15308,#15309);
#15308 = CARTESIAN_POINT('',(0.,0.));
#15309 = VECTOR('',#15310,1.);
#15310 = DIRECTION('',(0.,-1.));
#15311 = ( GEOMETRIC_REPRESENTATION_CONTEXT(2) 
PARAMETRIC_REPRESENTATION_CONTEXT() REPRESENTATION_CONTEXT('2D SPACE',''
  ) );
#15312 = ORIENTED_EDGE('',*,*,#1680,.F.);
#15313 = ADVANCED_FACE('',(#15314),#2172,.T.);
#15314 = FACE_BOUND('',#15315,.T.);
#15315 = EDGE_LOOP('',(#15316,#15337,#15338,#15339));
#15316 = ORIENTED_EDGE('',*,*,#15317,.T.);
#15317 = EDGE_CURVE('',#2129,#8622,#15318,.T.);
#15318 = SURFACE_CURVE('',#15319,(#15323,#15330),.PCURVE_S1.);
#15319 = LINE('',#15320,#15321);
#15320 = CARTESIAN_POINT('',(107.442282,-128.369169,0.));
#15321 = VECTOR('',#15322,1.);
#15322 = DIRECTION('',(0.,0.,1.));
#15323 = PCURVE('',#2172,#15324);
#15324 = DEFINITIONAL_REPRESENTATION('',(#15325),#15329);
#15325 = LINE('',#15326,#15327);
#15326 = CARTESIAN_POINT('',(0.,0.));
#15327 = VECTOR('',#15328,1.);
#15328 = DIRECTION('',(0.,-1.));
#15329 = ( GEOMETRIC_REPRESENTATION_CONTEXT(2) 
PARAMETRIC_REPRESENTATION_CONTEXT() REPRESENTATION_CONTEXT('2D SPACE',''
  ) );
#15330 = PCURVE('',#2144,#15331);
#15331 = DEFINITIONAL_REPRESENTATION('',(#15332),#15336);
#15332 = LINE('',#15333,#15334);
#15333 = CARTESIAN_POINT('',(0.758222884256,0.));
#15334 = VECTOR('',#15335,1.);
#15335 = DIRECTION('',(0.,-1.));
#15336 = ( GEOMETRIC_REPRESENTATION_CONTEXT(2) 
PARAMETRIC_REPRESENTATION_CONTEXT() REPRESENTATION_CONTEXT('2D SPACE',''
  ) );
#15337 = ORIENTED_EDGE('',*,*,#8644,.T.);
#15338 = ORIENTED_EDGE('',*,*,#15263,.F.);
#15339 = ORIENTED_EDGE('',*,*,#2156,.F.);
#15340 = ADVANCED_FACE('',(#15341),#1724,.T.);
#15341 = FACE_BOUND('',#15342,.T.);
#15342 = EDGE_LOOP('',(#15343,#15344,#15345,#15366));
#15343 = ORIENTED_EDGE('',*,*,#15292,.T.);
#15344 = ORIENTED_EDGE('',*,*,#8276,.T.);
#15345 = ORIENTED_EDGE('',*,*,#15346,.F.);
#15346 = EDGE_CURVE('',#1709,#8277,#15347,.T.);
#15347 = SURFACE_CURVE('',#15348,(#15352,#15359),.PCURVE_S1.);
#15348 = LINE('',#15349,#15350);
#15349 = CARTESIAN_POINT('',(149.745397,-129.4897,0.));
#15350 = VECTOR('',#15351,1.);
#15351 = DIRECTION('',(0.,0.,1.));
#15352 = PCURVE('',#1724,#15353);
#15353 = DEFINITIONAL_REPRESENTATION('',(#15354),#15358);
#15354 = LINE('',#15355,#15356);
#15355 = CARTESIAN_POINT('',(0.75822226564,0.));
#15356 = VECTOR('',#15357,1.);
#15357 = DIRECTION('',(0.,-1.));
#15358 = ( GEOMETRIC_REPRESENTATION_CONTEXT(2) 
PARAMETRIC_REPRESENTATION_CONTEXT() REPRESENTATION_CONTEXT('2D SPACE',''
  ) );
#15359 = PCURVE('',#1752,#15360);
#15360 = DEFINITIONAL_REPRESENTATION('',(#15361),#15365);
#15361 = LINE('',#15362,#15363);
#15362 = CARTESIAN_POINT('',(0.,0.));
#15363 = VECTOR('',#15364,1.);
#15364 = DIRECTION('',(0.,-1.));
#15365 = ( GEOMETRIC_REPRESENTATION_CONTEXT(2) 
PARAMETRIC_REPRESENTATION_CONTEXT() REPRESENTATION_CONTEXT('2D SPACE',''
  ) );
#15366 = ORIENTED_EDGE('',*,*,#1708,.F.);
#15367 = ADVANCED_FACE('',(#15368),#2144,.T.);
#15368 = FACE_BOUND('',#15369,.T.);
#15369 = EDGE_LOOP('',(#15370,#15391,#15392,#15393));
#15370 = ORIENTED_EDGE('',*,*,#15371,.T.);
#15371 = EDGE_CURVE('',#2101,#8599,#15372,.T.);
#15372 = SURFACE_CURVE('',#15373,(#15377,#15384),.PCURVE_S1.);
#15373 = LINE('',#15374,#15375);
#15374 = CARTESIAN_POINT('',(108.121553,-128.706056,0.));
#15375 = VECTOR('',#15376,1.);
#15376 = DIRECTION('',(0.,0.,1.));
#15377 = PCURVE('',#2144,#15378);
#15378 = DEFINITIONAL_REPRESENTATION('',(#15379),#15383);
#15379 = LINE('',#15380,#15381);
#15380 = CARTESIAN_POINT('',(0.,0.));
#15381 = VECTOR('',#15382,1.);
#15382 = DIRECTION('',(0.,-1.));
#15383 = ( GEOMETRIC_REPRESENTATION_CONTEXT(2) 
PARAMETRIC_REPRESENTATION_CONTEXT() REPRESENTATION_CONTEXT('2D SPACE',''
  ) );
#15384 = PCURVE('',#2116,#15385);
#15385 = DEFINITIONAL_REPRESENTATION('',(#15386),#15390);
#15386 = LINE('',#15387,#15388);
#15387 = CARTESIAN_POINT('',(0.758222464118,0.));
#15388 = VECTOR('',#15389,1.);
#15389 = DIRECTION('',(0.,-1.));
#15390 = ( GEOMETRIC_REPRESENTATION_CONTEXT(2) 
PARAMETRIC_REPRESENTATION_CONTEXT() REPRESENTATION_CONTEXT('2D SPACE',''
  ) );
#15391 = ORIENTED_EDGE('',*,*,#8621,.T.);
#15392 = ORIENTED_EDGE('',*,*,#15317,.F.);
#15393 = ORIENTED_EDGE('',*,*,#2128,.F.);
#15394 = ADVANCED_FACE('',(#15395),#1752,.T.);
#15395 = FACE_BOUND('',#15396,.T.);
#15396 = EDGE_LOOP('',(#15397,#15398,#15399,#15420));
#15397 = ORIENTED_EDGE('',*,*,#15346,.T.);
#15398 = ORIENTED_EDGE('',*,*,#8299,.T.);
#15399 = ORIENTED_EDGE('',*,*,#15400,.F.);
#15400 = EDGE_CURVE('',#1737,#8300,#15401,.T.);
#15401 = SURFACE_CURVE('',#15402,(#15406,#15413),.PCURVE_S1.);
#15402 = LINE('',#15403,#15404);
#15403 = CARTESIAN_POINT('',(149.009586,-129.672688,0.));
#15404 = VECTOR('',#15405,1.);
#15405 = DIRECTION('',(0.,0.,1.));
#15406 = PCURVE('',#1752,#15407);
#15407 = DEFINITIONAL_REPRESENTATION('',(#15408),#15412);
#15408 = LINE('',#15409,#15410);
#15409 = CARTESIAN_POINT('',(0.75822320979,0.));
#15410 = VECTOR('',#15411,1.);
#15411 = DIRECTION('',(0.,-1.));
#15412 = ( GEOMETRIC_REPRESENTATION_CONTEXT(2) 
PARAMETRIC_REPRESENTATION_CONTEXT() REPRESENTATION_CONTEXT('2D SPACE',''
  ) );
#15413 = PCURVE('',#1780,#15414);
#15414 = DEFINITIONAL_REPRESENTATION('',(#15415),#15419);
#15415 = LINE('',#15416,#15417);
#15416 = CARTESIAN_POINT('',(0.,0.));
#15417 = VECTOR('',#15418,1.);
#15418 = DIRECTION('',(0.,-1.));
#15419 = ( GEOMETRIC_REPRESENTATION_CONTEXT(2) 
PARAMETRIC_REPRESENTATION_CONTEXT() REPRESENTATION_CONTEXT('2D SPACE',''
  ) );
#15420 = ORIENTED_EDGE('',*,*,#1736,.F.);
#15421 = ADVANCED_FACE('',(#15422),#2116,.T.);
#15422 = FACE_BOUND('',#15423,.T.);
#15423 = EDGE_LOOP('',(#15424,#15445,#15446,#15447));
#15424 = ORIENTED_EDGE('',*,*,#15425,.T.);
#15425 = EDGE_CURVE('',#2073,#8576,#15426,.T.);
#15426 = SURFACE_CURVE('',#15427,(#15431,#15438),.PCURVE_S1.);
#15427 = LINE('',#15428,#15429);
#15428 = CARTESIAN_POINT('',(108.818066,-129.005674,0.));
#15429 = VECTOR('',#15430,1.);
#15430 = DIRECTION('',(0.,0.,1.));
#15431 = PCURVE('',#2116,#15432);
#15432 = DEFINITIONAL_REPRESENTATION('',(#15433),#15437);
#15433 = LINE('',#15434,#15435);
#15434 = CARTESIAN_POINT('',(0.,0.));
#15435 = VECTOR('',#15436,1.);
#15436 = DIRECTION('',(0.,-1.));
#15437 = ( GEOMETRIC_REPRESENTATION_CONTEXT(2) 
PARAMETRIC_REPRESENTATION_CONTEXT() REPRESENTATION_CONTEXT('2D SPACE',''
  ) );
#15438 = PCURVE('',#2088,#15439);
#15439 = DEFINITIONAL_REPRESENTATION('',(#15440),#15444);
#15440 = LINE('',#15441,#15442);
#15441 = CARTESIAN_POINT('',(0.758222892868,0.));
#15442 = VECTOR('',#15443,1.);
#15443 = DIRECTION('',(0.,-1.));
#15444 = ( GEOMETRIC_REPRESENTATION_CONTEXT(2) 
PARAMETRIC_REPRESENTATION_CONTEXT() REPRESENTATION_CONTEXT('2D SPACE',''
  ) );
#15445 = ORIENTED_EDGE('',*,*,#8598,.T.);
#15446 = ORIENTED_EDGE('',*,*,#15371,.F.);
#15447 = ORIENTED_EDGE('',*,*,#2100,.F.);
#15448 = ADVANCED_FACE('',(#15449),#1780,.T.);
#15449 = FACE_BOUND('',#15450,.T.);
#15450 = EDGE_LOOP('',(#15451,#15452,#15453,#15474));
#15451 = ORIENTED_EDGE('',*,*,#15400,.T.);
#15452 = ORIENTED_EDGE('',*,*,#8322,.T.);
#15453 = ORIENTED_EDGE('',*,*,#15454,.F.);
#15454 = EDGE_CURVE('',#1765,#8323,#15455,.T.);
#15455 = SURFACE_CURVE('',#15456,(#15460,#15467),.PCURVE_S1.);
#15456 = LINE('',#15457,#15458);
#15457 = CARTESIAN_POINT('',(148.264948,-129.815571,0.));
#15458 = VECTOR('',#15459,1.);
#15459 = DIRECTION('',(0.,0.,1.));
#15460 = PCURVE('',#1780,#15461);
#15461 = DEFINITIONAL_REPRESENTATION('',(#15462),#15466);
#15462 = LINE('',#15463,#15464);
#15463 = CARTESIAN_POINT('',(0.758222462562,0.));
#15464 = VECTOR('',#15465,1.);
#15465 = DIRECTION('',(0.,-1.));
#15466 = ( GEOMETRIC_REPRESENTATION_CONTEXT(2) 
PARAMETRIC_REPRESENTATION_CONTEXT() REPRESENTATION_CONTEXT('2D SPACE',''
  ) );
#15467 = PCURVE('',#1808,#15468);
#15468 = DEFINITIONAL_REPRESENTATION('',(#15469),#15473);
#15469 = LINE('',#15470,#15471);
#15470 = CARTESIAN_POINT('',(0.,0.));
#15471 = VECTOR('',#15472,1.);
#15472 = DIRECTION('',(0.,-1.));
#15473 = ( GEOMETRIC_REPRESENTATION_CONTEXT(2) 
PARAMETRIC_REPRESENTATION_CONTEXT() REPRESENTATION_CONTEXT('2D SPACE',''
  ) );
#15474 = ORIENTED_EDGE('',*,*,#1764,.F.);
#15475 = ADVANCED_FACE('',(#15476),#2088,.T.);
#15476 = FACE_BOUND('',#15477,.T.);
#15477 = EDGE_LOOP('',(#15478,#15499,#15500,#15501));
#15478 = ORIENTED_EDGE('',*,*,#15479,.T.);
#15479 = EDGE_CURVE('',#2045,#8553,#15480,.T.);
#15480 = SURFACE_CURVE('',#15481,(#15485,#15492),.PCURVE_S1.);
#15481 = LINE('',#15482,#15483);
#15482 = CARTESIAN_POINT('',(109.529779,-129.267144,0.));
#15483 = VECTOR('',#15484,1.);
#15484 = DIRECTION('',(0.,0.,1.));
#15485 = PCURVE('',#2088,#15486);
#15486 = DEFINITIONAL_REPRESENTATION('',(#15487),#15491);
#15487 = LINE('',#15488,#15489);
#15488 = CARTESIAN_POINT('',(0.,0.));
#15489 = VECTOR('',#15490,1.);
#15490 = DIRECTION('',(0.,-1.));
#15491 = ( GEOMETRIC_REPRESENTATION_CONTEXT(2) 
PARAMETRIC_REPRESENTATION_CONTEXT() REPRESENTATION_CONTEXT('2D SPACE',''
  ) );
#15492 = PCURVE('',#2060,#15493);
#15493 = DEFINITIONAL_REPRESENTATION('',(#15494),#15498);
#15494 = LINE('',#15495,#15496);
#15495 = CARTESIAN_POINT('',(0.75822226564,0.));
#15496 = VECTOR('',#15497,1.);
#15497 = DIRECTION('',(0.,-1.));
#15498 = ( GEOMETRIC_REPRESENTATION_CONTEXT(2) 
PARAMETRIC_REPRESENTATION_CONTEXT() REPRESENTATION_CONTEXT('2D SPACE',''
  ) );
#15499 = ORIENTED_EDGE('',*,*,#8575,.T.);
#15500 = ORIENTED_EDGE('',*,*,#15425,.F.);
#15501 = ORIENTED_EDGE('',*,*,#2072,.F.);
#15502 = ADVANCED_FACE('',(#15503),#1808,.T.);
#15503 = FACE_BOUND('',#15504,.T.);
#15504 = EDGE_LOOP('',(#15505,#15506,#15507,#15528));
#15505 = ORIENTED_EDGE('',*,*,#15454,.T.);
#15506 = ORIENTED_EDGE('',*,*,#8345,.T.);
#15507 = ORIENTED_EDGE('',*,*,#15508,.F.);
#15508 = EDGE_CURVE('',#1793,#8346,#15509,.T.);
#15509 = SURFACE_CURVE('',#15510,(#15514,#15521),.PCURVE_S1.);
#15510 = LINE('',#15511,#15512);
#15511 = CARTESIAN_POINT('',(147.513666,-129.917931,0.));
#15512 = VECTOR('',#15513,1.);
#15513 = DIRECTION('',(0.,0.,1.));
#15514 = PCURVE('',#1808,#15515);
#15515 = DEFINITIONAL_REPRESENTATION('',(#15516),#15520);
#15516 = LINE('',#15517,#15518);
#15517 = CARTESIAN_POINT('',(0.758223062907,0.));
#15518 = VECTOR('',#15519,1.);
#15519 = DIRECTION('',(0.,-1.));
#15520 = ( GEOMETRIC_REPRESENTATION_CONTEXT(2) 
PARAMETRIC_REPRESENTATION_CONTEXT() REPRESENTATION_CONTEXT('2D SPACE',''
  ) );
#15521 = PCURVE('',#1836,#15522);
#15522 = DEFINITIONAL_REPRESENTATION('',(#15523),#15527);
#15523 = LINE('',#15524,#15525);
#15524 = CARTESIAN_POINT('',(0.,0.));
#15525 = VECTOR('',#15526,1.);
#15526 = DIRECTION('',(0.,-1.));
#15527 = ( GEOMETRIC_REPRESENTATION_CONTEXT(2) 
PARAMETRIC_REPRESENTATION_CONTEXT() REPRESENTATION_CONTEXT('2D SPACE',''
  ) );
#15528 = ORIENTED_EDGE('',*,*,#1792,.F.);
#15529 = ADVANCED_FACE('',(#15530),#2060,.T.);
#15530 = FACE_BOUND('',#15531,.T.);
#15531 = EDGE_LOOP('',(#15532,#15553,#15554,#15555));
#15532 = ORIENTED_EDGE('',*,*,#15533,.T.);
#15533 = EDGE_CURVE('',#2017,#8530,#15534,.T.);
#15534 = SURFACE_CURVE('',#15535,(#15539,#15546),.PCURVE_S1.);
#15535 = LINE('',#15536,#15537);
#15536 = CARTESIAN_POINT('',(110.254603,-129.4897,0.));
#15537 = VECTOR('',#15538,1.);
#15538 = DIRECTION('',(0.,0.,1.));
#15539 = PCURVE('',#2060,#15540);
#15540 = DEFINITIONAL_REPRESENTATION('',(#15541),#15545);
#15541 = LINE('',#15542,#15543);
#15542 = CARTESIAN_POINT('',(0.,0.));
#15543 = VECTOR('',#15544,1.);
#15544 = DIRECTION('',(0.,-1.));
#15545 = ( GEOMETRIC_REPRESENTATION_CONTEXT(2) 
PARAMETRIC_REPRESENTATION_CONTEXT() REPRESENTATION_CONTEXT('2D SPACE',''
  ) );
#15546 = PCURVE('',#2032,#15547);
#15547 = DEFINITIONAL_REPRESENTATION('',(#15548),#15552);
#15548 = LINE('',#15549,#15550);
#15549 = CARTESIAN_POINT('',(0.75822320979,0.));
#15550 = VECTOR('',#15551,1.);
#15551 = DIRECTION('',(0.,-1.));
#15552 = ( GEOMETRIC_REPRESENTATION_CONTEXT(2) 
PARAMETRIC_REPRESENTATION_CONTEXT() REPRESENTATION_CONTEXT('2D SPACE',''
  ) );
#15553 = ORIENTED_EDGE('',*,*,#8552,.T.);
#15554 = ORIENTED_EDGE('',*,*,#15479,.F.);
#15555 = ORIENTED_EDGE('',*,*,#2044,.F.);
#15556 = ADVANCED_FACE('',(#15557),#1836,.T.);
#15557 = FACE_BOUND('',#15558,.T.);
#15558 = EDGE_LOOP('',(#15559,#15560,#15561,#15582));
#15559 = ORIENTED_EDGE('',*,*,#15508,.T.);
#15560 = ORIENTED_EDGE('',*,*,#8368,.T.);
#15561 = ORIENTED_EDGE('',*,*,#15562,.F.);
#15562 = EDGE_CURVE('',#1821,#8369,#15563,.T.);
#15563 = SURFACE_CURVE('',#15564,(#15568,#15575),.PCURVE_S1.);
#15564 = LINE('',#15565,#15566);
#15565 = CARTESIAN_POINT('',(146.757945,-129.979468,0.));
#15566 = VECTOR('',#15567,1.);
#15567 = DIRECTION('',(0.,0.,1.));
#15568 = PCURVE('',#1836,#15569);
#15569 = DEFINITIONAL_REPRESENTATION('',(#15570),#15574);
#15570 = LINE('',#15571,#15572);
#15571 = CARTESIAN_POINT('',(0.758222284169,0.));
#15572 = VECTOR('',#15573,1.);
#15573 = DIRECTION('',(0.,-1.));
#15574 = ( GEOMETRIC_REPRESENTATION_CONTEXT(2) 
PARAMETRIC_REPRESENTATION_CONTEXT() REPRESENTATION_CONTEXT('2D SPACE',''
  ) );
#15575 = PCURVE('',#1864,#15576);
#15576 = DEFINITIONAL_REPRESENTATION('',(#15577),#15581);
#15577 = LINE('',#15578,#15579);
#15578 = CARTESIAN_POINT('',(0.,0.));
#15579 = VECTOR('',#15580,1.);
#15580 = DIRECTION('',(0.,-1.));
#15581 = ( GEOMETRIC_REPRESENTATION_CONTEXT(2) 
PARAMETRIC_REPRESENTATION_CONTEXT() REPRESENTATION_CONTEXT('2D SPACE',''
  ) );
#15582 = ORIENTED_EDGE('',*,*,#1820,.F.);
#15583 = ADVANCED_FACE('',(#15584),#2032,.T.);
#15584 = FACE_BOUND('',#15585,.T.);
#15585 = EDGE_LOOP('',(#15586,#15607,#15608,#15609));
#15586 = ORIENTED_EDGE('',*,*,#15587,.T.);
#15587 = EDGE_CURVE('',#1989,#8507,#15588,.T.);
#15588 = SURFACE_CURVE('',#15589,(#15593,#15600),.PCURVE_S1.);
#15589 = LINE('',#15590,#15591);
#15590 = CARTESIAN_POINT('',(110.990414,-129.672688,0.));
#15591 = VECTOR('',#15592,1.);
#15592 = DIRECTION('',(0.,0.,1.));
#15593 = PCURVE('',#2032,#15594);
#15594 = DEFINITIONAL_REPRESENTATION('',(#15595),#15599);
#15595 = LINE('',#15596,#15597);
#15596 = CARTESIAN_POINT('',(0.,0.));
#15597 = VECTOR('',#15598,1.);
#15598 = DIRECTION('',(0.,-1.));
#15599 = ( GEOMETRIC_REPRESENTATION_CONTEXT(2) 
PARAMETRIC_REPRESENTATION_CONTEXT() REPRESENTATION_CONTEXT('2D SPACE',''
  ) );
#15600 = PCURVE('',#2004,#15601);
#15601 = DEFINITIONAL_REPRESENTATION('',(#15602),#15606);
#15602 = LINE('',#15603,#15604);
#15603 = CARTESIAN_POINT('',(0.758222462562,0.));
#15604 = VECTOR('',#15605,1.);
#15605 = DIRECTION('',(0.,-1.));
#15606 = ( GEOMETRIC_REPRESENTATION_CONTEXT(2) 
PARAMETRIC_REPRESENTATION_CONTEXT() REPRESENTATION_CONTEXT('2D SPACE',''
  ) );
#15607 = ORIENTED_EDGE('',*,*,#8529,.T.);
#15608 = ORIENTED_EDGE('',*,*,#15533,.F.);
#15609 = ORIENTED_EDGE('',*,*,#2016,.F.);
#15610 = ADVANCED_FACE('',(#15611),#1864,.T.);
#15611 = FACE_BOUND('',#15612,.T.);
#15612 = EDGE_LOOP('',(#15613,#15614,#15615,#15636));
#15613 = ORIENTED_EDGE('',*,*,#15562,.T.);
#15614 = ORIENTED_EDGE('',*,*,#8391,.T.);
#15615 = ORIENTED_EDGE('',*,*,#15616,.F.);
#15616 = EDGE_CURVE('',#1849,#8392,#15617,.T.);
#15617 = SURFACE_CURVE('',#15618,(#15622,#15629),.PCURVE_S1.);
#15618 = LINE('',#15619,#15620);
#15619 = CARTESIAN_POINT('',(146.,-130.,0.));
#15620 = VECTOR('',#15621,1.);
#15621 = DIRECTION('',(0.,0.,1.));
#15622 = PCURVE('',#1864,#15623);
#15623 = DEFINITIONAL_REPRESENTATION('',(#15624),#15628);
#15624 = LINE('',#15625,#15626);
#15625 = CARTESIAN_POINT('',(0.758223045053,0.));
#15626 = VECTOR('',#15627,1.);
#15627 = DIRECTION('',(0.,-1.));
#15628 = ( GEOMETRIC_REPRESENTATION_CONTEXT(2) 
PARAMETRIC_REPRESENTATION_CONTEXT() REPRESENTATION_CONTEXT('2D SPACE',''
  ) );
#15629 = PCURVE('',#1892,#15630);
#15630 = DEFINITIONAL_REPRESENTATION('',(#15631),#15635);
#15631 = LINE('',#15632,#15633);
#15632 = CARTESIAN_POINT('',(0.,-0.));
#15633 = VECTOR('',#15634,1.);
#15634 = DIRECTION('',(0.,-1.));
#15635 = ( GEOMETRIC_REPRESENTATION_CONTEXT(2) 
PARAMETRIC_REPRESENTATION_CONTEXT() REPRESENTATION_CONTEXT('2D SPACE',''
  ) );
#15636 = ORIENTED_EDGE('',*,*,#1848,.F.);
#15637 = ADVANCED_FACE('',(#15638),#2004,.T.);
#15638 = FACE_BOUND('',#15639,.T.);
#15639 = EDGE_LOOP('',(#15640,#15661,#15662,#15663));
#15640 = ORIENTED_EDGE('',*,*,#15641,.T.);
#15641 = EDGE_CURVE('',#1961,#8484,#15642,.T.);
#15642 = SURFACE_CURVE('',#15643,(#15647,#15654),.PCURVE_S1.);
#15643 = LINE('',#15644,#15645);
#15644 = CARTESIAN_POINT('',(111.735052,-129.815571,0.));
#15645 = VECTOR('',#15646,1.);
#15646 = DIRECTION('',(0.,0.,1.));
#15647 = PCURVE('',#2004,#15648);
#15648 = DEFINITIONAL_REPRESENTATION('',(#15649),#15653);
#15649 = LINE('',#15650,#15651);
#15650 = CARTESIAN_POINT('',(0.,0.));
#15651 = VECTOR('',#15652,1.);
#15652 = DIRECTION('',(0.,-1.));
#15653 = ( GEOMETRIC_REPRESENTATION_CONTEXT(2) 
PARAMETRIC_REPRESENTATION_CONTEXT() REPRESENTATION_CONTEXT('2D SPACE',''
  ) );
#15654 = PCURVE('',#1976,#15655);
#15655 = DEFINITIONAL_REPRESENTATION('',(#15656),#15660);
#15656 = LINE('',#15657,#15658);
#15657 = CARTESIAN_POINT('',(0.758223062907,0.));
#15658 = VECTOR('',#15659,1.);
#15659 = DIRECTION('',(0.,-1.));
#15660 = ( GEOMETRIC_REPRESENTATION_CONTEXT(2) 
PARAMETRIC_REPRESENTATION_CONTEXT() REPRESENTATION_CONTEXT('2D SPACE',''
  ) );
#15661 = ORIENTED_EDGE('',*,*,#8506,.T.);
#15662 = ORIENTED_EDGE('',*,*,#15587,.F.);
#15663 = ORIENTED_EDGE('',*,*,#1988,.F.);
#15664 = ADVANCED_FACE('',(#15665),#1892,.T.);
#15665 = FACE_BOUND('',#15666,.T.);
#15666 = EDGE_LOOP('',(#15667,#15668,#15669,#15690));
#15667 = ORIENTED_EDGE('',*,*,#15616,.T.);
#15668 = ORIENTED_EDGE('',*,*,#8414,.T.);
#15669 = ORIENTED_EDGE('',*,*,#15670,.F.);
#15670 = EDGE_CURVE('',#1877,#8415,#15671,.T.);
#15671 = SURFACE_CURVE('',#15672,(#15676,#15683),.PCURVE_S1.);
#15672 = LINE('',#15673,#15674);
#15673 = CARTESIAN_POINT('',(114.,-130.,0.));
#15674 = VECTOR('',#15675,1.);
#15675 = DIRECTION('',(0.,0.,1.));
#15676 = PCURVE('',#1892,#15677);
#15677 = DEFINITIONAL_REPRESENTATION('',(#15678),#15682);
#15678 = LINE('',#15679,#15680);
#15679 = CARTESIAN_POINT('',(32.,0.));
#15680 = VECTOR('',#15681,1.);
#15681 = DIRECTION('',(0.,-1.));
#15682 = ( GEOMETRIC_REPRESENTATION_CONTEXT(2) 
PARAMETRIC_REPRESENTATION_CONTEXT() REPRESENTATION_CONTEXT('2D SPACE',''
  ) );
#15683 = PCURVE('',#1920,#15684);
#15684 = DEFINITIONAL_REPRESENTATION('',(#15685),#15689);
#15685 = LINE('',#15686,#15687);
#15686 = CARTESIAN_POINT('',(0.,0.));
#15687 = VECTOR('',#15688,1.);
#15688 = DIRECTION('',(0.,-1.));
#15689 = ( GEOMETRIC_REPRESENTATION_CONTEXT(2) 
PARAMETRIC_REPRESENTATION_CONTEXT() REPRESENTATION_CONTEXT('2D SPACE',''
  ) );
#15690 = ORIENTED_EDGE('',*,*,#1876,.F.);
#15691 = ADVANCED_FACE('',(#15692),#1976,.T.);
#15692 = FACE_BOUND('',#15693,.T.);
#15693 = EDGE_LOOP('',(#15694,#15715,#15716,#15717));
#15694 = ORIENTED_EDGE('',*,*,#15695,.T.);
#15695 = EDGE_CURVE('',#1933,#8461,#15696,.T.);
#15696 = SURFACE_CURVE('',#15697,(#15701,#15708),.PCURVE_S1.);
#15697 = LINE('',#15698,#15699);
#15698 = CARTESIAN_POINT('',(112.486334,-129.917931,0.));
#15699 = VECTOR('',#15700,1.);
#15700 = DIRECTION('',(0.,0.,1.));
#15701 = PCURVE('',#1976,#15702);
#15702 = DEFINITIONAL_REPRESENTATION('',(#15703),#15707);
#15703 = LINE('',#15704,#15705);
#15704 = CARTESIAN_POINT('',(0.,0.));
#15705 = VECTOR('',#15706,1.);
#15706 = DIRECTION('',(0.,-1.));
#15707 = ( GEOMETRIC_REPRESENTATION_CONTEXT(2) 
PARAMETRIC_REPRESENTATION_CONTEXT() REPRESENTATION_CONTEXT('2D SPACE',''
  ) );
#15708 = PCURVE('',#1948,#15709);
#15709 = DEFINITIONAL_REPRESENTATION('',(#15710),#15714);
#15710 = LINE('',#15711,#15712);
#15711 = CARTESIAN_POINT('',(0.758222284169,0.));
#15712 = VECTOR('',#15713,1.);
#15713 = DIRECTION('',(0.,-1.));
#15714 = ( GEOMETRIC_REPRESENTATION_CONTEXT(2) 
PARAMETRIC_REPRESENTATION_CONTEXT() REPRESENTATION_CONTEXT('2D SPACE',''
  ) );
#15715 = ORIENTED_EDGE('',*,*,#8483,.T.);
#15716 = ORIENTED_EDGE('',*,*,#15641,.F.);
#15717 = ORIENTED_EDGE('',*,*,#1960,.F.);
#15718 = ADVANCED_FACE('',(#15719),#1920,.T.);
#15719 = FACE_BOUND('',#15720,.T.);
#15720 = EDGE_LOOP('',(#15721,#15722,#15723,#15744));
#15721 = ORIENTED_EDGE('',*,*,#15670,.T.);
#15722 = ORIENTED_EDGE('',*,*,#8437,.T.);
#15723 = ORIENTED_EDGE('',*,*,#15724,.F.);
#15724 = EDGE_CURVE('',#1905,#8438,#15725,.T.);
#15725 = SURFACE_CURVE('',#15726,(#15730,#15737),.PCURVE_S1.);
#15726 = LINE('',#15727,#15728);
#15727 = CARTESIAN_POINT('',(113.242055,-129.979468,0.));
#15728 = VECTOR('',#15729,1.);
#15729 = DIRECTION('',(0.,0.,1.));
#15730 = PCURVE('',#1920,#15731);
#15731 = DEFINITIONAL_REPRESENTATION('',(#15732),#15736);
#15732 = LINE('',#15733,#15734);
#15733 = CARTESIAN_POINT('',(0.758223045053,0.));
#15734 = VECTOR('',#15735,1.);
#15735 = DIRECTION('',(0.,-1.));
#15736 = ( GEOMETRIC_REPRESENTATION_CONTEXT(2) 
PARAMETRIC_REPRESENTATION_CONTEXT() REPRESENTATION_CONTEXT('2D SPACE',''
  ) );
#15737 = PCURVE('',#1948,#15738);
#15738 = DEFINITIONAL_REPRESENTATION('',(#15739),#15743);
#15739 = LINE('',#15740,#15741);
#15740 = CARTESIAN_POINT('',(0.,0.));
#15741 = VECTOR('',#15742,1.);
#15742 = DIRECTION('',(0.,-1.));
#15743 = ( GEOMETRIC_REPRESENTATION_CONTEXT(2) 
PARAMETRIC_REPRESENTATION_CONTEXT() REPRESENTATION_CONTEXT('2D SPACE',''
  ) );
#15744 = ORIENTED_EDGE('',*,*,#1904,.F.);
#15745 = ADVANCED_FACE('',(#15746),#1948,.T.);
#15746 = FACE_BOUND('',#15747,.T.);
#15747 = EDGE_LOOP('',(#15748,#15749,#15750,#15751));
#15748 = ORIENTED_EDGE('',*,*,#15724,.T.);
#15749 = ORIENTED_EDGE('',*,*,#8460,.T.);
#15750 = ORIENTED_EDGE('',*,*,#15695,.F.);
#15751 = ORIENTED_EDGE('',*,*,#1932,.F.);
#15752 = ADVANCED_FACE('',(#15753),#3601,.F.);
#15753 = FACE_BOUND('',#15754,.F.);
#15754 = EDGE_LOOP('',(#15755,#15756,#15777,#15778));
#15755 = ORIENTED_EDGE('',*,*,#9818,.F.);
#15756 = ORIENTED_EDGE('',*,*,#15757,.F.);
#15757 = EDGE_CURVE('',#3581,#9819,#15758,.T.);
#15758 = SEAM_CURVE('',#15759,(#15763,#15770),.PCURVE_S1.);
#15759 = LINE('',#15760,#15761);
#15760 = CARTESIAN_POINT('',(154.166726,-123.966726,-1.E-02));
#15761 = VECTOR('',#15762,1.);
#15762 = DIRECTION('',(0.,0.,1.));
#15763 = PCURVE('',#3601,#15764);
#15764 = DEFINITIONAL_REPRESENTATION('',(#15765),#15769);
#15765 = LINE('',#15766,#15767);
#15766 = CARTESIAN_POINT('',(6.28318530718,-0.));
#15767 = VECTOR('',#15768,1.);
#15768 = DIRECTION('',(0.,1.));
#15769 = ( GEOMETRIC_REPRESENTATION_CONTEXT(2) 
PARAMETRIC_REPRESENTATION_CONTEXT() REPRESENTATION_CONTEXT('2D SPACE',''
  ) );
#15770 = PCURVE('',#3601,#15771);
#15771 = DEFINITIONAL_REPRESENTATION('',(#15772),#15776);
#15772 = LINE('',#15773,#15774);
#15773 = CARTESIAN_POINT('',(0.,-0.));
#15774 = VECTOR('',#15775,1.);
#15775 = DIRECTION('',(0.,1.));
#15776 = ( GEOMETRIC_REPRESENTATION_CONTEXT(2) 
PARAMETRIC_REPRESENTATION_CONTEXT() REPRESENTATION_CONTEXT('2D SPACE',''
  ) );
#15777 = ORIENTED_EDGE('',*,*,#3580,.T.);
#15778 = ORIENTED_EDGE('',*,*,#15757,.T.);
#15779 = ADVANCED_FACE('',(#15780),#3636,.F.);
#15780 = FACE_BOUND('',#15781,.F.);
#15781 = EDGE_LOOP('',(#15782,#15783,#15804,#15805));
#15782 = ORIENTED_EDGE('',*,*,#9848,.F.);
#15783 = ORIENTED_EDGE('',*,*,#15784,.F.);
#15784 = EDGE_CURVE('',#3616,#9849,#15785,.T.);
#15785 = SEAM_CURVE('',#15786,(#15790,#15797),.PCURVE_S1.);
#15786 = LINE('',#15787,#15788);
#15787 = CARTESIAN_POINT('',(153.,-124.45,-1.E-02));
#15788 = VECTOR('',#15789,1.);
#15789 = DIRECTION('',(0.,0.,1.));
#15790 = PCURVE('',#3636,#15791);
#15791 = DEFINITIONAL_REPRESENTATION('',(#15792),#15796);
#15792 = LINE('',#15793,#15794);
#15793 = CARTESIAN_POINT('',(6.28318530718,-0.));
#15794 = VECTOR('',#15795,1.);
#15795 = DIRECTION('',(0.,1.));
#15796 = ( GEOMETRIC_REPRESENTATION_CONTEXT(2) 
PARAMETRIC_REPRESENTATION_CONTEXT() REPRESENTATION_CONTEXT('2D SPACE',''
  ) );
#15797 = PCURVE('',#3636,#15798);
#15798 = DEFINITIONAL_REPRESENTATION('',(#15799),#15803);
#15799 = LINE('',#15800,#15801);
#15800 = CARTESIAN_POINT('',(0.,-0.));
#15801 = VECTOR('',#15802,1.);
#15802 = DIRECTION('',(0.,1.));
#15803 = ( GEOMETRIC_REPRESENTATION_CONTEXT(2) 
PARAMETRIC_REPRESENTATION_CONTEXT() REPRESENTATION_CONTEXT('2D SPACE',''
  ) );
#15804 = ORIENTED_EDGE('',*,*,#3615,.T.);
#15805 = ORIENTED_EDGE('',*,*,#15784,.T.);
#15806 = ADVANCED_FACE('',(#15807),#3671,.F.);
#15807 = FACE_BOUND('',#15808,.F.);
#15808 = EDGE_LOOP('',(#15809,#15810,#15831,#15832));
#15809 = ORIENTED_EDGE('',*,*,#9878,.F.);
#15810 = ORIENTED_EDGE('',*,*,#15811,.F.);
#15811 = EDGE_CURVE('',#3651,#9879,#15812,.T.);
#15812 = SEAM_CURVE('',#15813,(#15817,#15824),.PCURVE_S1.);
#15813 = LINE('',#15814,#15815);
#15814 = CARTESIAN_POINT('',(151.833274,-123.966726,-1.E-02));
#15815 = VECTOR('',#15816,1.);
#15816 = DIRECTION('',(0.,0.,1.));
#15817 = PCURVE('',#3671,#15818);
#15818 = DEFINITIONAL_REPRESENTATION('',(#15819),#15823);
#15819 = LINE('',#15820,#15821);
#15820 = CARTESIAN_POINT('',(6.28318530718,-0.));
#15821 = VECTOR('',#15822,1.);
#15822 = DIRECTION('',(0.,1.));
#15823 = ( GEOMETRIC_REPRESENTATION_CONTEXT(2) 
PARAMETRIC_REPRESENTATION_CONTEXT() REPRESENTATION_CONTEXT('2D SPACE',''
  ) );
#15824 = PCURVE('',#3671,#15825);
#15825 = DEFINITIONAL_REPRESENTATION('',(#15826),#15830);
#15826 = LINE('',#15827,#15828);
#15827 = CARTESIAN_POINT('',(0.,-0.));
#15828 = VECTOR('',#15829,1.);
#15829 = DIRECTION('',(0.,1.));
#15830 = ( GEOMETRIC_REPRESENTATION_CONTEXT(2) 
PARAMETRIC_REPRESENTATION_CONTEXT() REPRESENTATION_CONTEXT('2D SPACE',''
  ) );
#15831 = ORIENTED_EDGE('',*,*,#3650,.T.);
#15832 = ORIENTED_EDGE('',*,*,#15811,.T.);
#15833 = ADVANCED_FACE('',(#15834),#3706,.F.);
#15834 = FACE_BOUND('',#15835,.F.);
#15835 = EDGE_LOOP('',(#15836,#15837,#15858,#15859));
#15836 = ORIENTED_EDGE('',*,*,#9908,.F.);
#15837 = ORIENTED_EDGE('',*,*,#15838,.F.);
#15838 = EDGE_CURVE('',#3686,#9909,#15839,.T.);
#15839 = SEAM_CURVE('',#15840,(#15844,#15851),.PCURVE_S1.);
#15840 = LINE('',#15841,#15842);
#15841 = CARTESIAN_POINT('',(154.65,-122.8,-1.E-02));
#15842 = VECTOR('',#15843,1.);
#15843 = DIRECTION('',(0.,0.,1.));
#15844 = PCURVE('',#3706,#15845);
#15845 = DEFINITIONAL_REPRESENTATION('',(#15846),#15850);
#15846 = LINE('',#15847,#15848);
#15847 = CARTESIAN_POINT('',(6.28318530718,-0.));
#15848 = VECTOR('',#15849,1.);
#15849 = DIRECTION('',(0.,1.));
#15850 = ( GEOMETRIC_REPRESENTATION_CONTEXT(2) 
PARAMETRIC_REPRESENTATION_CONTEXT() REPRESENTATION_CONTEXT('2D SPACE',''
  ) );
#15851 = PCURVE('',#3706,#15852);
#15852 = DEFINITIONAL_REPRESENTATION('',(#15853),#15857);
#15853 = LINE('',#15854,#15855);
#15854 = CARTESIAN_POINT('',(0.,-0.));
#15855 = VECTOR('',#15856,1.);
#15856 = DIRECTION('',(0.,1.));
#15857 = ( GEOMETRIC_REPRESENTATION_CONTEXT(2) 
PARAMETRIC_REPRESENTATION_CONTEXT() REPRESENTATION_CONTEXT('2D SPACE',''
  ) );
#15858 = ORIENTED_EDGE('',*,*,#3685,.T.);
#15859 = ORIENTED_EDGE('',*,*,#15838,.T.);
#15860 = ADVANCED_FACE('',(#15861),#3741,.F.);
#15861 = FACE_BOUND('',#15862,.F.);
#15862 = EDGE_LOOP('',(#15863,#15864,#15885,#15886));
#15863 = ORIENTED_EDGE('',*,*,#9938,.F.);
#15864 = ORIENTED_EDGE('',*,*,#15865,.F.);
#15865 = EDGE_CURVE('',#3721,#9939,#15866,.T.);
#15866 = SEAM_CURVE('',#15867,(#15871,#15878),.PCURVE_S1.);
#15867 = LINE('',#15868,#15869);
#15868 = CARTESIAN_POINT('',(153.9,-122.8,-1.E-02));
#15869 = VECTOR('',#15870,1.);
#15870 = DIRECTION('',(0.,0.,1.));
#15871 = PCURVE('',#3741,#15872);
#15872 = DEFINITIONAL_REPRESENTATION('',(#15873),#15877);
#15873 = LINE('',#15874,#15875);
#15874 = CARTESIAN_POINT('',(6.28318530718,-0.));
#15875 = VECTOR('',#15876,1.);
#15876 = DIRECTION('',(0.,1.));
#15877 = ( GEOMETRIC_REPRESENTATION_CONTEXT(2) 
PARAMETRIC_REPRESENTATION_CONTEXT() REPRESENTATION_CONTEXT('2D SPACE',''
  ) );
#15878 = PCURVE('',#3741,#15879);
#15879 = DEFINITIONAL_REPRESENTATION('',(#15880),#15884);
#15880 = LINE('',#15881,#15882);
#15881 = CARTESIAN_POINT('',(0.,-0.));
#15882 = VECTOR('',#15883,1.);
#15883 = DIRECTION('',(0.,1.));
#15884 = ( GEOMETRIC_REPRESENTATION_CONTEXT(2) 
PARAMETRIC_REPRESENTATION_CONTEXT() REPRESENTATION_CONTEXT('2D SPACE',''
  ) );
#15885 = ORIENTED_EDGE('',*,*,#3720,.T.);
#15886 = ORIENTED_EDGE('',*,*,#15865,.T.);
#15887 = ADVANCED_FACE('',(#15888),#3776,.F.);
#15888 = FACE_BOUND('',#15889,.F.);
#15889 = EDGE_LOOP('',(#15890,#15891,#15912,#15913));
#15890 = ORIENTED_EDGE('',*,*,#9968,.F.);
#15891 = ORIENTED_EDGE('',*,*,#15892,.F.);
#15892 = EDGE_CURVE('',#3756,#9969,#15893,.T.);
#15893 = SEAM_CURVE('',#15894,(#15898,#15905),.PCURVE_S1.);
#15894 = LINE('',#15895,#15896);
#15895 = CARTESIAN_POINT('',(151.35,-122.8,-1.E-02));
#15896 = VECTOR('',#15897,1.);
#15897 = DIRECTION('',(0.,0.,1.));
#15898 = PCURVE('',#3776,#15899);
#15899 = DEFINITIONAL_REPRESENTATION('',(#15900),#15904);
#15900 = LINE('',#15901,#15902);
#15901 = CARTESIAN_POINT('',(6.28318530718,-0.));
#15902 = VECTOR('',#15903,1.);
#15903 = DIRECTION('',(0.,1.));
#15904 = ( GEOMETRIC_REPRESENTATION_CONTEXT(2) 
PARAMETRIC_REPRESENTATION_CONTEXT() REPRESENTATION_CONTEXT('2D SPACE',''
  ) );
#15905 = PCURVE('',#3776,#15906);
#15906 = DEFINITIONAL_REPRESENTATION('',(#15907),#15911);
#15907 = LINE('',#15908,#15909);
#15908 = CARTESIAN_POINT('',(0.,-0.));
#15909 = VECTOR('',#15910,1.);
#15910 = DIRECTION('',(0.,1.));
#15911 = ( GEOMETRIC_REPRESENTATION_CONTEXT(2) 
PARAMETRIC_REPRESENTATION_CONTEXT() REPRESENTATION_CONTEXT('2D SPACE',''
  ) );
#15912 = ORIENTED_EDGE('',*,*,#3755,.T.);
#15913 = ORIENTED_EDGE('',*,*,#15892,.T.);
#15914 = ADVANCED_FACE('',(#15915),#3811,.F.);
#15915 = FACE_BOUND('',#15916,.F.);
#15916 = EDGE_LOOP('',(#15917,#15918,#15939,#15940));
#15917 = ORIENTED_EDGE('',*,*,#9998,.F.);
#15918 = ORIENTED_EDGE('',*,*,#15919,.F.);
#15919 = EDGE_CURVE('',#3791,#9999,#15920,.T.);
#15920 = SEAM_CURVE('',#15921,(#15925,#15932),.PCURVE_S1.);
#15921 = LINE('',#15922,#15923);
#15922 = CARTESIAN_POINT('',(154.166726,-121.633274,-1.E-02));
#15923 = VECTOR('',#15924,1.);
#15924 = DIRECTION('',(0.,0.,1.));
#15925 = PCURVE('',#3811,#15926);
#15926 = DEFINITIONAL_REPRESENTATION('',(#15927),#15931);
#15927 = LINE('',#15928,#15929);
#15928 = CARTESIAN_POINT('',(6.28318530718,-0.));
#15929 = VECTOR('',#15930,1.);
#15930 = DIRECTION('',(0.,1.));
#15931 = ( GEOMETRIC_REPRESENTATION_CONTEXT(2) 
PARAMETRIC_REPRESENTATION_CONTEXT() REPRESENTATION_CONTEXT('2D SPACE',''
  ) );
#15932 = PCURVE('',#3811,#15933);
#15933 = DEFINITIONAL_REPRESENTATION('',(#15934),#15938);
#15934 = LINE('',#15935,#15936);
#15935 = CARTESIAN_POINT('',(0.,-0.));
#15936 = VECTOR('',#15937,1.);
#15937 = DIRECTION('',(0.,1.));
#15938 = ( GEOMETRIC_REPRESENTATION_CONTEXT(2) 
PARAMETRIC_REPRESENTATION_CONTEXT() REPRESENTATION_CONTEXT('2D SPACE',''
  ) );
#15939 = ORIENTED_EDGE('',*,*,#3790,.T.);
#15940 = ORIENTED_EDGE('',*,*,#15919,.T.);
#15941 = ADVANCED_FACE('',(#15942),#3846,.F.);
#15942 = FACE_BOUND('',#15943,.F.);
#15943 = EDGE_LOOP('',(#15944,#15945,#15966,#15967));
#15944 = ORIENTED_EDGE('',*,*,#10028,.F.);
#15945 = ORIENTED_EDGE('',*,*,#15946,.F.);
#15946 = EDGE_CURVE('',#3826,#10029,#15947,.T.);
#15947 = SEAM_CURVE('',#15948,(#15952,#15959),.PCURVE_S1.);
#15948 = LINE('',#15949,#15950);
#15949 = CARTESIAN_POINT('',(153.,-121.15,-1.E-02));
#15950 = VECTOR('',#15951,1.);
#15951 = DIRECTION('',(0.,0.,1.));
#15952 = PCURVE('',#3846,#15953);
#15953 = DEFINITIONAL_REPRESENTATION('',(#15954),#15958);
#15954 = LINE('',#15955,#15956);
#15955 = CARTESIAN_POINT('',(6.28318530718,-0.));
#15956 = VECTOR('',#15957,1.);
#15957 = DIRECTION('',(0.,1.));
#15958 = ( GEOMETRIC_REPRESENTATION_CONTEXT(2) 
PARAMETRIC_REPRESENTATION_CONTEXT() REPRESENTATION_CONTEXT('2D SPACE',''
  ) );
#15959 = PCURVE('',#3846,#15960);
#15960 = DEFINITIONAL_REPRESENTATION('',(#15961),#15965);
#15961 = LINE('',#15962,#15963);
#15962 = CARTESIAN_POINT('',(0.,-0.));
#15963 = VECTOR('',#15964,1.);
#15964 = DIRECTION('',(0.,1.));
#15965 = ( GEOMETRIC_REPRESENTATION_CONTEXT(2) 
PARAMETRIC_REPRESENTATION_CONTEXT() REPRESENTATION_CONTEXT('2D SPACE',''
  ) );
#15966 = ORIENTED_EDGE('',*,*,#3825,.T.);
#15967 = ORIENTED_EDGE('',*,*,#15946,.T.);
#15968 = ADVANCED_FACE('',(#15969),#3881,.F.);
#15969 = FACE_BOUND('',#15970,.F.);
#15970 = EDGE_LOOP('',(#15971,#15972,#15993,#15994));
#15971 = ORIENTED_EDGE('',*,*,#10058,.F.);
#15972 = ORIENTED_EDGE('',*,*,#15973,.F.);
#15973 = EDGE_CURVE('',#3861,#10059,#15974,.T.);
#15974 = SEAM_CURVE('',#15975,(#15979,#15986),.PCURVE_S1.);
#15975 = LINE('',#15976,#15977);
#15976 = CARTESIAN_POINT('',(151.833274,-121.633274,-1.E-02));
#15977 = VECTOR('',#15978,1.);
#15978 = DIRECTION('',(0.,0.,1.));
#15979 = PCURVE('',#3881,#15980);
#15980 = DEFINITIONAL_REPRESENTATION('',(#15981),#15985);
#15981 = LINE('',#15982,#15983);
#15982 = CARTESIAN_POINT('',(6.28318530718,-0.));
#15983 = VECTOR('',#15984,1.);
#15984 = DIRECTION('',(0.,1.));
#15985 = ( GEOMETRIC_REPRESENTATION_CONTEXT(2) 
PARAMETRIC_REPRESENTATION_CONTEXT() REPRESENTATION_CONTEXT('2D SPACE',''
  ) );
#15986 = PCURVE('',#3881,#15987);
#15987 = DEFINITIONAL_REPRESENTATION('',(#15988),#15992);
#15988 = LINE('',#15989,#15990);
#15989 = CARTESIAN_POINT('',(0.,-0.));
#15990 = VECTOR('',#15991,1.);
#15991 = DIRECTION('',(0.,1.));
#15992 = ( GEOMETRIC_REPRESENTATION_CONTEXT(2) 
PARAMETRIC_REPRESENTATION_CONTEXT() REPRESENTATION_CONTEXT('2D SPACE',''
  ) );
#15993 = ORIENTED_EDGE('',*,*,#3860,.T.);
#15994 = ORIENTED_EDGE('',*,*,#15973,.T.);
#15995 = ADVANCED_FACE('',(#15996),#3916,.F.);
#15996 = FACE_BOUND('',#15997,.F.);
#15997 = EDGE_LOOP('',(#15998,#15999,#16020,#16021));
#15998 = ORIENTED_EDGE('',*,*,#10088,.F.);
#15999 = ORIENTED_EDGE('',*,*,#16000,.F.);
#16000 = EDGE_CURVE('',#3896,#10089,#16001,.T.);
#16001 = SEAM_CURVE('',#16002,(#16006,#16013),.PCURVE_S1.);
#16002 = LINE('',#16003,#16004);
#16003 = CARTESIAN_POINT('',(133.65,-122.05,-1.E-02));
#16004 = VECTOR('',#16005,1.);
#16005 = DIRECTION('',(0.,0.,1.));
#16006 = PCURVE('',#3916,#16007);
#16007 = DEFINITIONAL_REPRESENTATION('',(#16008),#16012);
#16008 = LINE('',#16009,#16010);
#16009 = CARTESIAN_POINT('',(6.28318530718,-0.));
#16010 = VECTOR('',#16011,1.);
#16011 = DIRECTION('',(0.,1.));
#16012 = ( GEOMETRIC_REPRESENTATION_CONTEXT(2) 
PARAMETRIC_REPRESENTATION_CONTEXT() REPRESENTATION_CONTEXT('2D SPACE',''
  ) );
#16013 = PCURVE('',#3916,#16014);
#16014 = DEFINITIONAL_REPRESENTATION('',(#16015),#16019);
#16015 = LINE('',#16016,#16017);
#16016 = CARTESIAN_POINT('',(0.,-0.));
#16017 = VECTOR('',#16018,1.);
#16018 = DIRECTION('',(0.,1.));
#16019 = ( GEOMETRIC_REPRESENTATION_CONTEXT(2) 
PARAMETRIC_REPRESENTATION_CONTEXT() REPRESENTATION_CONTEXT('2D SPACE',''
  ) );
#16020 = ORIENTED_EDGE('',*,*,#3895,.T.);
#16021 = ORIENTED_EDGE('',*,*,#16000,.T.);
#16022 = ADVANCED_FACE('',(#16023),#3951,.F.);
#16023 = FACE_BOUND('',#16024,.F.);
#16024 = EDGE_LOOP('',(#16025,#16026,#16047,#16048));
#16025 = ORIENTED_EDGE('',*,*,#10118,.F.);
#16026 = ORIENTED_EDGE('',*,*,#16027,.F.);
#16027 = EDGE_CURVE('',#3931,#10119,#16028,.T.);
#16028 = SEAM_CURVE('',#16029,(#16033,#16040),.PCURVE_S1.);
#16029 = LINE('',#16030,#16031);
#16030 = CARTESIAN_POINT('',(133.65,-120.95,-1.E-02));
#16031 = VECTOR('',#16032,1.);
#16032 = DIRECTION('',(0.,0.,1.));
#16033 = PCURVE('',#3951,#16034);
#16034 = DEFINITIONAL_REPRESENTATION('',(#16035),#16039);
#16035 = LINE('',#16036,#16037);
#16036 = CARTESIAN_POINT('',(6.28318530718,-0.));
#16037 = VECTOR('',#16038,1.);
#16038 = DIRECTION('',(0.,1.));
#16039 = ( GEOMETRIC_REPRESENTATION_CONTEXT(2) 
PARAMETRIC_REPRESENTATION_CONTEXT() REPRESENTATION_CONTEXT('2D SPACE',''
  ) );
#16040 = PCURVE('',#3951,#16041);
#16041 = DEFINITIONAL_REPRESENTATION('',(#16042),#16046);
#16042 = LINE('',#16043,#16044);
#16043 = CARTESIAN_POINT('',(0.,-0.));
#16044 = VECTOR('',#16045,1.);
#16045 = DIRECTION('',(0.,1.));
#16046 = ( GEOMETRIC_REPRESENTATION_CONTEXT(2) 
PARAMETRIC_REPRESENTATION_CONTEXT() REPRESENTATION_CONTEXT('2D SPACE',''
  ) );
#16047 = ORIENTED_EDGE('',*,*,#3930,.T.);
#16048 = ORIENTED_EDGE('',*,*,#16027,.T.);
#16049 = ADVANCED_FACE('',(#16050),#3986,.F.);
#16050 = FACE_BOUND('',#16051,.F.);
#16051 = EDGE_LOOP('',(#16052,#16053,#16074,#16075));
#16052 = ORIENTED_EDGE('',*,*,#10148,.F.);
#16053 = ORIENTED_EDGE('',*,*,#16054,.F.);
#16054 = EDGE_CURVE('',#3966,#10149,#16055,.T.);
#16055 = SEAM_CURVE('',#16056,(#16060,#16067),.PCURVE_S1.);
#16056 = LINE('',#16057,#16058);
#16057 = CARTESIAN_POINT('',(132.55,-122.05,-1.E-02));
#16058 = VECTOR('',#16059,1.);
#16059 = DIRECTION('',(0.,0.,1.));
#16060 = PCURVE('',#3986,#16061);
#16061 = DEFINITIONAL_REPRESENTATION('',(#16062),#16066);
#16062 = LINE('',#16063,#16064);
#16063 = CARTESIAN_POINT('',(6.28318530718,-0.));
#16064 = VECTOR('',#16065,1.);
#16065 = DIRECTION('',(0.,1.));
#16066 = ( GEOMETRIC_REPRESENTATION_CONTEXT(2) 
PARAMETRIC_REPRESENTATION_CONTEXT() REPRESENTATION_CONTEXT('2D SPACE',''
  ) );
#16067 = PCURVE('',#3986,#16068);
#16068 = DEFINITIONAL_REPRESENTATION('',(#16069),#16073);
#16069 = LINE('',#16070,#16071);
#16070 = CARTESIAN_POINT('',(0.,-0.));
#16071 = VECTOR('',#16072,1.);
#16072 = DIRECTION('',(0.,1.));
#16073 = ( GEOMETRIC_REPRESENTATION_CONTEXT(2) 
PARAMETRIC_REPRESENTATION_CONTEXT() REPRESENTATION_CONTEXT('2D SPACE',''
  ) );
#16074 = ORIENTED_EDGE('',*,*,#3965,.T.);
#16075 = ORIENTED_EDGE('',*,*,#16054,.T.);
#16076 = ADVANCED_FACE('',(#16077),#4021,.F.);
#16077 = FACE_BOUND('',#16078,.F.);
#16078 = EDGE_LOOP('',(#16079,#16080,#16101,#16102));
#16079 = ORIENTED_EDGE('',*,*,#10178,.F.);
#16080 = ORIENTED_EDGE('',*,*,#16081,.F.);
#16081 = EDGE_CURVE('',#4001,#10179,#16082,.T.);
#16082 = SEAM_CURVE('',#16083,(#16087,#16094),.PCURVE_S1.);
#16083 = LINE('',#16084,#16085);
#16084 = CARTESIAN_POINT('',(132.55,-120.95,-1.E-02));
#16085 = VECTOR('',#16086,1.);
#16086 = DIRECTION('',(0.,0.,1.));
#16087 = PCURVE('',#4021,#16088);
#16088 = DEFINITIONAL_REPRESENTATION('',(#16089),#16093);
#16089 = LINE('',#16090,#16091);
#16090 = CARTESIAN_POINT('',(6.28318530718,-0.));
#16091 = VECTOR('',#16092,1.);
#16092 = DIRECTION('',(0.,1.));
#16093 = ( GEOMETRIC_REPRESENTATION_CONTEXT(2) 
PARAMETRIC_REPRESENTATION_CONTEXT() REPRESENTATION_CONTEXT('2D SPACE',''
  ) );
#16094 = PCURVE('',#4021,#16095);
#16095 = DEFINITIONAL_REPRESENTATION('',(#16096),#16100);
#16096 = LINE('',#16097,#16098);
#16097 = CARTESIAN_POINT('',(0.,-0.));
#16098 = VECTOR('',#16099,1.);
#16099 = DIRECTION('',(0.,1.));
#16100 = ( GEOMETRIC_REPRESENTATION_CONTEXT(2) 
PARAMETRIC_REPRESENTATION_CONTEXT() REPRESENTATION_CONTEXT('2D SPACE',''
  ) );
#16101 = ORIENTED_EDGE('',*,*,#4000,.T.);
#16102 = ORIENTED_EDGE('',*,*,#16081,.T.);
#16103 = ADVANCED_FACE('',(#16104),#4056,.F.);
#16104 = FACE_BOUND('',#16105,.F.);
#16105 = EDGE_LOOP('',(#16106,#16107,#16128,#16129));
#16106 = ORIENTED_EDGE('',*,*,#10208,.F.);
#16107 = ORIENTED_EDGE('',*,*,#16108,.F.);
#16108 = EDGE_CURVE('',#4036,#10209,#16109,.T.);
#16109 = SEAM_CURVE('',#16110,(#16114,#16121),.PCURVE_S1.);
#16110 = LINE('',#16111,#16112);
#16111 = CARTESIAN_POINT('',(108.65,-123.2,-1.E-02));
#16112 = VECTOR('',#16113,1.);
#16113 = DIRECTION('',(0.,0.,1.));
#16114 = PCURVE('',#4056,#16115);
#16115 = DEFINITIONAL_REPRESENTATION('',(#16116),#16120);
#16116 = LINE('',#16117,#16118);
#16117 = CARTESIAN_POINT('',(6.28318530718,-0.));
#16118 = VECTOR('',#16119,1.);
#16119 = DIRECTION('',(0.,1.));
#16120 = ( GEOMETRIC_REPRESENTATION_CONTEXT(2) 
PARAMETRIC_REPRESENTATION_CONTEXT() REPRESENTATION_CONTEXT('2D SPACE',''
  ) );
#16121 = PCURVE('',#4056,#16122);
#16122 = DEFINITIONAL_REPRESENTATION('',(#16123),#16127);
#16123 = LINE('',#16124,#16125);
#16124 = CARTESIAN_POINT('',(0.,-0.));
#16125 = VECTOR('',#16126,1.);
#16126 = DIRECTION('',(0.,1.));
#16127 = ( GEOMETRIC_REPRESENTATION_CONTEXT(2) 
PARAMETRIC_REPRESENTATION_CONTEXT() REPRESENTATION_CONTEXT('2D SPACE',''
  ) );
#16128 = ORIENTED_EDGE('',*,*,#4035,.T.);
#16129 = ORIENTED_EDGE('',*,*,#16108,.T.);
#16130 = ADVANCED_FACE('',(#16131),#4091,.F.);
#16131 = FACE_BOUND('',#16132,.F.);
#16132 = EDGE_LOOP('',(#16133,#16134,#16155,#16156));
#16133 = ORIENTED_EDGE('',*,*,#10238,.F.);
#16134 = ORIENTED_EDGE('',*,*,#16135,.F.);
#16135 = EDGE_CURVE('',#4071,#10239,#16136,.T.);
#16136 = SEAM_CURVE('',#16137,(#16141,#16148),.PCURVE_S1.);
#16137 = LINE('',#16138,#16139);
#16138 = CARTESIAN_POINT('',(107.,-124.85,-1.E-02));
#16139 = VECTOR('',#16140,1.);
#16140 = DIRECTION('',(0.,0.,1.));
#16141 = PCURVE('',#4091,#16142);
#16142 = DEFINITIONAL_REPRESENTATION('',(#16143),#16147);
#16143 = LINE('',#16144,#16145);
#16144 = CARTESIAN_POINT('',(6.28318530718,-0.));
#16145 = VECTOR('',#16146,1.);
#16146 = DIRECTION('',(0.,1.));
#16147 = ( GEOMETRIC_REPRESENTATION_CONTEXT(2) 
PARAMETRIC_REPRESENTATION_CONTEXT() REPRESENTATION_CONTEXT('2D SPACE',''
  ) );
#16148 = PCURVE('',#4091,#16149);
#16149 = DEFINITIONAL_REPRESENTATION('',(#16150),#16154);
#16150 = LINE('',#16151,#16152);
#16151 = CARTESIAN_POINT('',(0.,-0.));
#16152 = VECTOR('',#16153,1.);
#16153 = DIRECTION('',(0.,1.));
#16154 = ( GEOMETRIC_REPRESENTATION_CONTEXT(2) 
PARAMETRIC_REPRESENTATION_CONTEXT() REPRESENTATION_CONTEXT('2D SPACE',''
  ) );
#16155 = ORIENTED_EDGE('',*,*,#4070,.T.);
#16156 = ORIENTED_EDGE('',*,*,#16135,.T.);
#16157 = ADVANCED_FACE('',(#16158),#4126,.F.);
#16158 = FACE_BOUND('',#16159,.F.);
#16159 = EDGE_LOOP('',(#16160,#16161,#16182,#16183));
#16160 = ORIENTED_EDGE('',*,*,#10268,.F.);
#16161 = ORIENTED_EDGE('',*,*,#16162,.F.);
#16162 = EDGE_CURVE('',#4106,#10269,#16163,.T.);
#16163 = SEAM_CURVE('',#16164,(#16168,#16175),.PCURVE_S1.);
#16164 = LINE('',#16165,#16166);
#16165 = CARTESIAN_POINT('',(108.166726,-124.366726,-1.E-02));
#16166 = VECTOR('',#16167,1.);
#16167 = DIRECTION('',(0.,0.,1.));
#16168 = PCURVE('',#4126,#16169);
#16169 = DEFINITIONAL_REPRESENTATION('',(#16170),#16174);
#16170 = LINE('',#16171,#16172);
#16171 = CARTESIAN_POINT('',(6.28318530718,-0.));
#16172 = VECTOR('',#16173,1.);
#16173 = DIRECTION('',(0.,1.));
#16174 = ( GEOMETRIC_REPRESENTATION_CONTEXT(2) 
PARAMETRIC_REPRESENTATION_CONTEXT() REPRESENTATION_CONTEXT('2D SPACE',''
  ) );
#16175 = PCURVE('',#4126,#16176);
#16176 = DEFINITIONAL_REPRESENTATION('',(#16177),#16181);
#16177 = LINE('',#16178,#16179);
#16178 = CARTESIAN_POINT('',(0.,-0.));
#16179 = VECTOR('',#16180,1.);
#16180 = DIRECTION('',(0.,1.));
#16181 = ( GEOMETRIC_REPRESENTATION_CONTEXT(2) 
PARAMETRIC_REPRESENTATION_CONTEXT() REPRESENTATION_CONTEXT('2D SPACE',''
  ) );
#16182 = ORIENTED_EDGE('',*,*,#4105,.T.);
#16183 = ORIENTED_EDGE('',*,*,#16162,.T.);
#16184 = ADVANCED_FACE('',(#16185),#4161,.F.);
#16185 = FACE_BOUND('',#16186,.F.);
#16186 = EDGE_LOOP('',(#16187,#16188,#16209,#16210));
#16187 = ORIENTED_EDGE('',*,*,#10298,.F.);
#16188 = ORIENTED_EDGE('',*,*,#16189,.F.);
#16189 = EDGE_CURVE('',#4141,#10299,#16190,.T.);
#16190 = SEAM_CURVE('',#16191,(#16195,#16202),.PCURVE_S1.);
#16191 = LINE('',#16192,#16193);
#16192 = CARTESIAN_POINT('',(105.833274,-124.366726,-1.E-02));
#16193 = VECTOR('',#16194,1.);
#16194 = DIRECTION('',(0.,0.,1.));
#16195 = PCURVE('',#4161,#16196);
#16196 = DEFINITIONAL_REPRESENTATION('',(#16197),#16201);
#16197 = LINE('',#16198,#16199);
#16198 = CARTESIAN_POINT('',(6.28318530718,-0.));
#16199 = VECTOR('',#16200,1.);
#16200 = DIRECTION('',(0.,1.));
#16201 = ( GEOMETRIC_REPRESENTATION_CONTEXT(2) 
PARAMETRIC_REPRESENTATION_CONTEXT() REPRESENTATION_CONTEXT('2D SPACE',''
  ) );
#16202 = PCURVE('',#4161,#16203);
#16203 = DEFINITIONAL_REPRESENTATION('',(#16204),#16208);
#16204 = LINE('',#16205,#16206);
#16205 = CARTESIAN_POINT('',(0.,-0.));
#16206 = VECTOR('',#16207,1.);
#16207 = DIRECTION('',(0.,1.));
#16208 = ( GEOMETRIC_REPRESENTATION_CONTEXT(2) 
PARAMETRIC_REPRESENTATION_CONTEXT() REPRESENTATION_CONTEXT('2D SPACE',''
  ) );
#16209 = ORIENTED_EDGE('',*,*,#4140,.T.);
#16210 = ORIENTED_EDGE('',*,*,#16189,.T.);
#16211 = ADVANCED_FACE('',(#16212),#4196,.F.);
#16212 = FACE_BOUND('',#16213,.F.);
#16213 = EDGE_LOOP('',(#16214,#16215,#16236,#16237));
#16214 = ORIENTED_EDGE('',*,*,#10328,.F.);
#16215 = ORIENTED_EDGE('',*,*,#16216,.F.);
#16216 = EDGE_CURVE('',#4176,#10329,#16217,.T.);
#16217 = SEAM_CURVE('',#16218,(#16222,#16229),.PCURVE_S1.);
#16218 = LINE('',#16219,#16220);
#16219 = CARTESIAN_POINT('',(107.9,-123.2,-1.E-02));
#16220 = VECTOR('',#16221,1.);
#16221 = DIRECTION('',(0.,0.,1.));
#16222 = PCURVE('',#4196,#16223);
#16223 = DEFINITIONAL_REPRESENTATION('',(#16224),#16228);
#16224 = LINE('',#16225,#16226);
#16225 = CARTESIAN_POINT('',(6.28318530718,-0.));
#16226 = VECTOR('',#16227,1.);
#16227 = DIRECTION('',(0.,1.));
#16228 = ( GEOMETRIC_REPRESENTATION_CONTEXT(2) 
PARAMETRIC_REPRESENTATION_CONTEXT() REPRESENTATION_CONTEXT('2D SPACE',''
  ) );
#16229 = PCURVE('',#4196,#16230);
#16230 = DEFINITIONAL_REPRESENTATION('',(#16231),#16235);
#16231 = LINE('',#16232,#16233);
#16232 = CARTESIAN_POINT('',(0.,-0.));
#16233 = VECTOR('',#16234,1.);
#16234 = DIRECTION('',(0.,1.));
#16235 = ( GEOMETRIC_REPRESENTATION_CONTEXT(2) 
PARAMETRIC_REPRESENTATION_CONTEXT() REPRESENTATION_CONTEXT('2D SPACE',''
  ) );
#16236 = ORIENTED_EDGE('',*,*,#4175,.T.);
#16237 = ORIENTED_EDGE('',*,*,#16216,.T.);
#16238 = ADVANCED_FACE('',(#16239),#4231,.F.);
#16239 = FACE_BOUND('',#16240,.F.);
#16240 = EDGE_LOOP('',(#16241,#16242,#16263,#16264));
#16241 = ORIENTED_EDGE('',*,*,#10358,.F.);
#16242 = ORIENTED_EDGE('',*,*,#16243,.F.);
#16243 = EDGE_CURVE('',#4211,#10359,#16244,.T.);
#16244 = SEAM_CURVE('',#16245,(#16249,#16256),.PCURVE_S1.);
#16245 = LINE('',#16246,#16247);
#16246 = CARTESIAN_POINT('',(105.35,-123.2,-1.E-02));
#16247 = VECTOR('',#16248,1.);
#16248 = DIRECTION('',(0.,0.,1.));
#16249 = PCURVE('',#4231,#16250);
#16250 = DEFINITIONAL_REPRESENTATION('',(#16251),#16255);
#16251 = LINE('',#16252,#16253);
#16252 = CARTESIAN_POINT('',(6.28318530718,-0.));
#16253 = VECTOR('',#16254,1.);
#16254 = DIRECTION('',(0.,1.));
#16255 = ( GEOMETRIC_REPRESENTATION_CONTEXT(2) 
PARAMETRIC_REPRESENTATION_CONTEXT() REPRESENTATION_CONTEXT('2D SPACE',''
  ) );
#16256 = PCURVE('',#4231,#16257);
#16257 = DEFINITIONAL_REPRESENTATION('',(#16258),#16262);
#16258 = LINE('',#16259,#16260);
#16259 = CARTESIAN_POINT('',(0.,-0.));
#16260 = VECTOR('',#16261,1.);
#16261 = DIRECTION('',(0.,1.));
#16262 = ( GEOMETRIC_REPRESENTATION_CONTEXT(2) 
PARAMETRIC_REPRESENTATION_CONTEXT() REPRESENTATION_CONTEXT('2D SPACE',''
  ) );
#16263 = ORIENTED_EDGE('',*,*,#4210,.T.);
#16264 = ORIENTED_EDGE('',*,*,#16243,.T.);
#16265 = ADVANCED_FACE('',(#16266),#4266,.F.);
#16266 = FACE_BOUND('',#16267,.F.);
#16267 = EDGE_LOOP('',(#16268,#16269,#16290,#16291));
#16268 = ORIENTED_EDGE('',*,*,#10388,.F.);
#16269 = ORIENTED_EDGE('',*,*,#16270,.F.);
#16270 = EDGE_CURVE('',#4246,#10389,#16271,.T.);
#16271 = SEAM_CURVE('',#16272,(#16276,#16283),.PCURVE_S1.);
#16272 = LINE('',#16273,#16274);
#16273 = CARTESIAN_POINT('',(108.166726,-122.033274,-1.E-02));
#16274 = VECTOR('',#16275,1.);
#16275 = DIRECTION('',(0.,0.,1.));
#16276 = PCURVE('',#4266,#16277);
#16277 = DEFINITIONAL_REPRESENTATION('',(#16278),#16282);
#16278 = LINE('',#16279,#16280);
#16279 = CARTESIAN_POINT('',(6.28318530718,-0.));
#16280 = VECTOR('',#16281,1.);
#16281 = DIRECTION('',(0.,1.));
#16282 = ( GEOMETRIC_REPRESENTATION_CONTEXT(2) 
PARAMETRIC_REPRESENTATION_CONTEXT() REPRESENTATION_CONTEXT('2D SPACE',''
  ) );
#16283 = PCURVE('',#4266,#16284);
#16284 = DEFINITIONAL_REPRESENTATION('',(#16285),#16289);
#16285 = LINE('',#16286,#16287);
#16286 = CARTESIAN_POINT('',(0.,-0.));
#16287 = VECTOR('',#16288,1.);
#16288 = DIRECTION('',(0.,1.));
#16289 = ( GEOMETRIC_REPRESENTATION_CONTEXT(2) 
PARAMETRIC_REPRESENTATION_CONTEXT() REPRESENTATION_CONTEXT('2D SPACE',''
  ) );
#16290 = ORIENTED_EDGE('',*,*,#4245,.T.);
#16291 = ORIENTED_EDGE('',*,*,#16270,.T.);
#16292 = ADVANCED_FACE('',(#16293),#4301,.F.);
#16293 = FACE_BOUND('',#16294,.F.);
#16294 = EDGE_LOOP('',(#16295,#16296,#16317,#16318));
#16295 = ORIENTED_EDGE('',*,*,#10418,.F.);
#16296 = ORIENTED_EDGE('',*,*,#16297,.F.);
#16297 = EDGE_CURVE('',#4281,#10419,#16298,.T.);
#16298 = SEAM_CURVE('',#16299,(#16303,#16310),.PCURVE_S1.);
#16299 = LINE('',#16300,#16301);
#16300 = CARTESIAN_POINT('',(107.,-121.55,-1.E-02));
#16301 = VECTOR('',#16302,1.);
#16302 = DIRECTION('',(0.,0.,1.));
#16303 = PCURVE('',#4301,#16304);
#16304 = DEFINITIONAL_REPRESENTATION('',(#16305),#16309);
#16305 = LINE('',#16306,#16307);
#16306 = CARTESIAN_POINT('',(6.28318530718,-0.));
#16307 = VECTOR('',#16308,1.);
#16308 = DIRECTION('',(0.,1.));
#16309 = ( GEOMETRIC_REPRESENTATION_CONTEXT(2) 
PARAMETRIC_REPRESENTATION_CONTEXT() REPRESENTATION_CONTEXT('2D SPACE',''
  ) );
#16310 = PCURVE('',#4301,#16311);
#16311 = DEFINITIONAL_REPRESENTATION('',(#16312),#16316);
#16312 = LINE('',#16313,#16314);
#16313 = CARTESIAN_POINT('',(0.,-0.));
#16314 = VECTOR('',#16315,1.);
#16315 = DIRECTION('',(0.,1.));
#16316 = ( GEOMETRIC_REPRESENTATION_CONTEXT(2) 
PARAMETRIC_REPRESENTATION_CONTEXT() REPRESENTATION_CONTEXT('2D SPACE',''
  ) );
#16317 = ORIENTED_EDGE('',*,*,#4280,.T.);
#16318 = ORIENTED_EDGE('',*,*,#16297,.T.);
#16319 = ADVANCED_FACE('',(#16320),#4336,.F.);
#16320 = FACE_BOUND('',#16321,.F.);
#16321 = EDGE_LOOP('',(#16322,#16323,#16344,#16345));
#16322 = ORIENTED_EDGE('',*,*,#10448,.F.);
#16323 = ORIENTED_EDGE('',*,*,#16324,.F.);
#16324 = EDGE_CURVE('',#4316,#10449,#16325,.T.);
#16325 = SEAM_CURVE('',#16326,(#16330,#16337),.PCURVE_S1.);
#16326 = LINE('',#16327,#16328);
#16327 = CARTESIAN_POINT('',(105.833274,-122.033274,-1.E-02));
#16328 = VECTOR('',#16329,1.);
#16329 = DIRECTION('',(0.,0.,1.));
#16330 = PCURVE('',#4336,#16331);
#16331 = DEFINITIONAL_REPRESENTATION('',(#16332),#16336);
#16332 = LINE('',#16333,#16334);
#16333 = CARTESIAN_POINT('',(6.28318530718,-0.));
#16334 = VECTOR('',#16335,1.);
#16335 = DIRECTION('',(0.,1.));
#16336 = ( GEOMETRIC_REPRESENTATION_CONTEXT(2) 
PARAMETRIC_REPRESENTATION_CONTEXT() REPRESENTATION_CONTEXT('2D SPACE',''
  ) );
#16337 = PCURVE('',#4336,#16338);
#16338 = DEFINITIONAL_REPRESENTATION('',(#16339),#16343);
#16339 = LINE('',#16340,#16341);
#16340 = CARTESIAN_POINT('',(0.,-0.));
#16341 = VECTOR('',#16342,1.);
#16342 = DIRECTION('',(0.,1.));
#16343 = ( GEOMETRIC_REPRESENTATION_CONTEXT(2) 
PARAMETRIC_REPRESENTATION_CONTEXT() REPRESENTATION_CONTEXT('2D SPACE',''
  ) );
#16344 = ORIENTED_EDGE('',*,*,#4315,.T.);
#16345 = ORIENTED_EDGE('',*,*,#16324,.T.);
#16346 = ADVANCED_FACE('',(#16347),#4368,.F.);
#16347 = FACE_BOUND('',#16348,.F.);
#16348 = EDGE_LOOP('',(#16349,#16350,#16371,#16372));
#16349 = ORIENTED_EDGE('',*,*,#4350,.F.);
#16350 = ORIENTED_EDGE('',*,*,#16351,.T.);
#16351 = EDGE_CURVE('',#4351,#10479,#16352,.T.);
#16352 = SURFACE_CURVE('',#16353,(#16357,#16364),.PCURVE_S1.);
#16353 = LINE('',#16354,#16355);
#16354 = CARTESIAN_POINT('',(145.025108,-86.224875,0.));
#16355 = VECTOR('',#16356,1.);
#16356 = DIRECTION('',(0.,0.,1.));
#16357 = PCURVE('',#4368,#16358);
#16358 = DEFINITIONAL_REPRESENTATION('',(#16359),#16363);
#16359 = LINE('',#16360,#16361);
#16360 = CARTESIAN_POINT('',(0.,0.));
#16361 = VECTOR('',#16362,1.);
#16362 = DIRECTION('',(0.,-1.));
#16363 = ( GEOMETRIC_REPRESENTATION_CONTEXT(2) 
PARAMETRIC_REPRESENTATION_CONTEXT() REPRESENTATION_CONTEXT('2D SPACE',''
  ) );
#16364 = PCURVE('',#4396,#16365);
#16365 = DEFINITIONAL_REPRESENTATION('',(#16366),#16370);
#16366 = LINE('',#16367,#16368);
#16367 = CARTESIAN_POINT('',(5.536115324847E-02,0.));
#16368 = VECTOR('',#16369,1.);
#16369 = DIRECTION('',(0.,-1.));
#16370 = ( GEOMETRIC_REPRESENTATION_CONTEXT(2) 
PARAMETRIC_REPRESENTATION_CONTEXT() REPRESENTATION_CONTEXT('2D SPACE',''
  ) );
#16371 = ORIENTED_EDGE('',*,*,#10478,.T.);
#16372 = ORIENTED_EDGE('',*,*,#16373,.F.);
#16373 = EDGE_CURVE('',#4353,#10481,#16374,.T.);
#16374 = SURFACE_CURVE('',#16375,(#16379,#16386),.PCURVE_S1.);
#16375 = LINE('',#16376,#16377);
#16376 = CARTESIAN_POINT('',(145.064935,-86.12207,0.));
#16377 = VECTOR('',#16378,1.);
#16378 = DIRECTION('',(0.,0.,1.));
#16379 = PCURVE('',#4368,#16380);
#16380 = DEFINITIONAL_REPRESENTATION('',(#16381),#16385);
#16381 = LINE('',#16382,#16383);
#16382 = CARTESIAN_POINT('',(0.110249979383,0.));
#16383 = VECTOR('',#16384,1.);
#16384 = DIRECTION('',(0.,-1.));
#16385 = ( GEOMETRIC_REPRESENTATION_CONTEXT(2) 
PARAMETRIC_REPRESENTATION_CONTEXT() REPRESENTATION_CONTEXT('2D SPACE',''
  ) );
#16386 = PCURVE('',#4898,#16387);
#16387 = DEFINITIONAL_REPRESENTATION('',(#16388),#16392);
#16388 = LINE('',#16389,#16390);
#16389 = CARTESIAN_POINT('',(0.,0.));
#16390 = VECTOR('',#16391,1.);
#16391 = DIRECTION('',(0.,-1.));
#16392 = ( GEOMETRIC_REPRESENTATION_CONTEXT(2) 
PARAMETRIC_REPRESENTATION_CONTEXT() REPRESENTATION_CONTEXT('2D SPACE',''
  ) );
#16393 = ADVANCED_FACE('',(#16394),#4898,.F.);
#16394 = FACE_BOUND('',#16395,.F.);
#16395 = EDGE_LOOP('',(#16396,#16397,#16398,#16399));
#16396 = ORIENTED_EDGE('',*,*,#4884,.F.);
#16397 = ORIENTED_EDGE('',*,*,#16373,.T.);
#16398 = ORIENTED_EDGE('',*,*,#10879,.T.);
#16399 = ORIENTED_EDGE('',*,*,#16400,.F.);
#16400 = EDGE_CURVE('',#4857,#10859,#16401,.T.);
#16401 = SURFACE_CURVE('',#16402,(#16406,#16413),.PCURVE_S1.);
#16402 = LINE('',#16403,#16404);
#16403 = CARTESIAN_POINT('',(145.13921,-86.040595,0.));
#16404 = VECTOR('',#16405,1.);
#16405 = DIRECTION('',(0.,0.,1.));
#16406 = PCURVE('',#4898,#16407);
#16407 = DEFINITIONAL_REPRESENTATION('',(#16408),#16412);
#16408 = LINE('',#16409,#16410);
#16409 = CARTESIAN_POINT('',(0.110249495464,0.));
#16410 = VECTOR('',#16411,1.);
#16411 = DIRECTION('',(0.,-1.));
#16412 = ( GEOMETRIC_REPRESENTATION_CONTEXT(2) 
PARAMETRIC_REPRESENTATION_CONTEXT() REPRESENTATION_CONTEXT('2D SPACE',''
  ) );
#16413 = PCURVE('',#4872,#16414);
#16414 = DEFINITIONAL_REPRESENTATION('',(#16415),#16419);
#16415 = LINE('',#16416,#16417);
#16416 = CARTESIAN_POINT('',(0.,0.));
#16417 = VECTOR('',#16418,1.);
#16418 = DIRECTION('',(0.,-1.));
#16419 = ( GEOMETRIC_REPRESENTATION_CONTEXT(2) 
PARAMETRIC_REPRESENTATION_CONTEXT() REPRESENTATION_CONTEXT('2D SPACE',''
  ) );
#16420 = ADVANCED_FACE('',(#16421),#4872,.F.);
#16421 = FACE_BOUND('',#16422,.F.);
#16422 = EDGE_LOOP('',(#16423,#16424,#16425,#16426));
#16423 = ORIENTED_EDGE('',*,*,#4856,.F.);
#16424 = ORIENTED_EDGE('',*,*,#16400,.T.);
#16425 = ORIENTED_EDGE('',*,*,#10858,.T.);
#16426 = ORIENTED_EDGE('',*,*,#16427,.F.);
#16427 = EDGE_CURVE('',#4829,#10838,#16428,.T.);
#16428 = SURFACE_CURVE('',#16429,(#16433,#16440),.PCURVE_S1.);
#16429 = LINE('',#16430,#16431);
#16430 = CARTESIAN_POINT('',(145.237901,-85.991452,0.));
#16431 = VECTOR('',#16432,1.);
#16432 = DIRECTION('',(0.,0.,1.));
#16433 = PCURVE('',#4872,#16434);
#16434 = DEFINITIONAL_REPRESENTATION('',(#16435),#16439);
#16435 = LINE('',#16436,#16437);
#16436 = CARTESIAN_POINT('',(0.110249480407,0.));
#16437 = VECTOR('',#16438,1.);
#16438 = DIRECTION('',(0.,-1.));
#16439 = ( GEOMETRIC_REPRESENTATION_CONTEXT(2) 
PARAMETRIC_REPRESENTATION_CONTEXT() REPRESENTATION_CONTEXT('2D SPACE',''
  ) );
#16440 = PCURVE('',#4844,#16441);
#16441 = DEFINITIONAL_REPRESENTATION('',(#16442),#16446);
#16442 = LINE('',#16443,#16444);
#16443 = CARTESIAN_POINT('',(0.,0.));
#16444 = VECTOR('',#16445,1.);
#16445 = DIRECTION('',(0.,-1.));
#16446 = ( GEOMETRIC_REPRESENTATION_CONTEXT(2) 
PARAMETRIC_REPRESENTATION_CONTEXT() REPRESENTATION_CONTEXT('2D SPACE',''
  ) );
#16447 = ADVANCED_FACE('',(#16448),#4844,.F.);
#16448 = FACE_BOUND('',#16449,.F.);
#16449 = EDGE_LOOP('',(#16450,#16451,#16452,#16453));
#16450 = ORIENTED_EDGE('',*,*,#4828,.F.);
#16451 = ORIENTED_EDGE('',*,*,#16427,.T.);
#16452 = ORIENTED_EDGE('',*,*,#10837,.T.);
#16453 = ORIENTED_EDGE('',*,*,#16454,.F.);
#16454 = EDGE_CURVE('',#4801,#10817,#16455,.T.);
#16455 = SURFACE_CURVE('',#16456,(#16460,#16467),.PCURVE_S1.);
#16456 = LINE('',#16457,#16458);
#16457 = CARTESIAN_POINT('',(145.347681,-85.98128,0.));
#16458 = VECTOR('',#16459,1.);
#16459 = DIRECTION('',(0.,0.,1.));
#16460 = PCURVE('',#4844,#16461);
#16461 = DEFINITIONAL_REPRESENTATION('',(#16462),#16466);
#16462 = LINE('',#16463,#16464);
#16463 = CARTESIAN_POINT('',(0.110250251628,0.));
#16464 = VECTOR('',#16465,1.);
#16465 = DIRECTION('',(0.,-1.));
#16466 = ( GEOMETRIC_REPRESENTATION_CONTEXT(2) 
PARAMETRIC_REPRESENTATION_CONTEXT() REPRESENTATION_CONTEXT('2D SPACE',''
  ) );
#16467 = PCURVE('',#4816,#16468);
#16468 = DEFINITIONAL_REPRESENTATION('',(#16469),#16473);
#16469 = LINE('',#16470,#16471);
#16470 = CARTESIAN_POINT('',(0.,0.));
#16471 = VECTOR('',#16472,1.);
#16472 = DIRECTION('',(0.,-1.));
#16473 = ( GEOMETRIC_REPRESENTATION_CONTEXT(2) 
PARAMETRIC_REPRESENTATION_CONTEXT() REPRESENTATION_CONTEXT('2D SPACE',''
  ) );
#16474 = ADVANCED_FACE('',(#16475),#4816,.F.);
#16475 = FACE_BOUND('',#16476,.F.);
#16476 = EDGE_LOOP('',(#16477,#16478,#16479,#16480));
#16477 = ORIENTED_EDGE('',*,*,#4800,.F.);
#16478 = ORIENTED_EDGE('',*,*,#16454,.T.);
#16479 = ORIENTED_EDGE('',*,*,#10816,.T.);
#16480 = ORIENTED_EDGE('',*,*,#16481,.F.);
#16481 = EDGE_CURVE('',#4773,#10796,#16482,.T.);
#16482 = SURFACE_CURVE('',#16483,(#16487,#16494),.PCURVE_S1.);
#16483 = LINE('',#16484,#16485);
#16484 = CARTESIAN_POINT('',(145.453722,-86.011451,0.));
#16485 = VECTOR('',#16486,1.);
#16486 = DIRECTION('',(0.,0.,1.));
#16487 = PCURVE('',#4816,#16488);
#16488 = DEFINITIONAL_REPRESENTATION('',(#16489),#16493);
#16489 = LINE('',#16490,#16491);
#16490 = CARTESIAN_POINT('',(0.110249639101,0.));
#16491 = VECTOR('',#16492,1.);
#16492 = DIRECTION('',(0.,-1.));
#16493 = ( GEOMETRIC_REPRESENTATION_CONTEXT(2) 
PARAMETRIC_REPRESENTATION_CONTEXT() REPRESENTATION_CONTEXT('2D SPACE',''
  ) );
#16494 = PCURVE('',#4788,#16495);
#16495 = DEFINITIONAL_REPRESENTATION('',(#16496),#16500);
#16496 = LINE('',#16497,#16498);
#16497 = CARTESIAN_POINT('',(0.,0.));
#16498 = VECTOR('',#16499,1.);
#16499 = DIRECTION('',(0.,-1.));
#16500 = ( GEOMETRIC_REPRESENTATION_CONTEXT(2) 
PARAMETRIC_REPRESENTATION_CONTEXT() REPRESENTATION_CONTEXT('2D SPACE',''
  ) );
#16501 = ADVANCED_FACE('',(#16502),#4788,.F.);
#16502 = FACE_BOUND('',#16503,.F.);
#16503 = EDGE_LOOP('',(#16504,#16505,#16506,#16507));
#16504 = ORIENTED_EDGE('',*,*,#4772,.F.);
#16505 = ORIENTED_EDGE('',*,*,#16481,.T.);
#16506 = ORIENTED_EDGE('',*,*,#10795,.T.);
#16507 = ORIENTED_EDGE('',*,*,#16508,.F.);
#16508 = EDGE_CURVE('',#4745,#10775,#16509,.T.);
#16509 = SURFACE_CURVE('',#16510,(#16514,#16521),.PCURVE_S1.);
#16510 = LINE('',#16511,#16512);
#16511 = CARTESIAN_POINT('',(145.541703,-86.077891,0.));
#16512 = VECTOR('',#16513,1.);
#16513 = DIRECTION('',(0.,0.,1.));
#16514 = PCURVE('',#4788,#16515);
#16515 = DEFINITIONAL_REPRESENTATION('',(#16516),#16520);
#16516 = LINE('',#16517,#16518);
#16517 = CARTESIAN_POINT('',(0.110249398914,0.));
#16518 = VECTOR('',#16519,1.);
#16519 = DIRECTION('',(0.,-1.));
#16520 = ( GEOMETRIC_REPRESENTATION_CONTEXT(2) 
PARAMETRIC_REPRESENTATION_CONTEXT() REPRESENTATION_CONTEXT('2D SPACE',''
  ) );
#16521 = PCURVE('',#4760,#16522);
#16522 = DEFINITIONAL_REPRESENTATION('',(#16523),#16527);
#16523 = LINE('',#16524,#16525);
#16524 = CARTESIAN_POINT('',(0.,0.));
#16525 = VECTOR('',#16526,1.);
#16526 = DIRECTION('',(0.,-1.));
#16527 = ( GEOMETRIC_REPRESENTATION_CONTEXT(2) 
PARAMETRIC_REPRESENTATION_CONTEXT() REPRESENTATION_CONTEXT('2D SPACE',''
  ) );
#16528 = ADVANCED_FACE('',(#16529),#4760,.F.);
#16529 = FACE_BOUND('',#16530,.F.);
#16530 = EDGE_LOOP('',(#16531,#16532,#16533,#16534));
#16531 = ORIENTED_EDGE('',*,*,#4744,.F.);
#16532 = ORIENTED_EDGE('',*,*,#16508,.T.);
#16533 = ORIENTED_EDGE('',*,*,#10774,.T.);
#16534 = ORIENTED_EDGE('',*,*,#16535,.F.);
#16535 = EDGE_CURVE('',#4717,#10754,#16536,.T.);
#16536 = SURFACE_CURVE('',#16537,(#16541,#16548),.PCURVE_S1.);
#16537 = LINE('',#16538,#16539);
#16538 = CARTESIAN_POINT('',(145.599742,-86.171628,0.));
#16539 = VECTOR('',#16540,1.);
#16540 = DIRECTION('',(0.,0.,1.));
#16541 = PCURVE('',#4760,#16542);
#16542 = DEFINITIONAL_REPRESENTATION('',(#16543),#16547);
#16543 = LINE('',#16544,#16545);
#16544 = CARTESIAN_POINT('',(0.110250399954,0.));
#16545 = VECTOR('',#16546,1.);
#16546 = DIRECTION('',(0.,-1.));
#16547 = ( GEOMETRIC_REPRESENTATION_CONTEXT(2) 
PARAMETRIC_REPRESENTATION_CONTEXT() REPRESENTATION_CONTEXT('2D SPACE',''
  ) );
#16548 = PCURVE('',#4732,#16549);
#16549 = DEFINITIONAL_REPRESENTATION('',(#16550),#16554);
#16550 = LINE('',#16551,#16552);
#16551 = CARTESIAN_POINT('',(0.,0.));
#16552 = VECTOR('',#16553,1.);
#16553 = DIRECTION('',(0.,-1.));
#16554 = ( GEOMETRIC_REPRESENTATION_CONTEXT(2) 
PARAMETRIC_REPRESENTATION_CONTEXT() REPRESENTATION_CONTEXT('2D SPACE',''
  ) );
#16555 = ADVANCED_FACE('',(#16556),#4732,.F.);
#16556 = FACE_BOUND('',#16557,.F.);
#16557 = EDGE_LOOP('',(#16558,#16559,#16560,#16561));
#16558 = ORIENTED_EDGE('',*,*,#4716,.F.);
#16559 = ORIENTED_EDGE('',*,*,#16535,.T.);
#16560 = ORIENTED_EDGE('',*,*,#10753,.T.);
#16561 = ORIENTED_EDGE('',*,*,#16562,.F.);
#16562 = EDGE_CURVE('',#4689,#10733,#16563,.T.);
#16563 = SURFACE_CURVE('',#16564,(#16568,#16575),.PCURVE_S1.);
#16564 = LINE('',#16565,#16566);
#16565 = CARTESIAN_POINT('',(145.62,-86.28,0.));
#16566 = VECTOR('',#16567,1.);
#16567 = DIRECTION('',(0.,0.,1.));
#16568 = PCURVE('',#4732,#16569);
#16569 = DEFINITIONAL_REPRESENTATION('',(#16570),#16574);
#16570 = LINE('',#16571,#16572);
#16571 = CARTESIAN_POINT('',(0.110249158491,0.));
#16572 = VECTOR('',#16573,1.);
#16573 = DIRECTION('',(0.,-1.));
#16574 = ( GEOMETRIC_REPRESENTATION_CONTEXT(2) 
PARAMETRIC_REPRESENTATION_CONTEXT() REPRESENTATION_CONTEXT('2D SPACE',''
  ) );
#16575 = PCURVE('',#4704,#16576);
#16576 = DEFINITIONAL_REPRESENTATION('',(#16577),#16581);
#16577 = LINE('',#16578,#16579);
#16578 = CARTESIAN_POINT('',(0.,0.));
#16579 = VECTOR('',#16580,1.);
#16580 = DIRECTION('',(0.,-1.));
#16581 = ( GEOMETRIC_REPRESENTATION_CONTEXT(2) 
PARAMETRIC_REPRESENTATION_CONTEXT() REPRESENTATION_CONTEXT('2D SPACE',''
  ) );
#16582 = ADVANCED_FACE('',(#16583),#4704,.F.);
#16583 = FACE_BOUND('',#16584,.F.);
#16584 = EDGE_LOOP('',(#16585,#16586,#16587,#16588));
#16585 = ORIENTED_EDGE('',*,*,#4688,.F.);
#16586 = ORIENTED_EDGE('',*,*,#16562,.T.);
#16587 = ORIENTED_EDGE('',*,*,#10732,.T.);
#16588 = ORIENTED_EDGE('',*,*,#16589,.F.);
#16589 = EDGE_CURVE('',#4661,#10712,#16590,.T.);
#16590 = SURFACE_CURVE('',#16591,(#16595,#16602),.PCURVE_S1.);
#16591 = LINE('',#16592,#16593);
#16592 = CARTESIAN_POINT('',(145.62,-87.38,0.));
#16593 = VECTOR('',#16594,1.);
#16594 = DIRECTION('',(0.,0.,1.));
#16595 = PCURVE('',#4704,#16596);
#16596 = DEFINITIONAL_REPRESENTATION('',(#16597),#16601);
#16597 = LINE('',#16598,#16599);
#16598 = CARTESIAN_POINT('',(1.1,0.));
#16599 = VECTOR('',#16600,1.);
#16600 = DIRECTION('',(0.,-1.));
#16601 = ( GEOMETRIC_REPRESENTATION_CONTEXT(2) 
PARAMETRIC_REPRESENTATION_CONTEXT() REPRESENTATION_CONTEXT('2D SPACE',''
  ) );
#16602 = PCURVE('',#4676,#16603);
#16603 = DEFINITIONAL_REPRESENTATION('',(#16604),#16608);
#16604 = LINE('',#16605,#16606);
#16605 = CARTESIAN_POINT('',(0.,0.));
#16606 = VECTOR('',#16607,1.);
#16607 = DIRECTION('',(0.,-1.));
#16608 = ( GEOMETRIC_REPRESENTATION_CONTEXT(2) 
PARAMETRIC_REPRESENTATION_CONTEXT() REPRESENTATION_CONTEXT('2D SPACE',''
  ) );
#16609 = ADVANCED_FACE('',(#16610),#4676,.F.);
#16610 = FACE_BOUND('',#16611,.F.);
#16611 = EDGE_LOOP('',(#16612,#16613,#16614,#16615));
#16612 = ORIENTED_EDGE('',*,*,#4660,.F.);
#16613 = ORIENTED_EDGE('',*,*,#16589,.T.);
#16614 = ORIENTED_EDGE('',*,*,#10711,.T.);
#16615 = ORIENTED_EDGE('',*,*,#16616,.F.);
#16616 = EDGE_CURVE('',#4633,#10691,#16617,.T.);
#16617 = SURFACE_CURVE('',#16618,(#16622,#16629),.PCURVE_S1.);
#16618 = LINE('',#16619,#16620);
#16619 = CARTESIAN_POINT('',(145.614892,-87.435125,0.));
#16620 = VECTOR('',#16621,1.);
#16621 = DIRECTION('',(0.,0.,1.));
#16622 = PCURVE('',#4676,#16623);
#16623 = DEFINITIONAL_REPRESENTATION('',(#16624),#16628);
#16624 = LINE('',#16625,#16626);
#16625 = CARTESIAN_POINT('',(5.536115324847E-02,0.));
#16626 = VECTOR('',#16627,1.);
#16627 = DIRECTION('',(0.,-1.));
#16628 = ( GEOMETRIC_REPRESENTATION_CONTEXT(2) 
PARAMETRIC_REPRESENTATION_CONTEXT() REPRESENTATION_CONTEXT('2D SPACE',''
  ) );
#16629 = PCURVE('',#4648,#16630);
#16630 = DEFINITIONAL_REPRESENTATION('',(#16631),#16635);
#16631 = LINE('',#16632,#16633);
#16632 = CARTESIAN_POINT('',(0.,0.));
#16633 = VECTOR('',#16634,1.);
#16634 = DIRECTION('',(0.,-1.));
#16635 = ( GEOMETRIC_REPRESENTATION_CONTEXT(2) 
PARAMETRIC_REPRESENTATION_CONTEXT() REPRESENTATION_CONTEXT('2D SPACE',''
  ) );
#16636 = ADVANCED_FACE('',(#16637),#4648,.F.);
#16637 = FACE_BOUND('',#16638,.F.);
#16638 = EDGE_LOOP('',(#16639,#16640,#16641,#16642));
#16639 = ORIENTED_EDGE('',*,*,#4632,.F.);
#16640 = ORIENTED_EDGE('',*,*,#16616,.T.);
#16641 = ORIENTED_EDGE('',*,*,#10690,.T.);
#16642 = ORIENTED_EDGE('',*,*,#16643,.F.);
#16643 = EDGE_CURVE('',#4605,#10670,#16644,.T.);
#16644 = SURFACE_CURVE('',#16645,(#16649,#16656),.PCURVE_S1.);
#16645 = LINE('',#16646,#16647);
#16646 = CARTESIAN_POINT('',(145.575065,-87.53793,0.));
#16647 = VECTOR('',#16648,1.);
#16648 = DIRECTION('',(0.,0.,1.));
#16649 = PCURVE('',#4648,#16650);
#16650 = DEFINITIONAL_REPRESENTATION('',(#16651),#16655);
#16651 = LINE('',#16652,#16653);
#16652 = CARTESIAN_POINT('',(0.110249979383,0.));
#16653 = VECTOR('',#16654,1.);
#16654 = DIRECTION('',(0.,-1.));
#16655 = ( GEOMETRIC_REPRESENTATION_CONTEXT(2) 
PARAMETRIC_REPRESENTATION_CONTEXT() REPRESENTATION_CONTEXT('2D SPACE',''
  ) );
#16656 = PCURVE('',#4620,#16657);
#16657 = DEFINITIONAL_REPRESENTATION('',(#16658),#16662);
#16658 = LINE('',#16659,#16660);
#16659 = CARTESIAN_POINT('',(0.,0.));
#16660 = VECTOR('',#16661,1.);
#16661 = DIRECTION('',(0.,-1.));
#16662 = ( GEOMETRIC_REPRESENTATION_CONTEXT(2) 
PARAMETRIC_REPRESENTATION_CONTEXT() REPRESENTATION_CONTEXT('2D SPACE',''
  ) );
#16663 = ADVANCED_FACE('',(#16664),#4620,.F.);
#16664 = FACE_BOUND('',#16665,.F.);
#16665 = EDGE_LOOP('',(#16666,#16667,#16668,#16669));
#16666 = ORIENTED_EDGE('',*,*,#4604,.F.);
#16667 = ORIENTED_EDGE('',*,*,#16643,.T.);
#16668 = ORIENTED_EDGE('',*,*,#10669,.T.);
#16669 = ORIENTED_EDGE('',*,*,#16670,.F.);
#16670 = EDGE_CURVE('',#4577,#10649,#16671,.T.);
#16671 = SURFACE_CURVE('',#16672,(#16676,#16683),.PCURVE_S1.);
#16672 = LINE('',#16673,#16674);
#16673 = CARTESIAN_POINT('',(145.50079,-87.619405,0.));
#16674 = VECTOR('',#16675,1.);
#16675 = DIRECTION('',(0.,0.,1.));
#16676 = PCURVE('',#4620,#16677);
#16677 = DEFINITIONAL_REPRESENTATION('',(#16678),#16682);
#16678 = LINE('',#16679,#16680);
#16679 = CARTESIAN_POINT('',(0.110249495464,0.));
#16680 = VECTOR('',#16681,1.);
#16681 = DIRECTION('',(0.,-1.));
#16682 = ( GEOMETRIC_REPRESENTATION_CONTEXT(2) 
PARAMETRIC_REPRESENTATION_CONTEXT() REPRESENTATION_CONTEXT('2D SPACE',''
  ) );
#16683 = PCURVE('',#4592,#16684);
#16684 = DEFINITIONAL_REPRESENTATION('',(#16685),#16689);
#16685 = LINE('',#16686,#16687);
#16686 = CARTESIAN_POINT('',(0.,0.));
#16687 = VECTOR('',#16688,1.);
#16688 = DIRECTION('',(0.,-1.));
#16689 = ( GEOMETRIC_REPRESENTATION_CONTEXT(2) 
PARAMETRIC_REPRESENTATION_CONTEXT() REPRESENTATION_CONTEXT('2D SPACE',''
  ) );
#16690 = ADVANCED_FACE('',(#16691),#4592,.F.);
#16691 = FACE_BOUND('',#16692,.F.);
#16692 = EDGE_LOOP('',(#16693,#16694,#16695,#16696));
#16693 = ORIENTED_EDGE('',*,*,#4576,.F.);
#16694 = ORIENTED_EDGE('',*,*,#16670,.T.);
#16695 = ORIENTED_EDGE('',*,*,#10648,.T.);
#16696 = ORIENTED_EDGE('',*,*,#16697,.F.);
#16697 = EDGE_CURVE('',#4549,#10628,#16698,.T.);
#16698 = SURFACE_CURVE('',#16699,(#16703,#16710),.PCURVE_S1.);
#16699 = LINE('',#16700,#16701);
#16700 = CARTESIAN_POINT('',(145.402099,-87.668548,0.));
#16701 = VECTOR('',#16702,1.);
#16702 = DIRECTION('',(0.,0.,1.));
#16703 = PCURVE('',#4592,#16704);
#16704 = DEFINITIONAL_REPRESENTATION('',(#16705),#16709);
#16705 = LINE('',#16706,#16707);
#16706 = CARTESIAN_POINT('',(0.110249480407,0.));
#16707 = VECTOR('',#16708,1.);
#16708 = DIRECTION('',(0.,-1.));
#16709 = ( GEOMETRIC_REPRESENTATION_CONTEXT(2) 
PARAMETRIC_REPRESENTATION_CONTEXT() REPRESENTATION_CONTEXT('2D SPACE',''
  ) );
#16710 = PCURVE('',#4564,#16711);
#16711 = DEFINITIONAL_REPRESENTATION('',(#16712),#16716);
#16712 = LINE('',#16713,#16714);
#16713 = CARTESIAN_POINT('',(0.,0.));
#16714 = VECTOR('',#16715,1.);
#16715 = DIRECTION('',(0.,-1.));
#16716 = ( GEOMETRIC_REPRESENTATION_CONTEXT(2) 
PARAMETRIC_REPRESENTATION_CONTEXT() REPRESENTATION_CONTEXT('2D SPACE',''
  ) );
#16717 = ADVANCED_FACE('',(#16718),#4564,.F.);
#16718 = FACE_BOUND('',#16719,.F.);
#16719 = EDGE_LOOP('',(#16720,#16721,#16722,#16723));
#16720 = ORIENTED_EDGE('',*,*,#4548,.F.);
#16721 = ORIENTED_EDGE('',*,*,#16697,.T.);
#16722 = ORIENTED_EDGE('',*,*,#10627,.T.);
#16723 = ORIENTED_EDGE('',*,*,#16724,.F.);
#16724 = EDGE_CURVE('',#4521,#10607,#16725,.T.);
#16725 = SURFACE_CURVE('',#16726,(#16730,#16737),.PCURVE_S1.);
#16726 = LINE('',#16727,#16728);
#16727 = CARTESIAN_POINT('',(145.292319,-87.67872,0.));
#16728 = VECTOR('',#16729,1.);
#16729 = DIRECTION('',(0.,0.,1.));
#16730 = PCURVE('',#4564,#16731);
#16731 = DEFINITIONAL_REPRESENTATION('',(#16732),#16736);
#16732 = LINE('',#16733,#16734);
#16733 = CARTESIAN_POINT('',(0.110250251628,0.));
#16734 = VECTOR('',#16735,1.);
#16735 = DIRECTION('',(0.,-1.));
#16736 = ( GEOMETRIC_REPRESENTATION_CONTEXT(2) 
PARAMETRIC_REPRESENTATION_CONTEXT() REPRESENTATION_CONTEXT('2D SPACE',''
  ) );
#16737 = PCURVE('',#4536,#16738);
#16738 = DEFINITIONAL_REPRESENTATION('',(#16739),#16743);
#16739 = LINE('',#16740,#16741);
#16740 = CARTESIAN_POINT('',(0.,0.));
#16741 = VECTOR('',#16742,1.);
#16742 = DIRECTION('',(0.,-1.));
#16743 = ( GEOMETRIC_REPRESENTATION_CONTEXT(2) 
PARAMETRIC_REPRESENTATION_CONTEXT() REPRESENTATION_CONTEXT('2D SPACE',''
  ) );
#16744 = ADVANCED_FACE('',(#16745),#4536,.F.);
#16745 = FACE_BOUND('',#16746,.F.);
#16746 = EDGE_LOOP('',(#16747,#16748,#16749,#16750));
#16747 = ORIENTED_EDGE('',*,*,#4520,.F.);
#16748 = ORIENTED_EDGE('',*,*,#16724,.T.);
#16749 = ORIENTED_EDGE('',*,*,#10606,.T.);
#16750 = ORIENTED_EDGE('',*,*,#16751,.F.);
#16751 = EDGE_CURVE('',#4493,#10586,#16752,.T.);
#16752 = SURFACE_CURVE('',#16753,(#16757,#16764),.PCURVE_S1.);
#16753 = LINE('',#16754,#16755);
#16754 = CARTESIAN_POINT('',(145.186278,-87.648549,0.));
#16755 = VECTOR('',#16756,1.);
#16756 = DIRECTION('',(0.,0.,1.));
#16757 = PCURVE('',#4536,#16758);
#16758 = DEFINITIONAL_REPRESENTATION('',(#16759),#16763);
#16759 = LINE('',#16760,#16761);
#16760 = CARTESIAN_POINT('',(0.110249639101,0.));
#16761 = VECTOR('',#16762,1.);
#16762 = DIRECTION('',(0.,-1.));
#16763 = ( GEOMETRIC_REPRESENTATION_CONTEXT(2) 
PARAMETRIC_REPRESENTATION_CONTEXT() REPRESENTATION_CONTEXT('2D SPACE',''
  ) );
#16764 = PCURVE('',#4508,#16765);
#16765 = DEFINITIONAL_REPRESENTATION('',(#16766),#16770);
#16766 = LINE('',#16767,#16768);
#16767 = CARTESIAN_POINT('',(0.,0.));
#16768 = VECTOR('',#16769,1.);
#16769 = DIRECTION('',(0.,-1.));
#16770 = ( GEOMETRIC_REPRESENTATION_CONTEXT(2) 
PARAMETRIC_REPRESENTATION_CONTEXT() REPRESENTATION_CONTEXT('2D SPACE',''
  ) );
#16771 = ADVANCED_FACE('',(#16772),#4508,.F.);
#16772 = FACE_BOUND('',#16773,.F.);
#16773 = EDGE_LOOP('',(#16774,#16775,#16776,#16777));
#16774 = ORIENTED_EDGE('',*,*,#4492,.F.);
#16775 = ORIENTED_EDGE('',*,*,#16751,.T.);
#16776 = ORIENTED_EDGE('',*,*,#10585,.T.);
#16777 = ORIENTED_EDGE('',*,*,#16778,.F.);
#16778 = EDGE_CURVE('',#4465,#10565,#16779,.T.);
#16779 = SURFACE_CURVE('',#16780,(#16784,#16791),.PCURVE_S1.);
#16780 = LINE('',#16781,#16782);
#16781 = CARTESIAN_POINT('',(145.098297,-87.582109,0.));
#16782 = VECTOR('',#16783,1.);
#16783 = DIRECTION('',(0.,0.,1.));
#16784 = PCURVE('',#4508,#16785);
#16785 = DEFINITIONAL_REPRESENTATION('',(#16786),#16790);
#16786 = LINE('',#16787,#16788);
#16787 = CARTESIAN_POINT('',(0.110249398914,0.));
#16788 = VECTOR('',#16789,1.);
#16789 = DIRECTION('',(0.,-1.));
#16790 = ( GEOMETRIC_REPRESENTATION_CONTEXT(2) 
PARAMETRIC_REPRESENTATION_CONTEXT() REPRESENTATION_CONTEXT('2D SPACE',''
  ) );
#16791 = PCURVE('',#4480,#16792);
#16792 = DEFINITIONAL_REPRESENTATION('',(#16793),#16797);
#16793 = LINE('',#16794,#16795);
#16794 = CARTESIAN_POINT('',(0.,0.));
#16795 = VECTOR('',#16796,1.);
#16796 = DIRECTION('',(0.,-1.));
#16797 = ( GEOMETRIC_REPRESENTATION_CONTEXT(2) 
PARAMETRIC_REPRESENTATION_CONTEXT() REPRESENTATION_CONTEXT('2D SPACE',''
  ) );
#16798 = ADVANCED_FACE('',(#16799),#4480,.F.);
#16799 = FACE_BOUND('',#16800,.F.);
#16800 = EDGE_LOOP('',(#16801,#16802,#16803,#16804));
#16801 = ORIENTED_EDGE('',*,*,#4464,.F.);
#16802 = ORIENTED_EDGE('',*,*,#16778,.T.);
#16803 = ORIENTED_EDGE('',*,*,#10564,.T.);
#16804 = ORIENTED_EDGE('',*,*,#16805,.F.);
#16805 = EDGE_CURVE('',#4437,#10544,#16806,.T.);
#16806 = SURFACE_CURVE('',#16807,(#16811,#16818),.PCURVE_S1.);
#16807 = LINE('',#16808,#16809);
#16808 = CARTESIAN_POINT('',(145.040258,-87.488372,0.));
#16809 = VECTOR('',#16810,1.);
#16810 = DIRECTION('',(0.,0.,1.));
#16811 = PCURVE('',#4480,#16812);
#16812 = DEFINITIONAL_REPRESENTATION('',(#16813),#16817);
#16813 = LINE('',#16814,#16815);
#16814 = CARTESIAN_POINT('',(0.110250399954,0.));
#16815 = VECTOR('',#16816,1.);
#16816 = DIRECTION('',(0.,-1.));
#16817 = ( GEOMETRIC_REPRESENTATION_CONTEXT(2) 
PARAMETRIC_REPRESENTATION_CONTEXT() REPRESENTATION_CONTEXT('2D SPACE',''
  ) );
#16818 = PCURVE('',#4452,#16819);
#16819 = DEFINITIONAL_REPRESENTATION('',(#16820),#16824);
#16820 = LINE('',#16821,#16822);
#16821 = CARTESIAN_POINT('',(0.,0.));
#16822 = VECTOR('',#16823,1.);
#16823 = DIRECTION('',(0.,-1.));
#16824 = ( GEOMETRIC_REPRESENTATION_CONTEXT(2) 
PARAMETRIC_REPRESENTATION_CONTEXT() REPRESENTATION_CONTEXT('2D SPACE',''
  ) );
#16825 = ADVANCED_FACE('',(#16826),#4452,.F.);
#16826 = FACE_BOUND('',#16827,.F.);
#16827 = EDGE_LOOP('',(#16828,#16829,#16830,#16831));
#16828 = ORIENTED_EDGE('',*,*,#4436,.F.);
#16829 = ORIENTED_EDGE('',*,*,#16805,.T.);
#16830 = ORIENTED_EDGE('',*,*,#10543,.T.);
#16831 = ORIENTED_EDGE('',*,*,#16832,.F.);
#16832 = EDGE_CURVE('',#4409,#10523,#16833,.T.);
#16833 = SURFACE_CURVE('',#16834,(#16838,#16845),.PCURVE_S1.);
#16834 = LINE('',#16835,#16836);
#16835 = CARTESIAN_POINT('',(145.02,-87.38,0.));
#16836 = VECTOR('',#16837,1.);
#16837 = DIRECTION('',(0.,0.,1.));
#16838 = PCURVE('',#4452,#16839);
#16839 = DEFINITIONAL_REPRESENTATION('',(#16840),#16844);
#16840 = LINE('',#16841,#16842);
#16841 = CARTESIAN_POINT('',(0.110249158491,0.));
#16842 = VECTOR('',#16843,1.);
#16843 = DIRECTION('',(0.,-1.));
#16844 = ( GEOMETRIC_REPRESENTATION_CONTEXT(2) 
PARAMETRIC_REPRESENTATION_CONTEXT() REPRESENTATION_CONTEXT('2D SPACE',''
  ) );
#16845 = PCURVE('',#4424,#16846);
#16846 = DEFINITIONAL_REPRESENTATION('',(#16847),#16851);
#16847 = LINE('',#16848,#16849);
#16848 = CARTESIAN_POINT('',(0.,0.));
#16849 = VECTOR('',#16850,1.);
#16850 = DIRECTION('',(0.,-1.));
#16851 = ( GEOMETRIC_REPRESENTATION_CONTEXT(2) 
PARAMETRIC_REPRESENTATION_CONTEXT() REPRESENTATION_CONTEXT('2D SPACE',''
  ) );
#16852 = ADVANCED_FACE('',(#16853),#4424,.F.);
#16853 = FACE_BOUND('',#16854,.F.);
#16854 = EDGE_LOOP('',(#16855,#16856,#16857,#16858));
#16855 = ORIENTED_EDGE('',*,*,#4408,.F.);
#16856 = ORIENTED_EDGE('',*,*,#16832,.T.);
#16857 = ORIENTED_EDGE('',*,*,#10522,.T.);
#16858 = ORIENTED_EDGE('',*,*,#16859,.F.);
#16859 = EDGE_CURVE('',#4381,#10502,#16860,.T.);
#16860 = SURFACE_CURVE('',#16861,(#16865,#16872),.PCURVE_S1.);
#16861 = LINE('',#16862,#16863);
#16862 = CARTESIAN_POINT('',(145.02,-86.28,0.));
#16863 = VECTOR('',#16864,1.);
#16864 = DIRECTION('',(0.,0.,1.));
#16865 = PCURVE('',#4424,#16866);
#16866 = DEFINITIONAL_REPRESENTATION('',(#16867),#16871);
#16867 = LINE('',#16868,#16869);
#16868 = CARTESIAN_POINT('',(1.1,0.));
#16869 = VECTOR('',#16870,1.);
#16870 = DIRECTION('',(0.,-1.));
#16871 = ( GEOMETRIC_REPRESENTATION_CONTEXT(2) 
PARAMETRIC_REPRESENTATION_CONTEXT() REPRESENTATION_CONTEXT('2D SPACE',''
  ) );
#16872 = PCURVE('',#4396,#16873);
#16873 = DEFINITIONAL_REPRESENTATION('',(#16874),#16878);
#16874 = LINE('',#16875,#16876);
#16875 = CARTESIAN_POINT('',(0.,0.));
#16876 = VECTOR('',#16877,1.);
#16877 = DIRECTION('',(0.,-1.));
#16878 = ( GEOMETRIC_REPRESENTATION_CONTEXT(2) 
PARAMETRIC_REPRESENTATION_CONTEXT() REPRESENTATION_CONTEXT('2D SPACE',''
  ) );
#16879 = ADVANCED_FACE('',(#16880),#4396,.F.);
#16880 = FACE_BOUND('',#16881,.F.);
#16881 = EDGE_LOOP('',(#16882,#16883,#16884,#16885));
#16882 = ORIENTED_EDGE('',*,*,#4380,.F.);
#16883 = ORIENTED_EDGE('',*,*,#16859,.T.);
#16884 = ORIENTED_EDGE('',*,*,#10501,.T.);
#16885 = ORIENTED_EDGE('',*,*,#16351,.F.);
#16886 = ADVANCED_FACE('',(#16887),#4933,.F.);
#16887 = FACE_BOUND('',#16888,.F.);
#16888 = EDGE_LOOP('',(#16889,#16890,#16911,#16912));
#16889 = ORIENTED_EDGE('',*,*,#10900,.F.);
#16890 = ORIENTED_EDGE('',*,*,#16891,.F.);
#16891 = EDGE_CURVE('',#4913,#10901,#16892,.T.);
#16892 = SEAM_CURVE('',#16893,(#16897,#16904),.PCURVE_S1.);
#16893 = LINE('',#16894,#16895);
#16894 = CARTESIAN_POINT('',(144.215,-86.3,-1.E-02));
#16895 = VECTOR('',#16896,1.);
#16896 = DIRECTION('',(0.,0.,1.));
#16897 = PCURVE('',#4933,#16898);
#16898 = DEFINITIONAL_REPRESENTATION('',(#16899),#16903);
#16899 = LINE('',#16900,#16901);
#16900 = CARTESIAN_POINT('',(6.28318530718,-0.));
#16901 = VECTOR('',#16902,1.);
#16902 = DIRECTION('',(0.,1.));
#16903 = ( GEOMETRIC_REPRESENTATION_CONTEXT(2) 
PARAMETRIC_REPRESENTATION_CONTEXT() REPRESENTATION_CONTEXT('2D SPACE',''
  ) );
#16904 = PCURVE('',#4933,#16905);
#16905 = DEFINITIONAL_REPRESENTATION('',(#16906),#16910);
#16906 = LINE('',#16907,#16908);
#16907 = CARTESIAN_POINT('',(0.,-0.));
#16908 = VECTOR('',#16909,1.);
#16909 = DIRECTION('',(0.,1.));
#16910 = ( GEOMETRIC_REPRESENTATION_CONTEXT(2) 
PARAMETRIC_REPRESENTATION_CONTEXT() REPRESENTATION_CONTEXT('2D SPACE',''
  ) );
#16911 = ORIENTED_EDGE('',*,*,#4912,.T.);
#16912 = ORIENTED_EDGE('',*,*,#16891,.T.);
#16913 = ADVANCED_FACE('',(#16914),#4965,.F.);
#16914 = FACE_BOUND('',#16915,.F.);
#16915 = EDGE_LOOP('',(#16916,#16917,#16938,#16939));
#16916 = ORIENTED_EDGE('',*,*,#4947,.F.);
#16917 = ORIENTED_EDGE('',*,*,#16918,.T.);
#16918 = EDGE_CURVE('',#4948,#10931,#16919,.T.);
#16919 = SURFACE_CURVE('',#16920,(#16924,#16931),.PCURVE_S1.);
#16920 = LINE('',#16921,#16922);
#16921 = CARTESIAN_POINT('',(145.025108,-82.294875,0.));
#16922 = VECTOR('',#16923,1.);
#16923 = DIRECTION('',(0.,0.,1.));
#16924 = PCURVE('',#4965,#16925);
#16925 = DEFINITIONAL_REPRESENTATION('',(#16926),#16930);
#16926 = LINE('',#16927,#16928);
#16927 = CARTESIAN_POINT('',(0.,0.));
#16928 = VECTOR('',#16929,1.);
#16929 = DIRECTION('',(0.,-1.));
#16930 = ( GEOMETRIC_REPRESENTATION_CONTEXT(2) 
PARAMETRIC_REPRESENTATION_CONTEXT() REPRESENTATION_CONTEXT('2D SPACE',''
  ) );
#16931 = PCURVE('',#4993,#16932);
#16932 = DEFINITIONAL_REPRESENTATION('',(#16933),#16937);
#16933 = LINE('',#16934,#16935);
#16934 = CARTESIAN_POINT('',(5.536115324845E-02,0.));
#16935 = VECTOR('',#16936,1.);
#16936 = DIRECTION('',(0.,-1.));
#16937 = ( GEOMETRIC_REPRESENTATION_CONTEXT(2) 
PARAMETRIC_REPRESENTATION_CONTEXT() REPRESENTATION_CONTEXT('2D SPACE',''
  ) );
#16938 = ORIENTED_EDGE('',*,*,#10930,.T.);
#16939 = ORIENTED_EDGE('',*,*,#16940,.F.);
#16940 = EDGE_CURVE('',#4950,#10933,#16941,.T.);
#16941 = SURFACE_CURVE('',#16942,(#16946,#16953),.PCURVE_S1.);
#16942 = LINE('',#16943,#16944);
#16943 = CARTESIAN_POINT('',(145.064935,-82.19207,0.));
#16944 = VECTOR('',#16945,1.);
#16945 = DIRECTION('',(0.,0.,1.));
#16946 = PCURVE('',#4965,#16947);
#16947 = DEFINITIONAL_REPRESENTATION('',(#16948),#16952);
#16948 = LINE('',#16949,#16950);
#16949 = CARTESIAN_POINT('',(0.110249979383,0.));
#16950 = VECTOR('',#16951,1.);
#16951 = DIRECTION('',(0.,-1.));
#16952 = ( GEOMETRIC_REPRESENTATION_CONTEXT(2) 
PARAMETRIC_REPRESENTATION_CONTEXT() REPRESENTATION_CONTEXT('2D SPACE',''
  ) );
#16953 = PCURVE('',#5495,#16954);
#16954 = DEFINITIONAL_REPRESENTATION('',(#16955),#16959);
#16955 = LINE('',#16956,#16957);
#16956 = CARTESIAN_POINT('',(0.,0.));
#16957 = VECTOR('',#16958,1.);
#16958 = DIRECTION('',(0.,-1.));
#16959 = ( GEOMETRIC_REPRESENTATION_CONTEXT(2) 
PARAMETRIC_REPRESENTATION_CONTEXT() REPRESENTATION_CONTEXT('2D SPACE',''
  ) );
#16960 = ADVANCED_FACE('',(#16961),#5495,.F.);
#16961 = FACE_BOUND('',#16962,.F.);
#16962 = EDGE_LOOP('',(#16963,#16964,#16965,#16966));
#16963 = ORIENTED_EDGE('',*,*,#5481,.F.);
#16964 = ORIENTED_EDGE('',*,*,#16940,.T.);
#16965 = ORIENTED_EDGE('',*,*,#11331,.T.);
#16966 = ORIENTED_EDGE('',*,*,#16967,.F.);
#16967 = EDGE_CURVE('',#5454,#11311,#16968,.T.);
#16968 = SURFACE_CURVE('',#16969,(#16973,#16980),.PCURVE_S1.);
#16969 = LINE('',#16970,#16971);
#16970 = CARTESIAN_POINT('',(145.13921,-82.110595,0.));
#16971 = VECTOR('',#16972,1.);
#16972 = DIRECTION('',(0.,0.,1.));
#16973 = PCURVE('',#5495,#16974);
#16974 = DEFINITIONAL_REPRESENTATION('',(#16975),#16979);
#16975 = LINE('',#16976,#16977);
#16976 = CARTESIAN_POINT('',(0.110249495464,0.));
#16977 = VECTOR('',#16978,1.);
#16978 = DIRECTION('',(0.,-1.));
#16979 = ( GEOMETRIC_REPRESENTATION_CONTEXT(2) 
PARAMETRIC_REPRESENTATION_CONTEXT() REPRESENTATION_CONTEXT('2D SPACE',''
  ) );
#16980 = PCURVE('',#5469,#16981);
#16981 = DEFINITIONAL_REPRESENTATION('',(#16982),#16986);
#16982 = LINE('',#16983,#16984);
#16983 = CARTESIAN_POINT('',(0.,0.));
#16984 = VECTOR('',#16985,1.);
#16985 = DIRECTION('',(0.,-1.));
#16986 = ( GEOMETRIC_REPRESENTATION_CONTEXT(2) 
PARAMETRIC_REPRESENTATION_CONTEXT() REPRESENTATION_CONTEXT('2D SPACE',''
  ) );
#16987 = ADVANCED_FACE('',(#16988),#5469,.F.);
#16988 = FACE_BOUND('',#16989,.F.);
#16989 = EDGE_LOOP('',(#16990,#16991,#16992,#16993));
#16990 = ORIENTED_EDGE('',*,*,#5453,.F.);
#16991 = ORIENTED_EDGE('',*,*,#16967,.T.);
#16992 = ORIENTED_EDGE('',*,*,#11310,.T.);
#16993 = ORIENTED_EDGE('',*,*,#16994,.F.);
#16994 = EDGE_CURVE('',#5426,#11290,#16995,.T.);
#16995 = SURFACE_CURVE('',#16996,(#17000,#17007),.PCURVE_S1.);
#16996 = LINE('',#16997,#16998);
#16997 = CARTESIAN_POINT('',(145.237901,-82.061452,0.));
#16998 = VECTOR('',#16999,1.);
#16999 = DIRECTION('',(0.,0.,1.));
#17000 = PCURVE('',#5469,#17001);
#17001 = DEFINITIONAL_REPRESENTATION('',(#17002),#17006);
#17002 = LINE('',#17003,#17004);
#17003 = CARTESIAN_POINT('',(0.110249480407,0.));
#17004 = VECTOR('',#17005,1.);
#17005 = DIRECTION('',(0.,-1.));
#17006 = ( GEOMETRIC_REPRESENTATION_CONTEXT(2) 
PARAMETRIC_REPRESENTATION_CONTEXT() REPRESENTATION_CONTEXT('2D SPACE',''
  ) );
#17007 = PCURVE('',#5441,#17008);
#17008 = DEFINITIONAL_REPRESENTATION('',(#17009),#17013);
#17009 = LINE('',#17010,#17011);
#17010 = CARTESIAN_POINT('',(0.,0.));
#17011 = VECTOR('',#17012,1.);
#17012 = DIRECTION('',(0.,-1.));
#17013 = ( GEOMETRIC_REPRESENTATION_CONTEXT(2) 
PARAMETRIC_REPRESENTATION_CONTEXT() REPRESENTATION_CONTEXT('2D SPACE',''
  ) );
#17014 = ADVANCED_FACE('',(#17015),#5441,.F.);
#17015 = FACE_BOUND('',#17016,.F.);
#17016 = EDGE_LOOP('',(#17017,#17018,#17019,#17020));
#17017 = ORIENTED_EDGE('',*,*,#5425,.F.);
#17018 = ORIENTED_EDGE('',*,*,#16994,.T.);
#17019 = ORIENTED_EDGE('',*,*,#11289,.T.);
#17020 = ORIENTED_EDGE('',*,*,#17021,.F.);
#17021 = EDGE_CURVE('',#5398,#11269,#17022,.T.);
#17022 = SURFACE_CURVE('',#17023,(#17027,#17034),.PCURVE_S1.);
#17023 = LINE('',#17024,#17025);
#17024 = CARTESIAN_POINT('',(145.347681,-82.05128,0.));
#17025 = VECTOR('',#17026,1.);
#17026 = DIRECTION('',(0.,0.,1.));
#17027 = PCURVE('',#5441,#17028);
#17028 = DEFINITIONAL_REPRESENTATION('',(#17029),#17033);
#17029 = LINE('',#17030,#17031);
#17030 = CARTESIAN_POINT('',(0.110250251628,0.));
#17031 = VECTOR('',#17032,1.);
#17032 = DIRECTION('',(0.,-1.));
#17033 = ( GEOMETRIC_REPRESENTATION_CONTEXT(2) 
PARAMETRIC_REPRESENTATION_CONTEXT() REPRESENTATION_CONTEXT('2D SPACE',''
  ) );
#17034 = PCURVE('',#5413,#17035);
#17035 = DEFINITIONAL_REPRESENTATION('',(#17036),#17040);
#17036 = LINE('',#17037,#17038);
#17037 = CARTESIAN_POINT('',(0.,0.));
#17038 = VECTOR('',#17039,1.);
#17039 = DIRECTION('',(0.,-1.));
#17040 = ( GEOMETRIC_REPRESENTATION_CONTEXT(2) 
PARAMETRIC_REPRESENTATION_CONTEXT() REPRESENTATION_CONTEXT('2D SPACE',''
  ) );
#17041 = ADVANCED_FACE('',(#17042),#5413,.F.);
#17042 = FACE_BOUND('',#17043,.F.);
#17043 = EDGE_LOOP('',(#17044,#17045,#17046,#17047));
#17044 = ORIENTED_EDGE('',*,*,#5397,.F.);
#17045 = ORIENTED_EDGE('',*,*,#17021,.T.);
#17046 = ORIENTED_EDGE('',*,*,#11268,.T.);
#17047 = ORIENTED_EDGE('',*,*,#17048,.F.);
#17048 = EDGE_CURVE('',#5370,#11248,#17049,.T.);
#17049 = SURFACE_CURVE('',#17050,(#17054,#17061),.PCURVE_S1.);
#17050 = LINE('',#17051,#17052);
#17051 = CARTESIAN_POINT('',(145.453722,-82.081451,0.));
#17052 = VECTOR('',#17053,1.);
#17053 = DIRECTION('',(0.,0.,1.));
#17054 = PCURVE('',#5413,#17055);
#17055 = DEFINITIONAL_REPRESENTATION('',(#17056),#17060);
#17056 = LINE('',#17057,#17058);
#17057 = CARTESIAN_POINT('',(0.110249639101,0.));
#17058 = VECTOR('',#17059,1.);
#17059 = DIRECTION('',(0.,-1.));
#17060 = ( GEOMETRIC_REPRESENTATION_CONTEXT(2) 
PARAMETRIC_REPRESENTATION_CONTEXT() REPRESENTATION_CONTEXT('2D SPACE',''
  ) );
#17061 = PCURVE('',#5385,#17062);
#17062 = DEFINITIONAL_REPRESENTATION('',(#17063),#17067);
#17063 = LINE('',#17064,#17065);
#17064 = CARTESIAN_POINT('',(0.,0.));
#17065 = VECTOR('',#17066,1.);
#17066 = DIRECTION('',(0.,-1.));
#17067 = ( GEOMETRIC_REPRESENTATION_CONTEXT(2) 
PARAMETRIC_REPRESENTATION_CONTEXT() REPRESENTATION_CONTEXT('2D SPACE',''
  ) );
#17068 = ADVANCED_FACE('',(#17069),#5385,.F.);
#17069 = FACE_BOUND('',#17070,.F.);
#17070 = EDGE_LOOP('',(#17071,#17072,#17073,#17074));
#17071 = ORIENTED_EDGE('',*,*,#5369,.F.);
#17072 = ORIENTED_EDGE('',*,*,#17048,.T.);
#17073 = ORIENTED_EDGE('',*,*,#11247,.T.);
#17074 = ORIENTED_EDGE('',*,*,#17075,.F.);
#17075 = EDGE_CURVE('',#5342,#11227,#17076,.T.);
#17076 = SURFACE_CURVE('',#17077,(#17081,#17088),.PCURVE_S1.);
#17077 = LINE('',#17078,#17079);
#17078 = CARTESIAN_POINT('',(145.541703,-82.147891,0.));
#17079 = VECTOR('',#17080,1.);
#17080 = DIRECTION('',(0.,0.,1.));
#17081 = PCURVE('',#5385,#17082);
#17082 = DEFINITIONAL_REPRESENTATION('',(#17083),#17087);
#17083 = LINE('',#17084,#17085);
#17084 = CARTESIAN_POINT('',(0.110249398914,0.));
#17085 = VECTOR('',#17086,1.);
#17086 = DIRECTION('',(0.,-1.));
#17087 = ( GEOMETRIC_REPRESENTATION_CONTEXT(2) 
PARAMETRIC_REPRESENTATION_CONTEXT() REPRESENTATION_CONTEXT('2D SPACE',''
  ) );
#17088 = PCURVE('',#5357,#17089);
#17089 = DEFINITIONAL_REPRESENTATION('',(#17090),#17094);
#17090 = LINE('',#17091,#17092);
#17091 = CARTESIAN_POINT('',(0.,0.));
#17092 = VECTOR('',#17093,1.);
#17093 = DIRECTION('',(0.,-1.));
#17094 = ( GEOMETRIC_REPRESENTATION_CONTEXT(2) 
PARAMETRIC_REPRESENTATION_CONTEXT() REPRESENTATION_CONTEXT('2D SPACE',''
  ) );
#17095 = ADVANCED_FACE('',(#17096),#5357,.F.);
#17096 = FACE_BOUND('',#17097,.F.);
#17097 = EDGE_LOOP('',(#17098,#17099,#17100,#17101));
#17098 = ORIENTED_EDGE('',*,*,#5341,.F.);
#17099 = ORIENTED_EDGE('',*,*,#17075,.T.);
#17100 = ORIENTED_EDGE('',*,*,#11226,.T.);
#17101 = ORIENTED_EDGE('',*,*,#17102,.F.);
#17102 = EDGE_CURVE('',#5314,#11206,#17103,.T.);
#17103 = SURFACE_CURVE('',#17104,(#17108,#17115),.PCURVE_S1.);
#17104 = LINE('',#17105,#17106);
#17105 = CARTESIAN_POINT('',(145.599742,-82.241628,0.));
#17106 = VECTOR('',#17107,1.);
#17107 = DIRECTION('',(0.,0.,1.));
#17108 = PCURVE('',#5357,#17109);
#17109 = DEFINITIONAL_REPRESENTATION('',(#17110),#17114);
#17110 = LINE('',#17111,#17112);
#17111 = CARTESIAN_POINT('',(0.110250399954,0.));
#17112 = VECTOR('',#17113,1.);
#17113 = DIRECTION('',(0.,-1.));
#17114 = ( GEOMETRIC_REPRESENTATION_CONTEXT(2) 
PARAMETRIC_REPRESENTATION_CONTEXT() REPRESENTATION_CONTEXT('2D SPACE',''
  ) );
#17115 = PCURVE('',#5329,#17116);
#17116 = DEFINITIONAL_REPRESENTATION('',(#17117),#17121);
#17117 = LINE('',#17118,#17119);
#17118 = CARTESIAN_POINT('',(0.,0.));
#17119 = VECTOR('',#17120,1.);
#17120 = DIRECTION('',(0.,-1.));
#17121 = ( GEOMETRIC_REPRESENTATION_CONTEXT(2) 
PARAMETRIC_REPRESENTATION_CONTEXT() REPRESENTATION_CONTEXT('2D SPACE',''
  ) );
#17122 = ADVANCED_FACE('',(#17123),#5329,.F.);
#17123 = FACE_BOUND('',#17124,.F.);
#17124 = EDGE_LOOP('',(#17125,#17126,#17127,#17128));
#17125 = ORIENTED_EDGE('',*,*,#5313,.F.);
#17126 = ORIENTED_EDGE('',*,*,#17102,.T.);
#17127 = ORIENTED_EDGE('',*,*,#11205,.T.);
#17128 = ORIENTED_EDGE('',*,*,#17129,.F.);
#17129 = EDGE_CURVE('',#5286,#11185,#17130,.T.);
#17130 = SURFACE_CURVE('',#17131,(#17135,#17142),.PCURVE_S1.);
#17131 = LINE('',#17132,#17133);
#17132 = CARTESIAN_POINT('',(145.62,-82.35,0.));
#17133 = VECTOR('',#17134,1.);
#17134 = DIRECTION('',(0.,0.,1.));
#17135 = PCURVE('',#5329,#17136);
#17136 = DEFINITIONAL_REPRESENTATION('',(#17137),#17141);
#17137 = LINE('',#17138,#17139);
#17138 = CARTESIAN_POINT('',(0.110249158491,0.));
#17139 = VECTOR('',#17140,1.);
#17140 = DIRECTION('',(0.,-1.));
#17141 = ( GEOMETRIC_REPRESENTATION_CONTEXT(2) 
PARAMETRIC_REPRESENTATION_CONTEXT() REPRESENTATION_CONTEXT('2D SPACE',''
  ) );
#17142 = PCURVE('',#5301,#17143);
#17143 = DEFINITIONAL_REPRESENTATION('',(#17144),#17148);
#17144 = LINE('',#17145,#17146);
#17145 = CARTESIAN_POINT('',(0.,0.));
#17146 = VECTOR('',#17147,1.);
#17147 = DIRECTION('',(0.,-1.));
#17148 = ( GEOMETRIC_REPRESENTATION_CONTEXT(2) 
PARAMETRIC_REPRESENTATION_CONTEXT() REPRESENTATION_CONTEXT('2D SPACE',''
  ) );
#17149 = ADVANCED_FACE('',(#17150),#5301,.F.);
#17150 = FACE_BOUND('',#17151,.F.);
#17151 = EDGE_LOOP('',(#17152,#17153,#17154,#17155));
#17152 = ORIENTED_EDGE('',*,*,#5285,.F.);
#17153 = ORIENTED_EDGE('',*,*,#17129,.T.);
#17154 = ORIENTED_EDGE('',*,*,#11184,.T.);
#17155 = ORIENTED_EDGE('',*,*,#17156,.F.);
#17156 = EDGE_CURVE('',#5258,#11164,#17157,.T.);
#17157 = SURFACE_CURVE('',#17158,(#17162,#17169),.PCURVE_S1.);
#17158 = LINE('',#17159,#17160);
#17159 = CARTESIAN_POINT('',(145.62,-82.95,0.));
#17160 = VECTOR('',#17161,1.);
#17161 = DIRECTION('',(0.,0.,1.));
#17162 = PCURVE('',#5301,#17163);
#17163 = DEFINITIONAL_REPRESENTATION('',(#17164),#17168);
#17164 = LINE('',#17165,#17166);
#17165 = CARTESIAN_POINT('',(0.6,0.));
#17166 = VECTOR('',#17167,1.);
#17167 = DIRECTION('',(0.,-1.));
#17168 = ( GEOMETRIC_REPRESENTATION_CONTEXT(2) 
PARAMETRIC_REPRESENTATION_CONTEXT() REPRESENTATION_CONTEXT('2D SPACE',''
  ) );
#17169 = PCURVE('',#5273,#17170);
#17170 = DEFINITIONAL_REPRESENTATION('',(#17171),#17175);
#17171 = LINE('',#17172,#17173);
#17172 = CARTESIAN_POINT('',(0.,0.));
#17173 = VECTOR('',#17174,1.);
#17174 = DIRECTION('',(0.,-1.));
#17175 = ( GEOMETRIC_REPRESENTATION_CONTEXT(2) 
PARAMETRIC_REPRESENTATION_CONTEXT() REPRESENTATION_CONTEXT('2D SPACE',''
  ) );
#17176 = ADVANCED_FACE('',(#17177),#5273,.F.);
#17177 = FACE_BOUND('',#17178,.F.);
#17178 = EDGE_LOOP('',(#17179,#17180,#17181,#17182));
#17179 = ORIENTED_EDGE('',*,*,#5257,.F.);
#17180 = ORIENTED_EDGE('',*,*,#17156,.T.);
#17181 = ORIENTED_EDGE('',*,*,#11163,.T.);
#17182 = ORIENTED_EDGE('',*,*,#17183,.F.);
#17183 = EDGE_CURVE('',#5230,#11143,#17184,.T.);
#17184 = SURFACE_CURVE('',#17185,(#17189,#17196),.PCURVE_S1.);
#17185 = LINE('',#17186,#17187);
#17186 = CARTESIAN_POINT('',(145.614892,-83.005125,0.));
#17187 = VECTOR('',#17188,1.);
#17188 = DIRECTION('',(0.,0.,1.));
#17189 = PCURVE('',#5273,#17190);
#17190 = DEFINITIONAL_REPRESENTATION('',(#17191),#17195);
#17191 = LINE('',#17192,#17193);
#17192 = CARTESIAN_POINT('',(5.536115324847E-02,0.));
#17193 = VECTOR('',#17194,1.);
#17194 = DIRECTION('',(0.,-1.));
#17195 = ( GEOMETRIC_REPRESENTATION_CONTEXT(2) 
PARAMETRIC_REPRESENTATION_CONTEXT() REPRESENTATION_CONTEXT('2D SPACE',''
  ) );
#17196 = PCURVE('',#5245,#17197);
#17197 = DEFINITIONAL_REPRESENTATION('',(#17198),#17202);
#17198 = LINE('',#17199,#17200);
#17199 = CARTESIAN_POINT('',(0.,0.));
#17200 = VECTOR('',#17201,1.);
#17201 = DIRECTION('',(0.,-1.));
#17202 = ( GEOMETRIC_REPRESENTATION_CONTEXT(2) 
PARAMETRIC_REPRESENTATION_CONTEXT() REPRESENTATION_CONTEXT('2D SPACE',''
  ) );
#17203 = ADVANCED_FACE('',(#17204),#5245,.F.);
#17204 = FACE_BOUND('',#17205,.F.);
#17205 = EDGE_LOOP('',(#17206,#17207,#17208,#17209));
#17206 = ORIENTED_EDGE('',*,*,#5229,.F.);
#17207 = ORIENTED_EDGE('',*,*,#17183,.T.);
#17208 = ORIENTED_EDGE('',*,*,#11142,.T.);
#17209 = ORIENTED_EDGE('',*,*,#17210,.F.);
#17210 = EDGE_CURVE('',#5202,#11122,#17211,.T.);
#17211 = SURFACE_CURVE('',#17212,(#17216,#17223),.PCURVE_S1.);
#17212 = LINE('',#17213,#17214);
#17213 = CARTESIAN_POINT('',(145.575065,-83.10793,0.));
#17214 = VECTOR('',#17215,1.);
#17215 = DIRECTION('',(0.,0.,1.));
#17216 = PCURVE('',#5245,#17217);
#17217 = DEFINITIONAL_REPRESENTATION('',(#17218),#17222);
#17218 = LINE('',#17219,#17220);
#17219 = CARTESIAN_POINT('',(0.110249979383,0.));
#17220 = VECTOR('',#17221,1.);
#17221 = DIRECTION('',(0.,-1.));
#17222 = ( GEOMETRIC_REPRESENTATION_CONTEXT(2) 
PARAMETRIC_REPRESENTATION_CONTEXT() REPRESENTATION_CONTEXT('2D SPACE',''
  ) );
#17223 = PCURVE('',#5217,#17224);
#17224 = DEFINITIONAL_REPRESENTATION('',(#17225),#17229);
#17225 = LINE('',#17226,#17227);
#17226 = CARTESIAN_POINT('',(0.,0.));
#17227 = VECTOR('',#17228,1.);
#17228 = DIRECTION('',(0.,-1.));
#17229 = ( GEOMETRIC_REPRESENTATION_CONTEXT(2) 
PARAMETRIC_REPRESENTATION_CONTEXT() REPRESENTATION_CONTEXT('2D SPACE',''
  ) );
#17230 = ADVANCED_FACE('',(#17231),#5217,.F.);
#17231 = FACE_BOUND('',#17232,.F.);
#17232 = EDGE_LOOP('',(#17233,#17234,#17235,#17236));
#17233 = ORIENTED_EDGE('',*,*,#5201,.F.);
#17234 = ORIENTED_EDGE('',*,*,#17210,.T.);
#17235 = ORIENTED_EDGE('',*,*,#11121,.T.);
#17236 = ORIENTED_EDGE('',*,*,#17237,.F.);
#17237 = EDGE_CURVE('',#5174,#11101,#17238,.T.);
#17238 = SURFACE_CURVE('',#17239,(#17243,#17250),.PCURVE_S1.);
#17239 = LINE('',#17240,#17241);
#17240 = CARTESIAN_POINT('',(145.50079,-83.189405,0.));
#17241 = VECTOR('',#17242,1.);
#17242 = DIRECTION('',(0.,0.,1.));
#17243 = PCURVE('',#5217,#17244);
#17244 = DEFINITIONAL_REPRESENTATION('',(#17245),#17249);
#17245 = LINE('',#17246,#17247);
#17246 = CARTESIAN_POINT('',(0.110249495464,0.));
#17247 = VECTOR('',#17248,1.);
#17248 = DIRECTION('',(0.,-1.));
#17249 = ( GEOMETRIC_REPRESENTATION_CONTEXT(2) 
PARAMETRIC_REPRESENTATION_CONTEXT() REPRESENTATION_CONTEXT('2D SPACE',''
  ) );
#17250 = PCURVE('',#5189,#17251);
#17251 = DEFINITIONAL_REPRESENTATION('',(#17252),#17256);
#17252 = LINE('',#17253,#17254);
#17253 = CARTESIAN_POINT('',(0.,0.));
#17254 = VECTOR('',#17255,1.);
#17255 = DIRECTION('',(0.,-1.));
#17256 = ( GEOMETRIC_REPRESENTATION_CONTEXT(2) 
PARAMETRIC_REPRESENTATION_CONTEXT() REPRESENTATION_CONTEXT('2D SPACE',''
  ) );
#17257 = ADVANCED_FACE('',(#17258),#5189,.F.);
#17258 = FACE_BOUND('',#17259,.F.);
#17259 = EDGE_LOOP('',(#17260,#17261,#17262,#17263));
#17260 = ORIENTED_EDGE('',*,*,#5173,.F.);
#17261 = ORIENTED_EDGE('',*,*,#17237,.T.);
#17262 = ORIENTED_EDGE('',*,*,#11100,.T.);
#17263 = ORIENTED_EDGE('',*,*,#17264,.F.);
#17264 = EDGE_CURVE('',#5146,#11080,#17265,.T.);
#17265 = SURFACE_CURVE('',#17266,(#17270,#17277),.PCURVE_S1.);
#17266 = LINE('',#17267,#17268);
#17267 = CARTESIAN_POINT('',(145.402099,-83.238548,0.));
#17268 = VECTOR('',#17269,1.);
#17269 = DIRECTION('',(0.,0.,1.));
#17270 = PCURVE('',#5189,#17271);
#17271 = DEFINITIONAL_REPRESENTATION('',(#17272),#17276);
#17272 = LINE('',#17273,#17274);
#17273 = CARTESIAN_POINT('',(0.110249480407,0.));
#17274 = VECTOR('',#17275,1.);
#17275 = DIRECTION('',(0.,-1.));
#17276 = ( GEOMETRIC_REPRESENTATION_CONTEXT(2) 
PARAMETRIC_REPRESENTATION_CONTEXT() REPRESENTATION_CONTEXT('2D SPACE',''
  ) );
#17277 = PCURVE('',#5161,#17278);
#17278 = DEFINITIONAL_REPRESENTATION('',(#17279),#17283);
#17279 = LINE('',#17280,#17281);
#17280 = CARTESIAN_POINT('',(0.,0.));
#17281 = VECTOR('',#17282,1.);
#17282 = DIRECTION('',(0.,-1.));
#17283 = ( GEOMETRIC_REPRESENTATION_CONTEXT(2) 
PARAMETRIC_REPRESENTATION_CONTEXT() REPRESENTATION_CONTEXT('2D SPACE',''
  ) );
#17284 = ADVANCED_FACE('',(#17285),#5161,.F.);
#17285 = FACE_BOUND('',#17286,.F.);
#17286 = EDGE_LOOP('',(#17287,#17288,#17289,#17290));
#17287 = ORIENTED_EDGE('',*,*,#5145,.F.);
#17288 = ORIENTED_EDGE('',*,*,#17264,.T.);
#17289 = ORIENTED_EDGE('',*,*,#11079,.T.);
#17290 = ORIENTED_EDGE('',*,*,#17291,.F.);
#17291 = EDGE_CURVE('',#5118,#11059,#17292,.T.);
#17292 = SURFACE_CURVE('',#17293,(#17297,#17304),.PCURVE_S1.);
#17293 = LINE('',#17294,#17295);
#17294 = CARTESIAN_POINT('',(145.292319,-83.24872,0.));
#17295 = VECTOR('',#17296,1.);
#17296 = DIRECTION('',(0.,0.,1.));
#17297 = PCURVE('',#5161,#17298);
#17298 = DEFINITIONAL_REPRESENTATION('',(#17299),#17303);
#17299 = LINE('',#17300,#17301);
#17300 = CARTESIAN_POINT('',(0.110250251628,0.));
#17301 = VECTOR('',#17302,1.);
#17302 = DIRECTION('',(0.,-1.));
#17303 = ( GEOMETRIC_REPRESENTATION_CONTEXT(2) 
PARAMETRIC_REPRESENTATION_CONTEXT() REPRESENTATION_CONTEXT('2D SPACE',''
  ) );
#17304 = PCURVE('',#5133,#17305);
#17305 = DEFINITIONAL_REPRESENTATION('',(#17306),#17310);
#17306 = LINE('',#17307,#17308);
#17307 = CARTESIAN_POINT('',(0.,0.));
#17308 = VECTOR('',#17309,1.);
#17309 = DIRECTION('',(0.,-1.));
#17310 = ( GEOMETRIC_REPRESENTATION_CONTEXT(2) 
PARAMETRIC_REPRESENTATION_CONTEXT() REPRESENTATION_CONTEXT('2D SPACE',''
  ) );
#17311 = ADVANCED_FACE('',(#17312),#5133,.F.);
#17312 = FACE_BOUND('',#17313,.F.);
#17313 = EDGE_LOOP('',(#17314,#17315,#17316,#17317));
#17314 = ORIENTED_EDGE('',*,*,#5117,.F.);
#17315 = ORIENTED_EDGE('',*,*,#17291,.T.);
#17316 = ORIENTED_EDGE('',*,*,#11058,.T.);
#17317 = ORIENTED_EDGE('',*,*,#17318,.F.);
#17318 = EDGE_CURVE('',#5090,#11038,#17319,.T.);
#17319 = SURFACE_CURVE('',#17320,(#17324,#17331),.PCURVE_S1.);
#17320 = LINE('',#17321,#17322);
#17321 = CARTESIAN_POINT('',(145.186278,-83.218549,0.));
#17322 = VECTOR('',#17323,1.);
#17323 = DIRECTION('',(0.,0.,1.));
#17324 = PCURVE('',#5133,#17325);
#17325 = DEFINITIONAL_REPRESENTATION('',(#17326),#17330);
#17326 = LINE('',#17327,#17328);
#17327 = CARTESIAN_POINT('',(0.110249639101,0.));
#17328 = VECTOR('',#17329,1.);
#17329 = DIRECTION('',(0.,-1.));
#17330 = ( GEOMETRIC_REPRESENTATION_CONTEXT(2) 
PARAMETRIC_REPRESENTATION_CONTEXT() REPRESENTATION_CONTEXT('2D SPACE',''
  ) );
#17331 = PCURVE('',#5105,#17332);
#17332 = DEFINITIONAL_REPRESENTATION('',(#17333),#17337);
#17333 = LINE('',#17334,#17335);
#17334 = CARTESIAN_POINT('',(0.,0.));
#17335 = VECTOR('',#17336,1.);
#17336 = DIRECTION('',(0.,-1.));
#17337 = ( GEOMETRIC_REPRESENTATION_CONTEXT(2) 
PARAMETRIC_REPRESENTATION_CONTEXT() REPRESENTATION_CONTEXT('2D SPACE',''
  ) );
#17338 = ADVANCED_FACE('',(#17339),#5105,.F.);
#17339 = FACE_BOUND('',#17340,.F.);
#17340 = EDGE_LOOP('',(#17341,#17342,#17343,#17344));
#17341 = ORIENTED_EDGE('',*,*,#5089,.F.);
#17342 = ORIENTED_EDGE('',*,*,#17318,.T.);
#17343 = ORIENTED_EDGE('',*,*,#11037,.T.);
#17344 = ORIENTED_EDGE('',*,*,#17345,.F.);
#17345 = EDGE_CURVE('',#5062,#11017,#17346,.T.);
#17346 = SURFACE_CURVE('',#17347,(#17351,#17358),.PCURVE_S1.);
#17347 = LINE('',#17348,#17349);
#17348 = CARTESIAN_POINT('',(145.098297,-83.152109,0.));
#17349 = VECTOR('',#17350,1.);
#17350 = DIRECTION('',(0.,0.,1.));
#17351 = PCURVE('',#5105,#17352);
#17352 = DEFINITIONAL_REPRESENTATION('',(#17353),#17357);
#17353 = LINE('',#17354,#17355);
#17354 = CARTESIAN_POINT('',(0.110249398914,0.));
#17355 = VECTOR('',#17356,1.);
#17356 = DIRECTION('',(0.,-1.));
#17357 = ( GEOMETRIC_REPRESENTATION_CONTEXT(2) 
PARAMETRIC_REPRESENTATION_CONTEXT() REPRESENTATION_CONTEXT('2D SPACE',''
  ) );
#17358 = PCURVE('',#5077,#17359);
#17359 = DEFINITIONAL_REPRESENTATION('',(#17360),#17364);
#17360 = LINE('',#17361,#17362);
#17361 = CARTESIAN_POINT('',(0.,0.));
#17362 = VECTOR('',#17363,1.);
#17363 = DIRECTION('',(0.,-1.));
#17364 = ( GEOMETRIC_REPRESENTATION_CONTEXT(2) 
PARAMETRIC_REPRESENTATION_CONTEXT() REPRESENTATION_CONTEXT('2D SPACE',''
  ) );
#17365 = ADVANCED_FACE('',(#17366),#5077,.F.);
#17366 = FACE_BOUND('',#17367,.F.);
#17367 = EDGE_LOOP('',(#17368,#17369,#17370,#17371));
#17368 = ORIENTED_EDGE('',*,*,#5061,.F.);
#17369 = ORIENTED_EDGE('',*,*,#17345,.T.);
#17370 = ORIENTED_EDGE('',*,*,#11016,.T.);
#17371 = ORIENTED_EDGE('',*,*,#17372,.F.);
#17372 = EDGE_CURVE('',#5034,#10996,#17373,.T.);
#17373 = SURFACE_CURVE('',#17374,(#17378,#17385),.PCURVE_S1.);
#17374 = LINE('',#17375,#17376);
#17375 = CARTESIAN_POINT('',(145.040258,-83.058372,0.));
#17376 = VECTOR('',#17377,1.);
#17377 = DIRECTION('',(0.,0.,1.));
#17378 = PCURVE('',#5077,#17379);
#17379 = DEFINITIONAL_REPRESENTATION('',(#17380),#17384);
#17380 = LINE('',#17381,#17382);
#17381 = CARTESIAN_POINT('',(0.110250399954,0.));
#17382 = VECTOR('',#17383,1.);
#17383 = DIRECTION('',(0.,-1.));
#17384 = ( GEOMETRIC_REPRESENTATION_CONTEXT(2) 
PARAMETRIC_REPRESENTATION_CONTEXT() REPRESENTATION_CONTEXT('2D SPACE',''
  ) );
#17385 = PCURVE('',#5049,#17386);
#17386 = DEFINITIONAL_REPRESENTATION('',(#17387),#17391);
#17387 = LINE('',#17388,#17389);
#17388 = CARTESIAN_POINT('',(0.,0.));
#17389 = VECTOR('',#17390,1.);
#17390 = DIRECTION('',(0.,-1.));
#17391 = ( GEOMETRIC_REPRESENTATION_CONTEXT(2) 
PARAMETRIC_REPRESENTATION_CONTEXT() REPRESENTATION_CONTEXT('2D SPACE',''
  ) );
#17392 = ADVANCED_FACE('',(#17393),#5049,.F.);
#17393 = FACE_BOUND('',#17394,.F.);
#17394 = EDGE_LOOP('',(#17395,#17396,#17397,#17398));
#17395 = ORIENTED_EDGE('',*,*,#5033,.F.);
#17396 = ORIENTED_EDGE('',*,*,#17372,.T.);
#17397 = ORIENTED_EDGE('',*,*,#10995,.T.);
#17398 = ORIENTED_EDGE('',*,*,#17399,.F.);
#17399 = EDGE_CURVE('',#5006,#10975,#17400,.T.);
#17400 = SURFACE_CURVE('',#17401,(#17405,#17412),.PCURVE_S1.);
#17401 = LINE('',#17402,#17403);
#17402 = CARTESIAN_POINT('',(145.02,-82.95,0.));
#17403 = VECTOR('',#17404,1.);
#17404 = DIRECTION('',(0.,0.,1.));
#17405 = PCURVE('',#5049,#17406);
#17406 = DEFINITIONAL_REPRESENTATION('',(#17407),#17411);
#17407 = LINE('',#17408,#17409);
#17408 = CARTESIAN_POINT('',(0.110249158491,0.));
#17409 = VECTOR('',#17410,1.);
#17410 = DIRECTION('',(0.,-1.));
#17411 = ( GEOMETRIC_REPRESENTATION_CONTEXT(2) 
PARAMETRIC_REPRESENTATION_CONTEXT() REPRESENTATION_CONTEXT('2D SPACE',''
  ) );
#17412 = PCURVE('',#5021,#17413);
#17413 = DEFINITIONAL_REPRESENTATION('',(#17414),#17418);
#17414 = LINE('',#17415,#17416);
#17415 = CARTESIAN_POINT('',(0.,0.));
#17416 = VECTOR('',#17417,1.);
#17417 = DIRECTION('',(0.,-1.));
#17418 = ( GEOMETRIC_REPRESENTATION_CONTEXT(2) 
PARAMETRIC_REPRESENTATION_CONTEXT() REPRESENTATION_CONTEXT('2D SPACE',''
  ) );
#17419 = ADVANCED_FACE('',(#17420),#5021,.F.);
#17420 = FACE_BOUND('',#17421,.F.);
#17421 = EDGE_LOOP('',(#17422,#17423,#17424,#17425));
#17422 = ORIENTED_EDGE('',*,*,#5005,.F.);
#17423 = ORIENTED_EDGE('',*,*,#17399,.T.);
#17424 = ORIENTED_EDGE('',*,*,#10974,.T.);
#17425 = ORIENTED_EDGE('',*,*,#17426,.F.);
#17426 = EDGE_CURVE('',#4978,#10954,#17427,.T.);
#17427 = SURFACE_CURVE('',#17428,(#17432,#17439),.PCURVE_S1.);
#17428 = LINE('',#17429,#17430);
#17429 = CARTESIAN_POINT('',(145.02,-82.35,0.));
#17430 = VECTOR('',#17431,1.);
#17431 = DIRECTION('',(0.,0.,1.));
#17432 = PCURVE('',#5021,#17433);
#17433 = DEFINITIONAL_REPRESENTATION('',(#17434),#17438);
#17434 = LINE('',#17435,#17436);
#17435 = CARTESIAN_POINT('',(0.6,0.));
#17436 = VECTOR('',#17437,1.);
#17437 = DIRECTION('',(0.,-1.));
#17438 = ( GEOMETRIC_REPRESENTATION_CONTEXT(2) 
PARAMETRIC_REPRESENTATION_CONTEXT() REPRESENTATION_CONTEXT('2D SPACE',''
  ) );
#17439 = PCURVE('',#4993,#17440);
#17440 = DEFINITIONAL_REPRESENTATION('',(#17441),#17445);
#17441 = LINE('',#17442,#17443);
#17442 = CARTESIAN_POINT('',(0.,0.));
#17443 = VECTOR('',#17444,1.);
#17444 = DIRECTION('',(0.,-1.));
#17445 = ( GEOMETRIC_REPRESENTATION_CONTEXT(2) 
PARAMETRIC_REPRESENTATION_CONTEXT() REPRESENTATION_CONTEXT('2D SPACE',''
  ) );
#17446 = ADVANCED_FACE('',(#17447),#4993,.F.);
#17447 = FACE_BOUND('',#17448,.F.);
#17448 = EDGE_LOOP('',(#17449,#17450,#17451,#17452));
#17449 = ORIENTED_EDGE('',*,*,#4977,.F.);
#17450 = ORIENTED_EDGE('',*,*,#17426,.T.);
#17451 = ORIENTED_EDGE('',*,*,#10953,.T.);
#17452 = ORIENTED_EDGE('',*,*,#16918,.F.);
#17453 = ADVANCED_FACE('',(#17454),#5530,.F.);
#17454 = FACE_BOUND('',#17455,.F.);
#17455 = EDGE_LOOP('',(#17456,#17457,#17478,#17479));
#17456 = ORIENTED_EDGE('',*,*,#11352,.F.);
#17457 = ORIENTED_EDGE('',*,*,#17458,.F.);
#17458 = EDGE_CURVE('',#5510,#11353,#17459,.T.);
#17459 = SEAM_CURVE('',#17460,(#17464,#17471),.PCURVE_S1.);
#17460 = LINE('',#17461,#17462);
#17461 = CARTESIAN_POINT('',(138.435,-86.3,-1.E-02));
#17462 = VECTOR('',#17463,1.);
#17463 = DIRECTION('',(0.,0.,1.));
#17464 = PCURVE('',#5530,#17465);
#17465 = DEFINITIONAL_REPRESENTATION('',(#17466),#17470);
#17466 = LINE('',#17467,#17468);
#17467 = CARTESIAN_POINT('',(6.28318530718,-0.));
#17468 = VECTOR('',#17469,1.);
#17469 = DIRECTION('',(0.,1.));
#17470 = ( GEOMETRIC_REPRESENTATION_CONTEXT(2) 
PARAMETRIC_REPRESENTATION_CONTEXT() REPRESENTATION_CONTEXT('2D SPACE',''
  ) );
#17471 = PCURVE('',#5530,#17472);
#17472 = DEFINITIONAL_REPRESENTATION('',(#17473),#17477);
#17473 = LINE('',#17474,#17475);
#17474 = CARTESIAN_POINT('',(0.,-0.));
#17475 = VECTOR('',#17476,1.);
#17476 = DIRECTION('',(0.,1.));
#17477 = ( GEOMETRIC_REPRESENTATION_CONTEXT(2) 
PARAMETRIC_REPRESENTATION_CONTEXT() REPRESENTATION_CONTEXT('2D SPACE',''
  ) );
#17478 = ORIENTED_EDGE('',*,*,#5509,.T.);
#17479 = ORIENTED_EDGE('',*,*,#17458,.T.);
#17480 = ADVANCED_FACE('',(#17481),#5562,.F.);
#17481 = FACE_BOUND('',#17482,.F.);
#17482 = EDGE_LOOP('',(#17483,#17484,#17505,#17506));
#17483 = ORIENTED_EDGE('',*,*,#5544,.F.);
#17484 = ORIENTED_EDGE('',*,*,#17485,.T.);
#17485 = EDGE_CURVE('',#5545,#11383,#17486,.T.);
#17486 = SURFACE_CURVE('',#17487,(#17491,#17498),.PCURVE_S1.);
#17487 = LINE('',#17488,#17489);
#17488 = CARTESIAN_POINT('',(136.385108,-86.224875,0.));
#17489 = VECTOR('',#17490,1.);
#17490 = DIRECTION('',(0.,0.,1.));
#17491 = PCURVE('',#5562,#17492);
#17492 = DEFINITIONAL_REPRESENTATION('',(#17493),#17497);
#17493 = LINE('',#17494,#17495);
#17494 = CARTESIAN_POINT('',(0.,0.));
#17495 = VECTOR('',#17496,1.);
#17496 = DIRECTION('',(0.,-1.));
#17497 = ( GEOMETRIC_REPRESENTATION_CONTEXT(2) 
PARAMETRIC_REPRESENTATION_CONTEXT() REPRESENTATION_CONTEXT('2D SPACE',''
  ) );
#17498 = PCURVE('',#5590,#17499);
#17499 = DEFINITIONAL_REPRESENTATION('',(#17500),#17504);
#17500 = LINE('',#17501,#17502);
#17501 = CARTESIAN_POINT('',(5.536115324847E-02,0.));
#17502 = VECTOR('',#17503,1.);
#17503 = DIRECTION('',(0.,-1.));
#17504 = ( GEOMETRIC_REPRESENTATION_CONTEXT(2) 
PARAMETRIC_REPRESENTATION_CONTEXT() REPRESENTATION_CONTEXT('2D SPACE',''
  ) );
#17505 = ORIENTED_EDGE('',*,*,#11382,.T.);
#17506 = ORIENTED_EDGE('',*,*,#17507,.F.);
#17507 = EDGE_CURVE('',#5547,#11385,#17508,.T.);
#17508 = SURFACE_CURVE('',#17509,(#17513,#17520),.PCURVE_S1.);
#17509 = LINE('',#17510,#17511);
#17510 = CARTESIAN_POINT('',(136.424935,-86.12207,0.));
#17511 = VECTOR('',#17512,1.);
#17512 = DIRECTION('',(0.,0.,1.));
#17513 = PCURVE('',#5562,#17514);
#17514 = DEFINITIONAL_REPRESENTATION('',(#17515),#17519);
#17515 = LINE('',#17516,#17517);
#17516 = CARTESIAN_POINT('',(0.110249979383,0.));
#17517 = VECTOR('',#17518,1.);
#17518 = DIRECTION('',(0.,-1.));
#17519 = ( GEOMETRIC_REPRESENTATION_CONTEXT(2) 
PARAMETRIC_REPRESENTATION_CONTEXT() REPRESENTATION_CONTEXT('2D SPACE',''
  ) );
#17520 = PCURVE('',#6092,#17521);
#17521 = DEFINITIONAL_REPRESENTATION('',(#17522),#17526);
#17522 = LINE('',#17523,#17524);
#17523 = CARTESIAN_POINT('',(0.,0.));
#17524 = VECTOR('',#17525,1.);
#17525 = DIRECTION('',(0.,-1.));
#17526 = ( GEOMETRIC_REPRESENTATION_CONTEXT(2) 
PARAMETRIC_REPRESENTATION_CONTEXT() REPRESENTATION_CONTEXT('2D SPACE',''
  ) );
#17527 = ADVANCED_FACE('',(#17528),#6092,.F.);
#17528 = FACE_BOUND('',#17529,.F.);
#17529 = EDGE_LOOP('',(#17530,#17531,#17532,#17533));
#17530 = ORIENTED_EDGE('',*,*,#6078,.F.);
#17531 = ORIENTED_EDGE('',*,*,#17507,.T.);
#17532 = ORIENTED_EDGE('',*,*,#11783,.T.);
#17533 = ORIENTED_EDGE('',*,*,#17534,.F.);
#17534 = EDGE_CURVE('',#6051,#11763,#17535,.T.);
#17535 = SURFACE_CURVE('',#17536,(#17540,#17547),.PCURVE_S1.);
#17536 = LINE('',#17537,#17538);
#17537 = CARTESIAN_POINT('',(136.49921,-86.040595,0.));
#17538 = VECTOR('',#17539,1.);
#17539 = DIRECTION('',(0.,0.,1.));
#17540 = PCURVE('',#6092,#17541);
#17541 = DEFINITIONAL_REPRESENTATION('',(#17542),#17546);
#17542 = LINE('',#17543,#17544);
#17543 = CARTESIAN_POINT('',(0.110249495464,0.));
#17544 = VECTOR('',#17545,1.);
#17545 = DIRECTION('',(0.,-1.));
#17546 = ( GEOMETRIC_REPRESENTATION_CONTEXT(2) 
PARAMETRIC_REPRESENTATION_CONTEXT() REPRESENTATION_CONTEXT('2D SPACE',''
  ) );
#17547 = PCURVE('',#6066,#17548);
#17548 = DEFINITIONAL_REPRESENTATION('',(#17549),#17553);
#17549 = LINE('',#17550,#17551);
#17550 = CARTESIAN_POINT('',(0.,0.));
#17551 = VECTOR('',#17552,1.);
#17552 = DIRECTION('',(0.,-1.));
#17553 = ( GEOMETRIC_REPRESENTATION_CONTEXT(2) 
PARAMETRIC_REPRESENTATION_CONTEXT() REPRESENTATION_CONTEXT('2D SPACE',''
  ) );
#17554 = ADVANCED_FACE('',(#17555),#6066,.F.);
#17555 = FACE_BOUND('',#17556,.F.);
#17556 = EDGE_LOOP('',(#17557,#17558,#17559,#17560));
#17557 = ORIENTED_EDGE('',*,*,#6050,.F.);
#17558 = ORIENTED_EDGE('',*,*,#17534,.T.);
#17559 = ORIENTED_EDGE('',*,*,#11762,.T.);
#17560 = ORIENTED_EDGE('',*,*,#17561,.F.);
#17561 = EDGE_CURVE('',#6023,#11742,#17562,.T.);
#17562 = SURFACE_CURVE('',#17563,(#17567,#17574),.PCURVE_S1.);
#17563 = LINE('',#17564,#17565);
#17564 = CARTESIAN_POINT('',(136.597901,-85.991452,0.));
#17565 = VECTOR('',#17566,1.);
#17566 = DIRECTION('',(0.,0.,1.));
#17567 = PCURVE('',#6066,#17568);
#17568 = DEFINITIONAL_REPRESENTATION('',(#17569),#17573);
#17569 = LINE('',#17570,#17571);
#17570 = CARTESIAN_POINT('',(0.110249480407,0.));
#17571 = VECTOR('',#17572,1.);
#17572 = DIRECTION('',(0.,-1.));
#17573 = ( GEOMETRIC_REPRESENTATION_CONTEXT(2) 
PARAMETRIC_REPRESENTATION_CONTEXT() REPRESENTATION_CONTEXT('2D SPACE',''
  ) );
#17574 = PCURVE('',#6038,#17575);
#17575 = DEFINITIONAL_REPRESENTATION('',(#17576),#17580);
#17576 = LINE('',#17577,#17578);
#17577 = CARTESIAN_POINT('',(0.,0.));
#17578 = VECTOR('',#17579,1.);
#17579 = DIRECTION('',(0.,-1.));
#17580 = ( GEOMETRIC_REPRESENTATION_CONTEXT(2) 
PARAMETRIC_REPRESENTATION_CONTEXT() REPRESENTATION_CONTEXT('2D SPACE',''
  ) );
#17581 = ADVANCED_FACE('',(#17582),#6038,.F.);
#17582 = FACE_BOUND('',#17583,.F.);
#17583 = EDGE_LOOP('',(#17584,#17585,#17586,#17587));
#17584 = ORIENTED_EDGE('',*,*,#6022,.F.);
#17585 = ORIENTED_EDGE('',*,*,#17561,.T.);
#17586 = ORIENTED_EDGE('',*,*,#11741,.T.);
#17587 = ORIENTED_EDGE('',*,*,#17588,.F.);
#17588 = EDGE_CURVE('',#5995,#11721,#17589,.T.);
#17589 = SURFACE_CURVE('',#17590,(#17594,#17601),.PCURVE_S1.);
#17590 = LINE('',#17591,#17592);
#17591 = CARTESIAN_POINT('',(136.707681,-85.98128,0.));
#17592 = VECTOR('',#17593,1.);
#17593 = DIRECTION('',(0.,0.,1.));
#17594 = PCURVE('',#6038,#17595);
#17595 = DEFINITIONAL_REPRESENTATION('',(#17596),#17600);
#17596 = LINE('',#17597,#17598);
#17597 = CARTESIAN_POINT('',(0.110250251628,0.));
#17598 = VECTOR('',#17599,1.);
#17599 = DIRECTION('',(0.,-1.));
#17600 = ( GEOMETRIC_REPRESENTATION_CONTEXT(2) 
PARAMETRIC_REPRESENTATION_CONTEXT() REPRESENTATION_CONTEXT('2D SPACE',''
  ) );
#17601 = PCURVE('',#6010,#17602);
#17602 = DEFINITIONAL_REPRESENTATION('',(#17603),#17607);
#17603 = LINE('',#17604,#17605);
#17604 = CARTESIAN_POINT('',(0.,0.));
#17605 = VECTOR('',#17606,1.);
#17606 = DIRECTION('',(0.,-1.));
#17607 = ( GEOMETRIC_REPRESENTATION_CONTEXT(2) 
PARAMETRIC_REPRESENTATION_CONTEXT() REPRESENTATION_CONTEXT('2D SPACE',''
  ) );
#17608 = ADVANCED_FACE('',(#17609),#6010,.F.);
#17609 = FACE_BOUND('',#17610,.F.);
#17610 = EDGE_LOOP('',(#17611,#17612,#17613,#17614));
#17611 = ORIENTED_EDGE('',*,*,#5994,.F.);
#17612 = ORIENTED_EDGE('',*,*,#17588,.T.);
#17613 = ORIENTED_EDGE('',*,*,#11720,.T.);
#17614 = ORIENTED_EDGE('',*,*,#17615,.F.);
#17615 = EDGE_CURVE('',#5967,#11700,#17616,.T.);
#17616 = SURFACE_CURVE('',#17617,(#17621,#17628),.PCURVE_S1.);
#17617 = LINE('',#17618,#17619);
#17618 = CARTESIAN_POINT('',(136.813722,-86.011451,0.));
#17619 = VECTOR('',#17620,1.);
#17620 = DIRECTION('',(0.,0.,1.));
#17621 = PCURVE('',#6010,#17622);
#17622 = DEFINITIONAL_REPRESENTATION('',(#17623),#17627);
#17623 = LINE('',#17624,#17625);
#17624 = CARTESIAN_POINT('',(0.110249639101,0.));
#17625 = VECTOR('',#17626,1.);
#17626 = DIRECTION('',(0.,-1.));
#17627 = ( GEOMETRIC_REPRESENTATION_CONTEXT(2) 
PARAMETRIC_REPRESENTATION_CONTEXT() REPRESENTATION_CONTEXT('2D SPACE',''
  ) );
#17628 = PCURVE('',#5982,#17629);
#17629 = DEFINITIONAL_REPRESENTATION('',(#17630),#17634);
#17630 = LINE('',#17631,#17632);
#17631 = CARTESIAN_POINT('',(0.,0.));
#17632 = VECTOR('',#17633,1.);
#17633 = DIRECTION('',(0.,-1.));
#17634 = ( GEOMETRIC_REPRESENTATION_CONTEXT(2) 
PARAMETRIC_REPRESENTATION_CONTEXT() REPRESENTATION_CONTEXT('2D SPACE',''
  ) );
#17635 = ADVANCED_FACE('',(#17636),#5982,.F.);
#17636 = FACE_BOUND('',#17637,.F.);
#17637 = EDGE_LOOP('',(#17638,#17639,#17640,#17641));
#17638 = ORIENTED_EDGE('',*,*,#5966,.F.);
#17639 = ORIENTED_EDGE('',*,*,#17615,.T.);
#17640 = ORIENTED_EDGE('',*,*,#11699,.T.);
#17641 = ORIENTED_EDGE('',*,*,#17642,.F.);
#17642 = EDGE_CURVE('',#5939,#11679,#17643,.T.);
#17643 = SURFACE_CURVE('',#17644,(#17648,#17655),.PCURVE_S1.);
#17644 = LINE('',#17645,#17646);
#17645 = CARTESIAN_POINT('',(136.901703,-86.077891,0.));
#17646 = VECTOR('',#17647,1.);
#17647 = DIRECTION('',(0.,0.,1.));
#17648 = PCURVE('',#5982,#17649);
#17649 = DEFINITIONAL_REPRESENTATION('',(#17650),#17654);
#17650 = LINE('',#17651,#17652);
#17651 = CARTESIAN_POINT('',(0.110249398914,0.));
#17652 = VECTOR('',#17653,1.);
#17653 = DIRECTION('',(0.,-1.));
#17654 = ( GEOMETRIC_REPRESENTATION_CONTEXT(2) 
PARAMETRIC_REPRESENTATION_CONTEXT() REPRESENTATION_CONTEXT('2D SPACE',''
  ) );
#17655 = PCURVE('',#5954,#17656);
#17656 = DEFINITIONAL_REPRESENTATION('',(#17657),#17661);
#17657 = LINE('',#17658,#17659);
#17658 = CARTESIAN_POINT('',(0.,0.));
#17659 = VECTOR('',#17660,1.);
#17660 = DIRECTION('',(0.,-1.));
#17661 = ( GEOMETRIC_REPRESENTATION_CONTEXT(2) 
PARAMETRIC_REPRESENTATION_CONTEXT() REPRESENTATION_CONTEXT('2D SPACE',''
  ) );
#17662 = ADVANCED_FACE('',(#17663),#5954,.F.);
#17663 = FACE_BOUND('',#17664,.F.);
#17664 = EDGE_LOOP('',(#17665,#17666,#17667,#17668));
#17665 = ORIENTED_EDGE('',*,*,#5938,.F.);
#17666 = ORIENTED_EDGE('',*,*,#17642,.T.);
#17667 = ORIENTED_EDGE('',*,*,#11678,.T.);
#17668 = ORIENTED_EDGE('',*,*,#17669,.F.);
#17669 = EDGE_CURVE('',#5911,#11658,#17670,.T.);
#17670 = SURFACE_CURVE('',#17671,(#17675,#17682),.PCURVE_S1.);
#17671 = LINE('',#17672,#17673);
#17672 = CARTESIAN_POINT('',(136.959742,-86.171628,0.));
#17673 = VECTOR('',#17674,1.);
#17674 = DIRECTION('',(0.,0.,1.));
#17675 = PCURVE('',#5954,#17676);
#17676 = DEFINITIONAL_REPRESENTATION('',(#17677),#17681);
#17677 = LINE('',#17678,#17679);
#17678 = CARTESIAN_POINT('',(0.110250399954,0.));
#17679 = VECTOR('',#17680,1.);
#17680 = DIRECTION('',(0.,-1.));
#17681 = ( GEOMETRIC_REPRESENTATION_CONTEXT(2) 
PARAMETRIC_REPRESENTATION_CONTEXT() REPRESENTATION_CONTEXT('2D SPACE',''
  ) );
#17682 = PCURVE('',#5926,#17683);
#17683 = DEFINITIONAL_REPRESENTATION('',(#17684),#17688);
#17684 = LINE('',#17685,#17686);
#17685 = CARTESIAN_POINT('',(0.,0.));
#17686 = VECTOR('',#17687,1.);
#17687 = DIRECTION('',(0.,-1.));
#17688 = ( GEOMETRIC_REPRESENTATION_CONTEXT(2) 
PARAMETRIC_REPRESENTATION_CONTEXT() REPRESENTATION_CONTEXT('2D SPACE',''
  ) );
#17689 = ADVANCED_FACE('',(#17690),#5926,.F.);
#17690 = FACE_BOUND('',#17691,.F.);
#17691 = EDGE_LOOP('',(#17692,#17693,#17694,#17695));
#17692 = ORIENTED_EDGE('',*,*,#5910,.F.);
#17693 = ORIENTED_EDGE('',*,*,#17669,.T.);
#17694 = ORIENTED_EDGE('',*,*,#11657,.T.);
#17695 = ORIENTED_EDGE('',*,*,#17696,.F.);
#17696 = EDGE_CURVE('',#5883,#11637,#17697,.T.);
#17697 = SURFACE_CURVE('',#17698,(#17702,#17709),.PCURVE_S1.);
#17698 = LINE('',#17699,#17700);
#17699 = CARTESIAN_POINT('',(136.98,-86.28,0.));
#17700 = VECTOR('',#17701,1.);
#17701 = DIRECTION('',(0.,0.,1.));
#17702 = PCURVE('',#5926,#17703);
#17703 = DEFINITIONAL_REPRESENTATION('',(#17704),#17708);
#17704 = LINE('',#17705,#17706);
#17705 = CARTESIAN_POINT('',(0.110249158491,0.));
#17706 = VECTOR('',#17707,1.);
#17707 = DIRECTION('',(0.,-1.));
#17708 = ( GEOMETRIC_REPRESENTATION_CONTEXT(2) 
PARAMETRIC_REPRESENTATION_CONTEXT() REPRESENTATION_CONTEXT('2D SPACE',''
  ) );
#17709 = PCURVE('',#5898,#17710);
#17710 = DEFINITIONAL_REPRESENTATION('',(#17711),#17715);
#17711 = LINE('',#17712,#17713);
#17712 = CARTESIAN_POINT('',(0.,0.));
#17713 = VECTOR('',#17714,1.);
#17714 = DIRECTION('',(0.,-1.));
#17715 = ( GEOMETRIC_REPRESENTATION_CONTEXT(2) 
PARAMETRIC_REPRESENTATION_CONTEXT() REPRESENTATION_CONTEXT('2D SPACE',''
  ) );
#17716 = ADVANCED_FACE('',(#17717),#5898,.F.);
#17717 = FACE_BOUND('',#17718,.F.);
#17718 = EDGE_LOOP('',(#17719,#17720,#17721,#17722));
#17719 = ORIENTED_EDGE('',*,*,#5882,.F.);
#17720 = ORIENTED_EDGE('',*,*,#17696,.T.);
#17721 = ORIENTED_EDGE('',*,*,#11636,.T.);
#17722 = ORIENTED_EDGE('',*,*,#17723,.F.);
#17723 = EDGE_CURVE('',#5855,#11616,#17724,.T.);
#17724 = SURFACE_CURVE('',#17725,(#17729,#17736),.PCURVE_S1.);
#17725 = LINE('',#17726,#17727);
#17726 = CARTESIAN_POINT('',(136.98,-87.38,0.));
#17727 = VECTOR('',#17728,1.);
#17728 = DIRECTION('',(0.,0.,1.));
#17729 = PCURVE('',#5898,#17730);
#17730 = DEFINITIONAL_REPRESENTATION('',(#17731),#17735);
#17731 = LINE('',#17732,#17733);
#17732 = CARTESIAN_POINT('',(1.1,0.));
#17733 = VECTOR('',#17734,1.);
#17734 = DIRECTION('',(0.,-1.));
#17735 = ( GEOMETRIC_REPRESENTATION_CONTEXT(2) 
PARAMETRIC_REPRESENTATION_CONTEXT() REPRESENTATION_CONTEXT('2D SPACE',''
  ) );
#17736 = PCURVE('',#5870,#17737);
#17737 = DEFINITIONAL_REPRESENTATION('',(#17738),#17742);
#17738 = LINE('',#17739,#17740);
#17739 = CARTESIAN_POINT('',(0.,0.));
#17740 = VECTOR('',#17741,1.);
#17741 = DIRECTION('',(0.,-1.));
#17742 = ( GEOMETRIC_REPRESENTATION_CONTEXT(2) 
PARAMETRIC_REPRESENTATION_CONTEXT() REPRESENTATION_CONTEXT('2D SPACE',''
  ) );
#17743 = ADVANCED_FACE('',(#17744),#5870,.F.);
#17744 = FACE_BOUND('',#17745,.F.);
#17745 = EDGE_LOOP('',(#17746,#17747,#17748,#17749));
#17746 = ORIENTED_EDGE('',*,*,#5854,.F.);
#17747 = ORIENTED_EDGE('',*,*,#17723,.T.);
#17748 = ORIENTED_EDGE('',*,*,#11615,.T.);
#17749 = ORIENTED_EDGE('',*,*,#17750,.F.);
#17750 = EDGE_CURVE('',#5827,#11595,#17751,.T.);
#17751 = SURFACE_CURVE('',#17752,(#17756,#17763),.PCURVE_S1.);
#17752 = LINE('',#17753,#17754);
#17753 = CARTESIAN_POINT('',(136.974892,-87.435125,0.));
#17754 = VECTOR('',#17755,1.);
#17755 = DIRECTION('',(0.,0.,1.));
#17756 = PCURVE('',#5870,#17757);
#17757 = DEFINITIONAL_REPRESENTATION('',(#17758),#17762);
#17758 = LINE('',#17759,#17760);
#17759 = CARTESIAN_POINT('',(5.536115324847E-02,0.));
#17760 = VECTOR('',#17761,1.);
#17761 = DIRECTION('',(0.,-1.));
#17762 = ( GEOMETRIC_REPRESENTATION_CONTEXT(2) 
PARAMETRIC_REPRESENTATION_CONTEXT() REPRESENTATION_CONTEXT('2D SPACE',''
  ) );
#17763 = PCURVE('',#5842,#17764);
#17764 = DEFINITIONAL_REPRESENTATION('',(#17765),#17769);
#17765 = LINE('',#17766,#17767);
#17766 = CARTESIAN_POINT('',(0.,0.));
#17767 = VECTOR('',#17768,1.);
#17768 = DIRECTION('',(0.,-1.));
#17769 = ( GEOMETRIC_REPRESENTATION_CONTEXT(2) 
PARAMETRIC_REPRESENTATION_CONTEXT() REPRESENTATION_CONTEXT('2D SPACE',''
  ) );
#17770 = ADVANCED_FACE('',(#17771),#5842,.F.);
#17771 = FACE_BOUND('',#17772,.F.);
#17772 = EDGE_LOOP('',(#17773,#17774,#17775,#17776));
#17773 = ORIENTED_EDGE('',*,*,#5826,.F.);
#17774 = ORIENTED_EDGE('',*,*,#17750,.T.);
#17775 = ORIENTED_EDGE('',*,*,#11594,.T.);
#17776 = ORIENTED_EDGE('',*,*,#17777,.F.);
#17777 = EDGE_CURVE('',#5799,#11574,#17778,.T.);
#17778 = SURFACE_CURVE('',#17779,(#17783,#17790),.PCURVE_S1.);
#17779 = LINE('',#17780,#17781);
#17780 = CARTESIAN_POINT('',(136.935065,-87.53793,0.));
#17781 = VECTOR('',#17782,1.);
#17782 = DIRECTION('',(0.,0.,1.));
#17783 = PCURVE('',#5842,#17784);
#17784 = DEFINITIONAL_REPRESENTATION('',(#17785),#17789);
#17785 = LINE('',#17786,#17787);
#17786 = CARTESIAN_POINT('',(0.110249979383,0.));
#17787 = VECTOR('',#17788,1.);
#17788 = DIRECTION('',(0.,-1.));
#17789 = ( GEOMETRIC_REPRESENTATION_CONTEXT(2) 
PARAMETRIC_REPRESENTATION_CONTEXT() REPRESENTATION_CONTEXT('2D SPACE',''
  ) );
#17790 = PCURVE('',#5814,#17791);
#17791 = DEFINITIONAL_REPRESENTATION('',(#17792),#17796);
#17792 = LINE('',#17793,#17794);
#17793 = CARTESIAN_POINT('',(0.,0.));
#17794 = VECTOR('',#17795,1.);
#17795 = DIRECTION('',(0.,-1.));
#17796 = ( GEOMETRIC_REPRESENTATION_CONTEXT(2) 
PARAMETRIC_REPRESENTATION_CONTEXT() REPRESENTATION_CONTEXT('2D SPACE',''
  ) );
#17797 = ADVANCED_FACE('',(#17798),#5814,.F.);
#17798 = FACE_BOUND('',#17799,.F.);
#17799 = EDGE_LOOP('',(#17800,#17801,#17802,#17803));
#17800 = ORIENTED_EDGE('',*,*,#5798,.F.);
#17801 = ORIENTED_EDGE('',*,*,#17777,.T.);
#17802 = ORIENTED_EDGE('',*,*,#11573,.T.);
#17803 = ORIENTED_EDGE('',*,*,#17804,.F.);
#17804 = EDGE_CURVE('',#5771,#11553,#17805,.T.);
#17805 = SURFACE_CURVE('',#17806,(#17810,#17817),.PCURVE_S1.);
#17806 = LINE('',#17807,#17808);
#17807 = CARTESIAN_POINT('',(136.86079,-87.619405,0.));
#17808 = VECTOR('',#17809,1.);
#17809 = DIRECTION('',(0.,0.,1.));
#17810 = PCURVE('',#5814,#17811);
#17811 = DEFINITIONAL_REPRESENTATION('',(#17812),#17816);
#17812 = LINE('',#17813,#17814);
#17813 = CARTESIAN_POINT('',(0.110249495464,0.));
#17814 = VECTOR('',#17815,1.);
#17815 = DIRECTION('',(0.,-1.));
#17816 = ( GEOMETRIC_REPRESENTATION_CONTEXT(2) 
PARAMETRIC_REPRESENTATION_CONTEXT() REPRESENTATION_CONTEXT('2D SPACE',''
  ) );
#17817 = PCURVE('',#5786,#17818);
#17818 = DEFINITIONAL_REPRESENTATION('',(#17819),#17823);
#17819 = LINE('',#17820,#17821);
#17820 = CARTESIAN_POINT('',(0.,0.));
#17821 = VECTOR('',#17822,1.);
#17822 = DIRECTION('',(0.,-1.));
#17823 = ( GEOMETRIC_REPRESENTATION_CONTEXT(2) 
PARAMETRIC_REPRESENTATION_CONTEXT() REPRESENTATION_CONTEXT('2D SPACE',''
  ) );
#17824 = ADVANCED_FACE('',(#17825),#5786,.F.);
#17825 = FACE_BOUND('',#17826,.F.);
#17826 = EDGE_LOOP('',(#17827,#17828,#17829,#17830));
#17827 = ORIENTED_EDGE('',*,*,#5770,.F.);
#17828 = ORIENTED_EDGE('',*,*,#17804,.T.);
#17829 = ORIENTED_EDGE('',*,*,#11552,.T.);
#17830 = ORIENTED_EDGE('',*,*,#17831,.F.);
#17831 = EDGE_CURVE('',#5743,#11532,#17832,.T.);
#17832 = SURFACE_CURVE('',#17833,(#17837,#17844),.PCURVE_S1.);
#17833 = LINE('',#17834,#17835);
#17834 = CARTESIAN_POINT('',(136.762099,-87.668548,0.));
#17835 = VECTOR('',#17836,1.);
#17836 = DIRECTION('',(0.,0.,1.));
#17837 = PCURVE('',#5786,#17838);
#17838 = DEFINITIONAL_REPRESENTATION('',(#17839),#17843);
#17839 = LINE('',#17840,#17841);
#17840 = CARTESIAN_POINT('',(0.110249480407,0.));
#17841 = VECTOR('',#17842,1.);
#17842 = DIRECTION('',(0.,-1.));
#17843 = ( GEOMETRIC_REPRESENTATION_CONTEXT(2) 
PARAMETRIC_REPRESENTATION_CONTEXT() REPRESENTATION_CONTEXT('2D SPACE',''
  ) );
#17844 = PCURVE('',#5758,#17845);
#17845 = DEFINITIONAL_REPRESENTATION('',(#17846),#17850);
#17846 = LINE('',#17847,#17848);
#17847 = CARTESIAN_POINT('',(0.,0.));
#17848 = VECTOR('',#17849,1.);
#17849 = DIRECTION('',(0.,-1.));
#17850 = ( GEOMETRIC_REPRESENTATION_CONTEXT(2) 
PARAMETRIC_REPRESENTATION_CONTEXT() REPRESENTATION_CONTEXT('2D SPACE',''
  ) );
#17851 = ADVANCED_FACE('',(#17852),#5758,.F.);
#17852 = FACE_BOUND('',#17853,.F.);
#17853 = EDGE_LOOP('',(#17854,#17855,#17856,#17857));
#17854 = ORIENTED_EDGE('',*,*,#5742,.F.);
#17855 = ORIENTED_EDGE('',*,*,#17831,.T.);
#17856 = ORIENTED_EDGE('',*,*,#11531,.T.);
#17857 = ORIENTED_EDGE('',*,*,#17858,.F.);
#17858 = EDGE_CURVE('',#5715,#11511,#17859,.T.);
#17859 = SURFACE_CURVE('',#17860,(#17864,#17871),.PCURVE_S1.);
#17860 = LINE('',#17861,#17862);
#17861 = CARTESIAN_POINT('',(136.652319,-87.67872,0.));
#17862 = VECTOR('',#17863,1.);
#17863 = DIRECTION('',(0.,0.,1.));
#17864 = PCURVE('',#5758,#17865);
#17865 = DEFINITIONAL_REPRESENTATION('',(#17866),#17870);
#17866 = LINE('',#17867,#17868);
#17867 = CARTESIAN_POINT('',(0.110250251628,0.));
#17868 = VECTOR('',#17869,1.);
#17869 = DIRECTION('',(0.,-1.));
#17870 = ( GEOMETRIC_REPRESENTATION_CONTEXT(2) 
PARAMETRIC_REPRESENTATION_CONTEXT() REPRESENTATION_CONTEXT('2D SPACE',''
  ) );
#17871 = PCURVE('',#5730,#17872);
#17872 = DEFINITIONAL_REPRESENTATION('',(#17873),#17877);
#17873 = LINE('',#17874,#17875);
#17874 = CARTESIAN_POINT('',(0.,0.));
#17875 = VECTOR('',#17876,1.);
#17876 = DIRECTION('',(0.,-1.));
#17877 = ( GEOMETRIC_REPRESENTATION_CONTEXT(2) 
PARAMETRIC_REPRESENTATION_CONTEXT() REPRESENTATION_CONTEXT('2D SPACE',''
  ) );
#17878 = ADVANCED_FACE('',(#17879),#5730,.F.);
#17879 = FACE_BOUND('',#17880,.F.);
#17880 = EDGE_LOOP('',(#17881,#17882,#17883,#17884));
#17881 = ORIENTED_EDGE('',*,*,#5714,.F.);
#17882 = ORIENTED_EDGE('',*,*,#17858,.T.);
#17883 = ORIENTED_EDGE('',*,*,#11510,.T.);
#17884 = ORIENTED_EDGE('',*,*,#17885,.F.);
#17885 = EDGE_CURVE('',#5687,#11490,#17886,.T.);
#17886 = SURFACE_CURVE('',#17887,(#17891,#17898),.PCURVE_S1.);
#17887 = LINE('',#17888,#17889);
#17888 = CARTESIAN_POINT('',(136.546278,-87.648549,0.));
#17889 = VECTOR('',#17890,1.);
#17890 = DIRECTION('',(0.,0.,1.));
#17891 = PCURVE('',#5730,#17892);
#17892 = DEFINITIONAL_REPRESENTATION('',(#17893),#17897);
#17893 = LINE('',#17894,#17895);
#17894 = CARTESIAN_POINT('',(0.110249639101,0.));
#17895 = VECTOR('',#17896,1.);
#17896 = DIRECTION('',(0.,-1.));
#17897 = ( GEOMETRIC_REPRESENTATION_CONTEXT(2) 
PARAMETRIC_REPRESENTATION_CONTEXT() REPRESENTATION_CONTEXT('2D SPACE',''
  ) );
#17898 = PCURVE('',#5702,#17899);
#17899 = DEFINITIONAL_REPRESENTATION('',(#17900),#17904);
#17900 = LINE('',#17901,#17902);
#17901 = CARTESIAN_POINT('',(0.,0.));
#17902 = VECTOR('',#17903,1.);
#17903 = DIRECTION('',(0.,-1.));
#17904 = ( GEOMETRIC_REPRESENTATION_CONTEXT(2) 
PARAMETRIC_REPRESENTATION_CONTEXT() REPRESENTATION_CONTEXT('2D SPACE',''
  ) );
#17905 = ADVANCED_FACE('',(#17906),#5702,.F.);
#17906 = FACE_BOUND('',#17907,.F.);
#17907 = EDGE_LOOP('',(#17908,#17909,#17910,#17911));
#17908 = ORIENTED_EDGE('',*,*,#5686,.F.);
#17909 = ORIENTED_EDGE('',*,*,#17885,.T.);
#17910 = ORIENTED_EDGE('',*,*,#11489,.T.);
#17911 = ORIENTED_EDGE('',*,*,#17912,.F.);
#17912 = EDGE_CURVE('',#5659,#11469,#17913,.T.);
#17913 = SURFACE_CURVE('',#17914,(#17918,#17925),.PCURVE_S1.);
#17914 = LINE('',#17915,#17916);
#17915 = CARTESIAN_POINT('',(136.458297,-87.582109,0.));
#17916 = VECTOR('',#17917,1.);
#17917 = DIRECTION('',(0.,0.,1.));
#17918 = PCURVE('',#5702,#17919);
#17919 = DEFINITIONAL_REPRESENTATION('',(#17920),#17924);
#17920 = LINE('',#17921,#17922);
#17921 = CARTESIAN_POINT('',(0.110249398914,0.));
#17922 = VECTOR('',#17923,1.);
#17923 = DIRECTION('',(0.,-1.));
#17924 = ( GEOMETRIC_REPRESENTATION_CONTEXT(2) 
PARAMETRIC_REPRESENTATION_CONTEXT() REPRESENTATION_CONTEXT('2D SPACE',''
  ) );
#17925 = PCURVE('',#5674,#17926);
#17926 = DEFINITIONAL_REPRESENTATION('',(#17927),#17931);
#17927 = LINE('',#17928,#17929);
#17928 = CARTESIAN_POINT('',(0.,0.));
#17929 = VECTOR('',#17930,1.);
#17930 = DIRECTION('',(0.,-1.));
#17931 = ( GEOMETRIC_REPRESENTATION_CONTEXT(2) 
PARAMETRIC_REPRESENTATION_CONTEXT() REPRESENTATION_CONTEXT('2D SPACE',''
  ) );
#17932 = ADVANCED_FACE('',(#17933),#5674,.F.);
#17933 = FACE_BOUND('',#17934,.F.);
#17934 = EDGE_LOOP('',(#17935,#17936,#17937,#17938));
#17935 = ORIENTED_EDGE('',*,*,#5658,.F.);
#17936 = ORIENTED_EDGE('',*,*,#17912,.T.);
#17937 = ORIENTED_EDGE('',*,*,#11468,.T.);
#17938 = ORIENTED_EDGE('',*,*,#17939,.F.);
#17939 = EDGE_CURVE('',#5631,#11448,#17940,.T.);
#17940 = SURFACE_CURVE('',#17941,(#17945,#17952),.PCURVE_S1.);
#17941 = LINE('',#17942,#17943);
#17942 = CARTESIAN_POINT('',(136.400258,-87.488372,0.));
#17943 = VECTOR('',#17944,1.);
#17944 = DIRECTION('',(0.,0.,1.));
#17945 = PCURVE('',#5674,#17946);
#17946 = DEFINITIONAL_REPRESENTATION('',(#17947),#17951);
#17947 = LINE('',#17948,#17949);
#17948 = CARTESIAN_POINT('',(0.110250399954,0.));
#17949 = VECTOR('',#17950,1.);
#17950 = DIRECTION('',(0.,-1.));
#17951 = ( GEOMETRIC_REPRESENTATION_CONTEXT(2) 
PARAMETRIC_REPRESENTATION_CONTEXT() REPRESENTATION_CONTEXT('2D SPACE',''
  ) );
#17952 = PCURVE('',#5646,#17953);
#17953 = DEFINITIONAL_REPRESENTATION('',(#17954),#17958);
#17954 = LINE('',#17955,#17956);
#17955 = CARTESIAN_POINT('',(0.,0.));
#17956 = VECTOR('',#17957,1.);
#17957 = DIRECTION('',(0.,-1.));
#17958 = ( GEOMETRIC_REPRESENTATION_CONTEXT(2) 
PARAMETRIC_REPRESENTATION_CONTEXT() REPRESENTATION_CONTEXT('2D SPACE',''
  ) );
#17959 = ADVANCED_FACE('',(#17960),#5646,.F.);
#17960 = FACE_BOUND('',#17961,.F.);
#17961 = EDGE_LOOP('',(#17962,#17963,#17964,#17965));
#17962 = ORIENTED_EDGE('',*,*,#5630,.F.);
#17963 = ORIENTED_EDGE('',*,*,#17939,.T.);
#17964 = ORIENTED_EDGE('',*,*,#11447,.T.);
#17965 = ORIENTED_EDGE('',*,*,#17966,.F.);
#17966 = EDGE_CURVE('',#5603,#11427,#17967,.T.);
#17967 = SURFACE_CURVE('',#17968,(#17972,#17979),.PCURVE_S1.);
#17968 = LINE('',#17969,#17970);
#17969 = CARTESIAN_POINT('',(136.38,-87.38,0.));
#17970 = VECTOR('',#17971,1.);
#17971 = DIRECTION('',(0.,0.,1.));
#17972 = PCURVE('',#5646,#17973);
#17973 = DEFINITIONAL_REPRESENTATION('',(#17974),#17978);
#17974 = LINE('',#17975,#17976);
#17975 = CARTESIAN_POINT('',(0.110249158491,0.));
#17976 = VECTOR('',#17977,1.);
#17977 = DIRECTION('',(0.,-1.));
#17978 = ( GEOMETRIC_REPRESENTATION_CONTEXT(2) 
PARAMETRIC_REPRESENTATION_CONTEXT() REPRESENTATION_CONTEXT('2D SPACE',''
  ) );
#17979 = PCURVE('',#5618,#17980);
#17980 = DEFINITIONAL_REPRESENTATION('',(#17981),#17985);
#17981 = LINE('',#17982,#17983);
#17982 = CARTESIAN_POINT('',(0.,0.));
#17983 = VECTOR('',#17984,1.);
#17984 = DIRECTION('',(0.,-1.));
#17985 = ( GEOMETRIC_REPRESENTATION_CONTEXT(2) 
PARAMETRIC_REPRESENTATION_CONTEXT() REPRESENTATION_CONTEXT('2D SPACE',''
  ) );
#17986 = ADVANCED_FACE('',(#17987),#5618,.F.);
#17987 = FACE_BOUND('',#17988,.F.);
#17988 = EDGE_LOOP('',(#17989,#17990,#17991,#17992));
#17989 = ORIENTED_EDGE('',*,*,#5602,.F.);
#17990 = ORIENTED_EDGE('',*,*,#17966,.T.);
#17991 = ORIENTED_EDGE('',*,*,#11426,.T.);
#17992 = ORIENTED_EDGE('',*,*,#17993,.F.);
#17993 = EDGE_CURVE('',#5575,#11406,#17994,.T.);
#17994 = SURFACE_CURVE('',#17995,(#17999,#18006),.PCURVE_S1.);
#17995 = LINE('',#17996,#17997);
#17996 = CARTESIAN_POINT('',(136.38,-86.28,0.));
#17997 = VECTOR('',#17998,1.);
#17998 = DIRECTION('',(0.,0.,1.));
#17999 = PCURVE('',#5618,#18000);
#18000 = DEFINITIONAL_REPRESENTATION('',(#18001),#18005);
#18001 = LINE('',#18002,#18003);
#18002 = CARTESIAN_POINT('',(1.1,0.));
#18003 = VECTOR('',#18004,1.);
#18004 = DIRECTION('',(0.,-1.));
#18005 = ( GEOMETRIC_REPRESENTATION_CONTEXT(2) 
PARAMETRIC_REPRESENTATION_CONTEXT() REPRESENTATION_CONTEXT('2D SPACE',''
  ) );
#18006 = PCURVE('',#5590,#18007);
#18007 = DEFINITIONAL_REPRESENTATION('',(#18008),#18012);
#18008 = LINE('',#18009,#18010);
#18009 = CARTESIAN_POINT('',(0.,0.));
#18010 = VECTOR('',#18011,1.);
#18011 = DIRECTION('',(0.,-1.));
#18012 = ( GEOMETRIC_REPRESENTATION_CONTEXT(2) 
PARAMETRIC_REPRESENTATION_CONTEXT() REPRESENTATION_CONTEXT('2D SPACE',''
  ) );
#18013 = ADVANCED_FACE('',(#18014),#5590,.F.);
#18014 = FACE_BOUND('',#18015,.F.);
#18015 = EDGE_LOOP('',(#18016,#18017,#18018,#18019));
#18016 = ORIENTED_EDGE('',*,*,#5574,.F.);
#18017 = ORIENTED_EDGE('',*,*,#17993,.T.);
#18018 = ORIENTED_EDGE('',*,*,#11405,.T.);
#18019 = ORIENTED_EDGE('',*,*,#17485,.F.);
#18020 = ADVANCED_FACE('',(#18021),#6124,.F.);
#18021 = FACE_BOUND('',#18022,.F.);
#18022 = EDGE_LOOP('',(#18023,#18024,#18045,#18046));
#18023 = ORIENTED_EDGE('',*,*,#6106,.F.);
#18024 = ORIENTED_EDGE('',*,*,#18025,.T.);
#18025 = EDGE_CURVE('',#6107,#11805,#18026,.T.);
#18026 = SURFACE_CURVE('',#18027,(#18031,#18038),.PCURVE_S1.);
#18027 = LINE('',#18028,#18029);
#18028 = CARTESIAN_POINT('',(136.385108,-82.294875,0.));
#18029 = VECTOR('',#18030,1.);
#18030 = DIRECTION('',(0.,0.,1.));
#18031 = PCURVE('',#6124,#18032);
#18032 = DEFINITIONAL_REPRESENTATION('',(#18033),#18037);
#18033 = LINE('',#18034,#18035);
#18034 = CARTESIAN_POINT('',(0.,0.));
#18035 = VECTOR('',#18036,1.);
#18036 = DIRECTION('',(0.,-1.));
#18037 = ( GEOMETRIC_REPRESENTATION_CONTEXT(2) 
PARAMETRIC_REPRESENTATION_CONTEXT() REPRESENTATION_CONTEXT('2D SPACE',''
  ) );
#18038 = PCURVE('',#6152,#18039);
#18039 = DEFINITIONAL_REPRESENTATION('',(#18040),#18044);
#18040 = LINE('',#18041,#18042);
#18041 = CARTESIAN_POINT('',(5.536115324846E-02,0.));
#18042 = VECTOR('',#18043,1.);
#18043 = DIRECTION('',(0.,-1.));
#18044 = ( GEOMETRIC_REPRESENTATION_CONTEXT(2) 
PARAMETRIC_REPRESENTATION_CONTEXT() REPRESENTATION_CONTEXT('2D SPACE',''
  ) );
#18045 = ORIENTED_EDGE('',*,*,#11804,.T.);
#18046 = ORIENTED_EDGE('',*,*,#18047,.F.);
#18047 = EDGE_CURVE('',#6109,#11807,#18048,.T.);
#18048 = SURFACE_CURVE('',#18049,(#18053,#18060),.PCURVE_S1.);
#18049 = LINE('',#18050,#18051);
#18050 = CARTESIAN_POINT('',(136.424935,-82.19207,0.));
#18051 = VECTOR('',#18052,1.);
#18052 = DIRECTION('',(0.,0.,1.));
#18053 = PCURVE('',#6124,#18054);
#18054 = DEFINITIONAL_REPRESENTATION('',(#18055),#18059);
#18055 = LINE('',#18056,#18057);
#18056 = CARTESIAN_POINT('',(0.110249979383,0.));
#18057 = VECTOR('',#18058,1.);
#18058 = DIRECTION('',(0.,-1.));
#18059 = ( GEOMETRIC_REPRESENTATION_CONTEXT(2) 
PARAMETRIC_REPRESENTATION_CONTEXT() REPRESENTATION_CONTEXT('2D SPACE',''
  ) );
#18060 = PCURVE('',#6654,#18061);
#18061 = DEFINITIONAL_REPRESENTATION('',(#18062),#18066);
#18062 = LINE('',#18063,#18064);
#18063 = CARTESIAN_POINT('',(0.,0.));
#18064 = VECTOR('',#18065,1.);
#18065 = DIRECTION('',(0.,-1.));
#18066 = ( GEOMETRIC_REPRESENTATION_CONTEXT(2) 
PARAMETRIC_REPRESENTATION_CONTEXT() REPRESENTATION_CONTEXT('2D SPACE',''
  ) );
#18067 = ADVANCED_FACE('',(#18068),#6654,.F.);
#18068 = FACE_BOUND('',#18069,.F.);
#18069 = EDGE_LOOP('',(#18070,#18071,#18072,#18073));
#18070 = ORIENTED_EDGE('',*,*,#6640,.F.);
#18071 = ORIENTED_EDGE('',*,*,#18047,.T.);
#18072 = ORIENTED_EDGE('',*,*,#12205,.T.);
#18073 = ORIENTED_EDGE('',*,*,#18074,.F.);
#18074 = EDGE_CURVE('',#6613,#12185,#18075,.T.);
#18075 = SURFACE_CURVE('',#18076,(#18080,#18087),.PCURVE_S1.);
#18076 = LINE('',#18077,#18078);
#18077 = CARTESIAN_POINT('',(136.49921,-82.110595,0.));
#18078 = VECTOR('',#18079,1.);
#18079 = DIRECTION('',(0.,0.,1.));
#18080 = PCURVE('',#6654,#18081);
#18081 = DEFINITIONAL_REPRESENTATION('',(#18082),#18086);
#18082 = LINE('',#18083,#18084);
#18083 = CARTESIAN_POINT('',(0.110249495464,0.));
#18084 = VECTOR('',#18085,1.);
#18085 = DIRECTION('',(0.,-1.));
#18086 = ( GEOMETRIC_REPRESENTATION_CONTEXT(2) 
PARAMETRIC_REPRESENTATION_CONTEXT() REPRESENTATION_CONTEXT('2D SPACE',''
  ) );
#18087 = PCURVE('',#6628,#18088);
#18088 = DEFINITIONAL_REPRESENTATION('',(#18089),#18093);
#18089 = LINE('',#18090,#18091);
#18090 = CARTESIAN_POINT('',(0.,0.));
#18091 = VECTOR('',#18092,1.);
#18092 = DIRECTION('',(0.,-1.));
#18093 = ( GEOMETRIC_REPRESENTATION_CONTEXT(2) 
PARAMETRIC_REPRESENTATION_CONTEXT() REPRESENTATION_CONTEXT('2D SPACE',''
  ) );
#18094 = ADVANCED_FACE('',(#18095),#6628,.F.);
#18095 = FACE_BOUND('',#18096,.F.);
#18096 = EDGE_LOOP('',(#18097,#18098,#18099,#18100));
#18097 = ORIENTED_EDGE('',*,*,#6612,.F.);
#18098 = ORIENTED_EDGE('',*,*,#18074,.T.);
#18099 = ORIENTED_EDGE('',*,*,#12184,.T.);
#18100 = ORIENTED_EDGE('',*,*,#18101,.F.);
#18101 = EDGE_CURVE('',#6585,#12164,#18102,.T.);
#18102 = SURFACE_CURVE('',#18103,(#18107,#18114),.PCURVE_S1.);
#18103 = LINE('',#18104,#18105);
#18104 = CARTESIAN_POINT('',(136.597901,-82.061452,0.));
#18105 = VECTOR('',#18106,1.);
#18106 = DIRECTION('',(0.,0.,1.));
#18107 = PCURVE('',#6628,#18108);
#18108 = DEFINITIONAL_REPRESENTATION('',(#18109),#18113);
#18109 = LINE('',#18110,#18111);
#18110 = CARTESIAN_POINT('',(0.110249480407,0.));
#18111 = VECTOR('',#18112,1.);
#18112 = DIRECTION('',(0.,-1.));
#18113 = ( GEOMETRIC_REPRESENTATION_CONTEXT(2) 
PARAMETRIC_REPRESENTATION_CONTEXT() REPRESENTATION_CONTEXT('2D SPACE',''
  ) );
#18114 = PCURVE('',#6600,#18115);
#18115 = DEFINITIONAL_REPRESENTATION('',(#18116),#18120);
#18116 = LINE('',#18117,#18118);
#18117 = CARTESIAN_POINT('',(0.,0.));
#18118 = VECTOR('',#18119,1.);
#18119 = DIRECTION('',(0.,-1.));
#18120 = ( GEOMETRIC_REPRESENTATION_CONTEXT(2) 
PARAMETRIC_REPRESENTATION_CONTEXT() REPRESENTATION_CONTEXT('2D SPACE',''
  ) );
#18121 = ADVANCED_FACE('',(#18122),#6600,.F.);
#18122 = FACE_BOUND('',#18123,.F.);
#18123 = EDGE_LOOP('',(#18124,#18125,#18126,#18127));
#18124 = ORIENTED_EDGE('',*,*,#6584,.F.);
#18125 = ORIENTED_EDGE('',*,*,#18101,.T.);
#18126 = ORIENTED_EDGE('',*,*,#12163,.T.);
#18127 = ORIENTED_EDGE('',*,*,#18128,.F.);
#18128 = EDGE_CURVE('',#6557,#12143,#18129,.T.);
#18129 = SURFACE_CURVE('',#18130,(#18134,#18141),.PCURVE_S1.);
#18130 = LINE('',#18131,#18132);
#18131 = CARTESIAN_POINT('',(136.707681,-82.05128,0.));
#18132 = VECTOR('',#18133,1.);
#18133 = DIRECTION('',(0.,0.,1.));
#18134 = PCURVE('',#6600,#18135);
#18135 = DEFINITIONAL_REPRESENTATION('',(#18136),#18140);
#18136 = LINE('',#18137,#18138);
#18137 = CARTESIAN_POINT('',(0.110250251628,0.));
#18138 = VECTOR('',#18139,1.);
#18139 = DIRECTION('',(0.,-1.));
#18140 = ( GEOMETRIC_REPRESENTATION_CONTEXT(2) 
PARAMETRIC_REPRESENTATION_CONTEXT() REPRESENTATION_CONTEXT('2D SPACE',''
  ) );
#18141 = PCURVE('',#6572,#18142);
#18142 = DEFINITIONAL_REPRESENTATION('',(#18143),#18147);
#18143 = LINE('',#18144,#18145);
#18144 = CARTESIAN_POINT('',(0.,0.));
#18145 = VECTOR('',#18146,1.);
#18146 = DIRECTION('',(0.,-1.));
#18147 = ( GEOMETRIC_REPRESENTATION_CONTEXT(2) 
PARAMETRIC_REPRESENTATION_CONTEXT() REPRESENTATION_CONTEXT('2D SPACE',''
  ) );
#18148 = ADVANCED_FACE('',(#18149),#6572,.F.);
#18149 = FACE_BOUND('',#18150,.F.);
#18150 = EDGE_LOOP('',(#18151,#18152,#18153,#18154));
#18151 = ORIENTED_EDGE('',*,*,#6556,.F.);
#18152 = ORIENTED_EDGE('',*,*,#18128,.T.);
#18153 = ORIENTED_EDGE('',*,*,#12142,.T.);
#18154 = ORIENTED_EDGE('',*,*,#18155,.F.);
#18155 = EDGE_CURVE('',#6529,#12122,#18156,.T.);
#18156 = SURFACE_CURVE('',#18157,(#18161,#18168),.PCURVE_S1.);
#18157 = LINE('',#18158,#18159);
#18158 = CARTESIAN_POINT('',(136.813722,-82.081451,0.));
#18159 = VECTOR('',#18160,1.);
#18160 = DIRECTION('',(0.,0.,1.));
#18161 = PCURVE('',#6572,#18162);
#18162 = DEFINITIONAL_REPRESENTATION('',(#18163),#18167);
#18163 = LINE('',#18164,#18165);
#18164 = CARTESIAN_POINT('',(0.110249639101,0.));
#18165 = VECTOR('',#18166,1.);
#18166 = DIRECTION('',(0.,-1.));
#18167 = ( GEOMETRIC_REPRESENTATION_CONTEXT(2) 
PARAMETRIC_REPRESENTATION_CONTEXT() REPRESENTATION_CONTEXT('2D SPACE',''
  ) );
#18168 = PCURVE('',#6544,#18169);
#18169 = DEFINITIONAL_REPRESENTATION('',(#18170),#18174);
#18170 = LINE('',#18171,#18172);
#18171 = CARTESIAN_POINT('',(0.,0.));
#18172 = VECTOR('',#18173,1.);
#18173 = DIRECTION('',(0.,-1.));
#18174 = ( GEOMETRIC_REPRESENTATION_CONTEXT(2) 
PARAMETRIC_REPRESENTATION_CONTEXT() REPRESENTATION_CONTEXT('2D SPACE',''
  ) );
#18175 = ADVANCED_FACE('',(#18176),#6544,.F.);
#18176 = FACE_BOUND('',#18177,.F.);
#18177 = EDGE_LOOP('',(#18178,#18179,#18180,#18181));
#18178 = ORIENTED_EDGE('',*,*,#6528,.F.);
#18179 = ORIENTED_EDGE('',*,*,#18155,.T.);
#18180 = ORIENTED_EDGE('',*,*,#12121,.T.);
#18181 = ORIENTED_EDGE('',*,*,#18182,.F.);
#18182 = EDGE_CURVE('',#6501,#12101,#18183,.T.);
#18183 = SURFACE_CURVE('',#18184,(#18188,#18195),.PCURVE_S1.);
#18184 = LINE('',#18185,#18186);
#18185 = CARTESIAN_POINT('',(136.901703,-82.147891,0.));
#18186 = VECTOR('',#18187,1.);
#18187 = DIRECTION('',(0.,0.,1.));
#18188 = PCURVE('',#6544,#18189);
#18189 = DEFINITIONAL_REPRESENTATION('',(#18190),#18194);
#18190 = LINE('',#18191,#18192);
#18191 = CARTESIAN_POINT('',(0.110249398914,0.));
#18192 = VECTOR('',#18193,1.);
#18193 = DIRECTION('',(0.,-1.));
#18194 = ( GEOMETRIC_REPRESENTATION_CONTEXT(2) 
PARAMETRIC_REPRESENTATION_CONTEXT() REPRESENTATION_CONTEXT('2D SPACE',''
  ) );
#18195 = PCURVE('',#6516,#18196);
#18196 = DEFINITIONAL_REPRESENTATION('',(#18197),#18201);
#18197 = LINE('',#18198,#18199);
#18198 = CARTESIAN_POINT('',(0.,0.));
#18199 = VECTOR('',#18200,1.);
#18200 = DIRECTION('',(0.,-1.));
#18201 = ( GEOMETRIC_REPRESENTATION_CONTEXT(2) 
PARAMETRIC_REPRESENTATION_CONTEXT() REPRESENTATION_CONTEXT('2D SPACE',''
  ) );
#18202 = ADVANCED_FACE('',(#18203),#6516,.F.);
#18203 = FACE_BOUND('',#18204,.F.);
#18204 = EDGE_LOOP('',(#18205,#18206,#18207,#18208));
#18205 = ORIENTED_EDGE('',*,*,#6500,.F.);
#18206 = ORIENTED_EDGE('',*,*,#18182,.T.);
#18207 = ORIENTED_EDGE('',*,*,#12100,.T.);
#18208 = ORIENTED_EDGE('',*,*,#18209,.F.);
#18209 = EDGE_CURVE('',#6473,#12080,#18210,.T.);
#18210 = SURFACE_CURVE('',#18211,(#18215,#18222),.PCURVE_S1.);
#18211 = LINE('',#18212,#18213);
#18212 = CARTESIAN_POINT('',(136.959742,-82.241628,0.));
#18213 = VECTOR('',#18214,1.);
#18214 = DIRECTION('',(0.,0.,1.));
#18215 = PCURVE('',#6516,#18216);
#18216 = DEFINITIONAL_REPRESENTATION('',(#18217),#18221);
#18217 = LINE('',#18218,#18219);
#18218 = CARTESIAN_POINT('',(0.110250399954,0.));
#18219 = VECTOR('',#18220,1.);
#18220 = DIRECTION('',(0.,-1.));
#18221 = ( GEOMETRIC_REPRESENTATION_CONTEXT(2) 
PARAMETRIC_REPRESENTATION_CONTEXT() REPRESENTATION_CONTEXT('2D SPACE',''
  ) );
#18222 = PCURVE('',#6488,#18223);
#18223 = DEFINITIONAL_REPRESENTATION('',(#18224),#18228);
#18224 = LINE('',#18225,#18226);
#18225 = CARTESIAN_POINT('',(0.,0.));
#18226 = VECTOR('',#18227,1.);
#18227 = DIRECTION('',(0.,-1.));
#18228 = ( GEOMETRIC_REPRESENTATION_CONTEXT(2) 
PARAMETRIC_REPRESENTATION_CONTEXT() REPRESENTATION_CONTEXT('2D SPACE',''
  ) );
#18229 = ADVANCED_FACE('',(#18230),#6488,.F.);
#18230 = FACE_BOUND('',#18231,.F.);
#18231 = EDGE_LOOP('',(#18232,#18233,#18234,#18235));
#18232 = ORIENTED_EDGE('',*,*,#6472,.F.);
#18233 = ORIENTED_EDGE('',*,*,#18209,.T.);
#18234 = ORIENTED_EDGE('',*,*,#12079,.T.);
#18235 = ORIENTED_EDGE('',*,*,#18236,.F.);
#18236 = EDGE_CURVE('',#6445,#12059,#18237,.T.);
#18237 = SURFACE_CURVE('',#18238,(#18242,#18249),.PCURVE_S1.);
#18238 = LINE('',#18239,#18240);
#18239 = CARTESIAN_POINT('',(136.98,-82.35,0.));
#18240 = VECTOR('',#18241,1.);
#18241 = DIRECTION('',(0.,0.,1.));
#18242 = PCURVE('',#6488,#18243);
#18243 = DEFINITIONAL_REPRESENTATION('',(#18244),#18248);
#18244 = LINE('',#18245,#18246);
#18245 = CARTESIAN_POINT('',(0.110249158491,0.));
#18246 = VECTOR('',#18247,1.);
#18247 = DIRECTION('',(0.,-1.));
#18248 = ( GEOMETRIC_REPRESENTATION_CONTEXT(2) 
PARAMETRIC_REPRESENTATION_CONTEXT() REPRESENTATION_CONTEXT('2D SPACE',''
  ) );
#18249 = PCURVE('',#6460,#18250);
#18250 = DEFINITIONAL_REPRESENTATION('',(#18251),#18255);
#18251 = LINE('',#18252,#18253);
#18252 = CARTESIAN_POINT('',(0.,0.));
#18253 = VECTOR('',#18254,1.);
#18254 = DIRECTION('',(0.,-1.));
#18255 = ( GEOMETRIC_REPRESENTATION_CONTEXT(2) 
PARAMETRIC_REPRESENTATION_CONTEXT() REPRESENTATION_CONTEXT('2D SPACE',''
  ) );
#18256 = ADVANCED_FACE('',(#18257),#6460,.F.);
#18257 = FACE_BOUND('',#18258,.F.);
#18258 = EDGE_LOOP('',(#18259,#18260,#18261,#18262));
#18259 = ORIENTED_EDGE('',*,*,#6444,.F.);
#18260 = ORIENTED_EDGE('',*,*,#18236,.T.);
#18261 = ORIENTED_EDGE('',*,*,#12058,.T.);
#18262 = ORIENTED_EDGE('',*,*,#18263,.F.);
#18263 = EDGE_CURVE('',#6417,#12038,#18264,.T.);
#18264 = SURFACE_CURVE('',#18265,(#18269,#18276),.PCURVE_S1.);
#18265 = LINE('',#18266,#18267);
#18266 = CARTESIAN_POINT('',(136.98,-82.95,0.));
#18267 = VECTOR('',#18268,1.);
#18268 = DIRECTION('',(0.,0.,1.));
#18269 = PCURVE('',#6460,#18270);
#18270 = DEFINITIONAL_REPRESENTATION('',(#18271),#18275);
#18271 = LINE('',#18272,#18273);
#18272 = CARTESIAN_POINT('',(0.6,0.));
#18273 = VECTOR('',#18274,1.);
#18274 = DIRECTION('',(0.,-1.));
#18275 = ( GEOMETRIC_REPRESENTATION_CONTEXT(2) 
PARAMETRIC_REPRESENTATION_CONTEXT() REPRESENTATION_CONTEXT('2D SPACE',''
  ) );
#18276 = PCURVE('',#6432,#18277);
#18277 = DEFINITIONAL_REPRESENTATION('',(#18278),#18282);
#18278 = LINE('',#18279,#18280);
#18279 = CARTESIAN_POINT('',(0.,0.));
#18280 = VECTOR('',#18281,1.);
#18281 = DIRECTION('',(0.,-1.));
#18282 = ( GEOMETRIC_REPRESENTATION_CONTEXT(2) 
PARAMETRIC_REPRESENTATION_CONTEXT() REPRESENTATION_CONTEXT('2D SPACE',''
  ) );
#18283 = ADVANCED_FACE('',(#18284),#6432,.F.);
#18284 = FACE_BOUND('',#18285,.F.);
#18285 = EDGE_LOOP('',(#18286,#18287,#18288,#18289));
#18286 = ORIENTED_EDGE('',*,*,#6416,.F.);
#18287 = ORIENTED_EDGE('',*,*,#18263,.T.);
#18288 = ORIENTED_EDGE('',*,*,#12037,.T.);
#18289 = ORIENTED_EDGE('',*,*,#18290,.F.);
#18290 = EDGE_CURVE('',#6389,#12017,#18291,.T.);
#18291 = SURFACE_CURVE('',#18292,(#18296,#18303),.PCURVE_S1.);
#18292 = LINE('',#18293,#18294);
#18293 = CARTESIAN_POINT('',(136.974892,-83.005125,0.));
#18294 = VECTOR('',#18295,1.);
#18295 = DIRECTION('',(0.,0.,1.));
#18296 = PCURVE('',#6432,#18297);
#18297 = DEFINITIONAL_REPRESENTATION('',(#18298),#18302);
#18298 = LINE('',#18299,#18300);
#18299 = CARTESIAN_POINT('',(5.536115324847E-02,0.));
#18300 = VECTOR('',#18301,1.);
#18301 = DIRECTION('',(0.,-1.));
#18302 = ( GEOMETRIC_REPRESENTATION_CONTEXT(2) 
PARAMETRIC_REPRESENTATION_CONTEXT() REPRESENTATION_CONTEXT('2D SPACE',''
  ) );
#18303 = PCURVE('',#6404,#18304);
#18304 = DEFINITIONAL_REPRESENTATION('',(#18305),#18309);
#18305 = LINE('',#18306,#18307);
#18306 = CARTESIAN_POINT('',(0.,0.));
#18307 = VECTOR('',#18308,1.);
#18308 = DIRECTION('',(0.,-1.));
#18309 = ( GEOMETRIC_REPRESENTATION_CONTEXT(2) 
PARAMETRIC_REPRESENTATION_CONTEXT() REPRESENTATION_CONTEXT('2D SPACE',''
  ) );
#18310 = ADVANCED_FACE('',(#18311),#6404,.F.);
#18311 = FACE_BOUND('',#18312,.F.);
#18312 = EDGE_LOOP('',(#18313,#18314,#18315,#18316));
#18313 = ORIENTED_EDGE('',*,*,#6388,.F.);
#18314 = ORIENTED_EDGE('',*,*,#18290,.T.);
#18315 = ORIENTED_EDGE('',*,*,#12016,.T.);
#18316 = ORIENTED_EDGE('',*,*,#18317,.F.);
#18317 = EDGE_CURVE('',#6361,#11996,#18318,.T.);
#18318 = SURFACE_CURVE('',#18319,(#18323,#18330),.PCURVE_S1.);
#18319 = LINE('',#18320,#18321);
#18320 = CARTESIAN_POINT('',(136.935065,-83.10793,0.));
#18321 = VECTOR('',#18322,1.);
#18322 = DIRECTION('',(0.,0.,1.));
#18323 = PCURVE('',#6404,#18324);
#18324 = DEFINITIONAL_REPRESENTATION('',(#18325),#18329);
#18325 = LINE('',#18326,#18327);
#18326 = CARTESIAN_POINT('',(0.110249979383,0.));
#18327 = VECTOR('',#18328,1.);
#18328 = DIRECTION('',(0.,-1.));
#18329 = ( GEOMETRIC_REPRESENTATION_CONTEXT(2) 
PARAMETRIC_REPRESENTATION_CONTEXT() REPRESENTATION_CONTEXT('2D SPACE',''
  ) );
#18330 = PCURVE('',#6376,#18331);
#18331 = DEFINITIONAL_REPRESENTATION('',(#18332),#18336);
#18332 = LINE('',#18333,#18334);
#18333 = CARTESIAN_POINT('',(0.,0.));
#18334 = VECTOR('',#18335,1.);
#18335 = DIRECTION('',(0.,-1.));
#18336 = ( GEOMETRIC_REPRESENTATION_CONTEXT(2) 
PARAMETRIC_REPRESENTATION_CONTEXT() REPRESENTATION_CONTEXT('2D SPACE',''
  ) );
#18337 = ADVANCED_FACE('',(#18338),#6376,.F.);
#18338 = FACE_BOUND('',#18339,.F.);
#18339 = EDGE_LOOP('',(#18340,#18341,#18342,#18343));
#18340 = ORIENTED_EDGE('',*,*,#6360,.F.);
#18341 = ORIENTED_EDGE('',*,*,#18317,.T.);
#18342 = ORIENTED_EDGE('',*,*,#11995,.T.);
#18343 = ORIENTED_EDGE('',*,*,#18344,.F.);
#18344 = EDGE_CURVE('',#6333,#11975,#18345,.T.);
#18345 = SURFACE_CURVE('',#18346,(#18350,#18357),.PCURVE_S1.);
#18346 = LINE('',#18347,#18348);
#18347 = CARTESIAN_POINT('',(136.86079,-83.189405,0.));
#18348 = VECTOR('',#18349,1.);
#18349 = DIRECTION('',(0.,0.,1.));
#18350 = PCURVE('',#6376,#18351);
#18351 = DEFINITIONAL_REPRESENTATION('',(#18352),#18356);
#18352 = LINE('',#18353,#18354);
#18353 = CARTESIAN_POINT('',(0.110249495464,0.));
#18354 = VECTOR('',#18355,1.);
#18355 = DIRECTION('',(0.,-1.));
#18356 = ( GEOMETRIC_REPRESENTATION_CONTEXT(2) 
PARAMETRIC_REPRESENTATION_CONTEXT() REPRESENTATION_CONTEXT('2D SPACE',''
  ) );
#18357 = PCURVE('',#6348,#18358);
#18358 = DEFINITIONAL_REPRESENTATION('',(#18359),#18363);
#18359 = LINE('',#18360,#18361);
#18360 = CARTESIAN_POINT('',(0.,0.));
#18361 = VECTOR('',#18362,1.);
#18362 = DIRECTION('',(0.,-1.));
#18363 = ( GEOMETRIC_REPRESENTATION_CONTEXT(2) 
PARAMETRIC_REPRESENTATION_CONTEXT() REPRESENTATION_CONTEXT('2D SPACE',''
  ) );
#18364 = ADVANCED_FACE('',(#18365),#6348,.F.);
#18365 = FACE_BOUND('',#18366,.F.);
#18366 = EDGE_LOOP('',(#18367,#18368,#18369,#18370));
#18367 = ORIENTED_EDGE('',*,*,#6332,.F.);
#18368 = ORIENTED_EDGE('',*,*,#18344,.T.);
#18369 = ORIENTED_EDGE('',*,*,#11974,.T.);
#18370 = ORIENTED_EDGE('',*,*,#18371,.F.);
#18371 = EDGE_CURVE('',#6305,#11954,#18372,.T.);
#18372 = SURFACE_CURVE('',#18373,(#18377,#18384),.PCURVE_S1.);
#18373 = LINE('',#18374,#18375);
#18374 = CARTESIAN_POINT('',(136.762099,-83.238548,0.));
#18375 = VECTOR('',#18376,1.);
#18376 = DIRECTION('',(0.,0.,1.));
#18377 = PCURVE('',#6348,#18378);
#18378 = DEFINITIONAL_REPRESENTATION('',(#18379),#18383);
#18379 = LINE('',#18380,#18381);
#18380 = CARTESIAN_POINT('',(0.110249480407,0.));
#18381 = VECTOR('',#18382,1.);
#18382 = DIRECTION('',(0.,-1.));
#18383 = ( GEOMETRIC_REPRESENTATION_CONTEXT(2) 
PARAMETRIC_REPRESENTATION_CONTEXT() REPRESENTATION_CONTEXT('2D SPACE',''
  ) );
#18384 = PCURVE('',#6320,#18385);
#18385 = DEFINITIONAL_REPRESENTATION('',(#18386),#18390);
#18386 = LINE('',#18387,#18388);
#18387 = CARTESIAN_POINT('',(0.,0.));
#18388 = VECTOR('',#18389,1.);
#18389 = DIRECTION('',(0.,-1.));
#18390 = ( GEOMETRIC_REPRESENTATION_CONTEXT(2) 
PARAMETRIC_REPRESENTATION_CONTEXT() REPRESENTATION_CONTEXT('2D SPACE',''
  ) );
#18391 = ADVANCED_FACE('',(#18392),#6320,.F.);
#18392 = FACE_BOUND('',#18393,.F.);
#18393 = EDGE_LOOP('',(#18394,#18395,#18396,#18397));
#18394 = ORIENTED_EDGE('',*,*,#6304,.F.);
#18395 = ORIENTED_EDGE('',*,*,#18371,.T.);
#18396 = ORIENTED_EDGE('',*,*,#11953,.T.);
#18397 = ORIENTED_EDGE('',*,*,#18398,.F.);
#18398 = EDGE_CURVE('',#6277,#11933,#18399,.T.);
#18399 = SURFACE_CURVE('',#18400,(#18404,#18411),.PCURVE_S1.);
#18400 = LINE('',#18401,#18402);
#18401 = CARTESIAN_POINT('',(136.652319,-83.24872,0.));
#18402 = VECTOR('',#18403,1.);
#18403 = DIRECTION('',(0.,0.,1.));
#18404 = PCURVE('',#6320,#18405);
#18405 = DEFINITIONAL_REPRESENTATION('',(#18406),#18410);
#18406 = LINE('',#18407,#18408);
#18407 = CARTESIAN_POINT('',(0.110250251628,0.));
#18408 = VECTOR('',#18409,1.);
#18409 = DIRECTION('',(0.,-1.));
#18410 = ( GEOMETRIC_REPRESENTATION_CONTEXT(2) 
PARAMETRIC_REPRESENTATION_CONTEXT() REPRESENTATION_CONTEXT('2D SPACE',''
  ) );
#18411 = PCURVE('',#6292,#18412);
#18412 = DEFINITIONAL_REPRESENTATION('',(#18413),#18417);
#18413 = LINE('',#18414,#18415);
#18414 = CARTESIAN_POINT('',(0.,0.));
#18415 = VECTOR('',#18416,1.);
#18416 = DIRECTION('',(0.,-1.));
#18417 = ( GEOMETRIC_REPRESENTATION_CONTEXT(2) 
PARAMETRIC_REPRESENTATION_CONTEXT() REPRESENTATION_CONTEXT('2D SPACE',''
  ) );
#18418 = ADVANCED_FACE('',(#18419),#6292,.F.);
#18419 = FACE_BOUND('',#18420,.F.);
#18420 = EDGE_LOOP('',(#18421,#18422,#18423,#18424));
#18421 = ORIENTED_EDGE('',*,*,#6276,.F.);
#18422 = ORIENTED_EDGE('',*,*,#18398,.T.);
#18423 = ORIENTED_EDGE('',*,*,#11932,.T.);
#18424 = ORIENTED_EDGE('',*,*,#18425,.F.);
#18425 = EDGE_CURVE('',#6249,#11912,#18426,.T.);
#18426 = SURFACE_CURVE('',#18427,(#18431,#18438),.PCURVE_S1.);
#18427 = LINE('',#18428,#18429);
#18428 = CARTESIAN_POINT('',(136.546278,-83.218549,0.));
#18429 = VECTOR('',#18430,1.);
#18430 = DIRECTION('',(0.,0.,1.));
#18431 = PCURVE('',#6292,#18432);
#18432 = DEFINITIONAL_REPRESENTATION('',(#18433),#18437);
#18433 = LINE('',#18434,#18435);
#18434 = CARTESIAN_POINT('',(0.110249639101,0.));
#18435 = VECTOR('',#18436,1.);
#18436 = DIRECTION('',(0.,-1.));
#18437 = ( GEOMETRIC_REPRESENTATION_CONTEXT(2) 
PARAMETRIC_REPRESENTATION_CONTEXT() REPRESENTATION_CONTEXT('2D SPACE',''
  ) );
#18438 = PCURVE('',#6264,#18439);
#18439 = DEFINITIONAL_REPRESENTATION('',(#18440),#18444);
#18440 = LINE('',#18441,#18442);
#18441 = CARTESIAN_POINT('',(0.,0.));
#18442 = VECTOR('',#18443,1.);
#18443 = DIRECTION('',(0.,-1.));
#18444 = ( GEOMETRIC_REPRESENTATION_CONTEXT(2) 
PARAMETRIC_REPRESENTATION_CONTEXT() REPRESENTATION_CONTEXT('2D SPACE',''
  ) );
#18445 = ADVANCED_FACE('',(#18446),#6264,.F.);
#18446 = FACE_BOUND('',#18447,.F.);
#18447 = EDGE_LOOP('',(#18448,#18449,#18450,#18451));
#18448 = ORIENTED_EDGE('',*,*,#6248,.F.);
#18449 = ORIENTED_EDGE('',*,*,#18425,.T.);
#18450 = ORIENTED_EDGE('',*,*,#11911,.T.);
#18451 = ORIENTED_EDGE('',*,*,#18452,.F.);
#18452 = EDGE_CURVE('',#6221,#11891,#18453,.T.);
#18453 = SURFACE_CURVE('',#18454,(#18458,#18465),.PCURVE_S1.);
#18454 = LINE('',#18455,#18456);
#18455 = CARTESIAN_POINT('',(136.458297,-83.152109,0.));
#18456 = VECTOR('',#18457,1.);
#18457 = DIRECTION('',(0.,0.,1.));
#18458 = PCURVE('',#6264,#18459);
#18459 = DEFINITIONAL_REPRESENTATION('',(#18460),#18464);
#18460 = LINE('',#18461,#18462);
#18461 = CARTESIAN_POINT('',(0.110249398914,0.));
#18462 = VECTOR('',#18463,1.);
#18463 = DIRECTION('',(0.,-1.));
#18464 = ( GEOMETRIC_REPRESENTATION_CONTEXT(2) 
PARAMETRIC_REPRESENTATION_CONTEXT() REPRESENTATION_CONTEXT('2D SPACE',''
  ) );
#18465 = PCURVE('',#6236,#18466);
#18466 = DEFINITIONAL_REPRESENTATION('',(#18467),#18471);
#18467 = LINE('',#18468,#18469);
#18468 = CARTESIAN_POINT('',(0.,0.));
#18469 = VECTOR('',#18470,1.);
#18470 = DIRECTION('',(0.,-1.));
#18471 = ( GEOMETRIC_REPRESENTATION_CONTEXT(2) 
PARAMETRIC_REPRESENTATION_CONTEXT() REPRESENTATION_CONTEXT('2D SPACE',''
  ) );
#18472 = ADVANCED_FACE('',(#18473),#6236,.F.);
#18473 = FACE_BOUND('',#18474,.F.);
#18474 = EDGE_LOOP('',(#18475,#18476,#18477,#18478));
#18475 = ORIENTED_EDGE('',*,*,#6220,.F.);
#18476 = ORIENTED_EDGE('',*,*,#18452,.T.);
#18477 = ORIENTED_EDGE('',*,*,#11890,.T.);
#18478 = ORIENTED_EDGE('',*,*,#18479,.F.);
#18479 = EDGE_CURVE('',#6193,#11870,#18480,.T.);
#18480 = SURFACE_CURVE('',#18481,(#18485,#18492),.PCURVE_S1.);
#18481 = LINE('',#18482,#18483);
#18482 = CARTESIAN_POINT('',(136.400258,-83.058372,0.));
#18483 = VECTOR('',#18484,1.);
#18484 = DIRECTION('',(0.,0.,1.));
#18485 = PCURVE('',#6236,#18486);
#18486 = DEFINITIONAL_REPRESENTATION('',(#18487),#18491);
#18487 = LINE('',#18488,#18489);
#18488 = CARTESIAN_POINT('',(0.110250399954,0.));
#18489 = VECTOR('',#18490,1.);
#18490 = DIRECTION('',(0.,-1.));
#18491 = ( GEOMETRIC_REPRESENTATION_CONTEXT(2) 
PARAMETRIC_REPRESENTATION_CONTEXT() REPRESENTATION_CONTEXT('2D SPACE',''
  ) );
#18492 = PCURVE('',#6208,#18493);
#18493 = DEFINITIONAL_REPRESENTATION('',(#18494),#18498);
#18494 = LINE('',#18495,#18496);
#18495 = CARTESIAN_POINT('',(0.,0.));
#18496 = VECTOR('',#18497,1.);
#18497 = DIRECTION('',(0.,-1.));
#18498 = ( GEOMETRIC_REPRESENTATION_CONTEXT(2) 
PARAMETRIC_REPRESENTATION_CONTEXT() REPRESENTATION_CONTEXT('2D SPACE',''
  ) );
#18499 = ADVANCED_FACE('',(#18500),#6208,.F.);
#18500 = FACE_BOUND('',#18501,.F.);
#18501 = EDGE_LOOP('',(#18502,#18503,#18504,#18505));
#18502 = ORIENTED_EDGE('',*,*,#6192,.F.);
#18503 = ORIENTED_EDGE('',*,*,#18479,.T.);
#18504 = ORIENTED_EDGE('',*,*,#11869,.T.);
#18505 = ORIENTED_EDGE('',*,*,#18506,.F.);
#18506 = EDGE_CURVE('',#6165,#11849,#18507,.T.);
#18507 = SURFACE_CURVE('',#18508,(#18512,#18519),.PCURVE_S1.);
#18508 = LINE('',#18509,#18510);
#18509 = CARTESIAN_POINT('',(136.38,-82.95,0.));
#18510 = VECTOR('',#18511,1.);
#18511 = DIRECTION('',(0.,0.,1.));
#18512 = PCURVE('',#6208,#18513);
#18513 = DEFINITIONAL_REPRESENTATION('',(#18514),#18518);
#18514 = LINE('',#18515,#18516);
#18515 = CARTESIAN_POINT('',(0.110249158491,0.));
#18516 = VECTOR('',#18517,1.);
#18517 = DIRECTION('',(0.,-1.));
#18518 = ( GEOMETRIC_REPRESENTATION_CONTEXT(2) 
PARAMETRIC_REPRESENTATION_CONTEXT() REPRESENTATION_CONTEXT('2D SPACE',''
  ) );
#18519 = PCURVE('',#6180,#18520);
#18520 = DEFINITIONAL_REPRESENTATION('',(#18521),#18525);
#18521 = LINE('',#18522,#18523);
#18522 = CARTESIAN_POINT('',(0.,0.));
#18523 = VECTOR('',#18524,1.);
#18524 = DIRECTION('',(0.,-1.));
#18525 = ( GEOMETRIC_REPRESENTATION_CONTEXT(2) 
PARAMETRIC_REPRESENTATION_CONTEXT() REPRESENTATION_CONTEXT('2D SPACE',''
  ) );
#18526 = ADVANCED_FACE('',(#18527),#6180,.F.);
#18527 = FACE_BOUND('',#18528,.F.);
#18528 = EDGE_LOOP('',(#18529,#18530,#18531,#18532));
#18529 = ORIENTED_EDGE('',*,*,#6164,.F.);
#18530 = ORIENTED_EDGE('',*,*,#18506,.T.);
#18531 = ORIENTED_EDGE('',*,*,#11848,.T.);
#18532 = ORIENTED_EDGE('',*,*,#18533,.F.);
#18533 = EDGE_CURVE('',#6137,#11828,#18534,.T.);
#18534 = SURFACE_CURVE('',#18535,(#18539,#18546),.PCURVE_S1.);
#18535 = LINE('',#18536,#18537);
#18536 = CARTESIAN_POINT('',(136.38,-82.35,0.));
#18537 = VECTOR('',#18538,1.);
#18538 = DIRECTION('',(0.,0.,1.));
#18539 = PCURVE('',#6180,#18540);
#18540 = DEFINITIONAL_REPRESENTATION('',(#18541),#18545);
#18541 = LINE('',#18542,#18543);
#18542 = CARTESIAN_POINT('',(0.6,0.));
#18543 = VECTOR('',#18544,1.);
#18544 = DIRECTION('',(0.,-1.));
#18545 = ( GEOMETRIC_REPRESENTATION_CONTEXT(2) 
PARAMETRIC_REPRESENTATION_CONTEXT() REPRESENTATION_CONTEXT('2D SPACE',''
  ) );
#18546 = PCURVE('',#6152,#18547);
#18547 = DEFINITIONAL_REPRESENTATION('',(#18548),#18552);
#18548 = LINE('',#18549,#18550);
#18549 = CARTESIAN_POINT('',(0.,0.));
#18550 = VECTOR('',#18551,1.);
#18551 = DIRECTION('',(0.,-1.));
#18552 = ( GEOMETRIC_REPRESENTATION_CONTEXT(2) 
PARAMETRIC_REPRESENTATION_CONTEXT() REPRESENTATION_CONTEXT('2D SPACE',''
  ) );
#18553 = ADVANCED_FACE('',(#18554),#6152,.F.);
#18554 = FACE_BOUND('',#18555,.F.);
#18555 = EDGE_LOOP('',(#18556,#18557,#18558,#18559));
#18556 = ORIENTED_EDGE('',*,*,#6136,.F.);
#18557 = ORIENTED_EDGE('',*,*,#18533,.T.);
#18558 = ORIENTED_EDGE('',*,*,#11827,.T.);
#18559 = ORIENTED_EDGE('',*,*,#18025,.F.);
#18560 = ADVANCED_FACE('',(#18561),#6689,.F.);
#18561 = FACE_BOUND('',#18562,.F.);
#18562 = EDGE_LOOP('',(#18563,#18564,#18585,#18586));
#18563 = ORIENTED_EDGE('',*,*,#12226,.F.);
#18564 = ORIENTED_EDGE('',*,*,#18565,.F.);
#18565 = EDGE_CURVE('',#6669,#12227,#18566,.T.);
#18566 = SEAM_CURVE('',#18567,(#18571,#18578),.PCURVE_S1.);
#18567 = LINE('',#18568,#18569);
#18568 = CARTESIAN_POINT('',(113.1,-88.95,-1.E-02));
#18569 = VECTOR('',#18570,1.);
#18570 = DIRECTION('',(0.,0.,1.));
#18571 = PCURVE('',#6689,#18572);
#18572 = DEFINITIONAL_REPRESENTATION('',(#18573),#18577);
#18573 = LINE('',#18574,#18575);
#18574 = CARTESIAN_POINT('',(6.28318530718,-0.));
#18575 = VECTOR('',#18576,1.);
#18576 = DIRECTION('',(0.,1.));
#18577 = ( GEOMETRIC_REPRESENTATION_CONTEXT(2) 
PARAMETRIC_REPRESENTATION_CONTEXT() REPRESENTATION_CONTEXT('2D SPACE',''
  ) );
#18578 = PCURVE('',#6689,#18579);
#18579 = DEFINITIONAL_REPRESENTATION('',(#18580),#18584);
#18580 = LINE('',#18581,#18582);
#18581 = CARTESIAN_POINT('',(0.,-0.));
#18582 = VECTOR('',#18583,1.);
#18583 = DIRECTION('',(0.,1.));
#18584 = ( GEOMETRIC_REPRESENTATION_CONTEXT(2) 
PARAMETRIC_REPRESENTATION_CONTEXT() REPRESENTATION_CONTEXT('2D SPACE',''
  ) );
#18585 = ORIENTED_EDGE('',*,*,#6668,.T.);
#18586 = ORIENTED_EDGE('',*,*,#18565,.T.);
#18587 = ADVANCED_FACE('',(#18588),#6724,.F.);
#18588 = FACE_BOUND('',#18589,.F.);
#18589 = EDGE_LOOP('',(#18590,#18591,#18612,#18613));
#18590 = ORIENTED_EDGE('',*,*,#12256,.F.);
#18591 = ORIENTED_EDGE('',*,*,#18592,.F.);
#18592 = EDGE_CURVE('',#6704,#12257,#18593,.T.);
#18593 = SEAM_CURVE('',#18594,(#18598,#18605),.PCURVE_S1.);
#18594 = LINE('',#18595,#18596);
#18595 = CARTESIAN_POINT('',(113.675,-88.,-1.E-02));
#18596 = VECTOR('',#18597,1.);
#18597 = DIRECTION('',(0.,0.,1.));
#18598 = PCURVE('',#6724,#18599);
#18599 = DEFINITIONAL_REPRESENTATION('',(#18600),#18604);
#18600 = LINE('',#18601,#18602);
#18601 = CARTESIAN_POINT('',(6.28318530718,-0.));
#18602 = VECTOR('',#18603,1.);
#18603 = DIRECTION('',(0.,1.));
#18604 = ( GEOMETRIC_REPRESENTATION_CONTEXT(2) 
PARAMETRIC_REPRESENTATION_CONTEXT() REPRESENTATION_CONTEXT('2D SPACE',''
  ) );
#18605 = PCURVE('',#6724,#18606);
#18606 = DEFINITIONAL_REPRESENTATION('',(#18607),#18611);
#18607 = LINE('',#18608,#18609);
#18608 = CARTESIAN_POINT('',(0.,-0.));
#18609 = VECTOR('',#18610,1.);
#18610 = DIRECTION('',(0.,1.));
#18611 = ( GEOMETRIC_REPRESENTATION_CONTEXT(2) 
PARAMETRIC_REPRESENTATION_CONTEXT() REPRESENTATION_CONTEXT('2D SPACE',''
  ) );
#18612 = ORIENTED_EDGE('',*,*,#6703,.T.);
#18613 = ORIENTED_EDGE('',*,*,#18592,.T.);
#18614 = ADVANCED_FACE('',(#18615),#6759,.F.);
#18615 = FACE_BOUND('',#18616,.F.);
#18616 = EDGE_LOOP('',(#18617,#18618,#18639,#18640));
#18617 = ORIENTED_EDGE('',*,*,#12286,.F.);
#18618 = ORIENTED_EDGE('',*,*,#18619,.F.);
#18619 = EDGE_CURVE('',#6739,#12287,#18620,.T.);
#18620 = SEAM_CURVE('',#18621,(#18625,#18632),.PCURVE_S1.);
#18621 = LINE('',#18622,#18623);
#18622 = CARTESIAN_POINT('',(112.525,-88.,-1.E-02));
#18623 = VECTOR('',#18624,1.);
#18624 = DIRECTION('',(0.,0.,1.));
#18625 = PCURVE('',#6759,#18626);
#18626 = DEFINITIONAL_REPRESENTATION('',(#18627),#18631);
#18627 = LINE('',#18628,#18629);
#18628 = CARTESIAN_POINT('',(6.28318530718,-0.));
#18629 = VECTOR('',#18630,1.);
#18630 = DIRECTION('',(0.,1.));
#18631 = ( GEOMETRIC_REPRESENTATION_CONTEXT(2) 
PARAMETRIC_REPRESENTATION_CONTEXT() REPRESENTATION_CONTEXT('2D SPACE',''
  ) );
#18632 = PCURVE('',#6759,#18633);
#18633 = DEFINITIONAL_REPRESENTATION('',(#18634),#18638);
#18634 = LINE('',#18635,#18636);
#18635 = CARTESIAN_POINT('',(0.,-0.));
#18636 = VECTOR('',#18637,1.);
#18637 = DIRECTION('',(0.,1.));
#18638 = ( GEOMETRIC_REPRESENTATION_CONTEXT(2) 
PARAMETRIC_REPRESENTATION_CONTEXT() REPRESENTATION_CONTEXT('2D SPACE',''
  ) );
#18639 = ORIENTED_EDGE('',*,*,#6738,.T.);
#18640 = ORIENTED_EDGE('',*,*,#18619,.T.);
#18641 = ADVANCED_FACE('',(#18642),#6794,.F.);
#18642 = FACE_BOUND('',#18643,.F.);
#18643 = EDGE_LOOP('',(#18644,#18645,#18666,#18667));
#18644 = ORIENTED_EDGE('',*,*,#12316,.F.);
#18645 = ORIENTED_EDGE('',*,*,#18646,.F.);
#18646 = EDGE_CURVE('',#6774,#12317,#18647,.T.);
#18647 = SEAM_CURVE('',#18648,(#18652,#18659),.PCURVE_S1.);
#18648 = LINE('',#18649,#18650);
#18649 = CARTESIAN_POINT('',(107.4,-90.45,-1.E-02));
#18650 = VECTOR('',#18651,1.);
#18651 = DIRECTION('',(0.,0.,1.));
#18652 = PCURVE('',#6794,#18653);
#18653 = DEFINITIONAL_REPRESENTATION('',(#18654),#18658);
#18654 = LINE('',#18655,#18656);
#18655 = CARTESIAN_POINT('',(6.28318530718,-0.));
#18656 = VECTOR('',#18657,1.);
#18657 = DIRECTION('',(0.,1.));
#18658 = ( GEOMETRIC_REPRESENTATION_CONTEXT(2) 
PARAMETRIC_REPRESENTATION_CONTEXT() REPRESENTATION_CONTEXT('2D SPACE',''
  ) );
#18659 = PCURVE('',#6794,#18660);
#18660 = DEFINITIONAL_REPRESENTATION('',(#18661),#18665);
#18661 = LINE('',#18662,#18663);
#18662 = CARTESIAN_POINT('',(0.,-0.));
#18663 = VECTOR('',#18664,1.);
#18664 = DIRECTION('',(0.,1.));
#18665 = ( GEOMETRIC_REPRESENTATION_CONTEXT(2) 
PARAMETRIC_REPRESENTATION_CONTEXT() REPRESENTATION_CONTEXT('2D SPACE',''
  ) );
#18666 = ORIENTED_EDGE('',*,*,#6773,.T.);
#18667 = ORIENTED_EDGE('',*,*,#18646,.T.);
#18668 = ADVANCED_FACE('',(#18669),#6829,.F.);
#18669 = FACE_BOUND('',#18670,.F.);
#18670 = EDGE_LOOP('',(#18671,#18672,#18693,#18694));
#18671 = ORIENTED_EDGE('',*,*,#12346,.F.);
#18672 = ORIENTED_EDGE('',*,*,#18673,.F.);
#18673 = EDGE_CURVE('',#6809,#12347,#18674,.T.);
#18674 = SEAM_CURVE('',#18675,(#18679,#18686),.PCURVE_S1.);
#18675 = LINE('',#18676,#18677);
#18676 = CARTESIAN_POINT('',(108.566726,-89.966726,-1.E-02));
#18677 = VECTOR('',#18678,1.);
#18678 = DIRECTION('',(0.,0.,1.));
#18679 = PCURVE('',#6829,#18680);
#18680 = DEFINITIONAL_REPRESENTATION('',(#18681),#18685);
#18681 = LINE('',#18682,#18683);
#18682 = CARTESIAN_POINT('',(6.28318530718,-0.));
#18683 = VECTOR('',#18684,1.);
#18684 = DIRECTION('',(0.,1.));
#18685 = ( GEOMETRIC_REPRESENTATION_CONTEXT(2) 
PARAMETRIC_REPRESENTATION_CONTEXT() REPRESENTATION_CONTEXT('2D SPACE',''
  ) );
#18686 = PCURVE('',#6829,#18687);
#18687 = DEFINITIONAL_REPRESENTATION('',(#18688),#18692);
#18688 = LINE('',#18689,#18690);
#18689 = CARTESIAN_POINT('',(0.,-0.));
#18690 = VECTOR('',#18691,1.);
#18691 = DIRECTION('',(0.,1.));
#18692 = ( GEOMETRIC_REPRESENTATION_CONTEXT(2) 
PARAMETRIC_REPRESENTATION_CONTEXT() REPRESENTATION_CONTEXT('2D SPACE',''
  ) );
#18693 = ORIENTED_EDGE('',*,*,#6808,.T.);
#18694 = ORIENTED_EDGE('',*,*,#18673,.T.);
#18695 = ADVANCED_FACE('',(#18696),#6864,.F.);
#18696 = FACE_BOUND('',#18697,.F.);
#18697 = EDGE_LOOP('',(#18698,#18699,#18720,#18721));
#18698 = ORIENTED_EDGE('',*,*,#12376,.F.);
#18699 = ORIENTED_EDGE('',*,*,#18700,.F.);
#18700 = EDGE_CURVE('',#6844,#12377,#18701,.T.);
#18701 = SEAM_CURVE('',#18702,(#18706,#18713),.PCURVE_S1.);
#18702 = LINE('',#18703,#18704);
#18703 = CARTESIAN_POINT('',(109.05,-88.8,-1.E-02));
#18704 = VECTOR('',#18705,1.);
#18705 = DIRECTION('',(0.,0.,1.));
#18706 = PCURVE('',#6864,#18707);
#18707 = DEFINITIONAL_REPRESENTATION('',(#18708),#18712);
#18708 = LINE('',#18709,#18710);
#18709 = CARTESIAN_POINT('',(6.28318530718,-0.));
#18710 = VECTOR('',#18711,1.);
#18711 = DIRECTION('',(0.,1.));
#18712 = ( GEOMETRIC_REPRESENTATION_CONTEXT(2) 
PARAMETRIC_REPRESENTATION_CONTEXT() REPRESENTATION_CONTEXT('2D SPACE',''
  ) );
#18713 = PCURVE('',#6864,#18714);
#18714 = DEFINITIONAL_REPRESENTATION('',(#18715),#18719);
#18715 = LINE('',#18716,#18717);
#18716 = CARTESIAN_POINT('',(0.,-0.));
#18717 = VECTOR('',#18718,1.);
#18718 = DIRECTION('',(0.,1.));
#18719 = ( GEOMETRIC_REPRESENTATION_CONTEXT(2) 
PARAMETRIC_REPRESENTATION_CONTEXT() REPRESENTATION_CONTEXT('2D SPACE',''
  ) );
#18720 = ORIENTED_EDGE('',*,*,#6843,.T.);
#18721 = ORIENTED_EDGE('',*,*,#18700,.T.);
#18722 = ADVANCED_FACE('',(#18723),#6899,.F.);
#18723 = FACE_BOUND('',#18724,.F.);
#18724 = EDGE_LOOP('',(#18725,#18726,#18747,#18748));
#18725 = ORIENTED_EDGE('',*,*,#12406,.F.);
#18726 = ORIENTED_EDGE('',*,*,#18727,.F.);
#18727 = EDGE_CURVE('',#6879,#12407,#18728,.T.);
#18728 = SEAM_CURVE('',#18729,(#18733,#18740),.PCURVE_S1.);
#18729 = LINE('',#18730,#18731);
#18730 = CARTESIAN_POINT('',(108.566726,-87.633274,-1.E-02));
#18731 = VECTOR('',#18732,1.);
#18732 = DIRECTION('',(0.,0.,1.));
#18733 = PCURVE('',#6899,#18734);
#18734 = DEFINITIONAL_REPRESENTATION('',(#18735),#18739);
#18735 = LINE('',#18736,#18737);
#18736 = CARTESIAN_POINT('',(6.28318530718,-0.));
#18737 = VECTOR('',#18738,1.);
#18738 = DIRECTION('',(0.,1.));
#18739 = ( GEOMETRIC_REPRESENTATION_CONTEXT(2) 
PARAMETRIC_REPRESENTATION_CONTEXT() REPRESENTATION_CONTEXT('2D SPACE',''
  ) );
#18740 = PCURVE('',#6899,#18741);
#18741 = DEFINITIONAL_REPRESENTATION('',(#18742),#18746);
#18742 = LINE('',#18743,#18744);
#18743 = CARTESIAN_POINT('',(0.,-0.));
#18744 = VECTOR('',#18745,1.);
#18745 = DIRECTION('',(0.,1.));
#18746 = ( GEOMETRIC_REPRESENTATION_CONTEXT(2) 
PARAMETRIC_REPRESENTATION_CONTEXT() REPRESENTATION_CONTEXT('2D SPACE',''
  ) );
#18747 = ORIENTED_EDGE('',*,*,#6878,.T.);
#18748 = ORIENTED_EDGE('',*,*,#18727,.T.);
#18749 = ADVANCED_FACE('',(#18750),#6934,.F.);
#18750 = FACE_BOUND('',#18751,.F.);
#18751 = EDGE_LOOP('',(#18752,#18753,#18774,#18775));
#18752 = ORIENTED_EDGE('',*,*,#12436,.F.);
#18753 = ORIENTED_EDGE('',*,*,#18754,.F.);
#18754 = EDGE_CURVE('',#6914,#12437,#18755,.T.);
#18755 = SEAM_CURVE('',#18756,(#18760,#18767),.PCURVE_S1.);
#18756 = LINE('',#18757,#18758);
#18757 = CARTESIAN_POINT('',(108.3,-88.8,-1.E-02));
#18758 = VECTOR('',#18759,1.);
#18759 = DIRECTION('',(0.,0.,1.));
#18760 = PCURVE('',#6934,#18761);
#18761 = DEFINITIONAL_REPRESENTATION('',(#18762),#18766);
#18762 = LINE('',#18763,#18764);
#18763 = CARTESIAN_POINT('',(6.28318530718,-0.));
#18764 = VECTOR('',#18765,1.);
#18765 = DIRECTION('',(0.,1.));
#18766 = ( GEOMETRIC_REPRESENTATION_CONTEXT(2) 
PARAMETRIC_REPRESENTATION_CONTEXT() REPRESENTATION_CONTEXT('2D SPACE',''
  ) );
#18767 = PCURVE('',#6934,#18768);
#18768 = DEFINITIONAL_REPRESENTATION('',(#18769),#18773);
#18769 = LINE('',#18770,#18771);
#18770 = CARTESIAN_POINT('',(0.,-0.));
#18771 = VECTOR('',#18772,1.);
#18772 = DIRECTION('',(0.,1.));
#18773 = ( GEOMETRIC_REPRESENTATION_CONTEXT(2) 
PARAMETRIC_REPRESENTATION_CONTEXT() REPRESENTATION_CONTEXT('2D SPACE',''
  ) );
#18774 = ORIENTED_EDGE('',*,*,#6913,.T.);
#18775 = ORIENTED_EDGE('',*,*,#18754,.T.);
#18776 = ADVANCED_FACE('',(#18777),#6969,.F.);
#18777 = FACE_BOUND('',#18778,.F.);
#18778 = EDGE_LOOP('',(#18779,#18780,#18801,#18802));
#18779 = ORIENTED_EDGE('',*,*,#12466,.F.);
#18780 = ORIENTED_EDGE('',*,*,#18781,.F.);
#18781 = EDGE_CURVE('',#6949,#12467,#18782,.T.);
#18782 = SEAM_CURVE('',#18783,(#18787,#18794),.PCURVE_S1.);
#18783 = LINE('',#18784,#18785);
#18784 = CARTESIAN_POINT('',(106.233274,-89.966726,-1.E-02));
#18785 = VECTOR('',#18786,1.);
#18786 = DIRECTION('',(0.,0.,1.));
#18787 = PCURVE('',#6969,#18788);
#18788 = DEFINITIONAL_REPRESENTATION('',(#18789),#18793);
#18789 = LINE('',#18790,#18791);
#18790 = CARTESIAN_POINT('',(6.28318530718,-0.));
#18791 = VECTOR('',#18792,1.);
#18792 = DIRECTION('',(0.,1.));
#18793 = ( GEOMETRIC_REPRESENTATION_CONTEXT(2) 
PARAMETRIC_REPRESENTATION_CONTEXT() REPRESENTATION_CONTEXT('2D SPACE',''
  ) );
#18794 = PCURVE('',#6969,#18795);
#18795 = DEFINITIONAL_REPRESENTATION('',(#18796),#18800);
#18796 = LINE('',#18797,#18798);
#18797 = CARTESIAN_POINT('',(0.,-0.));
#18798 = VECTOR('',#18799,1.);
#18799 = DIRECTION('',(0.,1.));
#18800 = ( GEOMETRIC_REPRESENTATION_CONTEXT(2) 
PARAMETRIC_REPRESENTATION_CONTEXT() REPRESENTATION_CONTEXT('2D SPACE',''
  ) );
#18801 = ORIENTED_EDGE('',*,*,#6948,.T.);
#18802 = ORIENTED_EDGE('',*,*,#18781,.T.);
#18803 = ADVANCED_FACE('',(#18804),#7004,.F.);
#18804 = FACE_BOUND('',#18805,.F.);
#18805 = EDGE_LOOP('',(#18806,#18807,#18828,#18829));
#18806 = ORIENTED_EDGE('',*,*,#12496,.F.);
#18807 = ORIENTED_EDGE('',*,*,#18808,.F.);
#18808 = EDGE_CURVE('',#6984,#12497,#18809,.T.);
#18809 = SEAM_CURVE('',#18810,(#18814,#18821),.PCURVE_S1.);
#18810 = LINE('',#18811,#18812);
#18811 = CARTESIAN_POINT('',(105.75,-88.8,-1.E-02));
#18812 = VECTOR('',#18813,1.);
#18813 = DIRECTION('',(0.,0.,1.));
#18814 = PCURVE('',#7004,#18815);
#18815 = DEFINITIONAL_REPRESENTATION('',(#18816),#18820);
#18816 = LINE('',#18817,#18818);
#18817 = CARTESIAN_POINT('',(6.28318530718,-0.));
#18818 = VECTOR('',#18819,1.);
#18819 = DIRECTION('',(0.,1.));
#18820 = ( GEOMETRIC_REPRESENTATION_CONTEXT(2) 
PARAMETRIC_REPRESENTATION_CONTEXT() REPRESENTATION_CONTEXT('2D SPACE',''
  ) );
#18821 = PCURVE('',#7004,#18822);
#18822 = DEFINITIONAL_REPRESENTATION('',(#18823),#18827);
#18823 = LINE('',#18824,#18825);
#18824 = CARTESIAN_POINT('',(0.,-0.));
#18825 = VECTOR('',#18826,1.);
#18826 = DIRECTION('',(0.,1.));
#18827 = ( GEOMETRIC_REPRESENTATION_CONTEXT(2) 
PARAMETRIC_REPRESENTATION_CONTEXT() REPRESENTATION_CONTEXT('2D SPACE',''
  ) );
#18828 = ORIENTED_EDGE('',*,*,#6983,.T.);
#18829 = ORIENTED_EDGE('',*,*,#18808,.T.);
#18830 = ADVANCED_FACE('',(#18831),#7039,.F.);
#18831 = FACE_BOUND('',#18832,.F.);
#18832 = EDGE_LOOP('',(#18833,#18834,#18855,#18856));
#18833 = ORIENTED_EDGE('',*,*,#12526,.F.);
#18834 = ORIENTED_EDGE('',*,*,#18835,.F.);
#18835 = EDGE_CURVE('',#7019,#12527,#18836,.T.);
#18836 = SEAM_CURVE('',#18837,(#18841,#18848),.PCURVE_S1.);
#18837 = LINE('',#18838,#18839);
#18838 = CARTESIAN_POINT('',(106.233274,-87.633274,-1.E-02));
#18839 = VECTOR('',#18840,1.);
#18840 = DIRECTION('',(0.,0.,1.));
#18841 = PCURVE('',#7039,#18842);
#18842 = DEFINITIONAL_REPRESENTATION('',(#18843),#18847);
#18843 = LINE('',#18844,#18845);
#18844 = CARTESIAN_POINT('',(6.28318530718,-0.));
#18845 = VECTOR('',#18846,1.);
#18846 = DIRECTION('',(0.,1.));
#18847 = ( GEOMETRIC_REPRESENTATION_CONTEXT(2) 
PARAMETRIC_REPRESENTATION_CONTEXT() REPRESENTATION_CONTEXT('2D SPACE',''
  ) );
#18848 = PCURVE('',#7039,#18849);
#18849 = DEFINITIONAL_REPRESENTATION('',(#18850),#18854);
#18850 = LINE('',#18851,#18852);
#18851 = CARTESIAN_POINT('',(0.,-0.));
#18852 = VECTOR('',#18853,1.);
#18853 = DIRECTION('',(0.,1.));
#18854 = ( GEOMETRIC_REPRESENTATION_CONTEXT(2) 
PARAMETRIC_REPRESENTATION_CONTEXT() REPRESENTATION_CONTEXT('2D SPACE',''
  ) );
#18855 = ORIENTED_EDGE('',*,*,#7018,.T.);
#18856 = ORIENTED_EDGE('',*,*,#18835,.T.);
#18857 = ADVANCED_FACE('',(#18858),#7074,.F.);
#18858 = FACE_BOUND('',#18859,.F.);
#18859 = EDGE_LOOP('',(#18860,#18861,#18882,#18883));
#18860 = ORIENTED_EDGE('',*,*,#12556,.F.);
#18861 = ORIENTED_EDGE('',*,*,#18862,.F.);
#18862 = EDGE_CURVE('',#7054,#12557,#18863,.T.);
#18863 = SEAM_CURVE('',#18864,(#18868,#18875),.PCURVE_S1.);
#18864 = LINE('',#18865,#18866);
#18865 = CARTESIAN_POINT('',(113.1,-87.05,-1.E-02));
#18866 = VECTOR('',#18867,1.);
#18867 = DIRECTION('',(0.,0.,1.));
#18868 = PCURVE('',#7074,#18869);
#18869 = DEFINITIONAL_REPRESENTATION('',(#18870),#18874);
#18870 = LINE('',#18871,#18872);
#18871 = CARTESIAN_POINT('',(6.28318530718,-0.));
#18872 = VECTOR('',#18873,1.);
#18873 = DIRECTION('',(0.,1.));
#18874 = ( GEOMETRIC_REPRESENTATION_CONTEXT(2) 
PARAMETRIC_REPRESENTATION_CONTEXT() REPRESENTATION_CONTEXT('2D SPACE',''
  ) );
#18875 = PCURVE('',#7074,#18876);
#18876 = DEFINITIONAL_REPRESENTATION('',(#18877),#18881);
#18877 = LINE('',#18878,#18879);
#18878 = CARTESIAN_POINT('',(0.,-0.));
#18879 = VECTOR('',#18880,1.);
#18880 = DIRECTION('',(0.,1.));
#18881 = ( GEOMETRIC_REPRESENTATION_CONTEXT(2) 
PARAMETRIC_REPRESENTATION_CONTEXT() REPRESENTATION_CONTEXT('2D SPACE',''
  ) );
#18882 = ORIENTED_EDGE('',*,*,#7053,.T.);
#18883 = ORIENTED_EDGE('',*,*,#18862,.T.);
#18884 = ADVANCED_FACE('',(#18885),#7109,.F.);
#18885 = FACE_BOUND('',#18886,.F.);
#18886 = EDGE_LOOP('',(#18887,#18888,#18909,#18910));
#18887 = ORIENTED_EDGE('',*,*,#12586,.F.);
#18888 = ORIENTED_EDGE('',*,*,#18889,.F.);
#18889 = EDGE_CURVE('',#7089,#12587,#18890,.T.);
#18890 = SEAM_CURVE('',#18891,(#18895,#18902),.PCURVE_S1.);
#18891 = LINE('',#18892,#18893);
#18892 = CARTESIAN_POINT('',(107.4,-87.15,-1.E-02));
#18893 = VECTOR('',#18894,1.);
#18894 = DIRECTION('',(0.,0.,1.));
#18895 = PCURVE('',#7109,#18896);
#18896 = DEFINITIONAL_REPRESENTATION('',(#18897),#18901);
#18897 = LINE('',#18898,#18899);
#18898 = CARTESIAN_POINT('',(6.28318530718,-0.));
#18899 = VECTOR('',#18900,1.);
#18900 = DIRECTION('',(0.,1.));
#18901 = ( GEOMETRIC_REPRESENTATION_CONTEXT(2) 
PARAMETRIC_REPRESENTATION_CONTEXT() REPRESENTATION_CONTEXT('2D SPACE',''
  ) );
#18902 = PCURVE('',#7109,#18903);
#18903 = DEFINITIONAL_REPRESENTATION('',(#18904),#18908);
#18904 = LINE('',#18905,#18906);
#18905 = CARTESIAN_POINT('',(0.,-0.));
#18906 = VECTOR('',#18907,1.);
#18907 = DIRECTION('',(0.,1.));
#18908 = ( GEOMETRIC_REPRESENTATION_CONTEXT(2) 
PARAMETRIC_REPRESENTATION_CONTEXT() REPRESENTATION_CONTEXT('2D SPACE',''
  ) );
#18909 = ORIENTED_EDGE('',*,*,#7088,.T.);
#18910 = ORIENTED_EDGE('',*,*,#18889,.T.);
#18911 = ( GEOMETRIC_REPRESENTATION_CONTEXT(3) 
GLOBAL_UNCERTAINTY_ASSIGNED_CONTEXT((#18915)) 
GLOBAL_UNIT_ASSIGNED_CONTEXT((#18912,#18913,#18914)) 
REPRESENTATION_CONTEXT('Context #1',
  '3D Context with UNIT and UNCERTAINTY') );
#18912 = ( LENGTH_UNIT() NAMED_UNIT(*) SI_UNIT(.MILLI.,.METRE.) );
#18913 = ( NAMED_UNIT(*) PLANE_ANGLE_UNIT() SI_UNIT($,.RADIAN.) );
#18914 = ( NAMED_UNIT(*) SI_UNIT($,.STERADIAN.) SOLID_ANGLE_UNIT() );
#18915 = UNCERTAINTY_MEASURE_WITH_UNIT(LENGTH_MEASURE(1.E-07),#18912,
  'distance_accuracy_value','confusion accuracy');
#18916 = CONTEXT_DEPENDENT_SHAPE_REPRESENTATION(#18917,#18919);
#18917 = ( REPRESENTATION_RELATIONSHIP('','',#32,#10) 
REPRESENTATION_RELATIONSHIP_WITH_TRANSFORMATION(#18918) 
SHAPE_REPRESENTATION_RELATIONSHIP() );
#18918 = ITEM_DEFINED_TRANSFORMATION('','',#11,#15);
#18919 = PRODUCT_DEFINITION_SHAPE('Placement','Placement of an item',
  #18920);
#18920 = NEXT_ASSEMBLY_USAGE_OCCURRENCE('1','=>[0:1:1:2]','',#5,#27,$);
#18921 = PRODUCT_RELATED_PRODUCT_CATEGORY('part',$,(#29));
#18922 = SHAPE_DEFINITION_REPRESENTATION(#18919,#18923);
#18923 = SHAPE_REPRESENTATION('',(#15),#18911);
#18924 = MECHANICAL_DESIGN_GEOMETRIC_PRESENTATION_REPRESENTATION('',(
    #18925,#18933),#18911);
#18925 = STYLED_ITEM('color',(#18926),#33);
#18926 = PRESENTATION_STYLE_ASSIGNMENT((#18927));
#18927 = SURFACE_STYLE_USAGE(.BOTH.,#18928);
#18928 = SURFACE_SIDE_STYLE('',(#18929));
#18929 = SURFACE_STYLE_FILL_AREA(#18930);
#18930 = FILL_AREA_STYLE('',(#18931));
#18931 = FILL_AREA_STYLE_COLOUR('',#18932);
#18932 = COLOUR_RGB('',0.313304153717,0.484529207832,0.410020903123);
#18933 = OVER_RIDING_STYLED_ITEM('overriding color',(#18934),#33,#18925
  );
#18934 = PRESENTATION_STYLE_BY_CONTEXT((#18935),#18923);
#18935 = SURFACE_STYLE_USAGE(.BOTH.,#18936);
#18936 = SURFACE_SIDE_STYLE('',(#18937));
#18937 = SURFACE_STYLE_FILL_AREA(#18938);
#18938 = FILL_AREA_STYLE('',(#18939));
#18939 = FILL_AREA_STYLE_COLOUR('',#18940);
#18940 = COLOUR_RGB('',0.313304153717,0.484529207832,0.410020903123);
ENDSEC;
END-ISO-10303-21;
